{
  "Name": "Menglish - английский для детей и взрослых",
  "Notes": "New UI and updated application. Fast and relaible!",
  "NotesContent": "All phonics",
  "Notes_ru": "Новый интерфейс и обновленное приложение. \nБыстрое и надежное!",
  "Version": 6,
  "Appversion": "2.1",
  "AndroidversionNumber": 21,
  "winversionNumber": 15,
  "webversionNumber": 20,
  "DownloadSizeMB": 90,
  "DownloadLinks": [

    "https://anton-dot.github.io/meweb/all.zip"

  ],
  "Notes_content":[
    {
      "Version":7,
      "Notes":"All phonics",
      "Notes_ru":""
    }
  ]

} 