{
  "Name": "Menglish - английский для детей и взрослых",
  "Notes": "New UI and updated application. Fast and relaible!",
  "NotesContent": "All phonics added",
  "Notes_ru": "Новый интерфейс и обновленное приложение. Быстрое и надежное!",
  "Version": 6,
  "Appversion": "2.1",
  "AndroidversionNumber": 21,
  "winversionNumber": 15,
  "webversionNumber": 20,
  "DownloadSizeMB": 85,
  "DownloadLinks": [

    "https://anton-dot.github.io/meweb/all.zip"

  ]

}