{
  "Name": "Menglish - английский для детей и взрослых",
  "Notes": "New UI and updated application. Fast and relaible!",
  "Notes_ru": "Новый интерфейс и обновленное приложение. Быстрое и надежное!",
  "Version": 4,
  "Appversion": "2.1",
  "AndroidversionNumber": 12,
  "winversionNumber": 12,
  "webversionNumber": 12,
  "DownloadSizeMB": 63,
  "DownloadLinks": [

    "https://anton-dot.github.io/meweb/all.zip"

  ]

}