{"name":"Counting to 10","nameA":null,"img":null,"minQuiz":12,"isRandom":false,"Translations":[{"lang":"ru-RU","name":"Числа до десяти","nameA":null},{"lang":"vi-VN","name":"Đếm đến 10","nameA":null},{"lang":"zh-CN","name":"数到十","nameA":null},{"lang":"hi-IN","name":"10 तक गिनती","nameA":null},{"lang":"th-TH","name":"นับถึงสิบ","nameA":null},{"lang":"tr-TR","name":"10'a Kadar Sayma","nameA":null},{"lang":"pt-BR","name":"Contar até 10","nameA":null},{"lang":"de-DE","name":"Bis 10 zählen","nameA":null},{"lang":"id-ID","name":"Menghitung sampai 10","nameA":null},{"lang":"fr-FR","name":"Compter jusqu'à 10","nameA":null}],"items":[{"name":"Fill the gaps 1 to 3","taskMask":"1, {txt:2}, 3","nameA":null,"image":null,"bg":null,"multianswer":true,"translates":[{"lang":"ru-RU","name":"Заполни пропуски","nameA":null},{"lang":"vi-VN","name":"Điền vào chỗ trống","nameA":null},{"lang":"zh-CN","name":"填空","nameA":null},{"lang":"hi-IN","name":"रिक्त स्थान भरें","nameA":null},{"lang":"th-TH","name":"เติมคำในช่องว่าง","nameA":null},{"lang":"tr-TR","name":"Boşlukları doldur","nameA":null},{"lang":"pt-BR","name":"Preencha as lacunas","nameA":null},{"lang":"de-DE","name":"Lücken füllen","nameA":null},{"lang":"id-ID","name":"Isi kekosongan","nameA":null},{"lang":"fr-FR","name":"Remplir les trous","nameA":null}],"masktranslates":[{"lang":"ru-RU","name":null,"nameA":null}],"answers":[{"name":"answer_0","nameA":null,"image":null,"answerType":0}],"horizontalAlign":1,"verticalAlign":1,"textSize":1},{"name":"Fill the gaps 1 to 3","taskMask":"1, 2, {txt:3}","nameA":null,"image":null,"bg":null,"multianswer":true,"translates":[{"lang":"ru-RU","name":"Заполни пропуски","nameA":null},{"lang":"vi-VN","name":"Điền vào chỗ trống","nameA":null},{"lang":"zh-CN","name":"填空","nameA":null},{"lang":"hi-IN","name":"रिक्त स्थान भरें","nameA":null},{"lang":"th-TH","name":"เติมคำในช่องว่าง","nameA":null},{"lang":"tr-TR","name":"Boşlukları doldur","nameA":null},{"lang":"pt-BR","name":"Preencha as lacunas","nameA":null},{"lang":"de-DE","name":"Lücken füllen","nameA":null},{"lang":"id-ID","name":"Isi kekosongan","nameA":null},{"lang":"fr-FR","name":"Remplir les trous","nameA":null}],"masktranslates":[{"lang":"ru-RU","name":null,"nameA":null}],"answers":[{"name":"answer_0","nameA":null,"image":null,"answerType":0}],"horizontalAlign":1,"verticalAlign":1,"textSize":1},{"name":"Fill the gaps 3 to 1","taskMask":"3, 2, {txt:1}","nameA":null,"image":null,"bg":null,"multianswer":true,"translates":[{"lang":"ru-RU","name":"Заполни пропуски","nameA":null},{"lang":"vi-VN","name":"Điền vào chỗ trống","nameA":null},{"lang":"zh-CN","name":"填空","nameA":null},{"lang":"hi-IN","name":"रिक्त स्थान भरें","nameA":null},{"lang":"th-TH","name":"เติมคำในช่องว่าง","nameA":null},{"lang":"tr-TR","name":"Boşlukları doldur","nameA":null},{"lang":"pt-BR","name":"Preencha as lacunas","nameA":null},{"lang":"de-DE","name":"Lücken füllen","nameA":null},{"lang":"id-ID","name":"Isi kekosongan","nameA":null},{"lang":"fr-FR","name":"Remplir les trous","nameA":null}],"masktranslates":[{"lang":"ru-RU","name":null,"nameA":null}],"answers":[{"name":"answer_0","nameA":null,"image":null,"answerType":0}],"horizontalAlign":1,"verticalAlign":1,"textSize":1},{"name":"Fill the gaps 1 to 5","taskMask":"1, 2, {txt:3}, 4, {txt:5}","nameA":null,"image":null,"bg":null,"multianswer":true,"translates":[{"lang":"ru-RU","name":"Заполни пропуски","nameA":null},{"lang":"vi-VN","name":"Điền vào chỗ trống","nameA":null},{"lang":"zh-CN","name":"填空","nameA":null},{"lang":"hi-IN","name":"रिक्त स्थान भरें","nameA":null},{"lang":"th-TH","name":"เติมคำในช่องว่าง","nameA":null},{"lang":"tr-TR","name":"Boşlukları doldur","nameA":null},{"lang":"pt-BR","name":"Preencha as lacunas","nameA":null},{"lang":"de-DE","name":"Lücken füllen","nameA":null},{"lang":"id-ID","name":"Isi kekosongan","nameA":null},{"lang":"fr-FR","name":"Remplir les trous","nameA":null}],"masktranslates":[{"lang":"ru-RU","name":null,"nameA":null}],"answers":[{"name":"answer_0","nameA":null,"image":null,"answerType":0}],"horizontalAlign":1,"verticalAlign":1,"textSize":1},{"name":"Fill the gaps 5 to 1","taskMask":"5, {txt:4}, 3, {txt:2}, 1","nameA":null,"image":null,"bg":null,"multianswer":true,"translates":[{"lang":"ru-RU","name":"Заполни пропуски","nameA":null},{"lang":"vi-VN","name":"Điền vào chỗ trống","nameA":null},{"lang":"zh-CN","name":"填空","nameA":null},{"lang":"hi-IN","name":"रिक्त स्थान भरें","nameA":null},{"lang":"th-TH","name":"เติมคำในช่องว่าง","nameA":null},{"lang":"tr-TR","name":"Boşlukları doldur","nameA":null},{"lang":"pt-BR","name":"Preencha as lacunas","nameA":null},{"lang":"de-DE","name":"Lücken füllen","nameA":null},{"lang":"id-ID","name":"Isi kekosongan","nameA":null},{"lang":"fr-FR","name":"Remplir les trous","nameA":null}],"masktranslates":[{"lang":"ru-RU","name":null,"nameA":null}],"answers":[{"name":"answer_0","nameA":null,"image":null,"answerType":0}],"horizontalAlign":1,"verticalAlign":1,"textSize":1},{"name":"Fill the gaps 0 to 7","taskMask":"0, {txt:1}, 2, 3, {txt:4}, 5, 6, {txt:7}","nameA":null,"image":null,"bg":null,"multianswer":true,"translates":[{"lang":"ru-RU","name":"Заполни пропуски","nameA":null},{"lang":"vi-VN","name":"Điền vào chỗ trống","nameA":null},{"lang":"zh-CN","name":"填空","nameA":null},{"lang":"hi-IN","name":"रिक्त स्थान भरें","nameA":null},{"lang":"th-TH","name":"เติมคำในช่องว่าง","nameA":null},{"lang":"tr-TR","name":"Boşlukları doldur","nameA":null},{"lang":"pt-BR","name":"Preencha as lacunas","nameA":null},{"lang":"de-DE","name":"Lücken füllen","nameA":null},{"lang":"id-ID","name":"Isi kekosongan","nameA":null},{"lang":"fr-FR","name":"Remplir les trous","nameA":null}],"masktranslates":[{"lang":"ru-RU","name":null,"nameA":null}],"answers":[{"name":"answer_0","nameA":null,"image":null,"answerType":0}],"horizontalAlign":1,"verticalAlign":1,"textSize":1},{"name":"Fill the gaps 7 to 0","taskMask":"7, {txt:6}, 5, {txt:4}, 3, 2, {txt:1}","nameA":null,"image":null,"bg":null,"multianswer":true,"translates":[{"lang":"ru-RU","name":"Заполни пропуски","nameA":null},{"lang":"vi-VN","name":"Điền vào chỗ trống","nameA":null},{"lang":"zh-CN","name":"填空","nameA":null},{"lang":"hi-IN","name":"रिक्त स्थान भरें","nameA":null},{"lang":"th-TH","name":"เติมคำในช่องว่าง","nameA":null},{"lang":"tr-TR","name":"Boşlukları doldur","nameA":null},{"lang":"pt-BR","name":"Preencha as lacunas","nameA":null},{"lang":"de-DE","name":"Lücken füllen","nameA":null},{"lang":"id-ID","name":"Isi kekosongan","nameA":null},{"lang":"fr-FR","name":"Remplir les trous","nameA":null}],"masktranslates":[{"lang":"ru-RU","name":null,"nameA":null}],"answers":[{"name":"answer_0","nameA":null,"image":null,"answerType":0}],"horizontalAlign":1,"verticalAlign":1,"textSize":1},{"name":"Fill the gaps 0 to 10","taskMask":"0, {txt:1}, 2, 3, {txt:4}, 5, 6, {txt:7}, 8, {txt:9}, 10","nameA":null,"image":null,"bg":null,"multianswer":true,"translates":[{"lang":"ru-RU","name":"Заполни пропуски","nameA":null},{"lang":"vi-VN","name":"Điền vào chỗ trống","nameA":null},{"lang":"zh-CN","name":"填空","nameA":null},{"lang":"hi-IN","name":"रिक्त स्थान भरें","nameA":null},{"lang":"th-TH","name":"เติมคำในช่องว่าง","nameA":null},{"lang":"tr-TR","name":"Boşlukları doldur","nameA":null},{"lang":"pt-BR","name":"Preencha as lacunas","nameA":null},{"lang":"de-DE","name":"Lücken füllen","nameA":null},{"lang":"id-ID","name":"Isi kekosongan","nameA":null},{"lang":"fr-FR","name":"Remplir les trous","nameA":null}],"masktranslates":[{"lang":"ru-RU","name":null,"nameA":null}],"answers":[{"name":"answer_0","nameA":null,"image":null,"answerType":0}],"horizontalAlign":0,"verticalAlign":0,"textSize":2},{"name":"Fill the gaps 10 to 0","taskMask":"10, {txt:9}, {txt:8}, 7, {txt:6}, 5, 4, {txt:3}, 2, {txt:1}, 0","nameA":null,"image":null,"bg":null,"multianswer":true,"translates":[{"lang":"ru-RU","name":"Заполни пропуски","nameA":null},{"lang":"vi-VN","name":"Điền vào chỗ trống","nameA":null},{"lang":"zh-CN","name":"填空","nameA":null},{"lang":"hi-IN","name":"रिक्त स्थान भरें","nameA":null},{"lang":"th-TH","name":"เติมคำในช่องว่าง","nameA":null},{"lang":"tr-TR","name":"Boşlukları doldur","nameA":null},{"lang":"pt-BR","name":"Preencha as lacunas","nameA":null},{"lang":"de-DE","name":"Lücken füllen","nameA":null},{"lang":"id-ID","name":"Isi kekosongan","nameA":null},{"lang":"fr-FR","name":"Remplir les trous","nameA":null}],"masktranslates":[{"lang":"ru-RU","name":null,"nameA":null}],"answers":[{"name":"answer_0","nameA":null,"image":null,"answerType":0}],"horizontalAlign":0,"verticalAlign":0,"textSize":2}]}