{"name":"Learning maths","description":"","cats":[{"name":"Digits and numbers","translates":[{"lang":"ru-RU","name":"Старт"},{"lang":"vi-VN","name":"Chào mừng"},{"lang":"zh-CN","name":"欢迎"},{"lang":"hi-IN","name":"स्वागत"},{"lang":"th-TH","name":"ยินดีต้อนรับ"},{"lang":"tr-TR","name":"Hoş Geldiniz"},{"lang":"pt-BR","name":"Bem-vindo"},{"lang":"de-DE","name":"Willkommen"},{"lang":"id-ID","name":"Selamat Datang"},{"lang":"fr-FR","name":"Bienvenue"}],"activities":[{"name":"Intro","rUrl":"m_intro","img":"/img/activity/dialog.png","aType":"Dialog","translates":[]},{"name":"Numbers 1-10","rUrl":"mathNumbers10Cards","img":"/img/dict/numbers/10.png","bgColor":"dodgerblue","numAct":11,"aType":"ListSwipe","translates":[{"lang":"ru-RU","name":"Числа 1-10"},{"lang":"vi-VN","name":"Số từ 1-10"},{"lang":"zh-CN","name":"数字1-10"},{"lang":"hi-IN","name":"संख्या 1-10"},{"lang":"th-TH","name":"ตัวเลข 1-10"},{"lang":"tr-TR","name":"1-10 Sayılar"},{"lang":"pt-BR","name":"Números 1-10"},{"lang":"de-DE","name":"Zahlen 1-10"},{"lang":"id-ID","name":"Angka 1-10"},{"lang":"fr-FR","name":"Nombres 1-10"}]}]},{"name":"Composition of numbers","translates":[{"lang":"ru-RU"}],"activities":[]},{"name":"Counting to 10","translates":[{"lang":"ru-RU"}],"activities":[]}]}