{"name":"Birds","img":"/img/dict/animals/forest.jpg","isRandom":true,"isBlur":true,"numWords":33,"Translations":[{"lang":"ru-RU","name":"Птицы"},{"lang":"vi-VN","name":"Chim"},{"lang":"zh-CN","name":"鸟类"},{"lang":"hi-IN","name":"पक्षी"},{"lang":"th-TH","name":"นก"},{"lang":"tr-TR","name":"Kuşlar"},{"lang":"pt-BR","name":"Pássaros"},{"lang":"de-DE","name":"Vögel"},{"lang":"id-ID","name":"Burung"},{"lang":"fr-FR","name":"Oiseaux"}],"items":[{"id":0,"name":"starling","transcription":"[ˈstɑːrlɪŋ]","image":"/img/dict/animals/starling.png","translates":[{"lang":"ru-RU","name":"скворец"},{"lang":"vi-VN","name":"chim sáo"},{"lang":"zh-CN","name":"椋鸟"},{"lang":"hi-IN","name":"मैना"},{"lang":"th-TH","name":"นกกิ้งโครง"},{"lang":"tr-TR","name":"sığırcık"},{"lang":"pt-BR","name":"estorninho"},{"lang":"de-DE","name":"Star"},{"lang":"id-ID","name":"jalak"},{"lang":"fr-FR","name":"étourneau"}]},{"id":1,"name":"stork","transcription":"[stɔːrk]","image":"/img/dict/animals/stork.png","translates":[{"lang":"ru-RU","name":"аист"},{"lang":"vi-VN","name":"cò"},{"lang":"zh-CN","name":"鹳"},{"lang":"hi-IN","name":"सारस"},{"lang":"th-TH","name":"นกกระสา"},{"lang":"tr-TR","name":"leylek"},{"lang":"pt-BR","name":"cegonha"},{"lang":"de-DE","name":"Storch"},{"lang":"id-ID","name":"bangau"},{"lang":"fr-FR","name":"cigogne"}]},{"id":2,"name":"pigeon","transcription":"[ˈpɪdʒɪn]","image":"/img/dict/animals/pigeon.png","translates":[{"lang":"ru-RU","name":"голубь"},{"lang":"vi-VN","name":"chim bồ câu"},{"lang":"zh-CN","name":"鸽子"},{"lang":"hi-IN","name":"कबूतर"},{"lang":"th-TH","name":"นกพิราบ"},{"lang":"tr-TR","name":"güvercin"},{"lang":"pt-BR","name":"pombo"},{"lang":"de-DE","name":"Taube"},{"lang":"id-ID","name":"merpati"},{"lang":"fr-FR","name":"pigeon"}]},{"id":3,"name":"vulture","transcription":"[ˈvʌltʃər]","image":"/img/dict/animals/vulture.png","translates":[{"lang":"ru-RU","name":"стервятник"},{"lang":"vi-VN","name":"kền kền"},{"lang":"zh-CN","name":"秃鹫"},{"lang":"hi-IN","name":"गिद्ध"},{"lang":"th-TH","name":"แร้ง"},{"lang":"tr-TR","name":"akbaba"},{"lang":"pt-BR","name":"abutre"},{"lang":"de-DE","name":"Geier"},{"lang":"id-ID","name":"burung nasar"},{"lang":"fr-FR","name":"vautour"}]},{"id":4,"name":"nest","transcription":"[nest]","image":"/img/dict/animals/nest.png","translates":[{"lang":"ru-RU","name":"гнездо"},{"lang":"vi-VN","name":"tổ chim"},{"lang":"zh-CN","name":"鸟巢"},{"lang":"hi-IN","name":"घोंसला"},{"lang":"th-TH","name":"รังนก"},{"lang":"tr-TR","name":"yuva"},{"lang":"pt-BR","name":"ninho"},{"lang":"de-DE","name":"Nest"},{"lang":"id-ID","name":"sarang"},{"lang":"fr-FR","name":"nid"}]},{"id":5,"name":"falcon","transcription":"[ˈfælkən]","image":"/img/dict/animals/falcon.png","translates":[{"lang":"ru-RU","name":"сокол"},{"lang":"vi-VN","name":"chim ưng"},{"lang":"zh-CN","name":"猎鹰"},{"lang":"hi-IN","name":"बाज"},{"lang":"th-TH","name":"เหยี่ยว"},{"lang":"tr-TR","name":"şahin"},{"lang":"pt-BR","name":"falcão"},{"lang":"de-DE","name":"Falke"},{"lang":"id-ID","name":"elang"},{"lang":"fr-FR","name":"faucon"}]},{"id":6,"name":"ostrich","transcription":"[ˈɑːstrɪtʃ]","image":"/img/dict/animals/ostrich.png","translates":[{"lang":"ru-RU","name":"страус"},{"lang":"vi-VN","name":"đà điểu"},{"lang":"zh-CN","name":"鸵鸟"},{"lang":"hi-IN","name":"शुतुरमुर्ग"},{"lang":"th-TH","name":"นกกระจอกเทศ"},{"lang":"tr-TR","name":"devekuşu"},{"lang":"pt-BR","name":"avestruz"},{"lang":"de-DE","name":"Strauß"},{"lang":"id-ID","name":"burung unta"},{"lang":"fr-FR","name":"autruche"}]},{"id":7,"name":"swallow","transcription":"[ˈswɑːləʊ]","image":"/img/dict/animals/swallow.png","translates":[{"lang":"ru-RU","name":"ласточка"},{"lang":"vi-VN","name":"chim én"},{"lang":"zh-CN","name":"燕子"},{"lang":"hi-IN","name":"अबाबील"},{"lang":"th-TH","name":"นกนางแอ่น"},{"lang":"tr-TR","name":"kırlangıç"},{"lang":"pt-BR","name":"andorinha"},{"lang":"de-DE","name":"Schwalbe"},{"lang":"id-ID","name":"burung layang-layang"},{"lang":"fr-FR","name":"hirondelle"}]},{"id":8,"name":"penguin","transcription":"[ˈpeŋɡwɪn]","image":"/img/dict/animals/penguin.png","translates":[{"lang":"ru-RU","name":"пингвин"},{"lang":"vi-VN","name":"chim cánh cụt"},{"lang":"zh-CN","name":"企鹅"},{"lang":"hi-IN","name":"पेंगुइन"},{"lang":"th-TH","name":"เพนกวิน"},{"lang":"tr-TR","name":"penguen"},{"lang":"pt-BR","name":"pinguim"},{"lang":"de-DE","name":"Pinguin"},{"lang":"id-ID","name":"pinguin"},{"lang":"fr-FR","name":"pingouin"}]},{"id":9,"name":"parrot","transcription":"[ˈpærət]","image":"/img/dict/animals/parrot.png","translates":[{"lang":"ru-RU","name":"попугай"},{"lang":"vi-VN","name":"vẹt"},{"lang":"zh-CN","name":"鹦鹉"},{"lang":"hi-IN","name":"तोता"},{"lang":"th-TH","name":"นกแก้ว"},{"lang":"tr-TR","name":"papağan"},{"lang":"pt-BR","name":"papagaio"},{"lang":"de-DE","name":"Papagei"},{"lang":"id-ID","name":"nuri"},{"lang":"fr-FR","name":"perroquet"}]},{"id":10,"name":"hawk","transcription":"[hɔːk]","image":"/img/dict/animals/hawk.png","translates":[{"lang":"ru-RU","name":"ястреб"},{"lang":"vi-VN","name":"diều hâu"},{"lang":"zh-CN","name":"鹰"},{"lang":"hi-IN","name":"बाज"},{"lang":"th-TH","name":"เหยี่ยว"},{"lang":"tr-TR","name":"şahin"},{"lang":"pt-BR","name":"gavião"},{"lang":"de-DE","name":"Habicht"},{"lang":"id-ID","name":"elang"},{"lang":"fr-FR","name":"faucon"}]},{"id":11,"name":"sparrow","transcription":"[ˈspærəʊ]","image":"/img/dict/animals/sparrow.png","translates":[{"lang":"ru-RU","name":"воробей"},{"lang":"vi-VN","name":"chim sẻ"},{"lang":"zh-CN","name":"麻雀"},{"lang":"hi-IN","name":"गौरैया"},{"lang":"th-TH","name":"นกกระจอก"},{"lang":"tr-TR","name":"serçe"},{"lang":"pt-BR","name":"pardal"},{"lang":"de-DE","name":"Spatz"},{"lang":"id-ID","name":"burung gereja"},{"lang":"fr-FR","name":"moineau"}]},{"id":12,"name":"hummingbird","transcription":"[ˈhʌmɪŋbɜːrd]","image":"/img/dict/animals/hummingbird.png","translates":[{"lang":"ru-RU","name":"колибри"},{"lang":"vi-VN","name":"chim ruồi"},{"lang":"zh-CN","name":"蜂鸟"},{"lang":"hi-IN","name":"गुंजन पक्षी"},{"lang":"th-TH","name":"นกฮัมมิงเบิร์ด"},{"lang":"tr-TR","name":"sinek kuşu"},{"lang":"pt-BR","name":"beija-flor"},{"lang":"de-DE","name":"Kolibri"},{"lang":"id-ID","name":"burung kolibri"},{"lang":"fr-FR","name":"colibri"}]},{"id":13,"name":"rooster","transcription":"[ˈruːstər]","image":"/img/dict/animals/rooster.png","translates":[{"lang":"ru-RU","name":"петух"},{"lang":"vi-VN","name":"gà trống"},{"lang":"zh-CN","name":"公鸡"},{"lang":"hi-IN","name":"मुर्गा"},{"lang":"th-TH","name":"ไก่ตัวผู้"},{"lang":"tr-TR","name":"horoz"},{"lang":"pt-BR","name":"galo"},{"lang":"de-DE","name":"Hahn"},{"lang":"id-ID","name":"ayam jago"},{"lang":"fr-FR","name":"coq"}]},{"id":14,"name":"peacock","transcription":"[ˈpiːkɑːk]","image":"/img/dict/animals/peacock.png","translates":[{"lang":"ru-RU","name":"павлин"},{"lang":"vi-VN","name":"công"},{"lang":"zh-CN","name":"孔雀"},{"lang":"hi-IN","name":"मोर"},{"lang":"th-TH","name":"นกยูง"},{"lang":"tr-TR","name":"tavus kuşu"},{"lang":"pt-BR","name":"pavão"},{"lang":"de-DE","name":"Pfau"},{"lang":"id-ID","name":"merak"},{"lang":"fr-FR","name":"paon"}]},{"id":15,"name":"seagull","transcription":"[ˈsiːɡʌl]","image":"/img/dict/animals/seagull.png","translates":[{"lang":"ru-RU","name":"чайка"},{"lang":"vi-VN","name":"mòng biển"},{"lang":"zh-CN","name":"海鸥"},{"lang":"hi-IN","name":"समुद्री गल"},{"lang":"th-TH","name":"นกนางนวล"},{"lang":"tr-TR","name":"martı"},{"lang":"pt-BR","name":"gaivota"},{"lang":"de-DE","name":"Möwe"},{"lang":"id-ID","name":"burung camar"},{"lang":"fr-FR","name":"mouette"}]},{"id":16,"name":"pelican","transcription":"[ˈpelɪkən]","image":"/img/dict/animals/pelican.png","translates":[{"lang":"ru-RU","name":"пеликан"},{"lang":"vi-VN","name":"bồ nông"},{"lang":"zh-CN","name":"鹈鹕"},{"lang":"hi-IN","name":"हवासिल"},{"lang":"th-TH","name":"นกกระทุง"},{"lang":"tr-TR","name":"pelikan"},{"lang":"pt-BR","name":"pelicano"},{"lang":"de-DE","name":"Pelikan"},{"lang":"id-ID","name":"pelikan"},{"lang":"fr-FR","name":"pélican"}]},{"id":17,"name":"owl","transcription":"[aʊl]","image":"/img/dict/animals/owl.png","translates":[{"lang":"ru-RU","name":"сова"},{"lang":"vi-VN","name":"cú"},{"lang":"zh-CN","name":"猫头鹰"},{"lang":"hi-IN","name":"उल्लू"},{"lang":"th-TH","name":"นกฮูก"},{"lang":"tr-TR","name":"baykuş"},{"lang":"pt-BR","name":"coruja"},{"lang":"de-DE","name":"Eule"},{"lang":"id-ID","name":"burung hantu"},{"lang":"fr-FR","name":"hibou"}]},{"id":18,"name":"goldfinch","transcription":"[ˈɡəʊldfɪntʃ]","image":"/img/dict/animals/goldfinch.png","translates":[{"lang":"ru-RU","name":"щегол"},{"lang":"vi-VN","name":"chim sẻ thông"},{"lang":"zh-CN","name":"金翅雀"},{"lang":"hi-IN","name":"सुनहरी चिड़िया"},{"lang":"th-TH","name":"นกฟินช์ทอง"},{"lang":"tr-TR","name":"saka kuşu"},{"lang":"pt-BR","name":"pintassilgo"},{"lang":"de-DE","name":"Stieglitz"},{"lang":"id-ID","name":"burung goldfinch"},{"lang":"fr-FR","name":"chardonneret"}]},{"id":19,"name":"heron","transcription":"[ˈherən]","image":"/img/dict/animals/heron.png","translates":[{"lang":"ru-RU","name":"цапля"},{"lang":"vi-VN","name":"diệc"},{"lang":"zh-CN","name":"苍鹭"},{"lang":"hi-IN","name":"बगुला"},{"lang":"th-TH","name":"นกกระสา"},{"lang":"tr-TR","name":"balıkçıl"},{"lang":"pt-BR","name":"garça"},{"lang":"de-DE","name":"Reiher"},{"lang":"id-ID","name":"bangau"},{"lang":"fr-FR","name":"héron"}]},{"id":20,"name":"woodpecker","transcription":"[ˈwʊdpekər]","image":"/img/dict/animals/woodpecker.png","translates":[{"lang":"ru-RU","name":"дятел"},{"lang":"vi-VN","name":"chim gõ kiến"},{"lang":"zh-CN","name":"啄木鸟"},{"lang":"hi-IN","name":"कठफोड़वा"},{"lang":"th-TH","name":"นกหัวขวาน"},{"lang":"tr-TR","name":"ağaçkakan"},{"lang":"pt-BR","name":"pica-pau"},{"lang":"de-DE","name":"Specht"},{"lang":"id-ID","name":"burung pelatuk"},{"lang":"fr-FR","name":"pic"}]},{"id":21,"name":"canary","transcription":"[kəˈnerɪ]","image":"/img/dict/animals/canary.png","translates":[{"lang":"ru-RU","name":"канарейка"},{"lang":"vi-VN","name":"chim hoàng yến"},{"lang":"zh-CN","name":"金丝雀"},{"lang":"hi-IN","name":"कैनरी"},{"lang":"th-TH","name":"นกคีรีบูน"},{"lang":"tr-TR","name":"kanarya"},{"lang":"pt-BR","name":"canário"},{"lang":"de-DE","name":"Kanarienvogel"},{"lang":"id-ID","name":"kenari"},{"lang":"fr-FR","name":"canari"}]},{"id":22,"name":"Flamingo","transcription":"[fləˈmɪŋɡəʊ]","image":"/img/dict/animals/flamingo.png","translates":[{"lang":"ru-RU","name":"фламинго"},{"lang":"vi-VN","name":"chim hồng hạc"},{"lang":"zh-CN","name":"火烈鸟"},{"lang":"hi-IN","name":"राजहंस"},{"lang":"th-TH","name":"นกฟลามิงโก"},{"lang":"tr-TR","name":"flamingo"},{"lang":"pt-BR","name":"flamingo"},{"lang":"de-DE","name":"Flamingo"},{"lang":"id-ID","name":"flamingo"},{"lang":"fr-FR","name":"flamant"}]},{"id":23,"name":"goose","transcription":"[ɡuːs]","image":"/img/dict/animals/goose.png","translates":[{"lang":"ru-RU","name":"гусь"},{"lang":"vi-VN","name":"ngỗng"},{"lang":"zh-CN","name":"鹅"},{"lang":"hi-IN","name":"हंस"},{"lang":"th-TH","name":"ห่าน"},{"lang":"tr-TR","name":"kaz"},{"lang":"pt-BR","name":"ganso"},{"lang":"de-DE","name":"Gans"},{"lang":"id-ID","name":"angsa"},{"lang":"fr-FR","name":"oie"}]},{"id":24,"name":"chickadee","transcription":"[ˈtʃɪkədiː]","image":"/img/dict/animals/chickadee.png","translates":[{"lang":"ru-RU","name":"синица"},{"lang":"vi-VN","name":"chim bạc má"},{"lang":"zh-CN","name":"山雀"},{"lang":"hi-IN","name":"चिकाडी"},{"lang":"th-TH","name":"นกชิกคาดี"},{"lang":"tr-TR","name":"baştankara"},{"lang":"pt-BR","name":"chapim"},{"lang":"de-DE","name":"Meise"},{"lang":"id-ID","name":"burung chickadee"},{"lang":"fr-FR","name":"mésange"}]},{"id":25,"name":"duck","transcription":"[dʌk]","image":"/img/dict/animals/duck.png","translates":[{"lang":"ru-RU","name":"утка"},{"lang":"vi-VN","name":"vịt"},{"lang":"zh-CN","name":"鸭子"},{"lang":"hi-IN","name":"बतख"},{"lang":"th-TH","name":"เป็ด"},{"lang":"tr-TR","name":"ördek"},{"lang":"pt-BR","name":"pato"},{"lang":"de-DE","name":"Ente"},{"lang":"id-ID","name":"bebek"},{"lang":"fr-FR","name":"canard"}]},{"id":26,"name":"swan","transcription":"[swɑːn]","image":"/img/dict/animals/swan.png","translates":[{"lang":"ru-RU","name":"лебедь"},{"lang":"vi-VN","name":"thiên nga"},{"lang":"zh-CN","name":"天鹅"},{"lang":"hi-IN","name":"हंस"},{"lang":"th-TH","name":"หงส์"},{"lang":"tr-TR","name":"kuğu"},{"lang":"pt-BR","name":"cisne"},{"lang":"de-DE","name":"Schwan"},{"lang":"id-ID","name":"angsa"},{"lang":"fr-FR","name":"cygne"}]},{"id":27,"name":"hen","transcription":"[hen]","image":"/img/dict/animals/hen.png","translates":[{"lang":"ru-RU","name":"курица"},{"lang":"vi-VN","name":"gà mái"},{"lang":"zh-CN","name":"母鸡"},{"lang":"hi-IN","name":"मुर्गी"},{"lang":"th-TH","name":"แม่ไก่"},{"lang":"tr-TR","name":"tavuk"},{"lang":"pt-BR","name":"galinha"},{"lang":"de-DE","name":"Henne"},{"lang":"id-ID","name":"ayam betina"},{"lang":"fr-FR","name":"poule"}]},{"id":28,"name":"toucan","transcription":"[ˈtuːkæn]","image":"/img/dict/animals/toucan.png","translates":[{"lang":"ru-RU","name":"тукан"},{"lang":"vi-VN","name":"chim toucan"},{"lang":"zh-CN","name":"巨嘴鸟"},{"lang":"hi-IN","name":"टूकेन"},{"lang":"th-TH","name":"นกทูแคน"},{"lang":"tr-TR","name":"tukan"},{"lang":"pt-BR","name":"tucano"},{"lang":"de-DE","name":"Tukan"},{"lang":"id-ID","name":"tukan"},{"lang":"fr-FR","name":"toucan"}]},{"id":29,"name":"crow","transcription":"[krəʊ]","image":"/img/dict/animals/crow.png","translates":[{"lang":"ru-RU","name":"ворона"},{"lang":"vi-VN","name":"quạ"},{"lang":"zh-CN","name":"乌鸦"},{"lang":"hi-IN","name":"कौआ"},{"lang":"th-TH","name":"กา"},{"lang":"tr-TR","name":"karga"},{"lang":"pt-BR","name":"corvo"},{"lang":"de-DE","name":"Krähe"},{"lang":"id-ID","name":"gagak"},{"lang":"fr-FR","name":"corbeau"}]},{"id":30,"name":"crane","transcription":"[kreɪn]","image":"/img/dict/animals/crane.png","translates":[{"lang":"ru-RU","name":"журавль"},{"lang":"vi-VN","name":"sếu"},{"lang":"zh-CN","name":"鹤"},{"lang":"hi-IN","name":"सारस"},{"lang":"th-TH","name":"นกกระเรียน"},{"lang":"tr-TR","name":"turna"},{"lang":"pt-BR","name":"grou"},{"lang":"de-DE","name":"Kranich"},{"lang":"id-ID","name":"bangau"},{"lang":"fr-FR","name":"grue"}]},{"id":31,"name":"eagle","transcription":"[ˈiːɡl]","image":"/img/dict/animals/eagle.png","translates":[{"lang":"ru-RU","name":"орел"},{"lang":"vi-VN","name":"đại bàng"},{"lang":"zh-CN","name":"鹰"},{"lang":"hi-IN","name":"गरुड़"},{"lang":"th-TH","name":"นกอินทรี"},{"lang":"tr-TR","name":"kartal"},{"lang":"pt-BR","name":"águia"},{"lang":"de-DE","name":"Adler"},{"lang":"id-ID","name":"elang"},{"lang":"fr-FR","name":"aigle"}]},{"id":32,"name":"turkey","transcription":"[ˈtɜːrkɪ]","image":"/img/dict/animals/turkey.png","translates":[{"lang":"ru-RU","name":"индейка"},{"lang":"vi-VN","name":"gà tây"},{"lang":"zh-CN","name":"火鸡"},{"lang":"hi-IN","name":"टर्की"},{"lang":"th-TH","name":"ไก่งวง"},{"lang":"tr-TR","name":"hindi"},{"lang":"pt-BR","name":"peru"},{"lang":"de-DE","name":"Truthahn"},{"lang":"id-ID","name":"kalkun"},{"lang":"fr-FR","name":"dinde"}]}]}