{
  "name": "farm animals", 
  "img":"/img/dict/animals/farm.png",
  "Translations": [
    {
      "lang": "ru-RU",
      "name": "Животные на ферме"       
    }
  ],
  "items": [
    {
      "id": 0,
      "name": "calf", 
      "image": "/img/dict/animals/calf.png", 
      "translates": [
        {
          "lang": "ru-RU",
          "name": "Теленок" 
        }
      ]
    },
    {
      "id": 0,
      "name": "cat", 
      "image": "/img/dict/animals/cat.png", 
      "translates": [
        {
          "lang": "ru-RU",
          "name": "Кошка" 
        }
      ]
    }
    ,
    {
      "id": 0,
      "name": "chicken", 
      "image": "/img/dict/animals/chicken.png", 
      "translates": [
        {
          "lang": "ru-RU",
          "name": "ципленок" 
        }
      ]
    }
    ,
    {
      "id": 0,
      "name": "cow", 
      "image": "/img/dict/animals/cow.png", 
      "translates": [
        {
          "lang": "ru-RU",
          "name": "корова" 
        }
      ]
    },
    {
      "id": 0,
      "name": "dog", 
      "image": "/img/dict/animals/dog.png", 
      "translates": [
        {
          "lang": "ru-RU",
          "name": "собака" 
        }
      ]
    },
    {
      "id": 0,
      "name": "donkey", 
      "image": "/img/dict/animals/donkey.png", 
      "translates": [
        {
          "lang": "ru-RU",
          "name": "осел" 
        }
      ]
    },
    {
      "id": 0,
      "name": "duck", 
      "image": "/img/dict/animals/duck.png", 
      "translates": [
        {
          "lang": "ru-RU",
          "name": "утка" 
        }
      ]
    },
    {
      "id": 0,
      "name": "duckling", 
      "image": "/img/dict/animals/duckling.png", 
      "translates": [
        {
          "lang": "ru-RU",
          "name": "утенок" 
        }
      ]
    },
    {
      "id": 0,
      "name": "goat", 
      "image": "/img/dict/animals/goat.png", 
      "translates": [
        {
          "lang": "ru-RU",
          "name": "коза" 
        }
      ]
    },
    {
      "id": 0,
      "name": "goose", 
      "image": "/img/dict/animals/goose.png", 
      "translates": [
        {
          "lang": "ru-RU",
          "name": "гусь" 
        }
      ]
    },
    {
      "id": 0,
      "name": "hen", 
      "image": "/img/dict/animals/hen.png", 
      "translates": [
        {
          "lang": "ru-RU",
          "name": "курица" 
        }
      ]
    },
    {
      "id": 0,
      "name": "horse", 
      "image": "/img/dict/animals/horse.png", 
      "translates": [
        {
          "lang": "ru-RU",
          "name": "лошадь" 
        }
      ]
    },
    {
      "id": 0,
      "name": "lamb", 
      "image": "/img/dict/animals/lamb.png", 
      "translates": [
        {
          "lang": "ru-RU",
          "name": "ягненок" 
        }
      ]
    },
    {
      "id": 0,
      "name": "pig", 
      "image": "/img/dict/animals/pig.png", 
      "translates": [
        {
          "lang": "ru-RU",
          "name": "свинья" 
        }
      ]
    },
    {
      "id": 0,
      "name": "piglet", 
      "image": "/img/dict/animals/piglet.png", 
      "translates": [
        {
          "lang": "ru-RU",
          "name": "поросенок" 
        }
      ]
    },
    {
      "id": 0,
      "name": "rabbit", 
      "image": "/img/dict/animals/rabbit.png", 
      "translates": [
        {
          "lang": "ru-RU",
          "name": "кролик" 
        }
      ]
    },
    {
      "id": 0,
      "name": "rooster", 
      "image": "/img/dict/animals/rooster.png", 
      "translates": [
        {
          "lang": "ru-RU",
          "name": "петух" 
        }
      ]
    },
    {
      "id": 0,
      "name": "sheep", 
      "image": "/img/dict/animals/sheep.png", 
      "translates": [
        {
          "lang": "ru-RU",
          "name": "овца" 
        }
      ]
    },
    {
      "id": 0,
      "name": "turkey", 
      "image": "/img/dict/animals/turkey.png", 
      "translates": [
        {
          "lang": "ru-RU",
          "name": "индейка" 
        }
      ]
    }
    
  ]
}