{
  "name": "Insects",
  "nameA": null,
  "img": "/img/dict/animals/field.jpg",
  "minQuiz": null,
  "isRandom": true,
  "isBlur": true,
  "isForAdult": false,
  "separator": "",
  "numWords": 31,
  "tags": null,
  "Translations": [
    {
      "lang": "ru-RU",
      "name": "Дикие животные",
      "nameA": null
    }
  ],
  "items": [
    {
      "id": 0,
      "name": "flea",
      "transcription": "[fliː]",
      "nameA": null,
      "image": "/img/dict/animals/flea.png",
      "bg": null,
      "nameAnswer": null,
      "translates": [
        {
          "lang": "ru-RU",
          "name": "блоха",
          "nameA": null
        }
      ]
    },
    {
      "id": 1,
      "name": "caterpillar",
      "transcription": "[ˈkætərpɪlər]",
      "nameA": null,
      "image": "/img/dict/animals/caterpillar.png",
      "bg": null,
      "nameAnswer": null,
      "translates": [
        {
          "lang": "ru-RU",
          "name": "гусеница",
          "nameA": null
        }
      ]
    },
    {
      "id": 2,
      "name": "mantis",
      "transcription": "[ˈmæntɪs]",
      "nameA": null,
      "image": "/img/dict/animals/mantis.png",
      "bg": null,
      "nameAnswer": null,
      "translates": [
        {
          "lang": "ru-RU",
          "name": "богомол",
          "nameA": null
        }
      ]
    },
    {
      "id": 3,
      "name": "millipede",
      "transcription": "[ˈmɪlɪpiːd]",
      "nameA": null,
      "image": "/img/dict/animals/millipede.png",
      "bg": null,
      "nameAnswer": null,
      "translates": [
        {
          "lang": "ru-RU",
          "name": "многоножка",
          "nameA": null
        }
      ]
    },
    {
      "id": 4,
      "name": "ladybug",
      "transcription": "[ˈleɪdɪˌbəɡ]",
      "nameA": null,
      "image": "/img/dict/animals/ladybug.png",
      "bg": null,
      "nameAnswer": null,
      "translates": [
        {
          "lang": "ru-RU",
          "name": "божья коровка",
          "nameA": null
        }
      ]
    },
    {
      "id": 5,
      "name": "louse",
      "transcription": "[laʊs]",
      "nameA": null,
      "image": "/img/dict/animals/louse.png",
      "bg": null,
      "nameAnswer": null,
      "translates": [
        {
          "lang": "ru-RU",
          "name": "вошь",
          "nameA": null
        }
      ]
    },
    {
      "id": 6,
      "name": "butterfly",
      "transcription": "[ˈbʌtərflaɪ]",
      "nameA": null,
      "image": "/img/dict/animals/butterfly.png",
      "bg": null,
      "nameAnswer": null,
      "translates": [
        {
          "lang": "ru-RU",
          "name": "бабочка",
          "nameA": null
        }
      ]
    },
    {
      "id": 7,
      "name": "termite",
      "transcription": "[ˈtɜːrmaɪt]",
      "nameA": null,
      "image": "/img/dict/animals/termite.png",
      "bg": null,
      "nameAnswer": null,
      "translates": [
        {
          "lang": "ru-RU",
          "name": "термит",
          "nameA": null
        }
      ]
    },
    {
      "id": 8,
      "name": "insect",
      "transcription": "[ˈɪnsekt]",
      "nameA": null,
      "image": "/img/dict/animals/insect.png",
      "bg": null,
      "nameAnswer": null,
      "translates": [
        {
          "lang": "ru-RU",
          "name": "Насекомое",
          "nameA": null
        }
      ]
    },
    {
      "id": 9,
      "name": "ant",
      "transcription": "[ænt]",
      "nameA": null,
      "image": "/img/dict/animals/ant.png",
      "bg": null,
      "nameAnswer": null,
      "translates": [
        {
          "lang": "ru-RU",
          "name": "муравей",
          "nameA": null
        }
      ]
    },
    {
      "id": 10,
      "name": "scorpion",
      "transcription": "[ˈskɔːrpɪən]",
      "nameA": null,
      "image": "/img/dict/animals/scorpion.png",
      "bg": null,
      "nameAnswer": null,
      "translates": [
        {
          "lang": "ru-RU",
          "name": "скорпион",
          "nameA": null
        }
      ]
    },
    {
      "id": 11,
      "name": "mosquito",
      "transcription": "[məˈskiːtəʊ]",
      "nameA": null,
      "image": "/img/dict/animals/mosquito.png",
      "bg": null,
      "nameAnswer": null,
      "translates": [
        {
          "lang": "ru-RU",
          "name": "комар",
          "nameA": null
        }
      ]
    },
    {
      "id": 12,
      "name": "wasp",
      "transcription": "[wɑːsp]",
      "nameA": null,
      "image": "/img/dict/animals/wasp.png",
      "bg": null,
      "nameAnswer": null,
      "translates": [
        {
          "lang": "ru-RU",
          "name": "оса",
          "nameA": null
        }
      ]
    },
    {
      "id": 13,
      "name": "grasshopper",
      "transcription": "[ˈɡræshɑːpər]",
      "nameA": null,
      "image": "/img/dict/animals/grasshopper.png",
      "bg": null,
      "nameAnswer": null,
      "translates": [
        {
          "lang": "ru-RU",
          "name": "кузнечек",
          "nameA": null
        }
      ]
    },
    {
      "id": 14,
      "name": "bee",
      "transcription": "[biː]",
      "nameA": null,
      "image": "/img/dict/animals/bee.png",
      "bg": null,
      "nameAnswer": null,
      "translates": [
        {
          "lang": "ru-RU",
          "name": "пчела",
          "nameA": null
        }
      ]
    },
    {
      "id": 15,
      "name": "dragonfly",
      "transcription": "[ˈdræɡənflaɪ]",
      "nameA": null,
      "image": "/img/dict/animals/dragonfly.png",
      "bg": null,
      "nameAnswer": null,
      "translates": [
        {
          "lang": "ru-RU",
          "name": "стрекоза",
          "nameA": null
        }
      ]
    },
    {
      "id": 16,
      "name": "mite",
      "transcription": "[maɪt]",
      "nameA": null,
      "image": "/img/dict/animals/tick.png",
      "bg": null,
      "nameAnswer": null,
      "translates": [
        {
          "lang": "ru-RU",
          "name": "клещ",
          "nameA": null
        }
      ]
    },
    {
      "id": 17,
      "name": "worm",
      "transcription": "[wɜːrm]",
      "nameA": null,
      "image": "/img/dict/animals/worm.png",
      "bg": null,
      "nameAnswer": null,
      "translates": [
        {
          "lang": "ru-RU",
          "name": "червяк",
          "nameA": null
        }
      ]
    },
    {
      "id": 18,
      "name": "hornet",
      "transcription": "[ˈhɔːrnɪt]",
      "nameA": null,
      "image": "/img/dict/animals/hornet.png",
      "bg": null,
      "nameAnswer": null,
      "translates": [
        {
          "lang": "ru-RU",
          "name": "шершень",
          "nameA": null
        }
      ]
    },
    {
      "id": 19,
      "name": "beetle",
      "transcription": "[ˈbiːtl]",
      "nameA": null,
      "image": "/img/dict/animals/beetle.png",
      "bg": null,
      "nameAnswer": null,
      "translates": [
        {
          "lang": "ru-RU",
          "name": "жук",
          "nameA": null
        }
      ]
    },
    {
      "id": 20,
      "name": "cricket",
      "transcription": "[ˈkrɪkɪt]",
      "nameA": null,
      "image": "/img/dict/animals/cricket.png",
      "bg": null,
      "nameAnswer": null,
      "translates": [
        {
          "lang": "ru-RU",
          "name": "сверчок",
          "nameA": null
        }
      ]
    },
    {
      "id": 21,
      "name": "bug",
      "transcription": "[bʌɡ]",
      "nameA": null,
      "image": "/img/dict/animals/bug.png",
      "bg": null,
      "nameAnswer": null,
      "translates": [
        {
          "lang": "ru-RU",
          "name": "букашка",
          "nameA": null
        }
      ]
    },
    {
      "id": 22,
      "name": "snail",
      "transcription": "[sneɪl]",
      "nameA": null,
      "image": "/img/dict/animals/snail.png",
      "bg": null,
      "nameAnswer": null,
      "translates": [
        {
          "lang": "ru-RU",
          "name": "улитка",
          "nameA": null
        }
      ]
    },
    {
      "id": 23,
      "name": "fly",
      "transcription": "[flaɪ]",
      "nameA": null,
      "image": "/img/dict/animals/fly.png",
      "bg": null,
      "nameAnswer": null,
      "translates": [
        {
          "lang": "ru-RU",
          "name": "муха",
          "nameA": null
        }
      ]
    },
    {
      "id": 24,
      "name": "bumblebee",
      "transcription": "[ˈbʌmblbiː]",
      "nameA": null,
      "image": "/img/dict/animals/bumblebee.png",
      "bg": null,
      "nameAnswer": null,
      "translates": [
        {
          "lang": "ru-RU",
          "name": "шмель",
          "nameA": null
        }
      ]
    },
    {
      "id": 25,
      "name": "scarab",
      "transcription": "[ˈskærəb]",
      "nameA": null,
      "image": "/img/dict/animals/scarab.png",
      "bg": null,
      "nameAnswer": null,
      "translates": [
        {
          "lang": "ru-RU",
          "name": "скарабей",
          "nameA": null
        }
      ]
    },
    {
      "id": 26,
      "name": "spider",
      "transcription": "[ˈspaɪdər]",
      "nameA": null,
      "image": "/img/dict/animals/spider.png",
      "bg": null,
      "nameAnswer": null,
      "translates": [
        {
          "lang": "ru-RU",
          "name": "паук",
          "nameA": null
        }
      ]
    },
    {
      "id": 27,
      "name": "cockroach",
      "transcription": "[ˈkɑːkrəʊtʃ]",
      "nameA": null,
      "image": "/img/dict/animals/cockroach.png",
      "bg": null,
      "nameAnswer": null,
      "translates": [
        {
          "lang": "ru-RU",
          "name": "таракан",
          "nameA": null
        }
      ]
    },
    {
      "id": 28,
      "name": "firefly",
      "transcription": "[ˈfaɪərflaɪ]",
      "nameA": null,
      "image": "/img/dict/animals/firefly.png",
      "bg": null,
      "nameAnswer": null,
      "translates": [
        {
          "lang": "ru-RU",
          "name": "светлячок",
          "nameA": null
        }
      ]
    },
    {
      "id": 29,
      "name": "moth",
      "transcription": "[mɔːθ]",
      "nameA": null,
      "image": "/img/dict/animals/moth.png",
      "bg": null,
      "nameAnswer": null,
      "translates": [
        {
          "lang": "ru-RU",
          "name": "моль",
          "nameA": null
        }
      ]
    },
    {
      "id": 30,
      "name": "maggot",
      "transcription": "[ˈmæɡət]",
      "nameA": null,
      "image": "/img/dict/animals/maggot.png",
      "bg": null,
      "nameAnswer": null,
      "translates": [
        {
          "lang": "ru-RU",
          "name": "личинка",
          "nameA": null
        }
      ]
    }
  ]
}