{"name":"Sea animals","img":"/img/dict/animals/sea.png","isRandom":true,"isBlur":true,"isUpper":true,"isByWords":false,"isForAdult":false,"separator":"","numWords":20,"Translations":[{"lang":"ru-RU","name":"Морские животные"},{"lang":"vi-VN","name":"Động vật biển"},{"lang":"zh-CN","name":"海洋动物"},{"lang":"hi-IN","name":"समुद्री जानवर"},{"lang":"th-TH","name":"สัตว์ทะเล"},{"lang":"tr-TR","name":"Deniz canlıları"},{"lang":"pt-BR","name":"Animais marinhos"},{"lang":"de-DE","name":"Meerestiere"},{"lang":"id-ID","name":"Hewan laut"},{"lang":"fr-FR","name":"Animaux marins"}],"items":[{"id":0,"name":"Dolphin","transcription":"[ˈdɑːlfɪn]","image":"/img/dict/animals/dolphin.png","translates":[{"lang":"ru-RU","name":"Дельфин"},{"lang":"vi-VN","name":"Cá heo"},{"lang":"zh-CN","name":"海豚"},{"lang":"hi-IN","name":"डॉल्फ़िन"},{"lang":"th-TH","name":"โลมา"},{"lang":"tr-TR","name":"Yunus"},{"lang":"pt-BR","name":"Golfinho"},{"lang":"de-DE","name":"Delfin"},{"lang":"id-ID","name":"Lumba-lumba"},{"lang":"fr-FR","name":"Dauphin"}]},{"id":0,"name":"Crab","transcription":"[kræb]","image":"/img/dict/animals/crab.png","translates":[{"lang":"ru-RU","name":"Краб"},{"lang":"vi-VN","name":"Cua"},{"lang":"zh-CN","name":"螃蟹"},{"lang":"hi-IN","name":"केकड़ा"},{"lang":"th-TH","name":"ปู"},{"lang":"tr-TR","name":"Yengeç"},{"lang":"pt-BR","name":"Caranguejo"},{"lang":"de-DE","name":"Krabbe"},{"lang":"id-ID","name":"Kepiting"},{"lang":"fr-FR","name":"Crabe"}]},{"id":0,"name":"Eel","transcription":"[iːl]","image":"/img/dict/animals/eel.png","translates":[{"lang":"ru-RU","name":"Угорь"},{"lang":"vi-VN","name":"Lươn"},{"lang":"zh-CN","name":"鳗鱼"},{"lang":"hi-IN","name":"बाम मछली"},{"lang":"th-TH","name":"ปลาไหล"},{"lang":"tr-TR","name":"Yılan balığı"},{"lang":"pt-BR","name":"Enguia"},{"lang":"de-DE","name":"Aal"},{"lang":"id-ID","name":"Belut"},{"lang":"fr-FR","name":"Anguille"}]},{"id":0,"name":"Fish","transcription":"[fɪʃ]","image":"/img/dict/animals/fish.png","translates":[{"lang":"ru-RU","name":"Рыба"},{"lang":"vi-VN","name":"Cá"},{"lang":"zh-CN","name":"鱼"},{"lang":"hi-IN","name":"मछली"},{"lang":"th-TH","name":"ปลา"},{"lang":"tr-TR","name":"Balık"},{"lang":"pt-BR","name":"Peixe"},{"lang":"de-DE","name":"Fisch"},{"lang":"id-ID","name":"Ikan"},{"lang":"fr-FR","name":"Poisson"}]},{"id":0,"name":"Jellyfish","transcription":"[ˈdʒelɪfɪʃ]","image":"/img/dict/animals/jellyfish.png","translates":[{"lang":"ru-RU","name":"Медуза"},{"lang":"vi-VN","name":"Sứa"},{"lang":"zh-CN","name":"水母"},{"lang":"hi-IN","name":"जेलीफ़िश"},{"lang":"th-TH","name":"แมงกะพรุน"},{"lang":"tr-TR","name":"Denizanası"},{"lang":"pt-BR","name":"Água-viva"},{"lang":"de-DE","name":"Qualle"},{"lang":"id-ID","name":"Ubur-ubur"},{"lang":"fr-FR","name":"Méduse"}]},{"id":0,"name":"Lobster","transcription":"[ˈlɑːbstər]","image":"/img/dict/animals/lobster.png","translates":[{"lang":"ru-RU","name":"Лобстер"},{"lang":"vi-VN","name":"Tôm hùm"},{"lang":"zh-CN","name":"龙虾"},{"lang":"hi-IN","name":"लॉबस्टर"},{"lang":"th-TH","name":"กุ้งมังกร"},{"lang":"tr-TR","name":"Istakoz"},{"lang":"pt-BR","name":"Lagosta"},{"lang":"de-DE","name":"Hummer"},{"lang":"id-ID","name":"Lobster"},{"lang":"fr-FR","name":"Homard"}]},{"id":0,"name":"Manatee","transcription":"[ˈmænətiː]","image":"/img/dict/animals/manatee.png","translates":[{"lang":"ru-RU","name":"Ламантин"},{"lang":"vi-VN","name":"Bò biển"},{"lang":"zh-CN","name":"海牛"},{"lang":"hi-IN","name":"मैनेटी"},{"lang":"th-TH","name":"พะยูน"},{"lang":"tr-TR","name":"Manati"},{"lang":"pt-BR","name":"Peixe-boi"},{"lang":"de-DE","name":"Manati"},{"lang":"id-ID","name":"Duyung"},{"lang":"fr-FR","name":"Lamantin"}]},{"id":0,"name":"Octopus","transcription":"[ˈɑːktəpəs]","image":"/img/dict/animals/octopus.png","translates":[{"lang":"ru-RU","name":"Осьминог"},{"lang":"vi-VN","name":"Bạch tuộc"},{"lang":"zh-CN","name":"章鱼"},{"lang":"hi-IN","name":"ऑक्टोपस"},{"lang":"th-TH","name":"หมึกยักษ์"},{"lang":"tr-TR","name":"Ahtapot"},{"lang":"pt-BR","name":"Polvo"},{"lang":"de-DE","name":"Krake"},{"lang":"id-ID","name":"Gurita"},{"lang":"fr-FR","name":"Pieuvre"}]},{"id":0,"name":"clam","transcription":"[klæm]","image":"/img/dict/animals/clam.png","translates":[{"lang":"ru-RU","name":"моллюск"},{"lang":"vi-VN","name":"Nghêu"},{"lang":"zh-CN","name":"蛤蜊"},{"lang":"hi-IN","name":"क्लैम"},{"lang":"th-TH","name":"หอยกาบ"},{"lang":"tr-TR","name":"Deniz tarağı"},{"lang":"pt-BR","name":"Marisco"},{"lang":"de-DE","name":"Muschel"},{"lang":"id-ID","name":"Kerang"},{"lang":"fr-FR","name":"Palourde"}]},{"id":0,"name":"Oyster","transcription":"[ˈɔɪstər]","image":"/img/dict/animals/oyster.png","translates":[{"lang":"ru-RU","name":"устрица"},{"lang":"vi-VN","name":"Hàu"},{"lang":"zh-CN","name":"牡蛎"},{"lang":"hi-IN","name":"सीप"},{"lang":"th-TH","name":"หอยนางรม"},{"lang":"tr-TR","name":"İstiridye"},{"lang":"pt-BR","name":"Ostra"},{"lang":"de-DE","name":"Auster"},{"lang":"id-ID","name":"Tiram"},{"lang":"fr-FR","name":"Huître"}]},{"id":0,"name":"Penguin","transcription":"[ˈpeŋɡwɪn]","image":"/img/dict/animals/penguin.png","translates":[{"lang":"ru-RU","name":"Пингвин"},{"lang":"vi-VN","name":"Chim cánh cụt"},{"lang":"zh-CN","name":"企鹅"},{"lang":"hi-IN","name":"पेंगुइन"},{"lang":"th-TH","name":"เพนกวิน"},{"lang":"tr-TR","name":"Penguen"},{"lang":"pt-BR","name":"Pinguim"},{"lang":"de-DE","name":"Pinguin"},{"lang":"id-ID","name":"Pinguin"},{"lang":"fr-FR","name":"Pingouin"}]},{"id":0,"name":"stingray","transcription":"[ˈstɪŋreɪ]","image":"/img/dict/animals/stingray.png","translates":[{"lang":"ru-RU","name":"Скат"},{"lang":"vi-VN","name":"Cá đuối"},{"lang":"zh-CN","name":"魟鱼"},{"lang":"hi-IN","name":"स्टिंगरे"},{"lang":"th-TH","name":"ปลากระเบน"},{"lang":"tr-TR","name":"Vatoz"},{"lang":"pt-BR","name":"Arraia"},{"lang":"de-DE","name":"Stachelrochen"},{"lang":"id-ID","name":"Ikan pari"},{"lang":"fr-FR","name":"Raie"}]},{"id":0,"name":"Turtle","transcription":"[ˈtɜːrtl]","image":"/img/dict/animals/turtle.png","translates":[{"lang":"ru-RU","name":"Черепаха"},{"lang":"vi-VN","name":"Rùa"},{"lang":"zh-CN","name":"龟"},{"lang":"hi-IN","name":"कछुआ"},{"lang":"th-TH","name":"เต่า"},{"lang":"tr-TR","name":"Kaplumbağa"},{"lang":"pt-BR","name":"Tartaruga"},{"lang":"de-DE","name":"Schildkröte"},{"lang":"id-ID","name":"Penyu"},{"lang":"fr-FR","name":"Tortue"}]},{"id":0,"name":"seahorse","transcription":"[ˈsiːhɔːrs]","image":"/img/dict/animals/seahorse.png","translates":[{"lang":"ru-RU","name":"морской конек"},{"lang":"vi-VN","name":"Cá ngựa"},{"lang":"zh-CN","name":"海马"},{"lang":"hi-IN","name":"समुद्री घोड़ा"},{"lang":"th-TH","name":"ม้าน้ำ"},{"lang":"tr-TR","name":"Denizatı"},{"lang":"pt-BR","name":"Cavalo-marinho"},{"lang":"de-DE","name":"Seepferdchen"},{"lang":"id-ID","name":"Kuda laut"},{"lang":"fr-FR","name":"Hippocampe"}]},{"id":0,"name":"Seal","transcription":"[siːl]","image":"/img/dict/animals/seal.png","translates":[{"lang":"ru-RU","name":"Тюлень"},{"lang":"vi-VN","name":"Hải cẩu"},{"lang":"zh-CN","name":"海豹"},{"lang":"hi-IN","name":"सील"},{"lang":"th-TH","name":"แมวน้ำ"},{"lang":"tr-TR","name":"Fok"},{"lang":"pt-BR","name":"Foca"},{"lang":"de-DE","name":"Robbe"},{"lang":"id-ID","name":"Anjing laut"},{"lang":"fr-FR","name":"Phoque"}]},{"id":0,"name":"Shark","transcription":"[ʃɑːrk]","image":"/img/dict/animals/shark.png","translates":[{"lang":"ru-RU","name":"Акула"},{"lang":"vi-VN","name":"Cá mập"},{"lang":"zh-CN","name":"鲨鱼"},{"lang":"hi-IN","name":"शार्क"},{"lang":"th-TH","name":"ฉลาม"},{"lang":"tr-TR","name":"Köpek balığı"},{"lang":"pt-BR","name":"Tubarão"},{"lang":"de-DE","name":"Hai"},{"lang":"id-ID","name":"Hiu"},{"lang":"fr-FR","name":"Requin"}]},{"id":0,"name":"Squid","transcription":"[skwɪd]","image":"/img/dict/animals/squid.png","translates":[{"lang":"ru-RU","name":"Кальмар"},{"lang":"vi-VN","name":"Mực"},{"lang":"zh-CN","name":"鱿鱼"},{"lang":"hi-IN","name":"स्क्विड"},{"lang":"th-TH","name":"ปลาหมึก"},{"lang":"tr-TR","name":"Kalamar"},{"lang":"pt-BR","name":"Lula"},{"lang":"de-DE","name":"Tintenfisch"},{"lang":"id-ID","name":"Cumi-cumi"},{"lang":"fr-FR","name":"Calmar"}]},{"id":0,"name":"Starfish","transcription":"[ˈstɑːrfɪʃ]","image":"/img/dict/animals/starfish.png","translates":[{"lang":"ru-RU","name":"Морская звезда"},{"lang":"vi-VN","name":"Sao biển"},{"lang":"zh-CN","name":"海星"},{"lang":"hi-IN","name":"तारामछली"},{"lang":"th-TH","name":"ดาวทะเล"},{"lang":"tr-TR","name":"Denizyıldızı"},{"lang":"pt-BR","name":"Estrela-do-mar"},{"lang":"de-DE","name":"Seestern"},{"lang":"id-ID","name":"Bintang laut"},{"lang":"fr-FR","name":"Étoile de mer"}]},{"id":0,"name":"Walrus","transcription":"[ˈwɔːlrəs]","image":"/img/dict/animals/walrus.png","translates":[{"lang":"ru-RU","name":"Морж"},{"lang":"vi-VN","name":"Hải mã"},{"lang":"zh-CN","name":"海象"},{"lang":"hi-IN","name":"वालरस"},{"lang":"th-TH","name":"วอลรัส"},{"lang":"tr-TR","name":"Mors"},{"lang":"pt-BR","name":"Morsa"},{"lang":"de-DE","name":"Walross"},{"lang":"id-ID","name":"Walrus"},{"lang":"fr-FR","name":"Morse"}]},{"id":0,"name":"Whale","transcription":"[weɪl]","image":"/img/dict/animals/whale.png","translates":[{"lang":"ru-RU","name":"Кит"},{"lang":"vi-VN","name":"Cá voi"},{"lang":"zh-CN","name":"鲸鱼"},{"lang":"hi-IN","name":"व्हेल"},{"lang":"th-TH","name":"วาฬ"},{"lang":"tr-TR","name":"Balina"},{"lang":"pt-BR","name":"Baleia"},{"lang":"de-DE","name":"Wal"},{"lang":"id-ID","name":"Paus"},{"lang":"fr-FR","name":"Baleine"}]}]}