{
  "name": "Sea animals",
  "img":"/img/dict/animals/sea.png",
  "Translations": [
    {
      "lang": "ru-RU",
      "name": "Морские животные"
    }
  ],
  "items": [
    {
      "id": 0,
      "name": "Dolphin",
      "image": "/img/dict/animals/dolphin.png",
      "translates": [
        {
          "lang": "ru-RU",
          "name": "Дельфин"
        }
      ]
    },
    {
      "id": 0,
      "name": "Crab",
      "image": "/img/dict/animals/crab.png",
      "translates": [
        {
          "lang": "ru-RU",
          "name": "Краб"
        }
      ]
    },
    {
      "id": 0,
      "name": "Eel",
      "image": "/img/dict/animals/eel.png",
      "translates": [
        {
          "lang": "ru-RU",
          "name": "Угорь"
        }
      ]
    },
    {
      "id": 0,
      "name": "Fish",
      "image": "/img/dict/animals/fish.png",
      "translates": [
        {
          "lang": "ru-RU",
          "name": "Рыба"
        }
      ]
    },
    {
      "id": 0,
      "name": "Jellyfish",
      "image": "/img/dict/animals/jellyfish.png",
      "translates": [
        {
          "lang": "ru-RU",
          "name": "Медуза"
        }
      ]
    },
    {
      "id": 0,
      "name": "Lobster",
      "image": "/img/dict/animals/lobster.png",
      "translates": [
        {
          "lang": "ru-RU",
          "name": "Лобстер"
        }
      ]
    },
    {
      "id": 0,
      "name": "Manatee",
      "image": "/img/dict/animals/manatee.png",
      "translates": [
        {
          "lang": "ru-RU",
          "name": "Ламантин"
        }
      ]
    },
    {
      "id": 0,
      "name": "Octopus",
      "image": "/img/dict/animals/octopus.png",
      "translates": [
        {
          "lang": "ru-RU",
          "name": "Осьминог"
        }
      ]
    },
    {
      "id": 0,
      "name": "clam",
      "image": "/img/dict/animals/clam.png",
      "translates": [
        {
          "lang": "ru-RU",
          "name": "моллюск"
        }
      ]
    },
    {
      "id": 0,
      "name": "Oyster",
      "image": "/img/dict/animals/oyster.png",
      "translates": [
        {
          "lang": "ru-RU",
          "name": "устрица"
        }
      ]
    },
    {
      "id": 0,
      "name": "Penguin",
      "image": "/img/dict/animals/penguin.png",
      "translates": [
        {
          "lang": "ru-RU",
          "name": "Пингвин"
        }
      ]
    },
    {
      "id": 0,
      "name": "stingray",
      "image": "/img/dict/animals/stingray.png",
      "translates": [
        {
          "lang": "ru-RU",
          "name": "Скат"
        }
      ]
    },
    {
      "id": 0,
      "name": "seaotter",
      "image": "/img/dict/animals/seaotter.png",
      "translates": [
        {
          "lang": "ru-RU",
          "name": "Морская Выдра"
        }
      ]
    },
     
    {
      "id": 0,
      "name": "Turtle",
      "image": "/img/dict/animals/turtle.png",
      "translates": [
        {
          "lang": "ru-RU",
          "name": "Черепаха"
        }
      ]
    },
    {
      "id": 0,
      "name": "seahorse",
      "image": "/img/dict/animals/seahorse.png",
      "translates": [
        {
          "lang": "ru-RU",
          "name": "морской конек"
        }
      ]
    },
    {
      "id": 0,
      "name": "Seal",
      "image": "/img/dict/animals/seal.png",
      "translates": [
        {
          "lang": "ru-RU",
          "name": "Тюллень"
        }
      ]
    },
    {
      "id": 0,
      "name": "Shark",
      "image": "/img/dict/animals/shark.png",
      "translates": [
        {
          "lang": "ru-RU",
          "name": "Акула"
        }
      ]
    },
    {
      "id": 0,
      "name": "Squid",
      "image": "/img/dict/animals/squid.png",
      "translates": [
        {
          "lang": "ru-RU",
          "name": "кальмар"
        }
      ]
    },
    {
      "id": 0,
      "name": "Starfish",
      "image": "/img/dict/animals/starfish.png",
      "translates": [
        {
          "lang": "ru-RU",
          "name": "морская звезда"
        }
      ]
    },
    {
      "id": 0,
      "name": "Walrus",
      "image": "/img/dict/animals/walrus.png",
      "translates": [
        {
          "lang": "ru-RU",
          "name": "морж"
        }
      ]
    },
    {
      "id": 0,
      "name": "Whale",
      "image": "/img/dict/animals/whale.png",
      "translates": [
        {
          "lang": "ru-RU",
          "name": "кит"
        }
      ]
    }
  ]
}