{
  "name": "Pets",
  "img":"/img/dict/animals/house.png",
  "Translations": [
    {
      "lang": "ru-RU",
      "name": "Домашние животные"
    }
  ],
  "items": [
    {
      "id": 0,
      "name": "Adoption",
      "image": "/img/dict/animals/adoption.png",
      "translates": [
        {
          "lang": "ru-RU",
          "name": "Усыновление"
        }
      ]
    },
    {
      "id": 0,
      "name": "Aquarium",
      "image": "/img/dict/animals/aquarium.png",
      "translates": [
        {
          "lang": "ru-RU",
          "name": "Аквариум"
        }
      ]
    },
    {
      "id": 0,
      "name": "Shelter",
      "image": "/img/dict/animals/shelter.png",
      "translates": [
        {
          "lang": "ru-RU",
          "name": "Приют"
        }
      ]
    },
    {
      "id": 0,
      "name": "Bone",
      "image": "/img/dict/animals/bone.png",
      "translates": [
        {
          "lang": "ru-RU",
          "name": "Кость"
        }
      ]
    },
    {
      "id": 0,
      "name": "Cage",
      "image": "/img/dict/animals/cage.png",
      "translates": [
        {
          "lang": "ru-RU",
          "name": "Клетка"
        }
      ]
    },
    {
      "id": 0,
      "name": "Cat",
      "image": "/img/dict/animals/cat.png",
      "translates": [
        {
          "lang": "ru-RU",
          "name": "Кошка"
        }
      ]
    },
    {
      "id": 0,
      "name": "Collar",
      "image": "/img/dict/animals/collar.png",
      "translates": [
        {
          "lang": "ru-RU",
          "name": "Ошейник"
        }
      ]
    },
    {
      "id": 0,
      "name": "Dog",
      "image": "/img/dict/animals/dog.png",
      "translates": [
        {
          "lang": "ru-RU",
          "name": "Собака"
        }
      ]
    },
    {
      "id": 0,
      "name": "Dog House",
      "image": "/img/dict/animals/doghouse.png",
      "translates": [
        {
          "lang": "ru-RU",
          "name": "Конура"
        }
      ]
    },
    {
      "id": 0,
      "name": "Fish",
      "image": "/img/dict/animals/fish.png",
      "translates": [
        {
          "lang": "ru-RU",
          "name": "Рыба"
        }
      ]
    },
    {
      "id": 0,
      "name": "Fish Bowl",
      "image": "/img/dict/animals/fishbowl.png",
      "translates": [
        {
          "lang": "ru-RU",
          "name": "Ваза для рыб"
        }
      ]
    } ,
    {
      "id": 0,
      "name": "Gerbil",
      "image": "/img/dict/animals/gerbil.png",
      "translates": [
        {
          "lang": "ru-RU",
          "name": "Крыса"
        }
      ]
    },
    {
      "id": 0,
      "name": "Goldfish",
      "image": "/img/dict/animals/goldfish.png",
      "translates": [
        {
          "lang": "ru-RU",
          "name": "Золотая рыбка"
        }
      ]
    },
    {
      "id": 0,
      "name": "Guinea Pig",
      "image": "/img/dict/animals/guineapig.png",
      "translates": [
        {
          "lang": "ru-RU",
          "name": "Морская свинка"
        }
      ]
    },
    {
      "id": 0,
      "name": "Hamster",
      "image": "/img/dict/animals/hamster.png",
      "translates": [
        {
          "lang": "ru-RU",
          "name": "Хомяк"
        }
      ]
    },
    
    {
      "id": 0,
      "name": "Kitten",
      "image": "/img/dict/animals/kitten.png",
      "translates": [
        {
          "lang": "ru-RU",
          "name": "Котенок"
        }
      ]
    },
    {
      "id": 0,
      "name": "Leash",
      "image": "/img/dict/animals/leash.png",
      "translates": [
        {
          "lang": "ru-RU",
          "name": "Поводок"
        }
      ]
    },
    {
      "id": 0,
      "name": "Budgie",
      "image": "/img/dict/animals/budgie.png",
      "translates": [
        {
          "lang": "ru-RU",
          "name": "Волнистый попугайчик"
        }
      ]
    },
    {
      "id": 0,
      "name": "Parrot",
      "image": "/img/dict/animals/parrot.png",
      "translates": [
        {
          "lang": "ru-RU",
          "name": "Попугай"
        }
      ]
    },
    {
      "id": 0,
      "name": "Pet Store",
      "image": "/img/dict/animals/petstore.png",
      "translates": [
        {
          "lang": "ru-RU",
          "name": "Зоомагазин"
        }
      ]
    },
    {
      "id": 0,
      "name": "Puppy",
      "image": "/img/dict/animals/puppy.png",
      "translates": [
        {
          "lang": "ru-RU",
          "name": "Щенок"
        }
      ]
    },
    {
      "id": 0,
      "name": "Rabbit",
      "image": "/img/dict/animals/rabbit.png",
      "translates": [
        {
          "lang": "ru-RU",
          "name": "Кролик"
        }
      ]
    },
    {
      "id": 0,
      "name": "Turtle",
      "image": "/img/dict/animals/turtle.png",
      "translates": [
        {
          "lang": "ru-RU",
          "name": "Черепаха"
        }
      ]
    },
    {
      "id": 0,
      "name": "Snake",
      "image": "/img/dict/animals/snake.png",
      "translates": [
        {
          "lang": "ru-RU",
          "name": "Змея"
        }
      ]
    }
  ]
}