{"name":"Insects","img":"/img/dict/animals/field.jpg","isRandom":true,"isBlur":true,"isForAdult":false,"numWords":31,"Translations":[{"lang":"ru-RU","name":"Насекомые"},{"lang":"vi-VN","name":"Côn trùng"},{"lang":"zh-CN","name":"昆虫"},{"lang":"hi-IN","name":"कीट"},{"lang":"th-TH","name":"แมลง"},{"lang":"tr-TR","name":"Böcekler"},{"lang":"pt-BR","name":"Insetos"},{"lang":"de-DE","name":"Insekten"},{"lang":"id-ID","name":"Serangga"},{"lang":"fr-FR","name":"Insectes"}],"items":[{"id":0,"name":"flea","transcription":"[fliː]","image":"/img/dict/animals/flea.png","translates":[{"lang":"ru-RU","name":"блоха"},{"lang":"vi-VN","name":"bọ chét"},{"lang":"zh-CN","name":"跳蚤"},{"lang":"hi-IN","name":"पिस्सू"},{"lang":"th-TH","name":"หมัด"},{"lang":"tr-TR","name":"pire"},{"lang":"pt-BR","name":"pulga"},{"lang":"de-DE","name":"Floh"},{"lang":"id-ID","name":"kutu"},{"lang":"fr-FR","name":"puce"}]},{"id":1,"name":"caterpillar","transcription":"[ˈkætərpɪlər]","image":"/img/dict/animals/caterpillar.png","translates":[{"lang":"ru-RU","name":"гусеница"},{"lang":"vi-VN","name":"sâu bướm"},{"lang":"zh-CN","name":"毛毛虫"},{"lang":"hi-IN","name":"इल्ली"},{"lang":"th-TH","name":"หนอนผีเสื้อ"},{"lang":"tr-TR","name":"tırtıl"},{"lang":"pt-BR","name":"lagarta"},{"lang":"de-DE","name":"Raupe"},{"lang":"id-ID","name":"ulat"},{"lang":"fr-FR","name":"chenille"}]},{"id":2,"name":"mantis","transcription":"[ˈmæntɪs]","image":"/img/dict/animals/mantis.png","translates":[{"lang":"ru-RU","name":"богомол"},{"lang":"vi-VN","name":"bọ ngựa"},{"lang":"zh-CN","name":"螳螂"},{"lang":"hi-IN","name":"मेन्टिस"},{"lang":"th-TH","name":"ตั๊กแตนตำข้าว"},{"lang":"tr-TR","name":"peygamberdevesi"},{"lang":"pt-BR","name":"louva-a-deus"},{"lang":"de-DE","name":"Gottesanbeterin"},{"lang":"id-ID","name":"belalang sembah"},{"lang":"fr-FR","name":"mante religieuse"}]},{"id":3,"name":"millipede","transcription":"[ˈmɪlɪpiːd]","image":"/img/dict/animals/millipede.png","translates":[{"lang":"ru-RU","name":"многоножка"},{"lang":"vi-VN","name":"cuốn chiếu"},{"lang":"zh-CN","name":"千足虫"},{"lang":"hi-IN","name":"सहस्त्रपाद"},{"lang":"th-TH","name":"กิ้งกือ"},{"lang":"tr-TR","name":"kırkayak"},{"lang":"pt-BR","name":"piolho-de-cobra"},{"lang":"de-DE","name":"Tausendfüßler"},{"lang":"id-ID","name":"kelabang"},{"lang":"fr-FR","name":"mille-pattes"}]},{"id":4,"name":"ladybug","transcription":"[ˈleɪdɪˌbəɡ]","image":"/img/dict/animals/ladybug.png","translates":[{"lang":"ru-RU","name":"божья коровка"},{"lang":"vi-VN","name":"bọ rùa"},{"lang":"zh-CN","name":"瓢虫"},{"lang":"hi-IN","name":"गुबरैला"},{"lang":"th-TH","name":"แมลงเต่าทอง"},{"lang":"tr-TR","name":"uğur böceği"},{"lang":"pt-BR","name":"joaninha"},{"lang":"de-DE","name":"Marienkäfer"},{"lang":"id-ID","name":"kepik"},{"lang":"fr-FR","name":"coccinelle"}]},{"id":5,"name":"louse","transcription":"[laʊs]","image":"/img/dict/animals/louse.png","translates":[{"lang":"ru-RU","name":"вошь"},{"lang":"vi-VN","name":"chấy"},{"lang":"zh-CN","name":"虱子"},{"lang":"hi-IN","name":"जूं"},{"lang":"th-TH","name":"เหา"},{"lang":"tr-TR","name":"bit"},{"lang":"pt-BR","name":"piolho"},{"lang":"de-DE","name":"Laus"},{"lang":"id-ID","name":"kutu"},{"lang":"fr-FR","name":"pou"}]},{"id":6,"name":"butterfly","transcription":"[ˈbʌtərflaɪ]","image":"/img/dict/animals/butterfly.png","translates":[{"lang":"ru-RU","name":"бабочка"},{"lang":"vi-VN","name":"bướm"},{"lang":"zh-CN","name":"蝴蝶"},{"lang":"hi-IN","name":"तितली"},{"lang":"th-TH","name":"ผีเสื้อ"},{"lang":"tr-TR","name":"kelebek"},{"lang":"pt-BR","name":"borboleta"},{"lang":"de-DE","name":"Schmetterling"},{"lang":"id-ID","name":"kupu-kupu"},{"lang":"fr-FR","name":"papillon"}]},{"id":7,"name":"termite","transcription":"[ˈtɜːrmaɪt]","image":"/img/dict/animals/termite.png","translates":[{"lang":"ru-RU","name":"термит"},{"lang":"vi-VN","name":"mối"},{"lang":"zh-CN","name":"白蚁"},{"lang":"hi-IN","name":"दीमक"},{"lang":"th-TH","name":"ปลวก"},{"lang":"tr-TR","name":"termit"},{"lang":"pt-BR","name":"cupim"},{"lang":"de-DE","name":"Termite"},{"lang":"id-ID","name":"rayap"},{"lang":"fr-FR","name":"termite"}]},{"id":8,"name":"insect","transcription":"[ˈɪnsekt]","image":"/img/dict/animals/insect.png","translates":[{"lang":"ru-RU","name":"насекомое"},{"lang":"vi-VN","name":"côn trùng"},{"lang":"zh-CN","name":"昆虫"},{"lang":"hi-IN","name":"कीट"},{"lang":"th-TH","name":"แมลง"},{"lang":"tr-TR","name":"böcek"},{"lang":"pt-BR","name":"inseto"},{"lang":"de-DE","name":"Insekt"},{"lang":"id-ID","name":"serangga"},{"lang":"fr-FR","name":"insecte"}]},{"id":9,"name":"ant","transcription":"[ænt]","image":"/img/dict/animals/ant.png","translates":[{"lang":"ru-RU","name":"муравей"},{"lang":"vi-VN","name":"kiến"},{"lang":"zh-CN","name":"蚂蚁"},{"lang":"hi-IN","name":"चींटी"},{"lang":"th-TH","name":"มด"},{"lang":"tr-TR","name":"karınca"},{"lang":"pt-BR","name":"formiga"},{"lang":"de-DE","name":"Ameise"},{"lang":"id-ID","name":"semut"},{"lang":"fr-FR","name":"fourmi"}]},{"id":10,"name":"scorpion","transcription":"[ˈskɔːrpɪən]","image":"/img/dict/animals/scorpion.png","translates":[{"lang":"ru-RU","name":"скорпион"},{"lang":"vi-VN","name":"bọ cạp"},{"lang":"zh-CN","name":"蝎子"},{"lang":"hi-IN","name":"बिच्छू"},{"lang":"th-TH","name":"แมงป่อง"},{"lang":"tr-TR","name":"akrep"},{"lang":"pt-BR","name":"escorpião"},{"lang":"de-DE","name":"Skorpion"},{"lang":"id-ID","name":"kalajengking"},{"lang":"fr-FR","name":"scorpion"}]},{"id":11,"name":"mosquito","transcription":"[məˈskiːtəʊ]","image":"/img/dict/animals/mosquito.png","translates":[{"lang":"ru-RU","name":"комар"},{"lang":"vi-VN","name":"muỗi"},{"lang":"zh-CN","name":"蚊子"},{"lang":"hi-IN","name":"मच्छर"},{"lang":"th-TH","name":"ยุง"},{"lang":"tr-TR","name":"sivrisinek"},{"lang":"pt-BR","name":"mosquito"},{"lang":"de-DE","name":"Mücke"},{"lang":"id-ID","name":"nyamuk"},{"lang":"fr-FR","name":"moustique"}]},{"id":12,"name":"wasp","transcription":"[wɑːsp]","image":"/img/dict/animals/wasp.png","translates":[{"lang":"ru-RU","name":"оса"},{"lang":"vi-VN","name":"ong bắp cày"},{"lang":"zh-CN","name":"黄蜂"},{"lang":"hi-IN","name":"बर्र"},{"lang":"th-TH","name":"ตัวต่อ"},{"lang":"tr-TR","name":"yaban arısı"},{"lang":"pt-BR","name":"vespa"},{"lang":"de-DE","name":"Wespe"},{"lang":"id-ID","name":"tawon"},{"lang":"fr-FR","name":"guêpe"}]},{"id":13,"name":"grasshopper","transcription":"[ˈɡræshɑːpər]","image":"/img/dict/animals/grasshopper.png","translates":[{"lang":"ru-RU","name":"кузнечик"},{"lang":"vi-VN","name":"châu chấu"},{"lang":"zh-CN","name":"蚱蜢"},{"lang":"hi-IN","name":"टिड्डी"},{"lang":"th-TH","name":"ตั๊กแตน"},{"lang":"tr-TR","name":"çekirge"},{"lang":"pt-BR","name":"gafanhoto"},{"lang":"de-DE","name":"Heuschrecke"},{"lang":"id-ID","name":"belalang"},{"lang":"fr-FR","name":"sauterelle"}]},{"id":14,"name":"bee","transcription":"[biː]","image":"/img/dict/animals/bee.png","translates":[{"lang":"ru-RU","name":"пчела"},{"lang":"vi-VN","name":"ong"},{"lang":"zh-CN","name":"蜜蜂"},{"lang":"hi-IN","name":"मधुमक्खी"},{"lang":"th-TH","name":"ผึ้ง"},{"lang":"tr-TR","name":"arı"},{"lang":"pt-BR","name":"abelha"},{"lang":"de-DE","name":"Biene"},{"lang":"id-ID","name":"lebah"},{"lang":"fr-FR","name":"abeille"}]},{"id":15,"name":"dragonfly","transcription":"[ˈdræɡənflaɪ]","image":"/img/dict/animals/dragonfly.png","translates":[{"lang":"ru-RU","name":"стрекоза"},{"lang":"vi-VN","name":"chuồn chuồn"},{"lang":"zh-CN","name":"蜻蜓"},{"lang":"hi-IN","name":"व्याधपतंग"},{"lang":"th-TH","name":"แมลงปอ"},{"lang":"tr-TR","name":"yusufçuk"},{"lang":"pt-BR","name":"libélula"},{"lang":"de-DE","name":"Libelle"},{"lang":"id-ID","name":"capung"},{"lang":"fr-FR","name":"libellule"}]},{"id":16,"name":"mite","transcription":"[maɪt]","image":"/img/dict/animals/tick.png","translates":[{"lang":"ru-RU","name":"клещ"},{"lang":"vi-VN","name":"ve"},{"lang":"zh-CN","name":"螨虫"},{"lang":"hi-IN","name":"कीटाणु"},{"lang":"th-TH","name":"เห็บ"},{"lang":"tr-TR","name":"akrep"},{"lang":"pt-BR","name":"ácaro"},{"lang":"de-DE","name":"Milbe"},{"lang":"id-ID","name":"tungau"},{"lang":"fr-FR","name":"acarien"}]},{"id":17,"name":"worm","transcription":"[wɜːrm]","image":"/img/dict/animals/worm.png","translates":[{"lang":"ru-RU","name":"червяк"},{"lang":"vi-VN","name":"giun"},{"lang":"zh-CN","name":"蠕虫"},{"lang":"hi-IN","name":"कीड़ा"},{"lang":"th-TH","name":"หนอน"},{"lang":"tr-TR","name":"solucan"},{"lang":"pt-BR","name":"minhoca"},{"lang":"de-DE","name":"Wurm"},{"lang":"id-ID","name":"cacing"},{"lang":"fr-FR","name":"ver"}]},{"id":18,"name":"hornet","transcription":"[ˈhɔːrnɪt]","image":"/img/dict/animals/hornet.png","translates":[{"lang":"ru-RU","name":"шершень"},{"lang":"vi-VN","name":"ong bầu"},{"lang":"zh-CN","name":"大黄蜂"},{"lang":"hi-IN","name":"भिड़"},{"lang":"th-TH","name":"แตน"},{"lang":"tr-TR","name":"eşek arısı"},{"lang":"pt-BR","name":"vespa"},{"lang":"de-DE","name":"Hornisse"},{"lang":"id-ID","name":"tabuhan"},{"lang":"fr-FR","name":"frelon"}]},{"id":19,"name":"beetle","transcription":"[ˈbiːtl]","image":"/img/dict/animals/beetle.png","translates":[{"lang":"ru-RU","name":"жук"},{"lang":"vi-VN","name":"bọ cánh cứng"},{"lang":"zh-CN","name":"甲虫"},{"lang":"hi-IN","name":"भृंग"},{"lang":"th-TH","name":"แมลงปีกแข็ง"},{"lang":"tr-TR","name":"böcek"},{"lang":"pt-BR","name":"besouro"},{"lang":"de-DE","name":"Käfer"},{"lang":"id-ID","name":"kumbang"},{"lang":"fr-FR","name":"scarabée"}]},{"id":20,"name":"cricket","transcription":"[ˈkrɪkɪt]","image":"/img/dict/animals/cricket.png","translates":[{"lang":"ru-RU","name":"сверчок"},{"lang":"vi-VN","name":"dế"},{"lang":"zh-CN","name":"蟋蟀"},{"lang":"hi-IN","name":"झींगुर"},{"lang":"th-TH","name":"จิ้งหรีด"},{"lang":"tr-TR","name":"cırcır böceği"},{"lang":"pt-BR","name":"grilo"},{"lang":"de-DE","name":"Grille"},{"lang":"id-ID","name":"jangkrik"},{"lang":"fr-FR","name":"grillon"}]},{"id":21,"name":"bug","transcription":"[bʌɡ]","image":"/img/dict/animals/bug.png","translates":[{"lang":"ru-RU","name":"жук"},{"lang":"vi-VN","name":"bọ"},{"lang":"zh-CN","name":"虫子"},{"lang":"hi-IN","name":"कीट"},{"lang":"th-TH","name":"แมลง"},{"lang":"tr-TR","name":"böcek"},{"lang":"pt-BR","name":"inseto"},{"lang":"de-DE","name":"Wanze"},{"lang":"id-ID","name":"serangga"},{"lang":"fr-FR","name":"insecte"}]},{"id":22,"name":"snail","transcription":"[sneɪl]","image":"/img/dict/animals/snail.png","translates":[{"lang":"ru-RU","name":"улитка"},{"lang":"vi-VN","name":"ốc sên"},{"lang":"zh-CN","name":"蜗牛"},{"lang":"hi-IN","name":"घोंघा"},{"lang":"th-TH","name":"หอยทาก"},{"lang":"tr-TR","name":"salyangoz"},{"lang":"pt-BR","name":"caracol"},{"lang":"de-DE","name":"Schnecke"},{"lang":"id-ID","name":"siput"},{"lang":"fr-FR","name":"escargot"}]},{"id":23,"name":"fly","transcription":"[flaɪ]","image":"/img/dict/animals/fly.png","translates":[{"lang":"ru-RU","name":"муха"},{"lang":"vi-VN","name":"ruồi"},{"lang":"zh-CN","name":"苍蝇"},{"lang":"hi-IN","name":"मक्खी"},{"lang":"th-TH","name":"แมลงวัน"},{"lang":"tr-TR","name":"sinek"},{"lang":"pt-BR","name":"mosca"},{"lang":"de-DE","name":"Fliege"},{"lang":"id-ID","name":"lalat"},{"lang":"fr-FR","name":"mouche"}]},{"id":24,"name":"bumblebee","transcription":"[ˈbʌmblbiː]","image":"/img/dict/animals/bumblebee.png","translates":[{"lang":"ru-RU","name":"шмель"},{"lang":"vi-VN","name":"ong nghệ"},{"lang":"zh-CN","name":"大黄蜂"},{"lang":"hi-IN","name":"भौंरा"},{"lang":"th-TH","name":"ผึ้ง"},{"lang":"tr-TR","name":"yaban arısı"},{"lang":"pt-BR","name":"abelhão"},{"lang":"de-DE","name":"Hummel"},{"lang":"id-ID","name":"lebah besar"},{"lang":"fr-FR","name":"bourdon"}]},{"id":25,"name":"scarab","transcription":"[ˈskærəb]","image":"/img/dict/animals/scarab.png","translates":[{"lang":"ru-RU","name":"скарабей"},{"lang":"vi-VN","name":"bọ hung"},{"lang":"zh-CN","name":"圣甲虫"},{"lang":"hi-IN","name":"स्कारब"},{"lang":"th-TH","name":"แมลงปีกแข็ง"},{"lang":"tr-TR","name":"skarabe"},{"lang":"pt-BR","name":"escaravelho"},{"lang":"de-DE","name":"Skarabäus"},{"lang":"id-ID","name":"kumbang scarab"},{"lang":"fr-FR","name":"scarabée"}]},{"id":26,"name":"spider","transcription":"[ˈspaɪdər]","image":"/img/dict/animals/spider.png","translates":[{"lang":"ru-RU","name":"паук"},{"lang":"vi-VN","name":"nhện"},{"lang":"zh-CN","name":"蜘蛛"},{"lang":"hi-IN","name":"मकड़ी"},{"lang":"th-TH","name":"แมงมุม"},{"lang":"tr-TR","name":"örümcek"},{"lang":"pt-BR","name":"aranha"},{"lang":"de-DE","name":"Spinne"},{"lang":"id-ID","name":"laba-laba"},{"lang":"fr-FR","name":"araignée"}]},{"id":27,"name":"cockroach","transcription":"[ˈkɑːkrəʊtʃ]","image":"/img/dict/animals/cockroach.png","translates":[{"lang":"ru-RU","name":"таракан"},{"lang":"vi-VN","name":"gián"},{"lang":"zh-CN","name":"蟑螂"},{"lang":"hi-IN","name":"तिलचट्टा"},{"lang":"th-TH","name":"แมลงสาบ"},{"lang":"tr-TR","name":"hamam böceği"},{"lang":"pt-BR","name":"barata"},{"lang":"de-DE","name":"Kakerlake"},{"lang":"id-ID","name":"kecoa"},{"lang":"fr-FR","name":"cafard"}]},{"id":28,"name":"firefly","transcription":"[ˈfaɪərflaɪ]","image":"/img/dict/animals/firefly.png","translates":[{"lang":"ru-RU","name":"светлячок"},{"lang":"vi-VN","name":"đom đóm"},{"lang":"zh-CN","name":"萤火虫"},{"lang":"hi-IN","name":"जुगनू"},{"lang":"th-TH","name":"หิ่งห้อย"},{"lang":"tr-TR","name":"ateşböceği"},{"lang":"pt-BR","name":"vaga-lume"},{"lang":"de-DE","name":"Glühwürmchen"},{"lang":"id-ID","name":"kunang-kunang"},{"lang":"fr-FR","name":"luciole"}]},{"id":29,"name":"moth","transcription":"[mɔːθ]","image":"/img/dict/animals/moth.png","translates":[{"lang":"ru-RU","name":"моль"},{"lang":"vi-VN","name":"bướm đêm"},{"lang":"zh-CN","name":"蛾"},{"lang":"hi-IN","name":"पतंगा"},{"lang":"th-TH","name":"ผีเสื้อกลางคืน"},{"lang":"tr-TR","name":"güve"},{"lang":"pt-BR","name":"mariposa"},{"lang":"de-DE","name":"Motte"},{"lang":"id-ID","name":"ngengat"},{"lang":"fr-FR","name":"papillon de nuit"}]},{"id":30,"name":"maggot","transcription":"[ˈmæɡət]","image":"/img/dict/animals/maggot.png","translates":[{"lang":"ru-RU","name":"личинка"},{"lang":"vi-VN","name":"giòi"},{"lang":"zh-CN","name":"蛆"},{"lang":"hi-IN","name":"लार्वा"},{"lang":"th-TH","name":"หนอน"},{"lang":"tr-TR","name":"kurt"},{"lang":"pt-BR","name":"larva"},{"lang":"de-DE","name":"Made"},{"lang":"id-ID","name":"belatung"},{"lang":"fr-FR","name":"asticot"}]}]}