{
  "name": "farm animals",
  "nameA": null,
  "img": "/img/dict/animals/farm.png",
  "minQuiz": null,
  "isRandom": true,
  "isBlur": true,
  "isForAdult": false,
  "separator": "",
  "numWords": 20,
  "tags": null,
  "Translations": [
    {
      "lang": "ru-RU",
      "name": "Животные на ферме",
      "nameA": null
    }
  ],
  "items": [
    {
      "id": 0,
      "name": "rabbit",
      "transcription": "[ˈræbɪt]",
      "nameA": null,
      "image": "/img/dict/animals/rabbit.png",
      "bg": null,
      "nameAnswer": null,
      "translates": [
        {
          "lang": "ru-RU",
          "name": "кролик",
          "nameA": null
        }
      ]
    },
    {
      "id": 1,
      "name": "goat",
      "transcription": "[ɡəʊt]",
      "nameA": null,
      "image": "/img/dict/animals/goat.png",
      "bg": null,
      "nameAnswer": null,
      "translates": [
        {
          "lang": "ru-RU",
          "name": "коза",
          "nameA": null
        }
      ]
    },
    {
      "id": 2,
      "name": "chicken",
      "transcription": "[ˈtʃɪkɪn]",
      "nameA": null,
      "image": "/img/dict/animals/chicken.png",
      "bg": null,
      "nameAnswer": null,
      "translates": [
        {
          "lang": "ru-RU",
          "name": "цыпленок",
          "nameA": null
        }
      ]
    },
    {
      "id": 3,
      "name": "donkey",
      "transcription": "[ˈdɔːŋkɪ]",
      "nameA": null,
      "image": "/img/dict/animals/donkey.png",
      "bg": null,
      "nameAnswer": null,
      "translates": [
        {
          "lang": "ru-RU",
          "name": "осёл",
          "nameA": null
        }
      ]
    },
    {
      "id": 4,
      "name": "ram",
      "transcription": "[ræm]",
      "nameA": null,
      "image": "/img/dict/animals/ram.png",
      "bg": null,
      "nameAnswer": null,
      "translates": [
        {
          "lang": "ru-RU",
          "name": "Баран",
          "nameA": null
        }
      ]
    },
    {
      "id": 5,
      "name": "duckling",
      "transcription": "[ˈdʌklɪŋ]",
      "nameA": null,
      "image": "/img/dict/animals/duckling.png",
      "bg": null,
      "nameAnswer": null,
      "translates": [
        {
          "lang": "ru-RU",
          "name": "утёнок",
          "nameA": null
        }
      ]
    },
    {
      "id": 6,
      "name": "piglet",
      "transcription": "[ˈpɪɡlət]",
      "nameA": null,
      "image": "/img/dict/animals/piglet.png",
      "bg": null,
      "nameAnswer": null,
      "translates": [
        {
          "lang": "ru-RU",
          "name": "поросёнок",
          "nameA": null
        }
      ]
    },
    {
      "id": 7,
      "name": "turkey",
      "transcription": "[ˈtɜːrkɪ]",
      "nameA": null,
      "image": "/img/dict/animals/turkey.png",
      "bg": null,
      "nameAnswer": null,
      "translates": [
        {
          "lang": "ru-RU",
          "name": "индейка",
          "nameA": null
        }
      ]
    },
    {
      "id": 8,
      "name": "horse",
      "transcription": "[hɔːrs]",
      "nameA": null,
      "image": "/img/dict/animals/horse.png",
      "bg": null,
      "nameAnswer": null,
      "translates": [
        {
          "lang": "ru-RU",
          "name": "лошадь",
          "nameA": null
        }
      ]
    },
    {
      "id": 9,
      "name": "duck",
      "transcription": "[dʌk]",
      "nameA": null,
      "image": "/img/dict/animals/duck.png",
      "bg": null,
      "nameAnswer": null,
      "translates": [
        {
          "lang": "ru-RU",
          "name": "утка",
          "nameA": null
        }
      ]
    },
    {
      "id": 10,
      "name": "rooster",
      "transcription": "[ˈruːstər]",
      "nameA": null,
      "image": "/img/dict/animals/rooster.png",
      "bg": null,
      "nameAnswer": null,
      "translates": [
        {
          "lang": "ru-RU",
          "name": "петух",
          "nameA": null
        }
      ]
    },
    {
      "id": 11,
      "name": "calf",
      "transcription": "[kæf]",
      "nameA": null,
      "image": "/img/dict/animals/calf.png",
      "bg": null,
      "nameAnswer": null,
      "translates": [
        {
          "lang": "ru-RU",
          "name": "Телёнок",
          "nameA": null
        }
      ]
    },
    {
      "id": 12,
      "name": "pig",
      "transcription": "[pɪɡ]",
      "nameA": null,
      "image": "/img/dict/animals/pig.png",
      "bg": null,
      "nameAnswer": null,
      "translates": [
        {
          "lang": "ru-RU",
          "name": "свинья",
          "nameA": null
        }
      ]
    },
    {
      "id": 13,
      "name": "cat",
      "transcription": "[kæt]",
      "nameA": null,
      "image": "/img/dict/animals/cat.png",
      "bg": null,
      "nameAnswer": null,
      "translates": [
        {
          "lang": "ru-RU",
          "name": "Кошка",
          "nameA": null
        }
      ]
    },
    {
      "id": 14,
      "name": "goose",
      "transcription": "[ɡuːs]",
      "nameA": null,
      "image": "/img/dict/animals/goose.png",
      "bg": null,
      "nameAnswer": null,
      "translates": [
        {
          "lang": "ru-RU",
          "name": "гусь",
          "nameA": null
        }
      ]
    },
    {
      "id": 15,
      "name": "cow",
      "transcription": "[kaʊ]",
      "nameA": null,
      "image": "/img/dict/animals/cow.png",
      "bg": null,
      "nameAnswer": null,
      "translates": [
        {
          "lang": "ru-RU",
          "name": "корова",
          "nameA": null
        }
      ]
    },
    {
      "id": 16,
      "name": "lamb",
      "transcription": "[læm]",
      "nameA": null,
      "image": "/img/dict/animals/lamb.png",
      "bg": null,
      "nameAnswer": null,
      "translates": [
        {
          "lang": "ru-RU",
          "name": "ягнёнок",
          "nameA": null
        }
      ]
    },
    {
      "id": 17,
      "name": "sheep",
      "transcription": "[ʃiːp]",
      "nameA": null,
      "image": "/img/dict/animals/sheep.png",
      "bg": null,
      "nameAnswer": null,
      "translates": [
        {
          "lang": "ru-RU",
          "name": "овца",
          "nameA": null
        }
      ]
    },
    {
      "id": 18,
      "name": "hen",
      "transcription": "[hen]",
      "nameA": null,
      "image": "/img/dict/animals/hen.png",
      "bg": null,
      "nameAnswer": null,
      "translates": [
        {
          "lang": "ru-RU",
          "name": "курица",
          "nameA": null
        }
      ]
    },
    {
      "id": 19,
      "name": "dog",
      "transcription": "[dɔːɡ]",
      "nameA": null,
      "image": "/img/dict/animals/dog.png",
      "bg": null,
      "nameAnswer": null,
      "translates": [
        {
          "lang": "ru-RU",
          "name": "собака",
          "nameA": null
        }
      ]
    }
  ]
}