{
  "name": "test",
  "nameA": null,
  "Translations": [
    {
      "lang": "ru-RU",
      "name": "test",
      "nameA": null
    }
  ],
  "items": [
    {
      "id": 0,
      "name": "Body",
      "nameA": null,
      "image": "/img/dict/body/body.png",
      "bg": "white",
      "translates": [
        {
          "lang": "ru-RU",
          "name": "Тело",
          "nameA": null
        }
      ]
    },
    {
      "id": 0,
      "name": "ankle",
      "nameA": null,
      "image": "/img/dict/body/ankle.png",
      "bg": "white",
      "translates": [
        {
          "lang": "ru-RU",
          "name": "Лодыжка",
          "nameA": null
        }
      ]
    },
    {
      "id": 0,
      "name": "arm",
      "nameA": null,
      "image": "/img/dict/body/arm.png",
      "bg": "white",
      "translates": [
        {
          "lang": "ru-RU",
          "name": "Рука",
          "nameA": null
        }
      ]
    },
    {
      "id": 0,
      "name": "back",
      "nameA": null,
      "image": "/img/dict/body/back.png",
      "bg": "white",
      "translates": [
        {
          "lang": "ru-RU",
          "name": "Спина",
          "nameA": null
        }
      ]
    },
    {
      "id": 0,
      "name": "finger",
      "nameA": null,
      "image": "/img/dict/body/finger.png",
      "bg": "white",
      "translates": [
        {
          "lang": "ru-RU",
          "name": "Палец",
          "nameA": null
        }
      ]
    },
    {
      "id": 0,
      "name": "foot",
      "nameA": null,
      "image": "/img/dict/body/foot.png",
      "bg": "white",
      "translates": [
        {
          "lang": "ru-RU",
          "name": "Ступня",
          "nameA": null
        }
      ]
    },
    {
      "id": 0,
      "name": "hand",
      "nameA": null,
      "image": "/img/dict/body/hand.png",
      "bg": "white",
      "translates": [
        {
          "lang": "ru-RU",
          "name": "Ладонь с пальцами",
          "nameA": null
        }
      ]
    },
    {
      "id": 0,
      "name": "head",
      "nameA": null,
      "image": "/img/dict/body/head.png",
      "bg": "white",
      "translates": [
        {
          "lang": "ru-RU",
          "name": "Голова",
          "nameA": null
        }
      ]
    },
    {
      "id": 0,
      "name": "leg",
      "nameA": null,
      "image": "/img/dict/body/leg.png",
      "bg": "white",
      "translates": [
        {
          "lang": "ru-RU",
          "name": "Нога",
          "nameA": null
        }
      ]
    },
    {
      "id": 0,
      "name": "toe",
      "nameA": null,
      "image": "/img/dict/body/toe.png",
      "bg": "white",
      "translates": [
        {
          "lang": "ru-RU",
          "name": "палец на ноге",
          "nameA": null
        }
      ]
    },
    {
      "id": 0,
      "name": "knee",
      "nameA": null,
      "image": "/img/dict/body/knee.png",
      "bg": "white",
      "translates": [
        {
          "lang": "ru-RU",
          "name": "Колено",
          "nameA": null
        }
      ]
    }
  ]
}