{"name":"Body","isRandom":true,"isBlur":true,"isUpper":true,"isByWords":false,"isForAdult":false,"separator":"","numWords":15,"Translations":[{"lang":"ru-RU","name":"Тело"},{"lang":"vi-VN","name":"Cơ thể"},{"lang":"zh-CN","name":"身体"},{"lang":"hi-IN","name":"शरीर"},{"lang":"th-TH","name":"ร่างกาย"},{"lang":"tr-TR","name":"Vücut"},{"lang":"pt-BR","name":"Corpo"},{"lang":"de-DE","name":"Körper"},{"lang":"id-ID","name":"Tubuh"},{"lang":"fr-FR","name":"Corps"}],"items":[{"id":0,"name":"Body","transcription":"[ˈbɑːdɪ]","image":"/img/dict/body/body.png","bg":"white","translates":[{"lang":"ru-RU","name":"Тело"},{"lang":"vi-VN","name":"Cơ thể"},{"lang":"zh-CN","name":"身体"},{"lang":"hi-IN","name":"शरीर"},{"lang":"th-TH","name":"ร่างกาย"},{"lang":"tr-TR","name":"Vücut"},{"lang":"pt-BR","name":"Corpo"},{"lang":"de-DE","name":"Körper"},{"lang":"id-ID","name":"Tubuh"},{"lang":"fr-FR","name":"Corps"}]},{"id":1,"name":"ankle","transcription":"[ˈæŋkl]","image":"/img/dict/body/ankle.png","bg":"white","translates":[{"lang":"ru-RU","name":"Лодыжка"},{"lang":"vi-VN","name":"Mắt cá chân"},{"lang":"zh-CN","name":"脚踝"},{"lang":"hi-IN","name":"टखना"},{"lang":"th-TH","name":"ข้อเท้า"},{"lang":"tr-TR","name":"Ayak bileği"},{"lang":"pt-BR","name":"Tornozelo"},{"lang":"de-DE","name":"Knöchel"},{"lang":"id-ID","name":"Pergelangan kaki"},{"lang":"fr-FR","name":"Cheville"}]},{"id":2,"name":"arm","transcription":"[ɑːrm]","image":"/img/dict/body/arm.png","bg":"white","translates":[{"lang":"ru-RU","name":"Рука"},{"lang":"vi-VN","name":"Cánh tay"},{"lang":"zh-CN","name":"手臂"},{"lang":"hi-IN","name":"बांह"},{"lang":"th-TH","name":"แขน"},{"lang":"tr-TR","name":"Kol"},{"lang":"pt-BR","name":"Braço"},{"lang":"de-DE","name":"Arm"},{"lang":"id-ID","name":"Lengan"},{"lang":"fr-FR","name":"Bras"}]},{"id":3,"name":"back","transcription":"[bæk]","image":"/img/dict/body/back.png","bg":"white","translates":[{"lang":"ru-RU","name":"Спина"},{"lang":"vi-VN","name":"Lưng"},{"lang":"zh-CN","name":"背部"},{"lang":"hi-IN","name":"पीठ"},{"lang":"th-TH","name":"หลัง"},{"lang":"tr-TR","name":"Sırt"},{"lang":"pt-BR","name":"Costas"},{"lang":"de-DE","name":"Rücken"},{"lang":"id-ID","name":"Punggung"},{"lang":"fr-FR","name":"Dos"}]},{"id":4,"name":"finger","transcription":"[ˈfɪŋɡər]","image":"/img/dict/body/finger.png","bg":"white","translates":[{"lang":"ru-RU","name":"Палец"},{"lang":"vi-VN","name":"Ngón tay"},{"lang":"zh-CN","name":"手指"},{"lang":"hi-IN","name":"उंगली"},{"lang":"th-TH","name":"นิ้วมือ"},{"lang":"tr-TR","name":"Parmak"},{"lang":"pt-BR","name":"Dedo"},{"lang":"de-DE","name":"Finger"},{"lang":"id-ID","name":"Jari"},{"lang":"fr-FR","name":"Doigt"}]},{"id":5,"name":"foot","transcription":"[fʊt]","image":"/img/dict/body/foot.png","bg":"white","translates":[{"lang":"ru-RU","name":"Ступня"},{"lang":"vi-VN","name":"Bàn chân"},{"lang":"zh-CN","name":"脚"},{"lang":"hi-IN","name":"पैर"},{"lang":"th-TH","name":"เท้า"},{"lang":"tr-TR","name":"Ayak"},{"lang":"pt-BR","name":"Pé"},{"lang":"de-DE","name":"Fuß"},{"lang":"id-ID","name":"Kaki"},{"lang":"fr-FR","name":"Pied"}]},{"id":6,"name":"hand","transcription":"[hænd]","image":"/img/dict/body/hand.png","bg":"white","translates":[{"lang":"ru-RU","name":"Рука"},{"lang":"vi-VN","name":"Bàn tay"},{"lang":"zh-CN","name":"手"},{"lang":"hi-IN","name":"हाथ"},{"lang":"th-TH","name":"มือ"},{"lang":"tr-TR","name":"El"},{"lang":"pt-BR","name":"Mão"},{"lang":"de-DE","name":"Hand"},{"lang":"id-ID","name":"Tangan"},{"lang":"fr-FR","name":"Main"}]},{"id":7,"name":"head","transcription":"[hed]","image":"/img/dict/body/head.png","bg":"white","translates":[{"lang":"ru-RU","name":"Голова"},{"lang":"vi-VN","name":"Đầu"},{"lang":"zh-CN","name":"头"},{"lang":"hi-IN","name":"सिर"},{"lang":"th-TH","name":"หัว"},{"lang":"tr-TR","name":"Kafa"},{"lang":"pt-BR","name":"Cabeça"},{"lang":"de-DE","name":"Kopf"},{"lang":"id-ID","name":"Kepala"},{"lang":"fr-FR","name":"Tête"}]},{"id":8,"name":"leg","transcription":"[leɡ]","image":"/img/dict/body/leg.png","bg":"white","translates":[{"lang":"ru-RU","name":"Нога"},{"lang":"vi-VN","name":"Chân"},{"lang":"zh-CN","name":"腿"},{"lang":"hi-IN","name":"पैर"},{"lang":"th-TH","name":"ขา"},{"lang":"tr-TR","name":"Bacak"},{"lang":"pt-BR","name":"Perna"},{"lang":"de-DE","name":"Bein"},{"lang":"id-ID","name":"Kaki"},{"lang":"fr-FR","name":"Jambe"}]},{"id":9,"name":"toe","transcription":"[təʊ]","image":"/img/dict/body/toe.png","bg":"white","translates":[{"lang":"ru-RU","name":"Палец ноги"},{"lang":"vi-VN","name":"Ngón chân"},{"lang":"zh-CN","name":"脚趾"},{"lang":"hi-IN","name":"पैर की उंगली"},{"lang":"th-TH","name":"นิ้วเท้า"},{"lang":"tr-TR","name":"Ayak parmağı"},{"lang":"pt-BR","name":"Dedo do pé"},{"lang":"de-DE","name":"Zehe"},{"lang":"id-ID","name":"Jari kaki"},{"lang":"fr-FR","name":"Orteil"}]},{"id":10,"name":"knee","transcription":"[niː]","image":"/img/dict/body/knee.png","bg":"white","translates":[{"lang":"ru-RU","name":"Колено"},{"lang":"vi-VN","name":"Đầu gối"},{"lang":"zh-CN","name":"膝盖"},{"lang":"hi-IN","name":"घुटना"},{"lang":"th-TH","name":"เข่า"},{"lang":"tr-TR","name":"Diz"},{"lang":"pt-BR","name":"Joelho"},{"lang":"de-DE","name":"Knie"},{"lang":"id-ID","name":"Lutut"},{"lang":"fr-FR","name":"Genou"}]},{"id":11,"name":"belly","transcription":"[ˈbelɪ]","image":"/img/dict/body/belly.png","bg":"white","translates":[{"lang":"ru-RU","name":"Живот"},{"lang":"vi-VN","name":"Bụng"},{"lang":"zh-CN","name":"腹部"},{"lang":"hi-IN","name":"पेट"},{"lang":"th-TH","name":"ท้อง"},{"lang":"tr-TR","name":"Karın"},{"lang":"pt-BR","name":"Barriga"},{"lang":"de-DE","name":"Bauch"},{"lang":"id-ID","name":"Perut"},{"lang":"fr-FR","name":"Ventre"}]},{"id":12,"name":"shoulder","transcription":"[ˈʃəʊldər]","image":"/img/dict/body/shoulder.png","bg":"white","translates":[{"lang":"ru-RU","name":"Плечо"},{"lang":"vi-VN","name":"Vai"},{"lang":"zh-CN","name":"肩膀"},{"lang":"hi-IN","name":"कंधा"},{"lang":"th-TH","name":"ไหล่"},{"lang":"tr-TR","name":"Omuz"},{"lang":"pt-BR","name":"Ombro"},{"lang":"de-DE","name":"Schulter"},{"lang":"id-ID","name":"Bahu"},{"lang":"fr-FR","name":"Épaule"}]},{"id":13,"name":"hip","transcription":"[hɪp]","image":"/img/dict/body/hip.png","bg":"white","translates":[{"lang":"ru-RU","name":"Бедро"},{"lang":"vi-VN","name":"Hông"},{"lang":"zh-CN","name":"臀部"},{"lang":"hi-IN","name":"कूल्हा"},{"lang":"th-TH","name":"สะโพก"},{"lang":"tr-TR","name":"Kalça"},{"lang":"pt-BR","name":"Quadril"},{"lang":"de-DE","name":"Hüfte"},{"lang":"id-ID","name":"Pinggul"},{"lang":"fr-FR","name":"Hanche"}]},{"id":14,"name":"elbow","transcription":"[ˈelbəʊ]","image":"/img/dict/body/elbow.png","bg":"white","translates":[{"lang":"ru-RU","name":"Локоть"},{"lang":"vi-VN","name":"Khuỷu tay"},{"lang":"zh-CN","name":"肘部"},{"lang":"hi-IN","name":"कोहनी"},{"lang":"th-TH","name":"ข้อศอก"},{"lang":"tr-TR","name":"Dirsek"},{"lang":"pt-BR","name":"Cotovelo"},{"lang":"de-DE","name":"Ellbogen"},{"lang":"id-ID","name":"Siku"},{"lang":"fr-FR","name":"Coude"}]}]}