{"name":"Stationery","isRandom":true,"isBlur":true,"isUpper":true,"isByWords":false,"isForAdult":false,"separator":"","numWords":30,"tags":["stationery","education"],"Translations":[{"lang":"ru-RU","name":"Канцелярские товары"},{"lang":"vi-VN","name":"Văn phòng phẩm"},{"lang":"zh-CN","name":"文具"},{"lang":"hi-IN","name":"लेखन सामग्री"},{"lang":"th-TH","name":"เครื่องเขียน"},{"lang":"tr-TR","name":"Kırtasiye"},{"lang":"pt-BR","name":"Material de escritório"},{"lang":"de-DE","name":"Schreibwaren"},{"lang":"id-ID","name":"Alat tulis"},{"lang":"fr-FR","name":"Fournitures de bureau"}],"items":[{"id":0,"name":"pen","transcription":"[pen]","image":"/img/dict/classroom/pen.png","translates":[{"lang":"ru-RU","name":"Ручка"},{"lang":"vi-VN","name":"Bút mực"},{"lang":"zh-CN","name":"钢笔"},{"lang":"hi-IN","name":"कलम"},{"lang":"th-TH","name":"ปากกา"},{"lang":"tr-TR","name":"Kalem"},{"lang":"pt-BR","name":"Caneta"},{"lang":"de-DE","name":"Stift"},{"lang":"id-ID","name":"Pena"},{"lang":"fr-FR","name":"Stylo"}]},{"id":1,"name":"pencil","transcription":"[ˈpensl]","image":"/img/dict/classroom/pencil.png","translates":[{"lang":"ru-RU","name":"Карандаш"},{"lang":"vi-VN","name":"Bút chì"},{"lang":"zh-CN","name":"铅笔"},{"lang":"hi-IN","name":"पेंसिल"},{"lang":"th-TH","name":"ดินสอ"},{"lang":"tr-TR","name":"Kurşun kalem"},{"lang":"pt-BR","name":"Lápis"},{"lang":"de-DE","name":"Bleistift"},{"lang":"id-ID","name":"Pensil"},{"lang":"fr-FR","name":"Crayon"}]},{"id":2,"name":"eraser","transcription":"[ɪˈreɪzər]","image":"/img/dict/classroom/eraser.png","translates":[{"lang":"ru-RU","name":"Ластик"},{"lang":"vi-VN","name":"Cục tẩy"},{"lang":"zh-CN","name":"橡皮"},{"lang":"hi-IN","name":"रबड़"},{"lang":"th-TH","name":"ยางลบ"},{"lang":"tr-TR","name":"Silgi"},{"lang":"pt-BR","name":"Borracha"},{"lang":"de-DE","name":"Radiergummi"},{"lang":"id-ID","name":"Penghapus"},{"lang":"fr-FR","name":"Gomme"}]},{"id":3,"name":"ruler","transcription":"[ˈruːlər]","image":"/img/dict/classroom/ruler.png","translates":[{"lang":"ru-RU","name":"Линейка"},{"lang":"vi-VN","name":"Thước kẻ"},{"lang":"zh-CN","name":"尺子"},{"lang":"hi-IN","name":"पैमाना"},{"lang":"th-TH","name":"ไม้บรรทัด"},{"lang":"tr-TR","name":"Cetvel"},{"lang":"pt-BR","name":"Régua"},{"lang":"de-DE","name":"Lineal"},{"lang":"id-ID","name":"Penggaris"},{"lang":"fr-FR","name":"Règle"}]},{"id":4,"name":"scissors","transcription":"[ˈsɪzərz]","image":"/img/dict/classroom/scissors.png","translates":[{"lang":"ru-RU","name":"Ножницы"},{"lang":"vi-VN","name":"Kéo"},{"lang":"zh-CN","name":"剪刀"},{"lang":"hi-IN","name":"कैंची"},{"lang":"th-TH","name":"กรรไกร"},{"lang":"tr-TR","name":"Makas"},{"lang":"pt-BR","name":"Tesoura"},{"lang":"de-DE","name":"Schere"},{"lang":"id-ID","name":"Gunting"},{"lang":"fr-FR","name":"Ciseaux"}]},{"id":5,"name":"glue","transcription":"[ɡluː]","image":"/img/dict/classroom/glue.png","translates":[{"lang":"ru-RU","name":"Клей"},{"lang":"vi-VN","name":"Keo dán"},{"lang":"zh-CN","name":"胶水"},{"lang":"hi-IN","name":"गोंद"},{"lang":"th-TH","name":"กาว"},{"lang":"tr-TR","name":"Yapıştırıcı"},{"lang":"pt-BR","name":"Cola"},{"lang":"de-DE","name":"Kleber"},{"lang":"id-ID","name":"Lem"},{"lang":"fr-FR","name":"Colle"}]},{"id":6,"name":"notebook","transcription":"[ˈnoʊtbʊk]","image":"/img/dict/classroom/notebook.png","translates":[{"lang":"ru-RU","name":"Тетрадь"},{"lang":"vi-VN","name":"Vở"},{"lang":"zh-CN","name":"笔记本"},{"lang":"hi-IN","name":"नोटबुक"},{"lang":"th-TH","name":"สมุดบันทึก"},{"lang":"tr-TR","name":"Defter"},{"lang":"pt-BR","name":"Caderno"},{"lang":"de-DE","name":"Notizbuch"},{"lang":"id-ID","name":"Buku catatan"},{"lang":"fr-FR","name":"Cahier"}]},{"id":7,"name":"folder","transcription":"[ˈfoʊldər]","image":"/img/dict/classroom/folder.png","translates":[{"lang":"ru-RU","name":"Папка"},{"lang":"vi-VN","name":"Tập hồ sơ"},{"lang":"zh-CN","name":"文件夹"},{"lang":"hi-IN","name":"फोल्डर"},{"lang":"th-TH","name":"แฟ้ม"},{"lang":"tr-TR","name":"Klasör"},{"lang":"pt-BR","name":"Pasta"},{"lang":"de-DE","name":"Ordner"},{"lang":"id-ID","name":"Map"},{"lang":"fr-FR","name":"Dossier"}]},{"id":8,"name":"stapler","transcription":"[ˈsteɪplər]","image":"/img/dict/classroom/stapler.png","translates":[{"lang":"ru-RU","name":"Степлер"},{"lang":"vi-VN","name":"Đồ bấm ghim"},{"lang":"zh-CN","name":"订书机"},{"lang":"hi-IN","name":"स्टेपलर"},{"lang":"th-TH","name":"ที่เย็บกระดาษ"},{"lang":"tr-TR","name":"Zımba"},{"lang":"pt-BR","name":"Grampeador"},{"lang":"de-DE","name":"Hefter"},{"lang":"id-ID","name":"Stepler"},{"lang":"fr-FR","name":"Agrafeuse"}]},{"id":9,"name":"paper","transcription":"[ˈpeɪpər]","image":"/img/dict/classroom/paper.png","translates":[{"lang":"ru-RU","name":"Бумага"},{"lang":"vi-VN","name":"Giấy"},{"lang":"zh-CN","name":"纸"},{"lang":"hi-IN","name":"कागज"},{"lang":"th-TH","name":"กระดาษ"},{"lang":"tr-TR","name":"Kağıt"},{"lang":"pt-BR","name":"Papel"},{"lang":"de-DE","name":"Papier"},{"lang":"id-ID","name":"Kertas"},{"lang":"fr-FR","name":"Papier"}]},{"id":10,"name":"clip","transcription":"[klɪp]","image":"/img/dict/classroom/clip.png","translates":[{"lang":"ru-RU","name":"Скрепка"},{"lang":"vi-VN","name":"Kẹp giấy"},{"lang":"zh-CN","name":"回形针"},{"lang":"hi-IN","name":"क्लिप"},{"lang":"th-TH","name":"คลิปหนีบกระดาษ"},{"lang":"tr-TR","name":"Ataş"},{"lang":"pt-BR","name":"Clipe"},{"lang":"de-DE","name":"Büroklammer"},{"lang":"id-ID","name":"Klip"},{"lang":"fr-FR","name":"Trombone"}]},{"id":11,"name":"highlighter","transcription":"[ˈhaɪlaɪtər]","image":"/img/dict/classroom/highlighter.png","translates":[{"lang":"ru-RU","name":"Маркер"},{"lang":"vi-VN","name":"Bút đánh dấu"},{"lang":"zh-CN","name":"荧光笔"},{"lang":"hi-IN","name":"हाइलाइटर"},{"lang":"th-TH","name":"ปากกาเน้นข้อความ"},{"lang":"tr-TR","name":"Fosforlu kalem"},{"lang":"pt-BR","name":"Marcador"},{"lang":"de-DE","name":"Textmarker"},{"lang":"id-ID","name":"Spidol"},{"lang":"fr-FR","name":"Surligneur"}]},{"id":12,"name":"marker","transcription":"[ˈmɑːrkər]","image":"/img/dict/classroom/marker.png","translates":[{"lang":"ru-RU","name":"Маркер"},{"lang":"vi-VN","name":"Bút lông"},{"lang":"zh-CN","name":"记号笔"},{"lang":"hi-IN","name":"मार्कर"},{"lang":"th-TH","name":"ปากกามาร์คเกอร์"},{"lang":"tr-TR","name":"Keçeli kalem"},{"lang":"pt-BR","name":"Canetão"},{"lang":"de-DE","name":"Edding"},{"lang":"id-ID","name":"Spidol"},{"lang":"fr-FR","name":"Marqueur"}]},{"id":13,"name":"calculator","transcription":"[ˈkælkjʊleɪtər]","image":"/img/dict/classroom/calculator.png","translates":[{"lang":"ru-RU","name":"Калькулятор"},{"lang":"vi-VN","name":"Máy tính"},{"lang":"zh-CN","name":"计算器"},{"lang":"hi-IN","name":"कैलकुलेटर"},{"lang":"th-TH","name":"เครื่องคิดเลข"},{"lang":"tr-TR","name":"Hesap makinesi"},{"lang":"pt-BR","name":"Calculadora"},{"lang":"de-DE","name":"Taschenrechner"},{"lang":"id-ID","name":"Kalkulator"},{"lang":"fr-FR","name":"Calculatrice"}]},{"id":14,"name":"sharpener","transcription":"[ˈʃɑːrpənər]","image":"/img/dict/classroom/sharpener.png","translates":[{"lang":"ru-RU","name":"Точилка"},{"lang":"vi-VN","name":"Đồ chuốt bút chì"},{"lang":"zh-CN","name":"卷笔刀"},{"lang":"hi-IN","name":"पेंसिल शार्पनर"},{"lang":"th-TH","name":"ที่เหลาดินสอ"},{"lang":"tr-TR","name":"Kalemtıraş"},{"lang":"pt-BR","name":"Apontador"},{"lang":"de-DE","name":"Spitzer"},{"lang":"id-ID","name":"Rautan"},{"lang":"fr-FR","name":"Taille-crayon"}]},{"id":15,"name":"pencil case","transcription":"[ˈpensl keɪs]","image":"/img/dict/classroom/pencilcase.png","translates":[{"lang":"ru-RU","name":"Пенал"},{"lang":"vi-VN","name":"Hộp bút"},{"lang":"zh-CN","name":"笔盒"},{"lang":"hi-IN","name":"पेंसिल बॉक्स"},{"lang":"th-TH","name":"กล่องดินสอ"},{"lang":"tr-TR","name":"Kalem kutusu"},{"lang":"pt-BR","name":"Estojo"},{"lang":"de-DE","name":"Federmappe"},{"lang":"id-ID","name":"Tempat pensil"},{"lang":"fr-FR","name":"Trousse"}]},{"id":16,"name":"scotch tape","transcription":"[skɒtʃ teɪp]","image":"/img/dict/classroom/tape.png","translates":[{"lang":"ru-RU","name":"Скотч"},{"lang":"vi-VN","name":"Băng dính"},{"lang":"zh-CN","name":"透明胶带"},{"lang":"hi-IN","name":"स्कॉच टेप"},{"lang":"th-TH","name":"เทปกาว"},{"lang":"tr-TR","name":"Seloteyp"},{"lang":"pt-BR","name":"Fita adesiva"},{"lang":"de-DE","name":"Klebeband"},{"lang":"id-ID","name":"Lakban"},{"lang":"fr-FR","name":"Scotch"}]},{"id":17,"name":"envelope","transcription":"[ˈenvəloʊp]","image":"/img/dict/classroom/envelope.png","translates":[{"lang":"ru-RU","name":"Конверт"},{"lang":"vi-VN","name":"Phong bì"},{"lang":"zh-CN","name":"信封"},{"lang":"hi-IN","name":"लिफाफा"},{"lang":"th-TH","name":"ซองจดหมาย"},{"lang":"tr-TR","name":"Zarf"},{"lang":"pt-BR","name":"Envelope"},{"lang":"de-DE","name":"Umschlag"},{"lang":"id-ID","name":"Amplop"},{"lang":"fr-FR","name":"Enveloppe"}]},{"id":18,"name":"pushpin","transcription":"[ˈpʊʃpɪn]","image":"/img/dict/classroom/pushpin.png","translates":[{"lang":"ru-RU","name":"Кнопка"},{"lang":"vi-VN","name":"Đinh ghim"},{"lang":"zh-CN","name":"图钉"},{"lang":"hi-IN","name":"पुशपिन"},{"lang":"th-TH","name":"เข็มหมุด"},{"lang":"tr-TR","name":"Raptiye"},{"lang":"pt-BR","name":"Pino"},{"lang":"de-DE","name":"Reißzwecke"},{"lang":"id-ID","name":"Paku payung"},{"lang":"fr-FR","name":"Punaise"}]},{"id":19,"name":"correction fluid","transcription":"[kəˈrekʃn fluːɪd]","image":"/img/dict/classroom/correction_fluid.png","translates":[{"lang":"ru-RU","name":"Корректор"},{"lang":"vi-VN","name":"Bút xóa"},{"lang":"zh-CN","name":"修正液"},{"lang":"hi-IN","name":"करेक्शन फ्लूइड"},{"lang":"th-TH","name":"น้ำยาลบคำผิด"},{"lang":"tr-TR","name":"Daksil"},{"lang":"pt-BR","name":"Corretivo"},{"lang":"de-DE","name":"Korrekturflüssigkeit"},{"lang":"id-ID","name":"Tipe-x"},{"lang":"fr-FR","name":"Correcteur"}]},{"id":20,"name":"puncher","transcription":"[ˈpʌntʃər]","image":"/img/dict/classroom/puncher.png","translates":[{"lang":"ru-RU","name":"Дырокол"},{"lang":"vi-VN","name":"Đồ bấm lỗ"},{"lang":"zh-CN","name":"打孔器"},{"lang":"hi-IN","name":"पंचर"},{"lang":"th-TH","name":"ที่เจาะกระดาษ"},{"lang":"tr-TR","name":"Delgeç"},{"lang":"pt-BR","name":"Furador"},{"lang":"de-DE","name":"Locher"},{"lang":"id-ID","name":"Pelubang kertas"},{"lang":"fr-FR","name":"Perforateur"}]},{"id":21,"name":"clipboard","transcription":"[ˈklɪpbɔːrd]","image":"/img/dict/classroom/clipboard.png","translates":[{"lang":"ru-RU","name":"Планшет"},{"lang":"vi-VN","name":"Bảng kẹp"},{"lang":"zh-CN","name":"写字板"},{"lang":"hi-IN","name":"क्लिपबोर्ड"},{"lang":"th-TH","name":"คลิปบอร์ด"},{"lang":"tr-TR","name":"Pano"},{"lang":"pt-BR","name":"Prancheta"},{"lang":"de-DE","name":"Klemmbrett"},{"lang":"id-ID","name":"Papan klip"},{"lang":"fr-FR","name":"Planchette"}]},{"id":22,"name":"file","transcription":"[faɪl]","image":"/img/dict/classroom/file.png","translates":[{"lang":"ru-RU","name":"Файл"},{"lang":"vi-VN","name":"Tập hồ sơ"},{"lang":"zh-CN","name":"文件"},{"lang":"hi-IN","name":"फ़ाइल"},{"lang":"th-TH","name":"แฟ้มเอกสาร"},{"lang":"tr-TR","name":"Dosya"},{"lang":"pt-BR","name":"Arquivo"},{"lang":"de-DE","name":"Akte"},{"lang":"id-ID","name":"Berkas"},{"lang":"fr-FR","name":"Dossier"}]},{"id":23,"name":"clamp","transcription":"[klæmp]","image":"/img/dict/classroom/clamp.png","translates":[{"lang":"ru-RU","name":"Зажим"},{"lang":"vi-VN","name":"Cái kẹp"},{"lang":"zh-CN","name":"夹子"},{"lang":"hi-IN","name":"क्लैंप"},{"lang":"th-TH","name":"ที่หนีบ"},{"lang":"tr-TR","name":"Kelepçe"},{"lang":"pt-BR","name":"Grampo"},{"lang":"de-DE","name":"Klemme"},{"lang":"id-ID","name":"Penjepit"},{"lang":"fr-FR","name":"Pince"}]},{"id":24,"name":"sticker","transcription":"[ˈstɪkər]","image":"/img/dict/classroom/sticker.png","translates":[{"lang":"ru-RU","name":"Наклейка"},{"lang":"vi-VN","name":"Nhãn dán"},{"lang":"zh-CN","name":"贴纸"},{"lang":"hi-IN","name":"स्टिकर"},{"lang":"th-TH","name":"สติกเกอร์"},{"lang":"tr-TR","name":"Sticker"},{"lang":"pt-BR","name":"Adesivo"},{"lang":"de-DE","name":"Aufkleber"},{"lang":"id-ID","name":"Stiker"},{"lang":"fr-FR","name":"Autocollant"}]},{"id":25,"name":"paints","transcription":"[peɪnts]","image":"/img/dict/classroom/paints.png","translates":[{"lang":"ru-RU","name":"Краски"},{"lang":"vi-VN","name":"Sơn"},{"lang":"zh-CN","name":"颜料"},{"lang":"hi-IN","name":"रंग"},{"lang":"th-TH","name":"สี"},{"lang":"tr-TR","name":"Boyalar"},{"lang":"pt-BR","name":"Tintas"},{"lang":"de-DE","name":"Farben"},{"lang":"id-ID","name":"Cat"},{"lang":"fr-FR","name":"Peintures"}]},{"id":26,"name":"album","transcription":"[ˈælbəm]","image":"/img/dict/classroom/album.png","translates":[{"lang":"ru-RU","name":"Альбом"},{"lang":"vi-VN","name":"Album"},{"lang":"zh-CN","name":"相册"},{"lang":"hi-IN","name":"एल्बम"},{"lang":"th-TH","name":"อัลบั้ม"},{"lang":"tr-TR","name":"Albüm"},{"lang":"pt-BR","name":"Álbum"},{"lang":"de-DE","name":"Album"},{"lang":"id-ID","name":"Album"},{"lang":"fr-FR","name":"Album"}]},{"id":27,"name":"colored paper","transcription":"[ˈkʌlərd ˈpeɪpər]","image":"/img/dict/classroom/colored_paper.png","translates":[{"lang":"ru-RU","name":"Цветная бумага"},{"lang":"vi-VN","name":"Giấy màu"},{"lang":"zh-CN","name":"彩纸"},{"lang":"hi-IN","name":"रंगीन कागज"},{"lang":"th-TH","name":"กระดาษสี"},{"lang":"tr-TR","name":"Renkli kağıt"},{"lang":"pt-BR","name":"Papel colorido"},{"lang":"de-DE","name":"Buntpapier"},{"lang":"id-ID","name":"Kertas warna"},{"lang":"fr-FR","name":"Papier coloré"}]},{"id":28,"name":"paper knife","transcription":"[ˈpeɪpər naɪf]","image":"/img/dict/classroom/paper_knife.png","translates":[{"lang":"ru-RU","name":"Нож для бумаги"},{"lang":"vi-VN","name":"Dao rọc giấy"},{"lang":"zh-CN","name":"裁纸刀"},{"lang":"hi-IN","name":"पेपर चाकू"},{"lang":"th-TH","name":"มีดตัดกระดาษ"},{"lang":"tr-TR","name":"Kağıt bıçağı"},{"lang":"pt-BR","name":"Estilete"},{"lang":"de-DE","name":"Papiermesser"},{"lang":"id-ID","name":"Pisau kertas"},{"lang":"fr-FR","name":"Couteau à papier"}]},{"id":29,"name":"stationery","transcription":"[ˈsteɪʃəneri]","image":"/img/dict/classroom/stationery.png","translates":[{"lang":"ru-RU","name":"Канцтовары"},{"lang":"vi-VN","name":"Văn phòng phẩm"},{"lang":"zh-CN","name":"文具"},{"lang":"hi-IN","name":"लेखन सामग्री"},{"lang":"th-TH","name":"เครื่องเขียน"},{"lang":"tr-TR","name":"Kırtasiye"},{"lang":"pt-BR","name":"Material de escritório"},{"lang":"de-DE","name":"Schreibwaren"},{"lang":"id-ID","name":"Alat tulis"},{"lang":"fr-FR","name":"Fournitures de bureau"}]}]}