{"name":"Common phrases","minQuiz":12,"isRandom":false,"isBlur":true,"isUpper":false,"isByWords":true,"isForAdult":false,"separator":" ","numWords":29,"Translations":[{"lang":"ru-RU","name":"Основные фразы"},{"lang":"vi-VN","name":"Cụm từ thông dụng"},{"lang":"zh-CN","name":"常用短语"},{"lang":"hi-IN","name":"सामान्य वाक्यांश"},{"lang":"th-TH","name":"วลีทั่วไป"},{"lang":"tr-TR","name":"Genel ifadeler"},{"lang":"pt-BR","name":"Frases comuns"},{"lang":"de-DE","name":"Häufige Phrasen"},{"lang":"id-ID","name":"Frase umum"},{"lang":"fr-FR","name":"Expressions courantes"}],"items":[{"id":0,"name":"What\u0027s your name?","transcription":"","image":" ","bg":"","nameAnswer":"","translates":[{"lang":"ru-RU","name":"Как тебя зовут?"},{"lang":"vi-VN","name":"Bạn tên là gì?"},{"lang":"zh-CN","name":"你叫什么名字？"},{"lang":"hi-IN","name":"तुम्हारा नाम क्या है?"},{"lang":"th-TH","name":"คุณชื่ออะไร?"},{"lang":"tr-TR","name":"Adın ne?"},{"lang":"pt-BR","name":"Qual é o seu nome?"},{"lang":"de-DE","name":"Wie heißt du?"},{"lang":"id-ID","name":"Siapa namamu?"},{"lang":"fr-FR","name":"Comment tu t\u0027appelles?"}]},{"id":1,"name":"I\u0027m Mike","transcription":"","image":" ","bg":"","nameAnswer":"","translates":[{"lang":"ru-RU","name":"Меня зовут Майк"},{"lang":"vi-VN","name":"Tôi là Mike"},{"lang":"zh-CN","name":"我是迈克"},{"lang":"hi-IN","name":"मैं माइक हूँ"},{"lang":"th-TH","name":"ฉันชื่อไมค์"},{"lang":"tr-TR","name":"Ben Mike"},{"lang":"pt-BR","name":"Eu sou o Mike"},{"lang":"de-DE","name":"Ich bin Mike"},{"lang":"id-ID","name":"Saya Mike"},{"lang":"fr-FR","name":"Je suis Mike"}]},{"id":2,"name":"What a nice name!","transcription":"","image":" ","bg":"","nameAnswer":"","translates":[{"lang":"ru-RU","name":"Какое приятное имя"},{"lang":"vi-VN","name":"Tên đẹp quá!"},{"lang":"zh-CN","name":"多好听的名字！"},{"lang":"hi-IN","name":"क्या अच्छा नाम है!"},{"lang":"th-TH","name":"ช่างเป็นชื่อที่ดี!"},{"lang":"tr-TR","name":"Ne güzel bir isim!"},{"lang":"pt-BR","name":"Que nome bonito!"},{"lang":"de-DE","name":"Was für ein schöner Name!"},{"lang":"id-ID","name":"Nama yang bagus!"},{"lang":"fr-FR","name":"Quel joli nom !"}]},{"id":3,"name":"I\u0027m seven","transcription":"","image":" ","bg":"","nameAnswer":"","translates":[{"lang":"ru-RU","name":"Мне семь лет"},{"lang":"vi-VN","name":"Tôi bảy tuổi"},{"lang":"zh-CN","name":"我七岁"},{"lang":"hi-IN","name":"मैं सात साल का हूँ"},{"lang":"th-TH","name":"ฉันอายุเจ็ดปี"},{"lang":"tr-TR","name":"Yedi yaşındayım"},{"lang":"pt-BR","name":"Eu tenho sete anos"},{"lang":"de-DE","name":"Ich bin sieben"},{"lang":"id-ID","name":"Saya tujuh tahun"},{"lang":"fr-FR","name":"J\u0027ai sept ans"}]},{"id":4,"name":"How old are you?","transcription":"","image":" ","bg":"","nameAnswer":"","translates":[{"lang":"ru-RU","name":"Сколько тебе лет?"},{"lang":"vi-VN","name":"Bạn bao nhiêu tuổi?"},{"lang":"zh-CN","name":"你多大了？"},{"lang":"hi-IN","name":"तुम कितने साल के हो?"},{"lang":"th-TH","name":"คุณอายุเท่าไหร่?"},{"lang":"tr-TR","name":"Kaç yaşındasın?"},{"lang":"pt-BR","name":"Quantos anos você tem?"},{"lang":"de-DE","name":"Wie alt bist du?"},{"lang":"id-ID","name":"Berapa umurmu?"},{"lang":"fr-FR","name":"Quel âge as-tu?"}]},{"id":5,"name":"Look at me!","transcription":"","image":" ","bg":"","nameAnswer":"","translates":[{"lang":"ru-RU","name":"Посмотри на меня"},{"lang":"vi-VN","name":"Nhìn tôi này!"},{"lang":"zh-CN","name":"看着我！"},{"lang":"hi-IN","name":"मेरी तरफ देखो!"},{"lang":"th-TH","name":"มองฉันสิ!"},{"lang":"tr-TR","name":"Bana bak!"},{"lang":"pt-BR","name":"Olhe para mim!"},{"lang":"de-DE","name":"Schau mich an!"},{"lang":"id-ID","name":"Lihat saya!"},{"lang":"fr-FR","name":"Regarde-moi !"}]},{"id":6,"name":"Listen to me!","transcription":"","image":" ","bg":"","nameAnswer":"","translates":[{"lang":"ru-RU","name":"Послушай меня"},{"lang":"vi-VN","name":"Lắng nghe tôi!"},{"lang":"zh-CN","name":"听我说！"},{"lang":"hi-IN","name":"मेरी बात सुनो!"},{"lang":"th-TH","name":"ฟังฉันนะ!"},{"lang":"tr-TR","name":"Beni dinle!"},{"lang":"pt-BR","name":"Me escute!"},{"lang":"de-DE","name":"Hör mir zu!"},{"lang":"id-ID","name":"Dengarkan saya!"},{"lang":"fr-FR","name":"Écoute-moi !"}]},{"id":7,"name":"My turn","transcription":"","image":" ","bg":"","nameAnswer":"","translates":[{"lang":"ru-RU","name":"Моя очередь"},{"lang":"vi-VN","name":"Đến lượt tôi"},{"lang":"zh-CN","name":"轮到我了"},{"lang":"hi-IN","name":"मेरी बारी"},{"lang":"th-TH","name":"ตาฉัน"},{"lang":"tr-TR","name":"Benim sıram"},{"lang":"pt-BR","name":"Minha vez"},{"lang":"de-DE","name":"Ich bin dran"},{"lang":"id-ID","name":"Giliran saya"},{"lang":"fr-FR","name":"Mon tour"}]},{"id":8,"name":"What\u0027s this?","transcription":"","image":" ","bg":"","nameAnswer":"","translates":[{"lang":"ru-RU","name":"Что это такое?"},{"lang":"vi-VN","name":"Đây là gì?"},{"lang":"zh-CN","name":"这是什么？"},{"lang":"hi-IN","name":"यह क्या है?"},{"lang":"th-TH","name":"นี่คืออะไร?"},{"lang":"tr-TR","name":"Bu nedir?"},{"lang":"pt-BR","name":"O que é isso?"},{"lang":"de-DE","name":"Was ist das?"},{"lang":"id-ID","name":"Apa ini?"},{"lang":"fr-FR","name":"Qu\u0027est-ce que c\u0027est ?"}]},{"id":9,"name":"Is it a backpack? Yes, it is!","transcription":"","image":"/img/dict/classroom/backpack.png","bg":"","nameAnswer":"","translates":[{"lang":"ru-RU","name":"Это рюкзак? Да, это он!"},{"lang":"vi-VN","name":"Đây là ba lô phải không? Đúng vậy!"},{"lang":"zh-CN","name":"这是背包吗？是的！"},{"lang":"hi-IN","name":"क्या यह बैग है? हाँ, यह है!"},{"lang":"th-TH","name":"นี่คือกระเป๋าใช่ไหม? ใช่แล้ว!"},{"lang":"tr-TR","name":"Bu bir sırt çantası mı? Evet, öyle!"},{"lang":"pt-BR","name":"Isso é uma mochila? Sim, é!"},{"lang":"de-DE","name":"Ist das ein Rucksack? Ja, das ist es!"},{"lang":"id-ID","name":"Apakah ini tas ransel? Ya betul!"},{"lang":"fr-FR","name":"C\u0027est un sac à dos ? Oui, c\u0027est ça !"}]},{"id":10,"name":"Is it a pen? No, it isn\u0027t! It\u0027s a pencil","transcription":"","image":"/img/dict/classroom/pencil.png","bg":"","nameAnswer":"","translates":[{"lang":"ru-RU","name":"Это ручка? Нет! Это карандаш."},{"lang":"vi-VN","name":"Đây là bút mực? Không! Đây là bút chì"},{"lang":"zh-CN","name":"这是钢笔吗？不！这是铅笔"},{"lang":"hi-IN","name":"क्या यह कलम है? नहीं! यह पेंसिल है"},{"lang":"th-TH","name":"นี่คือปากกาใช่ไหม? ไม่ใช่! มันคือดินสอ"},{"lang":"tr-TR","name":"Bu bir kalem mi? Hayır! Bu bir kurşun kalem"},{"lang":"pt-BR","name":"Isso é uma caneta? Não! É um lápis"},{"lang":"de-DE","name":"Ist das ein Kugelschreiber? Nein! Es ist ein Bleistift"},{"lang":"id-ID","name":"Apakah ini pulpen? Bukan! Ini pensil"},{"lang":"fr-FR","name":"C\u0027est un stylo ? Non ! C\u0027est un crayon"}]},{"id":11,"name":"Sit at your desk, please","transcription":"","image":"/img/dict/classroom/desk.png","bg":"","nameAnswer":"","translates":[{"lang":"ru-RU","name":"Садитесь за парты, пожалуйста"},{"lang":"vi-VN","name":"Hãy ngồi vào bàn học"},{"lang":"zh-CN","name":"请坐在你的座位上"},{"lang":"hi-IN","name":"कृपया अपनी डेस्क पर बैठें"},{"lang":"th-TH","name":"กรุณานั่งที่โต๊ะเรียน"},{"lang":"tr-TR","name":"Lütfen sırana otur"},{"lang":"pt-BR","name":"Sente-se em sua mesa, por favor"},{"lang":"de-DE","name":"Setz dich bitte an deinen Tisch"},{"lang":"id-ID","name":"Silakan duduk di meja Anda"},{"lang":"fr-FR","name":"Asseyez-vous à votre bureau, s\u0027il vous plaît"}]},{"id":12,"name":"Now get a pen","transcription":"","image":"","bg":"","nameAnswer":"","translates":[{"lang":"ru-RU","name":"А сейчас возьмите ручки"},{"lang":"vi-VN","name":"Bây giờ hãy lấy bút"},{"lang":"zh-CN","name":"现在拿一支笔"},{"lang":"hi-IN","name":"अब एक कलम ले लो"},{"lang":"th-TH","name":"ตอนนี้หยิบปากกา"},{"lang":"tr-TR","name":"Şimdi bir kalem al"},{"lang":"pt-BR","name":"Agora pegue uma caneta"},{"lang":"de-DE","name":"Jetzt nimm einen Stift"},{"lang":"id-ID","name":"Sekarang ambil pulpen"},{"lang":"fr-FR","name":"Maintenant prends un stylo"}]},{"id":13,"name":"Open your book, please","transcription":"","image":"/img/dict/classroom/book.png","bg":"","nameAnswer":"","translates":[{"lang":"ru-RU","name":"Откройте ваши учебники, пожалуйста"},{"lang":"vi-VN","name":"Hãy mở sách ra"},{"lang":"zh-CN","name":"请打开你的书"},{"lang":"hi-IN","name":"कृपया अपनी किताब खोलें"},{"lang":"th-TH","name":"กรุณาเปิดหนังสือ"},{"lang":"tr-TR","name":"Lütfen kitabını aç"},{"lang":"pt-BR","name":"Abra seu livro, por favor"},{"lang":"de-DE","name":"Öffne bitte dein Buch"},{"lang":"id-ID","name":"Tolong buka bukumu"},{"lang":"fr-FR","name":"Ouvre ton livre, s\u0027il te plaît"}]},{"id":14,"name":"Open your copybook, please","transcription":"","image":"/img/dict/classroom/copybook.png","bg":"","nameAnswer":"","translates":[{"lang":"ru-RU","name":"Откройте ваши тетради, пожалуйста"},{"lang":"vi-VN","name":"Hãy mở vở ra"},{"lang":"zh-CN","name":"请打开你的笔记本"},{"lang":"hi-IN","name":"कृपया अपनी नोटबुक खोलें"},{"lang":"th-TH","name":"กรุณาเปิดสมุดบันทึก"},{"lang":"tr-TR","name":"Lütfen defterini aç"},{"lang":"pt-BR","name":"Abra seu caderno, por favor"},{"lang":"de-DE","name":"Öffne bitte dein Heft"},{"lang":"id-ID","name":"Tolong buka buku catatanmu"},{"lang":"fr-FR","name":"Ouvre ton cahier, s\u0027il te plaît"}]},{"id":15,"name":"Write this word, please","transcription":"","image":" ","bg":"","nameAnswer":"","translates":[{"lang":"ru-RU","name":"Запишите это слово, пожалуйста"},{"lang":"vi-VN","name":"Hãy viết từ này"},{"lang":"zh-CN","name":"请写下这个词"},{"lang":"hi-IN","name":"कृपया यह शब्द लिखें"},{"lang":"th-TH","name":"กรุณาเขียนคำนี้"},{"lang":"tr-TR","name":"Lütfen bu kelimeyi yaz"},{"lang":"pt-BR","name":"Escreva esta palavra, por favor"},{"lang":"de-DE","name":"Schreib bitte dieses Wort"},{"lang":"id-ID","name":"Tolong tulis kata ini"},{"lang":"fr-FR","name":"Écris ce mot, s\u0027il te plaît"}]},{"id":16,"name":"Write one to ten","transcription":"","image":"/img/dict/math/ruler10.png","bg":"","nameAnswer":"","translates":[{"lang":"ru-RU","name":"Напишите от 1 до 10"},{"lang":"vi-VN","name":"Viết từ một đến mười"},{"lang":"zh-CN","name":"写一到十"},{"lang":"hi-IN","name":"एक से दस तक लिखें"},{"lang":"th-TH","name":"เขียนหนึ่งถึงสิบ"},{"lang":"tr-TR","name":"Birden ona kadar yaz"},{"lang":"pt-BR","name":"Escreva de um a dez"},{"lang":"de-DE","name":"Schreib von eins bis zehn"},{"lang":"id-ID","name":"Tulis dari satu sampai sepuluh"},{"lang":"fr-FR","name":"Écris de un à dix"}]},{"id":17,"name":"Write your name","transcription":"","image":" ","bg":"","nameAnswer":"","translates":[{"lang":"ru-RU","name":"Напишите ваше имя"},{"lang":"vi-VN","name":"Hãy viết tên bạn"},{"lang":"zh-CN","name":"写下你的名字"},{"lang":"hi-IN","name":"अपना नाम लिखें"},{"lang":"th-TH","name":"เขียนชื่อของคุณ"},{"lang":"tr-TR","name":"Adını yaz"},{"lang":"pt-BR","name":"Escreva seu nome"},{"lang":"de-DE","name":"Schreib deinen Namen"},{"lang":"id-ID","name":"Tulis namamu"},{"lang":"fr-FR","name":"Écris ton nom"}]},{"id":18,"name":"Close your bag, please","transcription":"","image":"","bg":"","nameAnswer":"","translates":[{"lang":"ru-RU","name":"Закройте ваши сумки пожалуйста"},{"lang":"vi-VN","name":"Hãy đóng cặp lại"},{"lang":"zh-CN","name":"请关上你的包"},{"lang":"hi-IN","name":"कृपया अपना बैग बंद करें"},{"lang":"th-TH","name":"กรุณาปิดกระเป๋าของคุณ"},{"lang":"tr-TR","name":"Lütfen çantanı kapat"},{"lang":"pt-BR","name":"Feche sua mochila, por favor"},{"lang":"de-DE","name":"Mach bitte deine Tasche zu"},{"lang":"id-ID","name":"Tolong tutup tasmu"},{"lang":"fr-FR","name":"Ferme ton sac, s\u0027il te plaît"}]},{"id":19,"name":"Pass me a pencil, please","transcription":"","image":"","bg":"","nameAnswer":"","translates":[{"lang":"ru-RU","name":"Передай мне пожалуйста карандаш"},{"lang":"vi-VN","name":"Làm ơn đưa tôi cây bút chì"},{"lang":"zh-CN","name":"请递给我一支铅笔"},{"lang":"hi-IN","name":"कृपया मुझे एक पेंसिल दें"},{"lang":"th-TH","name":"กรุณาส่งดินสอให้ฉัน"},{"lang":"tr-TR","name":"Bana bir kalem uzat, lütfen"},{"lang":"pt-BR","name":"Passe-me um lápis, por favor"},{"lang":"de-DE","name":"Gib mir bitte einen Bleistift"},{"lang":"id-ID","name":"Tolong berikan saya pensil"},{"lang":"fr-FR","name":"Passe-moi un crayon, s\u0027il te plaît"}]},{"id":20,"name":"Here you are","transcription":"","image":" ","bg":"","nameAnswer":"","translates":[{"lang":"ru-RU","name":"Пожалуйста"},{"lang":"vi-VN","name":"Của bạn đây"},{"lang":"zh-CN","name":"给你"},{"lang":"hi-IN","name":"लीजिए"},{"lang":"th-TH","name":"นี่ไง"},{"lang":"tr-TR","name":"Buyrun"},{"lang":"pt-BR","name":"Aqui está"},{"lang":"de-DE","name":"Bitte schön"},{"lang":"id-ID","name":"Ini dia"},{"lang":"fr-FR","name":"Voilà"}]},{"id":21,"name":"Come in","transcription":"","image":" ","bg":"","nameAnswer":"","translates":[{"lang":"ru-RU","name":"Входи"},{"lang":"vi-VN","name":"Mời vào"},{"lang":"zh-CN","name":"进来"},{"lang":"hi-IN","name":"अंदर आओ"},{"lang":"th-TH","name":"เข้ามา"},{"lang":"tr-TR","name":"Gir"},{"lang":"pt-BR","name":"Entre"},{"lang":"de-DE","name":"Komm herein"},{"lang":"id-ID","name":"Masuklah"},{"lang":"fr-FR","name":"Entre"}]},{"id":22,"name":"Watch out!","transcription":"","image":" ","bg":"","nameAnswer":"","translates":[{"lang":"ru-RU","name":"Осторожно"},{"lang":"vi-VN","name":"Cẩn thận!"},{"lang":"zh-CN","name":"小心！"},{"lang":"hi-IN","name":"सावधान!"},{"lang":"th-TH","name":"ระวัง!"},{"lang":"tr-TR","name":"Dikkat et!"},{"lang":"pt-BR","name":"Cuidado!"},{"lang":"de-DE","name":"Achtung!"},{"lang":"id-ID","name":"Hati-hati!"},{"lang":"fr-FR","name":"Attention !"}]},{"id":23,"name":"Come back","transcription":"","image":" ","bg":"","nameAnswer":"","translates":[{"lang":"ru-RU","name":"Вернись"},{"lang":"vi-VN","name":"Quay lại đây"},{"lang":"zh-CN","name":"回来"},{"lang":"hi-IN","name":"वापस आओ"},{"lang":"th-TH","name":"กลับมา"},{"lang":"tr-TR","name":"Geri gel"},{"lang":"pt-BR","name":"Volte"},{"lang":"de-DE","name":"Komm zurück"},{"lang":"id-ID","name":"Kembalilah"},{"lang":"fr-FR","name":"Reviens"}]},{"id":24,"name":"I\u0027m sorry","transcription":"","image":" ","bg":"","nameAnswer":"","translates":[{"lang":"ru-RU","name":"Извините"},{"lang":"vi-VN","name":"Tôi xin lỗi"},{"lang":"zh-CN","name":"对不起"},{"lang":"hi-IN","name":"मुझे माफ करें"},{"lang":"th-TH","name":"ฉันขอโทษ"},{"lang":"tr-TR","name":"Üzgünüm"},{"lang":"pt-BR","name":"Sinto muito"},{"lang":"de-DE","name":"Es tut mir leid"},{"lang":"id-ID","name":"Maafkan saya"},{"lang":"fr-FR","name":"Je suis désolé"}]},{"id":25,"name":"Here\u0027s your ruler","transcription":"","image":"/img/dict/classroom/ruler.png","bg":"","nameAnswer":"","translates":[{"lang":"ru-RU","name":"Вот твоя линейка"},{"lang":"vi-VN","name":"Đây là thước kẻ của bạn"},{"lang":"zh-CN","name":"这是你的尺子"},{"lang":"hi-IN","name":"यह रही तुम्हारी पैमाइश"},{"lang":"th-TH","name":"นี่คือไม้บรรทัดของคุณ"},{"lang":"tr-TR","name":"İşte cetvelin"},{"lang":"pt-BR","name":"Aqui está sua régua"},{"lang":"de-DE","name":"Hier ist dein Lineal"},{"lang":"id-ID","name":"Ini penggarismu"},{"lang":"fr-FR","name":"Voici ta règle"}]},{"id":26,"name":"What is it?","transcription":"","image":" ","bg":"","nameAnswer":"","translates":[{"lang":"ru-RU","name":"Что это?"},{"lang":"vi-VN","name":"Đó là gì?"},{"lang":"zh-CN","name":"这是什么？"},{"lang":"hi-IN","name":"यह क्या है?"},{"lang":"th-TH","name":"มันคืออะไร?"},{"lang":"tr-TR","name":"Bu ne?"},{"lang":"pt-BR","name":"O que é isso?"},{"lang":"de-DE","name":"Was ist das?"},{"lang":"id-ID","name":"Apa itu?"},{"lang":"fr-FR","name":"Qu\u0027est-ce que c\u0027est ?"}]},{"id":27,"name":"Put away your book, please","transcription":"","image":" ","bg":"","nameAnswer":"","translates":[{"lang":"ru-RU","name":"Уберите вашу книгу"},{"lang":"vi-VN","name":"Hãy cất sách đi"},{"lang":"zh-CN","name":"请把你的书收起来"},{"lang":"hi-IN","name":"कृपया अपनी किताब दूर रखें"},{"lang":"th-TH","name":"กรุณาเก็บหนังสือของคุณ"},{"lang":"tr-TR","name":"Lütfen kitabını kaldır"},{"lang":"pt-BR","name":"Guarde seu livro, por favor"},{"lang":"de-DE","name":"Räum bitte dein Buch weg"},{"lang":"id-ID","name":"Tolong simpan bukumu"},{"lang":"fr-FR","name":"Range ton livre, s\u0027il te plaît"}]},{"id":28,"name":"Take out your pen, please","transcription":"","image":"","bg":"","nameAnswer":"","translates":[{"lang":"ru-RU","name":"Достаньте вашу ручку"},{"lang":"vi-VN","name":"Hãy lấy bút ra"},{"lang":"zh-CN","name":"请拿出你的笔"},{"lang":"hi-IN","name":"कृपया अपनी कलम निकालें"},{"lang":"th-TH","name":"กรุณานำปากกาออกมา"},{"lang":"tr-TR","name":"Lütfen kalemini çıkar"},{"lang":"pt-BR","name":"Pegue sua caneta, por favor"},{"lang":"de-DE","name":"Nimm bitte deinen Stift heraus"},{"lang":"id-ID","name":"Tolong keluarkan pulpenmu"},{"lang":"fr-FR","name":"Sors ton stylo, s\u0027il te plaît"}]}]}