{
  "name": "My classrom",
  "nameA": null,
  "Translations": [
    {
      "lang": "ru-RU",
      "name": "мой класс",
      "nameA": null
    }
  ],
  "items": [
    {
      "id": 0,
      "name": "My classrom",
      "nameA": null,
      "image": "/img/dict/classroom/classroom.png",
      "bg": "white",
      "translates": [
        {
          "lang": "ru-RU",
          "name": "Мой учебный класс",
          "nameA": null
        }
      ]
    },
    {
      "id": 0,
      "name": "Pencil",
      "nameA": null,
      "image": "/img/dict/classroom/pencil.png",
      "bg": "white",
      "translates": [
        {
          "lang": "ru-RU",
          "name": "Карандаш",
          "nameA": null
        }
      ]
    },
    {
      "id": 0,
      "name": "Chair",
      "nameA": null,
      "image": "/img/dict/classroom/chair.png",
      "bg": "white",
      "translates": [
        {
          "lang": "ru-RU",
          "name": "Стул",
          "nameA": null
        }
      ]
    }
    ,
    {
      "id": 0,
      "name": "Bag",
      "nameA": null,
      "image": "/img/dict/classroom/bag.png",
      "bg": "white",
      "translates": [
        {
          "lang": "ru-RU",
          "name": "Сумка, рюкзак",
          "nameA": null
        }
      ]
    }
    ,
    {
      "id": 0,
      "name": "Rubber",
      "nameA": null,
      "image": "/img/dict/classroom/rubber.png",
      "bg": "white",
      "translates": [
        {
          "lang": "ru-RU",
          "name": "Ластик",
          "nameA": null
        }
      ]
    }
    ,
    {
      "id": 0,
      "name": "Book",
      "nameA": null,
      "image": "/img/dict/classroom/book.png",
      "bg": "white",
      "translates": [
        {
          "lang": "ru-RU",
          "name": "Книга",
          "nameA": null
        }
      ]
    }
    ,
    {
      "id": 0,
      "name": "Desk",
      "nameA": null,
      "image": "/img/dict/classroom/desk.png",
      "bg": "white",
      "translates": [
        {
          "lang": "ru-RU",
          "name": "Парта, стол",
          "nameA": null
        }
      ]
    }
    ,
    {
      "id": 0,
      "name": "Pen",
      "nameA": null,
      "image": "/img/dict/classroom/pen.png",
      "bg": "white",
      "translates": [
        {
          "lang": "ru-RU",
          "name": "Ручка",
          "nameA": null
        }
      ]
    }
    ,
    {
      "id": 0,
      "name": "Pencilcase",
      "nameA": null,
      "image": "/img/dict/classroom/pencilcase.jpg",
      "bg": "white",
      "translates": [
        {
          "lang": "ru-RU",
          "name": "Пенал",
          "nameA": null
        }
      ]
    }
  ]
}