{"name":"Subjects","isRandom":true,"isBlur":true,"isUpper":true,"isByWords":false,"isForAdult":false,"separator":"","numWords":27,"tags":["classes","education"],"Translations":[{"lang":"ru-RU","name":"Предметы"},{"lang":"vi-VN","name":"Môn học"},{"lang":"zh-CN","name":"学科"},{"lang":"hi-IN","name":"विषय"},{"lang":"th-TH","name":"วิชา"},{"lang":"tr-TR","name":"Dersler"},{"lang":"pt-BR","name":"Matérias"},{"lang":"de-DE","name":"Fächer"},{"lang":"id-ID","name":"Mata pelajaran"},{"lang":"fr-FR","name":"Matières"}],"items":[{"id":0,"name":"maths","transcription":"[mæθs]","image":"/img/dict/classroom/maths.png","translates":[{"lang":"ru-RU","name":"Математика"},{"lang":"vi-VN","name":"Toán"},{"lang":"zh-CN","name":"数学"},{"lang":"hi-IN","name":"गणित"},{"lang":"th-TH","name":"คณิตศาสตร์"},{"lang":"tr-TR","name":"Matematik"},{"lang":"pt-BR","name":"Matemática"},{"lang":"de-DE","name":"Mathe"},{"lang":"id-ID","name":"Matematika"},{"lang":"fr-FR","name":"Mathématiques"}]},{"id":1,"name":"physics","transcription":"[ˈfɪzɪks]","image":"/img/dict/classroom/physics.png","translates":[{"lang":"ru-RU","name":"Физика"},{"lang":"vi-VN","name":"Vật lý"},{"lang":"zh-CN","name":"物理"},{"lang":"hi-IN","name":"भौतिक विज्ञान"},{"lang":"th-TH","name":"ฟิสิกส์"},{"lang":"tr-TR","name":"Fizik"},{"lang":"pt-BR","name":"Física"},{"lang":"de-DE","name":"Physik"},{"lang":"id-ID","name":"Fisika"},{"lang":"fr-FR","name":"Physique"}]},{"id":2,"name":"chemistry","transcription":"[ˈkemɪstri]","image":"/img/dict/classroom/chemistry.png","translates":[{"lang":"ru-RU","name":"Химия"},{"lang":"vi-VN","name":"Hóa học"},{"lang":"zh-CN","name":"化学"},{"lang":"hi-IN","name":"रसायन विज्ञान"},{"lang":"th-TH","name":"เคมี"},{"lang":"tr-TR","name":"Kimya"},{"lang":"pt-BR","name":"Química"},{"lang":"de-DE","name":"Chemie"},{"lang":"id-ID","name":"Kimia"},{"lang":"fr-FR","name":"Chimie"}]},{"id":3,"name":"biology","transcription":"[baɪˈɒlədʒi]","image":"/img/dict/classroom/biology.png","translates":[{"lang":"ru-RU","name":"Биология"},{"lang":"vi-VN","name":"Sinh học"},{"lang":"zh-CN","name":"生物"},{"lang":"hi-IN","name":"जीव विज्ञान"},{"lang":"th-TH","name":"ชีววิทยา"},{"lang":"tr-TR","name":"Biyoloji"},{"lang":"pt-BR","name":"Biologia"},{"lang":"de-DE","name":"Biologie"},{"lang":"id-ID","name":"Biologi"},{"lang":"fr-FR","name":"Biologie"}]},{"id":4,"name":"computer science","transcription":"[kəmˈpjuːtər ˈsaɪəns]","image":"/img/dict/classroom/computer_science.png","translates":[{"lang":"ru-RU","name":"Информатика"},{"lang":"vi-VN","name":"Tin học"},{"lang":"zh-CN","name":"计算机科学"},{"lang":"hi-IN","name":"कंप्यूटर विज्ञान"},{"lang":"th-TH","name":"วิทยาการคอมพิวเตอร์"},{"lang":"tr-TR","name":"Bilgisayar bilimi"},{"lang":"pt-BR","name":"Ciência da computação"},{"lang":"de-DE","name":"Informatik"},{"lang":"id-ID","name":"Ilmu komputer"},{"lang":"fr-FR","name":"Informatique"}]},{"id":5,"name":"history","transcription":"[ˈhɪstri]","image":"/img/dict/classroom/history.png","translates":[{"lang":"ru-RU","name":"История"},{"lang":"vi-VN","name":"Lịch sử"},{"lang":"zh-CN","name":"历史"},{"lang":"hi-IN","name":"इतिहास"},{"lang":"th-TH","name":"ประวัติศาสตร์"},{"lang":"tr-TR","name":"Tarih"},{"lang":"pt-BR","name":"História"},{"lang":"de-DE","name":"Geschichte"},{"lang":"id-ID","name":"Sejarah"},{"lang":"fr-FR","name":"Histoire"}]},{"id":6,"name":"geography","transcription":"[dʒiˈɒɡrəfi]","image":"/img/dict/classroom/geography.png","translates":[{"lang":"ru-RU","name":"География"},{"lang":"vi-VN","name":"Địa lý"},{"lang":"zh-CN","name":"地理"},{"lang":"hi-IN","name":"भूगोल"},{"lang":"th-TH","name":"ภูมิศาสตร์"},{"lang":"tr-TR","name":"Coğrafya"},{"lang":"pt-BR","name":"Geografia"},{"lang":"de-DE","name":"Geographie"},{"lang":"id-ID","name":"Geografi"},{"lang":"fr-FR","name":"Géographie"}]},{"id":7,"name":"literature","transcription":"[ˈlɪtərətʃər]","image":"/img/dict/classroom/literature.png","translates":[{"lang":"ru-RU","name":"Литература"},{"lang":"vi-VN","name":"Văn học"},{"lang":"zh-CN","name":"文学"},{"lang":"hi-IN","name":"साहित्य"},{"lang":"th-TH","name":"วรรณกรรม"},{"lang":"tr-TR","name":"Edebiyat"},{"lang":"pt-BR","name":"Literatura"},{"lang":"de-DE","name":"Literatur"},{"lang":"id-ID","name":"Sastra"},{"lang":"fr-FR","name":"Littérature"}]},{"id":8,"name":"foreign language","transcription":"[ˈfɒrən ˈlæŋɡwɪdʒ]","image":"/img/dict/classroom/foreign_language.png","translates":[{"lang":"ru-RU","name":"Иностранный язык"},{"lang":"vi-VN","name":"Ngoại ngữ"},{"lang":"zh-CN","name":"外语"},{"lang":"hi-IN","name":"विदेशी भाषा"},{"lang":"th-TH","name":"ภาษาต่างประเทศ"},{"lang":"tr-TR","name":"Yabancı dil"},{"lang":"pt-BR","name":"Língua estrangeira"},{"lang":"de-DE","name":"Fremdsprache"},{"lang":"id-ID","name":"Bahasa asing"},{"lang":"fr-FR","name":"Langue étrangère"}]},{"id":9,"name":"art","transcription":"[ɑːt]","image":"/img/dict/classroom/art.png","translates":[{"lang":"ru-RU","name":"Искусство"},{"lang":"vi-VN","name":"Mỹ thuật"},{"lang":"zh-CN","name":"艺术"},{"lang":"hi-IN","name":"कला"},{"lang":"th-TH","name":"ศิลปะ"},{"lang":"tr-TR","name":"Sanat"},{"lang":"pt-BR","name":"Arte"},{"lang":"de-DE","name":"Kunst"},{"lang":"id-ID","name":"Seni"},{"lang":"fr-FR","name":"Art"}]},{"id":10,"name":"music","transcription":"[ˈmjuːzɪk]","image":"/img/dict/classroom/music.png","translates":[{"lang":"ru-RU","name":"Музыка"},{"lang":"vi-VN","name":"Âm nhạc"},{"lang":"zh-CN","name":"音乐"},{"lang":"hi-IN","name":"संगीत"},{"lang":"th-TH","name":"ดนตรี"},{"lang":"tr-TR","name":"Müzik"},{"lang":"pt-BR","name":"Música"},{"lang":"de-DE","name":"Musik"},{"lang":"id-ID","name":"Musik"},{"lang":"fr-FR","name":"Musique"}]},{"id":11,"name":"physical education","transcription":"[ˈfɪzɪkəl ˌedʒʊˈkeɪʃn]","image":"/img/dict/classroom/physical_education.png","translates":[{"lang":"ru-RU","name":"Физкультура"},{"lang":"vi-VN","name":"Thể dục"},{"lang":"zh-CN","name":"体育"},{"lang":"hi-IN","name":"शारीरिक शिक्षा"},{"lang":"th-TH","name":"พลศึกษา"},{"lang":"tr-TR","name":"Beden eğitimi"},{"lang":"pt-BR","name":"Educação física"},{"lang":"de-DE","name":"Sport"},{"lang":"id-ID","name":"Olahraga"},{"lang":"fr-FR","name":"Éducation physique"}]},{"id":12,"name":"economics","transcription":"[ˌiːkəˈnɒmɪks]","image":"/img/dict/classroom/economics.png","translates":[{"lang":"ru-RU","name":"Экономика"},{"lang":"vi-VN","name":"Kinh tế"},{"lang":"zh-CN","name":"经济学"},{"lang":"hi-IN","name":"अर्थशास्त्र"},{"lang":"th-TH","name":"เศรษฐศาสตร์"},{"lang":"tr-TR","name":"Ekonomi"},{"lang":"pt-BR","name":"Economia"},{"lang":"de-DE","name":"Wirtschaft"},{"lang":"id-ID","name":"Ekonomi"},{"lang":"fr-FR","name":"Économie"}]},{"id":13,"name":"social studies","transcription":"[ˈsəʊʃl ˈstʌdiz]","image":"/img/dict/classroom/social_studies.png","translates":[{"lang":"ru-RU","name":"Обществознание"},{"lang":"vi-VN","name":"Khoa học xã hội"},{"lang":"zh-CN","name":"社会研究"},{"lang":"hi-IN","name":"सामाजिक अध्ययन"},{"lang":"th-TH","name":"สังคมศึกษา"},{"lang":"tr-TR","name":"Sosyal bilgiler"},{"lang":"pt-BR","name":"Estudos sociais"},{"lang":"de-DE","name":"Sozialkunde"},{"lang":"id-ID","name":"Ilmu sosial"},{"lang":"fr-FR","name":"Sciences sociales"}]},{"id":14,"name":"psychology","transcription":"[saɪˈkɒlədʒi]","image":"/img/dict/classroom/psychology.png","translates":[{"lang":"ru-RU","name":"Психология"},{"lang":"vi-VN","name":"Tâm lý học"},{"lang":"zh-CN","name":"心理学"},{"lang":"hi-IN","name":"मनोविज्ञान"},{"lang":"th-TH","name":"จิตวิทยา"},{"lang":"tr-TR","name":"Psikoloji"},{"lang":"pt-BR","name":"Psicologia"},{"lang":"de-DE","name":"Psychologie"},{"lang":"id-ID","name":"Psikologi"},{"lang":"fr-FR","name":"Psychologie"}]},{"id":15,"name":"sociology","transcription":"[ˌsəʊsiˈɒlədʒi]","image":"/img/dict/classroom/sociology.png","translates":[{"lang":"ru-RU","name":"Социология"},{"lang":"vi-VN","name":"Xã hội học"},{"lang":"zh-CN","name":"社会学"},{"lang":"hi-IN","name":"समाजशास्त्र"},{"lang":"th-TH","name":"สังคมวิทยา"},{"lang":"tr-TR","name":"Sosyoloji"},{"lang":"pt-BR","name":"Sociologia"},{"lang":"de-DE","name":"Soziologie"},{"lang":"id-ID","name":"Sosiologi"},{"lang":"fr-FR","name":"Sociologie"}]},{"id":16,"name":"environmental science","transcription":"[ɪnˌvaɪrənˈmentl ˈsaɪəns]","image":"/img/dict/classroom/environmental_science.png","translates":[{"lang":"ru-RU","name":"Экология"},{"lang":"vi-VN","name":"Khoa học môi trường"},{"lang":"zh-CN","name":"环境科学"},{"lang":"hi-IN","name":"पर्यावरण विज्ञान"},{"lang":"th-TH","name":"วิทยาศาสตร์สิ่งแวดล้อม"},{"lang":"tr-TR","name":"Çevre bilimi"},{"lang":"pt-BR","name":"Ciência ambiental"},{"lang":"de-DE","name":"Umweltwissenschaft"},{"lang":"id-ID","name":"Ilmu lingkungan"},{"lang":"fr-FR","name":"Science environnementale"}]},{"id":17,"name":"astronomy","transcription":"[əˈstrɒnəmi]","image":"/img/dict/classroom/astronomy.png","translates":[{"lang":"ru-RU","name":"Астрономия"},{"lang":"vi-VN","name":"Thiên văn học"},{"lang":"zh-CN","name":"天文学"},{"lang":"hi-IN","name":"खगोल विज्ञान"},{"lang":"th-TH","name":"ดาราศาสตร์"},{"lang":"tr-TR","name":"Astronomi"},{"lang":"pt-BR","name":"Astronomia"},{"lang":"de-DE","name":"Astronomie"},{"lang":"id-ID","name":"Astronomi"},{"lang":"fr-FR","name":"Astronomie"}]},{"id":18,"name":"religions","transcription":"[rɪˈlɪdʒənz]","image":"/img/dict/classroom/religions.png","translates":[{"lang":"ru-RU","name":"Религия"},{"lang":"vi-VN","name":"Tôn giáo"},{"lang":"zh-CN","name":"宗教"},{"lang":"hi-IN","name":"धर्म"},{"lang":"th-TH","name":"ศาสนา"},{"lang":"tr-TR","name":"Dinler"},{"lang":"pt-BR","name":"Religiões"},{"lang":"de-DE","name":"Religionen"},{"lang":"id-ID","name":"Agama"},{"lang":"fr-FR","name":"Religions"}]},{"id":19,"name":"citizenship","transcription":"[ˈsɪtɪzənʃɪp]","image":"/img/dict/classroom/citizenship.png","translates":[{"lang":"ru-RU","name":"Право"},{"lang":"vi-VN","name":"Giáo dục công dân"},{"lang":"zh-CN","name":"公民教育"},{"lang":"hi-IN","name":"नागरिक शास्त्र"},{"lang":"th-TH","name":"หน้าที่พลเมือง"},{"lang":"tr-TR","name":"Vatandaşlık"},{"lang":"pt-BR","name":"Educação cívica"},{"lang":"de-DE","name":"Staatsbürgerkunde"},{"lang":"id-ID","name":"Kewarganegaraan"},{"lang":"fr-FR","name":"Éducation civique"}]},{"id":20,"name":"handicraft","transcription":"[ˈhændikrɑːft]","image":"/img/dict/classroom/handicraft.png","translates":[{"lang":"ru-RU","name":"Труды"},{"lang":"vi-VN","name":"Thủ công"},{"lang":"zh-CN","name":"手工"},{"lang":"hi-IN","name":"हस्तशिल्प"},{"lang":"th-TH","name":"งานฝีมือ"},{"lang":"tr-TR","name":"El sanatları"},{"lang":"pt-BR","name":"Artesanato"},{"lang":"de-DE","name":"Handarbeit"},{"lang":"id-ID","name":"Kerajinan tangan"},{"lang":"fr-FR","name":"Artisanat"}]},{"id":21,"name":"local studies","transcription":"[ˈləʊkl ˈstʌdiz]","image":"/img/dict/classroom/local_studies.png","translates":[{"lang":"ru-RU","name":"Краеведение"},{"lang":"vi-VN","name":"Nghiên cứu địa phương"},{"lang":"zh-CN","name":"地方研究"},{"lang":"hi-IN","name":"स्थानीय अध्ययन"},{"lang":"th-TH","name":"การศึกษาท้องถิ่น"},{"lang":"tr-TR","name":"Yerel çalışmalar"},{"lang":"pt-BR","name":"Estudos locais"},{"lang":"de-DE","name":"Heimatkunde"},{"lang":"id-ID","name":"Studi lokal"},{"lang":"fr-FR","name":"Études locales"}]},{"id":22,"name":"culture studies","transcription":"[ˈkʌltʃər ˈstʌdiz]","image":"/img/dict/classroom/culture_studies.png","translates":[{"lang":"ru-RU","name":"Культурология"},{"lang":"vi-VN","name":"Nghiên cứu văn hóa"},{"lang":"zh-CN","name":"文化研究"},{"lang":"hi-IN","name":"संस्कृति अध्ययन"},{"lang":"th-TH","name":"วัฒนธรรมศึกษา"},{"lang":"tr-TR","name":"Kültür çalışmaları"},{"lang":"pt-BR","name":"Estudos culturais"},{"lang":"de-DE","name":"Kulturwissenschaft"},{"lang":"id-ID","name":"Studi budaya"},{"lang":"fr-FR","name":"Études culturelles"}]},{"id":23,"name":"reading","transcription":"[ˈriːdɪŋ]","image":"/img/dict/classroom/reading.png","translates":[{"lang":"ru-RU","name":"Чтение"},{"lang":"vi-VN","name":"Đọc"},{"lang":"zh-CN","name":"阅读"},{"lang":"hi-IN","name":"पठन"},{"lang":"th-TH","name":"การอ่าน"},{"lang":"tr-TR","name":"Okuma"},{"lang":"pt-BR","name":"Leitura"},{"lang":"de-DE","name":"Lesen"},{"lang":"id-ID","name":"Membaca"},{"lang":"fr-FR","name":"Lecture"}]},{"id":24,"name":"algebra","transcription":"[ˈældʒɪbrə]","image":"/img/dict/classroom/algebra.png","translates":[{"lang":"ru-RU","name":"Алгебра"},{"lang":"vi-VN","name":"Đại số"},{"lang":"zh-CN","name":"代数"},{"lang":"hi-IN","name":"बीजगणित"},{"lang":"th-TH","name":"พีชคณิต"},{"lang":"tr-TR","name":"Cebir"},{"lang":"pt-BR","name":"Álgebra"},{"lang":"de-DE","name":"Algebra"},{"lang":"id-ID","name":"Aljabar"},{"lang":"fr-FR","name":"Algèbre"}]},{"id":25,"name":"geometry","transcription":"[dʒiˈɒmɪtri]","image":"/img/dict/classroom/geometry.png","translates":[{"lang":"ru-RU","name":"Геометрия"},{"lang":"vi-VN","name":"Hình học"},{"lang":"zh-CN","name":"几何"},{"lang":"hi-IN","name":"ज्यामिति"},{"lang":"th-TH","name":"เรขาคณิต"},{"lang":"tr-TR","name":"Geometri"},{"lang":"pt-BR","name":"Geometria"},{"lang":"de-DE","name":"Geometrie"},{"lang":"id-ID","name":"Geometri"},{"lang":"fr-FR","name":"Géométrie"}]},{"id":26,"name":"science","transcription":"[ˈsaɪəns]","image":"/img/dict/classroom/science.png","translates":[{"lang":"ru-RU","name":"Естествознание"},{"lang":"vi-VN","name":"Khoa học"},{"lang":"zh-CN","name":"科学"},{"lang":"hi-IN","name":"विज्ञान"},{"lang":"th-TH","name":"วิทยาศาสตร์"},{"lang":"tr-TR","name":"Bilim"},{"lang":"pt-BR","name":"Ciência"},{"lang":"de-DE","name":"Naturwissenschaft"},{"lang":"id-ID","name":"Sains"},{"lang":"fr-FR","name":"Science"}]}]}