{
  "name": "Colors",
  "nameA": null,
  "transcription": null,
  "Translations": [
    {
      "lang": "ru-RU",
      "name": "Цвета",
      "nameA": null
    }
  ],
  "items": [
    {
      "id": 0,
      "name": "Black",
      "transcription": "[blæk]",
      "nameA": null,
      "image": null,
      "bg": "black",
      "translates": [
        {
          "lang": "ru-RU",
          "name": "черный",
          "nameA": null
        },
        {
          "lang": "vn-VN",
          "name": "đen",
          "nameA": null
        }
      ]
    },
    {
      "id": 1,
      "name": "White",
      "nameA": null,
      "transcription": "[waɪt]",
      "image": null,
      "bg": "white",
      "translates": [
        {
          "lang": "ru-RU",
          "name": "белый",
          "nameA": null
        },
        {
          "lang": "vn-VN",
          "name": "trắng",
          "nameA": null
        }
      ]
    },
    {
      "id": 2,
      "name": "Red",
      "transcription": "[red]",
      "nameA": null,
      "image": null,
      "bg": "red",
      "translates": [
        {
          "lang": "ru-RU",
          "name": "красный",
          "nameA": null
        }
      ]
    },
    {
      "id": 3,
      "name": "Blue",
      "transcription": "[bluː]",
      "nameA": null,
      "image": null,
      "bg": "blue",
      "translates": [
        {
          "lang": "ru-RU",
          "name": "синий",
          "nameA": null
        }
      ]
    },
    {
      "id": 4,
      "name": "Yellow",
      "transcription": "[ˈjeləʊ]",
      "nameA": null,
      "image": null,
      "bg": "Yellow",
      "translates": [
        {
          "lang": "ru-RU",
          "name": "желтый",
          "nameA": null
        }
      ]
    },
    {
      "id": 5,
      "name": "green",
      "nameA": null,
      "transcription": "[griːn]",
      "image": null,
      "bg": "green",
      "translates": [
        {
          "lang": "ru-RU",
          "name": "зеленый",
          "nameA": null
        }
      ]
    },
    {
      "id": 6,
      "name": "purple",
      "nameA": null,
      "transcription": "[pɜːpl]",
      "image": null,
      "bg": "purple",
      "translates": [
        {
          "lang": "ru-RU",
          "name": "фиолетовый",
          "nameA": null
        }
      ]
    },
    {
      "id": 7,
      "name": "pink",
      "transcription": "[pɪŋk]",
      "nameA": null,
      "image": null,
      "bg": "DeepPink",
      "translates": [
        {
          "lang": "ru-RU",
          "name": "розовый",
          "nameA": null
        }
      ]
    },
    {
      "id": 8,
      "name": "orange",
      "nameA": null,
      "transcription": "[ˈɒrɪnʤ]",
      "image": null,
      "bg": "orange",
      "translates": [
        {
          "lang": "ru-RU",
          "name": "оранжевый",
          "nameA": null
        }
      ]
    },
    {
      "id": 9,
      "name": "brown",
      "nameA": null,
      "transcription": "[braʊn]",
      "image": null,
      "bg": "SaddleBrown",
      "translates": [
        {
          "lang": "ru-RU",
          "name": "коричневый",
          "nameA": null
        }
      ]
    },
    {
      "id": 10,
      "name": "gray",
      "nameA": null,
      "transcription": "[greɪ]",
      "image": null,
      "bg": "gray",
      "translates": [
        {
          "lang": "ru-RU",
          "name": "серый",
          "nameA": null
        }
      ]
    },
    {
      "id": 11,
      "name": "gold",
      "transcription": "[gəʊld]",
      "nameA": null,
      "image": null,
      "bg": "gold",
      "translates": [
        {
          "lang": "ru-RU",
          "name": "золотой",
          "nameA": null
        }
      ]
    },
    {
      "id": 12,
      "name": "silver",
      "transcription": "[ˈsɪlvə]",
      "nameA": null,
      "image": null,
      "bg": "silver",
      "translates": [
        {
          "lang": "ru-RU",
          "name": "серебряный",
          "nameA": null
        }
      ]
    }
  ]
}