{"name":"City","img":"/img/dict/home/city.png","isRandom":true,"isBlur":true,"isUpper":true,"isByWords":false,"isForAdult":false,"separator":"","numWords":91,"tags":["home","housing"],"Translations":[{"lang":"ru-RU","name":"Город"},{"lang":"vi-VN","name":"Thành phố"},{"lang":"zh-CN","name":"城市"},{"lang":"hi-IN","name":"शहर"},{"lang":"th-TH","name":"เมือง"},{"lang":"tr-TR","name":"Şehir"},{"lang":"pt-BR","name":"Cidade"},{"lang":"de-DE","name":"Stadt"},{"lang":"id-ID","name":"Kota"},{"lang":"fr-FR","name":"Ville"}],"items":[{"id":0,"name":"bridge","transcription":"[brɪdʒ]","image":"/img/dict/city/bridge.png","translates":[{"lang":"ru-RU","name":"мост"},{"lang":"vi-VN","name":"cầu"},{"lang":"zh-CN","name":"桥"},{"lang":"hi-IN","name":"पुल"},{"lang":"th-TH","name":"สะพาน"},{"lang":"tr-TR","name":"köprü"},{"lang":"pt-BR","name":"ponte"},{"lang":"de-DE","name":"Brücke"},{"lang":"id-ID","name":"jembatan"},{"lang":"fr-FR","name":"pont"}]},{"id":1,"name":"airport","transcription":"[ˈerpɔːrt]","image":"/img/dict/city/airport.png","translates":[{"lang":"ru-RU","name":"аэропорт"},{"lang":"vi-VN","name":"sân bay"},{"lang":"zh-CN","name":"机场"},{"lang":"hi-IN","name":"हवाई अड्डा"},{"lang":"th-TH","name":"สนามบิน"},{"lang":"tr-TR","name":"havaalanı"},{"lang":"pt-BR","name":"aeroporto"},{"lang":"de-DE","name":"Flughafen"},{"lang":"id-ID","name":"bandara"},{"lang":"fr-FR","name":"aéroport"}]},{"id":2,"name":"traffic jam","transcription":"[ˈtræfɪk dʒæm]","image":"/img/dict/city/traffic_jam.png","translates":[{"lang":"ru-RU","name":"пробка"},{"lang":"vi-VN","name":"tắc đường"},{"lang":"zh-CN","name":"交通堵塞"},{"lang":"hi-IN","name":"ट्रैफिक जाम"},{"lang":"th-TH","name":"รถติด"},{"lang":"tr-TR","name":"trafik sıkışıklığı"},{"lang":"pt-BR","name":"engarrafamento"},{"lang":"de-DE","name":"Stau"},{"lang":"id-ID","name":"macet"},{"lang":"fr-FR","name":"embouteillage"}]},{"id":3,"name":"library","transcription":"[ˈlaɪbrerɪ]","image":"/img/dict/city/library.png","translates":[{"lang":"ru-RU","name":"библиотека"},{"lang":"vi-VN","name":"thư viện"},{"lang":"zh-CN","name":"图书馆"},{"lang":"hi-IN","name":"पुस्तकालय"},{"lang":"th-TH","name":"ห้องสมุด"},{"lang":"tr-TR","name":"kütüphane"},{"lang":"pt-BR","name":"biblioteca"},{"lang":"de-DE","name":"Bibliothek"},{"lang":"id-ID","name":"perpustakaan"},{"lang":"fr-FR","name":"bibliothèque"}]},{"id":4,"name":"road","transcription":"[rəʊd]","image":"/img/dict/city/road.png","translates":[{"lang":"ru-RU","name":"дорога"},{"lang":"vi-VN","name":"đường"},{"lang":"zh-CN","name":"道路"},{"lang":"hi-IN","name":"सड़क"},{"lang":"th-TH","name":"ถนน"},{"lang":"tr-TR","name":"yol"},{"lang":"pt-BR","name":"estrada"},{"lang":"de-DE","name":"Straße"},{"lang":"id-ID","name":"jalan"},{"lang":"fr-FR","name":"route"}]},{"id":5,"name":"sidewalk","transcription":"[ˈsaɪdwɔːk]","image":"/img/dict/city/sidewalk.png","translates":[{"lang":"ru-RU","name":"тротуар"},{"lang":"vi-VN","name":"vỉa hè"},{"lang":"zh-CN","name":"人行道"},{"lang":"hi-IN","name":"फुटपाथ"},{"lang":"th-TH","name":"ทางเดินเท้า"},{"lang":"tr-TR","name":"kaldırım"},{"lang":"pt-BR","name":"calçada"},{"lang":"de-DE","name":"Bürgersteig"},{"lang":"id-ID","name":"trotoar"},{"lang":"fr-FR","name":"trottoir"}]},{"id":6,"name":"crossroads","transcription":"[ˈkrɔːsrəʊdz]","image":"/img/dict/city/crossroads.png","translates":[{"lang":"ru-RU","name":"перекресток"},{"lang":"vi-VN","name":"ngã tư"},{"lang":"zh-CN","name":"十字路口"},{"lang":"hi-IN","name":"चौराहा"},{"lang":"th-TH","name":"สี่แยก"},{"lang":"tr-TR","name":"kavşak"},{"lang":"pt-BR","name":"cruzamento"},{"lang":"de-DE","name":"Kreuzung"},{"lang":"id-ID","name":"persimpangan"},{"lang":"fr-FR","name":"carrefour"}]},{"id":7,"name":"house","transcription":"[haʊs]","image":"/img/dict/home/house.png","translates":[{"lang":"ru-RU","name":"дом, здание"},{"lang":"vi-VN","name":"nhà"},{"lang":"zh-CN","name":"房子"},{"lang":"hi-IN","name":"घर"},{"lang":"th-TH","name":"บ้าน"},{"lang":"tr-TR","name":"ev"},{"lang":"pt-BR","name":"casa"},{"lang":"de-DE","name":"Haus"},{"lang":"id-ID","name":"rumah"},{"lang":"fr-FR","name":"maison"}]},{"id":8,"name":"playground","transcription":"[ˈpleɪɡraʊnd]","image":"/img/dict/city/playground.png","translates":[{"lang":"ru-RU","name":"игровая детская площадка"},{"lang":"vi-VN","name":"sân chơi"},{"lang":"zh-CN","name":"游乐场"},{"lang":"hi-IN","name":"खेल का मैदान"},{"lang":"th-TH","name":"สนามเด็กเล่น"},{"lang":"tr-TR","name":"oyun alanı"},{"lang":"pt-BR","name":"parquinho"},{"lang":"de-DE","name":"Spielplatz"},{"lang":"id-ID","name":"taman bermain"},{"lang":"fr-FR","name":"terrain de jeu"}]},{"id":9,"name":"toilet","transcription":"[ˈtɔɪlət]","image":"/img/dict/city/toilet.png","translates":[{"lang":"ru-RU","name":"туалет"},{"lang":"vi-VN","name":"nhà vệ sinh"},{"lang":"zh-CN","name":"厕所"},{"lang":"hi-IN","name":"शौचालय"},{"lang":"th-TH","name":"ห้องน้ำ"},{"lang":"tr-TR","name":"tuvalet"},{"lang":"pt-BR","name":"banheiro"},{"lang":"de-DE","name":"Toilette"},{"lang":"id-ID","name":"toilet"},{"lang":"fr-FR","name":"toilette"}]},{"id":10,"name":"nightclub","transcription":"[ˈnaɪtklʌb]","image":"/img/dict/city/nightclub.png","translates":[{"lang":"ru-RU","name":"ночной клуб"},{"lang":"vi-VN","name":"câu lạc bộ đêm"},{"lang":"zh-CN","name":"夜总会"},{"lang":"hi-IN","name":"नाइट क्लब"},{"lang":"th-TH","name":"ไนท์คลับ"},{"lang":"tr-TR","name":"gece kulübü"},{"lang":"pt-BR","name":"boate"},{"lang":"de-DE","name":"Nachtclub"},{"lang":"id-ID","name":"klub malam"},{"lang":"fr-FR","name":"boîte de nuit"}]},{"id":11,"name":"fountain","transcription":"[ˈfaʊntn]","image":"/img/dict/city/fountain.png","translates":[{"lang":"ru-RU","name":"фонтан"},{"lang":"vi-VN","name":"đài phun nước"},{"lang":"zh-CN","name":"喷泉"},{"lang":"hi-IN","name":"फव्वारा"},{"lang":"th-TH","name":"น้ำพุ"},{"lang":"tr-TR","name":"çeşme"},{"lang":"pt-BR","name":"fonte"},{"lang":"de-DE","name":"Brunnen"},{"lang":"id-ID","name":"air mancur"},{"lang":"fr-FR","name":"fontaine"}]},{"id":12,"name":"shoe shop","transcription":"[ʃuː ʃɑːp]","image":"/img/dict/city/shoe_shop.png","translates":[{"lang":"ru-RU","name":"магазин обуви"},{"lang":"vi-VN","name":"cửa hàng giày"},{"lang":"zh-CN","name":"鞋店"},{"lang":"hi-IN","name":"जूते की दुकान"},{"lang":"th-TH","name":"ร้านขายรองเท้า"},{"lang":"tr-TR","name":"ayakkabı mağazası"},{"lang":"pt-BR","name":"loja de sapatos"},{"lang":"de-DE","name":"Schuhgeschäft"},{"lang":"id-ID","name":"toko sepatu"},{"lang":"fr-FR","name":"magasin de chaussures"}]},{"id":13,"name":"supermarket","transcription":"[ˈsuːpərmɑːrkət]","image":"/img/dict/city/supermarket.png","translates":[{"lang":"ru-RU","name":"супермаркет"},{"lang":"vi-VN","name":"siêu thị"},{"lang":"zh-CN","name":"超市"},{"lang":"hi-IN","name":"सुपरमार्केट"},{"lang":"th-TH","name":"ซูเปอร์มาร์เก็ต"},{"lang":"tr-TR","name":"süpermarket"},{"lang":"pt-BR","name":"supermercado"},{"lang":"de-DE","name":"Supermarkt"},{"lang":"id-ID","name":"supermarket"},{"lang":"fr-FR","name":"supermarché"}]},{"id":14,"name":"Gas station","transcription":"[ɡæs ˈsteɪʃn]","image":"/img/dict/city/gas_station.png","translates":[{"lang":"ru-RU","name":"Бензоколонка"},{"lang":"vi-VN","name":"trạm xăng"},{"lang":"zh-CN","name":"加油站"},{"lang":"hi-IN","name":"पेट्रोल पंप"},{"lang":"th-TH","name":"ปั๊มน้ำมัน"},{"lang":"tr-TR","name":"benzin istasyonu"},{"lang":"pt-BR","name":"posto de gasolina"},{"lang":"de-DE","name":"Tankstelle"},{"lang":"id-ID","name":"pompa bensin"},{"lang":"fr-FR","name":"station-service"}]},{"id":15,"name":"swimming pool","transcription":"[ˈswɪmɪŋ puːl]","image":"/img/dict/city/swimming_pool.png","translates":[{"lang":"ru-RU","name":"бассейн"},{"lang":"vi-VN","name":"bể bơi"},{"lang":"zh-CN","name":"游泳池"},{"lang":"hi-IN","name":"तरणताल"},{"lang":"th-TH","name":"สระว่ายน้ำ"},{"lang":"tr-TR","name":"yüzme havuzu"},{"lang":"pt-BR","name":"piscina"},{"lang":"de-DE","name":"Schwimmbad"},{"lang":"id-ID","name":"kolam renang"},{"lang":"fr-FR","name":"piscine"}]},{"id":16,"name":"street","transcription":"[striːt]","image":"/img/dict/city/street.png","translates":[{"lang":"ru-RU","name":"улица"},{"lang":"vi-VN","name":"đường phố"},{"lang":"zh-CN","name":"街道"},{"lang":"hi-IN","name":"सड़क"},{"lang":"th-TH","name":"ถนน"},{"lang":"tr-TR","name":"sokak"},{"lang":"pt-BR","name":"rua"},{"lang":"de-DE","name":"Straße"},{"lang":"id-ID","name":"jalan"},{"lang":"fr-FR","name":"rue"}]},{"id":17,"name":"vet clinic","transcription":"[vet ˈklɪnɪk]","image":"/img/dict/city/vet_clinic.png","translates":[{"lang":"ru-RU","name":"ветеринарная клиника"},{"lang":"vi-VN","name":"phòng khám thú y"},{"lang":"zh-CN","name":"兽医诊所"},{"lang":"hi-IN","name":"पशु चिकित्सालय"},{"lang":"th-TH","name":"คลินิกสัตวแพทย์"},{"lang":"tr-TR","name":"veteriner kliniği"},{"lang":"pt-BR","name":"clínica veterinária"},{"lang":"de-DE","name":"Tierklinik"},{"lang":"id-ID","name":"klinik hewan"},{"lang":"fr-FR","name":"clinique vétérinaire"}]},{"id":18,"name":"mosque","transcription":"[mɑːsk]","image":"/img/dict/city/mosque.png","translates":[{"lang":"ru-RU","name":"мечеть"},{"lang":"vi-VN","name":"nhà thờ Hồi giáo"},{"lang":"zh-CN","name":"清真寺"},{"lang":"hi-IN","name":"मस्जिद"},{"lang":"th-TH","name":"มัสยิด"},{"lang":"tr-TR","name":"cami"},{"lang":"pt-BR","name":"mesquita"},{"lang":"de-DE","name":"Moschee"},{"lang":"id-ID","name":"masjid"},{"lang":"fr-FR","name":"mosquée"}]},{"id":19,"name":"parking","transcription":"[ˈpɑrkɪŋ]","image":"/img/dict/city/parking.png","translates":[{"lang":"ru-RU","name":"парковка"},{"lang":"vi-VN","name":"bãi đậu xe"},{"lang":"zh-CN","name":"停车场"},{"lang":"hi-IN","name":"पार्किंग"},{"lang":"th-TH","name":"ที่จอดรถ"},{"lang":"tr-TR","name":"otopark"},{"lang":"pt-BR","name":"estacionamento"},{"lang":"de-DE","name":"Parkplatz"},{"lang":"id-ID","name":"tempat parkir"},{"lang":"fr-FR","name":"parking"}]},{"id":20,"name":"restaurant","transcription":"[ˈrestrɑːnt]","image":"/img/dict/city/restaurant.png","translates":[{"lang":"ru-RU","name":"ресторан"},{"lang":"vi-VN","name":"nhà hàng"},{"lang":"zh-CN","name":"餐厅"},{"lang":"hi-IN","name":"रेस्तरां"},{"lang":"th-TH","name":"ร้านอาหาร"},{"lang":"tr-TR","name":"restoran"},{"lang":"pt-BR","name":"restaurante"},{"lang":"de-DE","name":"Restaurant"},{"lang":"id-ID","name":"restoran"},{"lang":"fr-FR","name":"restaurant"}]},{"id":21,"name":"bus station","transcription":"[bʌs ˈsteɪʃn]","image":"/img/dict/city/bus_station.png","translates":[{"lang":"ru-RU","name":"автовокзал"},{"lang":"vi-VN","name":"bến xe buýt"},{"lang":"zh-CN","name":"公交车站"},{"lang":"hi-IN","name":"बस स्टेशन"},{"lang":"th-TH","name":"สถานีขนส่ง"},{"lang":"tr-TR","name":"otobüs terminali"},{"lang":"pt-BR","name":"rodoviária"},{"lang":"de-DE","name":"Busbahnhof"},{"lang":"id-ID","name":"terminal bus"},{"lang":"fr-FR","name":"gare routière"}]},{"id":22,"name":"suburb","transcription":"[ˈsʌbɜːrb]","image":"/img/dict/city/suburb.png","translates":[{"lang":"ru-RU","name":"пригород"},{"lang":"vi-VN","name":"ngoại ô"},{"lang":"zh-CN","name":"郊区"},{"lang":"hi-IN","name":"उपनगर"},{"lang":"th-TH","name":"ชานเมือง"},{"lang":"tr-TR","name":"banliyö"},{"lang":"pt-BR","name":"subúrbio"},{"lang":"de-DE","name":"Vorort"},{"lang":"id-ID","name":"pinggiran kota"},{"lang":"fr-FR","name":"banlieue"}]},{"id":23,"name":"bookshop","transcription":"[ˈbʊkʃɑːp]","image":"/img/dict/city/book_shop.png","translates":[{"lang":"ru-RU","name":"книжный магазин"},{"lang":"vi-VN","name":"hiệu sách"},{"lang":"zh-CN","name":"书店"},{"lang":"hi-IN","name":"किताबों की दुकान"},{"lang":"th-TH","name":"ร้านหนังสือ"},{"lang":"tr-TR","name":"kitapçı"},{"lang":"pt-BR","name":"livraria"},{"lang":"de-DE","name":"Buchhandlung"},{"lang":"id-ID","name":"toko buku"},{"lang":"fr-FR","name":"librairie"}]},{"id":24,"name":"multistoried building","transcription":"[mʌltɪˈstɔːrɪd ˈbɪldɪŋ]","image":"/img/dict/home/multistoried_building.png","translates":[{"lang":"ru-RU","name":"многоэтажное здание"},{"lang":"vi-VN","name":"tòa nhà nhiều tầng"},{"lang":"zh-CN","name":"多层建筑"},{"lang":"hi-IN","name":"बहुमंजिला इमारत"},{"lang":"th-TH","name":"อาคารหลายชั้น"},{"lang":"tr-TR","name":"çok katlı bina"},{"lang":"pt-BR","name":"prédio de vários andares"},{"lang":"de-DE","name":"Mehrfamilienhaus"},{"lang":"id-ID","name":"gedung bertingkat"},{"lang":"fr-FR","name":"immeuble"}]},{"id":25,"name":"ATM","transcription":"[ˌeɪ tiː ˈem]","image":"/img/dict/city/ATM.png","translates":[{"lang":"ru-RU","name":"банкомат"},{"lang":"vi-VN","name":"máy ATM"},{"lang":"zh-CN","name":"自动取款机"},{"lang":"hi-IN","name":"एटीएम"},{"lang":"th-TH","name":"ตู้เอทีเอ็ม"},{"lang":"tr-TR","name":"ATM"},{"lang":"pt-BR","name":"caixa eletrônico"},{"lang":"de-DE","name":"Geldautomat"},{"lang":"id-ID","name":"ATM"},{"lang":"fr-FR","name":"distributeur"}]},{"id":26,"name":"laundry","transcription":"[ˈlɔːndrɪ]","image":"/img/dict/city/laundry.png","translates":[{"lang":"ru-RU","name":"прачечная"},{"lang":"vi-VN","name":"tiệm giặt ủi"},{"lang":"zh-CN","name":"洗衣店"},{"lang":"hi-IN","name":"लॉन्ड्री"},{"lang":"th-TH","name":"ร้านซักรีด"},{"lang":"tr-TR","name":"çamaşırhane"},{"lang":"pt-BR","name":"lavanderia"},{"lang":"de-DE","name":"Wäscherei"},{"lang":"id-ID","name":"binatu"},{"lang":"fr-FR","name":"laverie"}]},{"id":27,"name":"cashdesk","transcription":"[ˈkæʃdɛsk]","image":"/img/dict/city/cashdesk.png","translates":[{"lang":"ru-RU","name":"касса"},{"lang":"vi-VN","name":"quầy thu ngân"},{"lang":"zh-CN","name":"收银台"},{"lang":"hi-IN","name":"कैश डेस्क"},{"lang":"th-TH","name":"แคชเชียร์"},{"lang":"tr-TR","name":"kasa"},{"lang":"pt-BR","name":"caixa"},{"lang":"de-DE","name":"Kasse"},{"lang":"id-ID","name":"kasir"},{"lang":"fr-FR","name":"caisse"}]},{"id":28,"name":"post office","transcription":"[pəʊst ˈɔːfɪs]","image":"/img/dict/city/post_office.png","translates":[{"lang":"ru-RU","name":"почта"},{"lang":"vi-VN","name":"bưu điện"},{"lang":"zh-CN","name":"邮局"},{"lang":"hi-IN","name":"डाकघर"},{"lang":"th-TH","name":"ที่ทำการไปรษณีย์"},{"lang":"tr-TR","name":"postane"},{"lang":"pt-BR","name":"correio"},{"lang":"de-DE","name":"Postamt"},{"lang":"id-ID","name":"kantor pos"},{"lang":"fr-FR","name":"bureau de poste"}]},{"id":29,"name":"crosswalk","transcription":"[ˈkrɑːs.wɑːk]","image":"/img/dict/city/crosswalk.png","translates":[{"lang":"ru-RU","name":"пешеходный переход"},{"lang":"vi-VN","name":"vạch sang đường"},{"lang":"zh-CN","name":"人行横道"},{"lang":"hi-IN","name":"क्रॉसवॉक"},{"lang":"th-TH","name":"ทางม้าลาย"},{"lang":"tr-TR","name":"yaya geçidi"},{"lang":"pt-BR","name":"faixa de pedestres"},{"lang":"de-DE","name":"Fußgängerüberweg"},{"lang":"id-ID","name":"penyeberangan"},{"lang":"fr-FR","name":"passage piéton"}]},{"id":30,"name":"exit","transcription":"[ˈeksɪt]","image":"/img/dict/city/exit.png","translates":[{"lang":"ru-RU","name":"выход"},{"lang":"vi-VN","name":"lối ra"},{"lang":"zh-CN","name":"出口"},{"lang":"hi-IN","name":"निकास"},{"lang":"th-TH","name":"ทางออก"},{"lang":"tr-TR","name":"çıkış"},{"lang":"pt-BR","name":"saída"},{"lang":"de-DE","name":"Ausgang"},{"lang":"id-ID","name":"keluar"},{"lang":"fr-FR","name":"sortie"}]},{"id":31,"name":"subway","transcription":"[ˈsʌbweɪ]","image":"/img/dict/city/subway.png","translates":[{"lang":"ru-RU","name":"метро"},{"lang":"vi-VN","name":"tàu điện ngầm"},{"lang":"zh-CN","name":"地铁"},{"lang":"hi-IN","name":"मेट्रो"},{"lang":"th-TH","name":"รถไฟใต้ดิน"},{"lang":"tr-TR","name":"metro"},{"lang":"pt-BR","name":"metrô"},{"lang":"de-DE","name":"U-Bahn"},{"lang":"id-ID","name":"kereta bawah tanah"},{"lang":"fr-FR","name":"métro"}]},{"id":32,"name":"bench","transcription":"[bentʃ]","image":"/img/dict/city/bench.png","translates":[{"lang":"ru-RU","name":"скамья"},{"lang":"vi-VN","name":"ghế dài"},{"lang":"zh-CN","name":"长凳"},{"lang":"hi-IN","name":"बेंच"},{"lang":"th-TH","name":"ม้านั่ง"},{"lang":"tr-TR","name":"bank"},{"lang":"pt-BR","name":"banco"},{"lang":"de-DE","name":"Bank"},{"lang":"id-ID","name":"bangku"},{"lang":"fr-FR","name":"banc"}]},{"id":33,"name":"stadium","transcription":"[ˈsteɪdɪəm]","image":"/img/dict/city/stadium.png","translates":[{"lang":"ru-RU","name":"стадион"},{"lang":"vi-VN","name":"sân vận động"},{"lang":"zh-CN","name":"体育场"},{"lang":"hi-IN","name":"स्टेडियम"},{"lang":"th-TH","name":"สนามกีฬา"},{"lang":"tr-TR","name":"stadyum"},{"lang":"pt-BR","name":"estádio"},{"lang":"de-DE","name":"Stadion"},{"lang":"id-ID","name":"stadion"},{"lang":"fr-FR","name":"stade"}]},{"id":34,"name":"circus","transcription":"[ˈsɜːrkəs]","image":"/img/dict/city/circus.png","translates":[{"lang":"ru-RU","name":"цирк"},{"lang":"vi-VN","name":"rạp xiếc"},{"lang":"zh-CN","name":"马戏团"},{"lang":"hi-IN","name":"सर्कस"},{"lang":"th-TH","name":"ละครสัตว์"},{"lang":"tr-TR","name":"sirk"},{"lang":"pt-BR","name":"circo"},{"lang":"de-DE","name":"Zirkus"},{"lang":"id-ID","name":"sirkus"},{"lang":"fr-FR","name":"cirque"}]},{"id":35,"name":"market","transcription":"[ˈmɑːrkɪt]","image":"/img/dict/city/market.png","translates":[{"lang":"ru-RU","name":"рынок"},{"lang":"vi-VN","name":"chợ"},{"lang":"zh-CN","name":"市场"},{"lang":"hi-IN","name":"बाजार"},{"lang":"th-TH","name":"ตลาด"},{"lang":"tr-TR","name":"pazar"},{"lang":"pt-BR","name":"mercado"},{"lang":"de-DE","name":"Markt"},{"lang":"id-ID","name":"pasar"},{"lang":"fr-FR","name":"marché"}]},{"id":36,"name":"cafe","transcription":"[kæˈfeɪ]","image":"/img/dict/city/cafe.png","translates":[{"lang":"ru-RU","name":"кафе"},{"lang":"vi-VN","name":"quán cà phê"},{"lang":"zh-CN","name":"咖啡馆"},{"lang":"hi-IN","name":"कैफे"},{"lang":"th-TH","name":"คาเฟ่"},{"lang":"tr-TR","name":"kafe"},{"lang":"pt-BR","name":"café"},{"lang":"de-DE","name":"Café"},{"lang":"id-ID","name":"kafe"},{"lang":"fr-FR","name":"café"}]},{"id":37,"name":"bus","transcription":"[bʌs]","image":"/img/dict/city/bus.png","translates":[{"lang":"ru-RU","name":"автобус"},{"lang":"vi-VN","name":"xe buýt"},{"lang":"zh-CN","name":"公共汽车"},{"lang":"hi-IN","name":"बस"},{"lang":"th-TH","name":"รถบัส"},{"lang":"tr-TR","name":"otobüs"},{"lang":"pt-BR","name":"ônibus"},{"lang":"de-DE","name":"Bus"},{"lang":"id-ID","name":"bis"},{"lang":"fr-FR","name":"bus"}]},{"id":38,"name":"cathedral","transcription":"[kəˈθiːdrəl]","image":"/img/dict/city/cathedral.png","translates":[{"lang":"ru-RU","name":"собор"},{"lang":"vi-VN","name":"nhà thờ lớn"},{"lang":"zh-CN","name":"大教堂"},{"lang":"hi-IN","name":"गिरजाघर"},{"lang":"th-TH","name":"มหาวิหาร"},{"lang":"tr-TR","name":"katedral"},{"lang":"pt-BR","name":"catedral"},{"lang":"de-DE","name":"Kathedrale"},{"lang":"id-ID","name":"katedral"},{"lang":"fr-FR","name":"cathédrale"}]},{"id":39,"name":"bookshop","transcription":"[ˈbʊkʃɑːp]","image":"/img/dict/city/bookshop.png","translates":[{"lang":"ru-RU","name":"книжный магазин"},{"lang":"vi-VN","name":"hiệu sách"},{"lang":"zh-CN","name":"书店"},{"lang":"hi-IN","name":"किताबों की दुकान"},{"lang":"th-TH","name":"ร้านหนังสือ"},{"lang":"tr-TR","name":"kitapçı"},{"lang":"pt-BR","name":"livraria"},{"lang":"de-DE","name":"Buchhandlung"},{"lang":"id-ID","name":"toko buku"},{"lang":"fr-FR","name":"librairie"}]},{"id":40,"name":"cinema","transcription":"[ˈsɪnəmə]","image":"/img/dict/city/cinema.png","translates":[{"lang":"ru-RU","name":"кино"},{"lang":"vi-VN","name":"rạp chiếu phim"},{"lang":"zh-CN","name":"电影院"},{"lang":"hi-IN","name":"सिनेमा"},{"lang":"th-TH","name":"โรงภาพยนตร์"},{"lang":"tr-TR","name":"sinema"},{"lang":"pt-BR","name":"cinema"},{"lang":"de-DE","name":"Kino"},{"lang":"id-ID","name":"bioskop"},{"lang":"fr-FR","name":"cinéma"}]},{"id":41,"name":"gate","transcription":"[ɡeɪt]","image":"/img/dict/city/gate.png","translates":[{"lang":"ru-RU","name":"ворота"},{"lang":"vi-VN","name":"cổng"},{"lang":"zh-CN","name":"大门"},{"lang":"hi-IN","name":"गेट"},{"lang":"th-TH","name":"ประตู"},{"lang":"tr-TR","name":"kapı"},{"lang":"pt-BR","name":"portão"},{"lang":"de-DE","name":"Tor"},{"lang":"id-ID","name":"gerbang"},{"lang":"fr-FR","name":"porte"}]},{"id":42,"name":"statue","transcription":"[ˈstætʃuː]","image":"/img/dict/city/statue.png","translates":[{"lang":"ru-RU","name":"статуя"},{"lang":"vi-VN","name":"tượng"},{"lang":"zh-CN","name":"雕像"},{"lang":"hi-IN","name":"मूर्ति"},{"lang":"th-TH","name":"รูปปั้น"},{"lang":"tr-TR","name":"heykel"},{"lang":"pt-BR","name":"estátua"},{"lang":"de-DE","name":"Statue"},{"lang":"id-ID","name":"patung"},{"lang":"fr-FR","name":"statue"}]},{"id":43,"name":"museum","transcription":"[mjʊˈziːəm]","image":"/img/dict/city/museum.png","translates":[{"lang":"ru-RU","name":"музей"},{"lang":"vi-VN","name":"bảo tàng"},{"lang":"zh-CN","name":"博物馆"},{"lang":"hi-IN","name":"संग्रहालय"},{"lang":"th-TH","name":"พิพิธภัณฑ์"},{"lang":"tr-TR","name":"müze"},{"lang":"pt-BR","name":"museu"},{"lang":"de-DE","name":"Museum"},{"lang":"id-ID","name":"museum"},{"lang":"fr-FR","name":"musée"}]},{"id":44,"name":"road sign","transcription":"[rəʊd saɪn]","image":"/img/dict/city/road_sign.png","translates":[{"lang":"ru-RU","name":"дорожный знак"},{"lang":"vi-VN","name":"biển báo giao thông"},{"lang":"zh-CN","name":"路标"},{"lang":"hi-IN","name":"सड़क संकेत"},{"lang":"th-TH","name":"ป้ายถนน"},{"lang":"tr-TR","name":"trafik işareti"},{"lang":"pt-BR","name":"placa de trânsito"},{"lang":"de-DE","name":"Verkehrsschild"},{"lang":"id-ID","name":"rambu jalan"},{"lang":"fr-FR","name":"panneau de signalisation"}]},{"id":45,"name":"building","transcription":"[ˈbɪldɪŋ]","image":"/img/dict/home/building.png","translates":[{"lang":"ru-RU","name":"здание, строение"},{"lang":"vi-VN","name":"tòa nhà"},{"lang":"zh-CN","name":"建筑物"},{"lang":"hi-IN","name":"इमारत"},{"lang":"th-TH","name":"อาคาร"},{"lang":"tr-TR","name":"bina"},{"lang":"pt-BR","name":"edifício"},{"lang":"de-DE","name":"Gebäude"},{"lang":"id-ID","name":"bangunan"},{"lang":"fr-FR","name":"bâtiment"}]},{"id":46,"name":"railway station","transcription":"[ˈreɪlweɪ ˈsteɪʃn]","image":"/img/dict/city/railway_station.png","translates":[{"lang":"ru-RU","name":"железнодорожный вокзал"},{"lang":"vi-VN","name":"ga xe lửa"},{"lang":"zh-CN","name":"火车站"},{"lang":"hi-IN","name":"रेलवे स्टेशन"},{"lang":"th-TH","name":"สถานีรถไฟ"},{"lang":"tr-TR","name":"tren istasyonu"},{"lang":"pt-BR","name":"estação ferroviária"},{"lang":"de-DE","name":"Bahnhof"},{"lang":"id-ID","name":"stasiun kereta"},{"lang":"fr-FR","name":"gare"}]},{"id":47,"name":"underpass","transcription":"[ˈʌndərpæs]","image":"/img/dict/city/underpass.png","translates":[{"lang":"ru-RU","name":"подземный переход"},{"lang":"vi-VN","name":"đường hầm"},{"lang":"zh-CN","name":"地下通道"},{"lang":"hi-IN","name":"अंडरपास"},{"lang":"th-TH","name":"อุโมงค์"},{"lang":"tr-TR","name":"alt geçit"},{"lang":"pt-BR","name":"passagem subterrânea"},{"lang":"de-DE","name":"Unterführung"},{"lang":"id-ID","name":"jalan bawah tanah"},{"lang":"fr-FR","name":"passage souterrain"}]},{"id":48,"name":"toyshop","transcription":"[ˈtɔɪʃɑːp]","image":"/img/dict/city/toyshop.png","translates":[{"lang":"ru-RU","name":"магазин игрушек"},{"lang":"vi-VN","name":"cửa hàng đồ chơi"},{"lang":"zh-CN","name":"玩具店"},{"lang":"hi-IN","name":"खिलौने की दुकान"},{"lang":"th-TH","name":"ร้านขายของเล่น"},{"lang":"tr-TR","name":"oyuncak dükkanı"},{"lang":"pt-BR","name":"loja de brinquedos"},{"lang":"de-DE","name":"Spielzeugladen"},{"lang":"id-ID","name":"toko mainan"},{"lang":"fr-FR","name":"magasin de jouets"}]},{"id":49,"name":"traffic lights","transcription":"[ˈtræfɪk ˈlaɪts]","image":"/img/dict/city/traffic_lights.png","translates":[{"lang":"ru-RU","name":"светофор"},{"lang":"vi-VN","name":"đèn giao thông"},{"lang":"zh-CN","name":"交通灯"},{"lang":"hi-IN","name":"ट्रैफिक लाइट"},{"lang":"th-TH","name":"ไฟจราจร"},{"lang":"tr-TR","name":"trafik ışıkları"},{"lang":"pt-BR","name":"semáforo"},{"lang":"de-DE","name":"Ampel"},{"lang":"id-ID","name":"lampu lalu lintas"},{"lang":"fr-FR","name":"feux de circulation"}]},{"id":50,"name":"zoo","transcription":"[zuː]","image":"/img/dict/city/zoo.png","translates":[{"lang":"ru-RU","name":"зоопарк"},{"lang":"vi-VN","name":"sở thú"},{"lang":"zh-CN","name":"动物园"},{"lang":"hi-IN","name":"चिड़ियाघर"},{"lang":"th-TH","name":"สวนสัตว์"},{"lang":"tr-TR","name":"hayvanat bahçesi"},{"lang":"pt-BR","name":"zoológico"},{"lang":"de-DE","name":"Zoo"},{"lang":"id-ID","name":"kebun binatang"},{"lang":"fr-FR","name":"zoo"}]},{"id":51,"name":"stall","transcription":"[stɔːl]","image":"/img/dict/city/stall.png","translates":[{"lang":"ru-RU","name":"киоск"},{"lang":"vi-VN","name":"quầy hàng"},{"lang":"zh-CN","name":"摊位"},{"lang":"hi-IN","name":"स्टॉल"},{"lang":"th-TH","name":"แผงลอย"},{"lang":"tr-TR","name":"tezgah"},{"lang":"pt-BR","name":"barraca"},{"lang":"de-DE","name":"Stand"},{"lang":"id-ID","name":"kios"},{"lang":"fr-FR","name":"étal"}]},{"id":52,"name":"police","transcription":"[pəˈliːs]","image":"/img/dict/city/police.png","translates":[{"lang":"ru-RU","name":"полиция"},{"lang":"vi-VN","name":"cảnh sát"},{"lang":"zh-CN","name":"警察"},{"lang":"hi-IN","name":"पुलिस"},{"lang":"th-TH","name":"ตำรวจ"},{"lang":"tr-TR","name":"polis"},{"lang":"pt-BR","name":"polícia"},{"lang":"de-DE","name":"Polizei"},{"lang":"id-ID","name":"polisi"},{"lang":"fr-FR","name":"police"}]},{"id":53,"name":"shop","transcription":"[ʃɑːp]","image":"/img/dict/city/shop.png","translates":[{"lang":"ru-RU","name":"магазин"},{"lang":"vi-VN","name":"cửa hàng"},{"lang":"zh-CN","name":"商店"},{"lang":"hi-IN","name":"दुकान"},{"lang":"th-TH","name":"ร้านค้า"},{"lang":"tr-TR","name":"dükkan"},{"lang":"pt-BR","name":"loja"},{"lang":"de-DE","name":"Geschäft"},{"lang":"id-ID","name":"toko"},{"lang":"fr-FR","name":"magasin"}]},{"id":54,"name":"city","transcription":"[ˈsɪtɪ]","image":"/img/dict/home/city.png","translates":[{"lang":"ru-RU","name":"город"},{"lang":"vi-VN","name":"thành phố"},{"lang":"zh-CN","name":"城市"},{"lang":"hi-IN","name":"शहर"},{"lang":"th-TH","name":"เมือง"},{"lang":"tr-TR","name":"şehir"},{"lang":"pt-BR","name":"cidade"},{"lang":"de-DE","name":"Stadt"},{"lang":"id-ID","name":"kota"},{"lang":"fr-FR","name":"ville"}]},{"id":55,"name":"theatre","transcription":"[ˈθiːətər]","image":"/img/dict/city/theatre.png","translates":[{"lang":"ru-RU","name":"театр"},{"lang":"vi-VN","name":"nhà hát"},{"lang":"zh-CN","name":"剧院"},{"lang":"hi-IN","name":"थिएटर"},{"lang":"th-TH","name":"โรงละคร"},{"lang":"tr-TR","name":"tiyatro"},{"lang":"pt-BR","name":"teatro"},{"lang":"de-DE","name":"Theater"},{"lang":"id-ID","name":"teater"},{"lang":"fr-FR","name":"théâtre"}]},{"id":56,"name":"fire station","transcription":"[ˈfaɪər ˈsteɪʃn]","image":"/img/dict/city/fire_station.png","translates":[{"lang":"ru-RU","name":"пожарное депо"},{"lang":"vi-VN","name":"trạm cứu hỏa"},{"lang":"zh-CN","name":"消防站"},{"lang":"hi-IN","name":"फायर स्टेशन"},{"lang":"th-TH","name":"สถานีดับเพลิง"},{"lang":"tr-TR","name":"itfaiye"},{"lang":"pt-BR","name":"bombeiros"},{"lang":"de-DE","name":"Feuerwache"},{"lang":"id-ID","name":"pemadam kebakaran"},{"lang":"fr-FR","name":"caserne de pompiers"}]},{"id":57,"name":"bar","transcription":"[bɑːr]","image":"/img/dict/city/bar.png","translates":[{"lang":"ru-RU","name":"бар"},{"lang":"vi-VN","name":"quán bar"},{"lang":"zh-CN","name":"酒吧"},{"lang":"hi-IN","name":"बार"},{"lang":"th-TH","name":"บาร์"},{"lang":"tr-TR","name":"bar"},{"lang":"pt-BR","name":"bar"},{"lang":"de-DE","name":"Bar"},{"lang":"id-ID","name":"bar"},{"lang":"fr-FR","name":"bar"}]},{"id":58,"name":"subway","transcription":"[ˈsʌbweɪ]","image":"/img/dict/city/subway.png","translates":[{"lang":"ru-RU","name":"метро"},{"lang":"vi-VN","name":"tàu điện ngầm"},{"lang":"zh-CN","name":"地铁"},{"lang":"hi-IN","name":"मेट्रो"},{"lang":"th-TH","name":"รถไฟใต้ดิน"},{"lang":"tr-TR","name":"metro"},{"lang":"pt-BR","name":"metrô"},{"lang":"de-DE","name":"U-Bahn"},{"lang":"id-ID","name":"kereta bawah tanah"},{"lang":"fr-FR","name":"métro"}]},{"id":59,"name":"bakery","transcription":"[ˈbeɪkərɪ]","image":"/img/dict/city/bakery.png","translates":[{"lang":"ru-RU","name":"булочная"},{"lang":"vi-VN","name":"tiệm bánh"},{"lang":"zh-CN","name":"面包店"},{"lang":"hi-IN","name":"बेकरी"},{"lang":"th-TH","name":"ร้านเบเกอรี่"},{"lang":"tr-TR","name":"fırın"},{"lang":"pt-BR","name":"padaria"},{"lang":"de-DE","name":"Bäckerei"},{"lang":"id-ID","name":"toko roti"},{"lang":"fr-FR","name":"boulangerie"}]},{"id":60,"name":"bank","transcription":"[bæŋk]","image":"/img/dict/city/bank.png","translates":[{"lang":"ru-RU","name":"банк"},{"lang":"vi-VN","name":"ngân hàng"},{"lang":"zh-CN","name":"银行"},{"lang":"hi-IN","name":"बैंक"},{"lang":"th-TH","name":"ธนาคาร"},{"lang":"tr-TR","name":"banka"},{"lang":"pt-BR","name":"banco"},{"lang":"de-DE","name":"Bank"},{"lang":"id-ID","name":"bank"},{"lang":"fr-FR","name":"banque"}]},{"id":61,"name":"hotel","transcription":"[həʊˈtel]","image":"/img/dict/city/hotel.png","translates":[{"lang":"ru-RU","name":"отель, гостиница"},{"lang":"vi-VN","name":"khách sạn"},{"lang":"zh-CN","name":"酒店"},{"lang":"hi-IN","name":"होटल"},{"lang":"th-TH","name":"โรงแรม"},{"lang":"tr-TR","name":"otel"},{"lang":"pt-BR","name":"hotel"},{"lang":"de-DE","name":"Hotel"},{"lang":"id-ID","name":"hotel"},{"lang":"fr-FR","name":"hôtel"}]},{"id":62,"name":"underpass","transcription":"[ˈʌndərpæs]","image":"/img/dict/city/underpass.png","translates":[{"lang":"ru-RU","name":"подземный переход"},{"lang":"vi-VN","name":"đường hầm"},{"lang":"zh-CN","name":"地下通道"},{"lang":"hi-IN","name":"अंडरपास"},{"lang":"th-TH","name":"อุโมงค์"},{"lang":"tr-TR","name":"alt geçit"},{"lang":"pt-BR","name":"passagem subterrânea"},{"lang":"de-DE","name":"Unterführung"},{"lang":"id-ID","name":"jalan bawah tanah"},{"lang":"fr-FR","name":"passage souterrain"}]},{"id":63,"name":"shop window","transcription":"[ʃɑːp ˈwɪndəʊ]","image":"/img/dict/city/shop_window.png","translates":[{"lang":"ru-RU","name":"витрина"},{"lang":"vi-VN","name":"cửa kính"},{"lang":"zh-CN","name":"橱窗"},{"lang":"hi-IN","name":"दुकान की खिड़की"},{"lang":"th-TH","name":"ตู้โชว์"},{"lang":"tr-TR","name":"vitrin"},{"lang":"pt-BR","name":"vitrine"},{"lang":"de-DE","name":"Schaufenster"},{"lang":"id-ID","name":"etalase"},{"lang":"fr-FR","name":"vitrine"}]},{"id":64,"name":"beauty salon","transcription":"[ˈbjuːtɪ səˈlɑːn]","image":"/img/dict/city/beauty_salon.png","translates":[{"lang":"ru-RU","name":"салон красоты"},{"lang":"vi-VN","name":"tiệm làm đẹp"},{"lang":"zh-CN","name":"美容院"},{"lang":"hi-IN","name":"ब्यूटी सैलून"},{"lang":"th-TH","name":"ร้านเสริมสวย"},{"lang":"tr-TR","name":"güzellik salonu"},{"lang":"pt-BR","name":"salão de beleza"},{"lang":"de-DE","name":"Schönheitssalon"},{"lang":"id-ID","name":"salon kecantikan"},{"lang":"fr-FR","name":"salon de beauté"}]},{"id":65,"name":"hospital","transcription":"[ˈhɑːspɪtl]","image":"/img/dict/city/hospital.png","translates":[{"lang":"ru-RU","name":"больница"},{"lang":"vi-VN","name":"bệnh viện"},{"lang":"zh-CN","name":"医院"},{"lang":"hi-IN","name":"अस्पताल"},{"lang":"th-TH","name":"โรงพยาบาล"},{"lang":"tr-TR","name":"hastane"},{"lang":"pt-BR","name":"hospital"},{"lang":"de-DE","name":"Krankenhaus"},{"lang":"id-ID","name":"rumah sakit"},{"lang":"fr-FR","name":"hôpital"}]},{"id":66,"name":"jewellery shop","transcription":"[ˈdʒuːəlrɪ ʃɑːp]","image":"/img/dict/city/jewellery_shop.png","translates":[{"lang":"ru-RU","name":"ювелирный магазин"},{"lang":"vi-VN","name":"cửa hàng trang sức"},{"lang":"zh-CN","name":"珠宝店"},{"lang":"hi-IN","name":"ज्वैलरी शॉप"},{"lang":"th-TH","name":"ร้านเครื่องประดับ"},{"lang":"tr-TR","name":"kuyumcu"},{"lang":"pt-BR","name":"joalheria"},{"lang":"de-DE","name":"Juwelier"},{"lang":"id-ID","name":"toko perhiasan"},{"lang":"fr-FR","name":"bijouterie"}]},{"id":67,"name":"pedestrian","transcription":"[pəˈdestriən]","image":"/img/dict/city/pedestrian.png","translates":[{"lang":"ru-RU","name":"пешеход"},{"lang":"vi-VN","name":"người đi bộ"},{"lang":"zh-CN","name":"行人"},{"lang":"hi-IN","name":"पैदल यात्री"},{"lang":"th-TH","name":"คนเดินเท้า"},{"lang":"tr-TR","name":"yaya"},{"lang":"pt-BR","name":"pedestre"},{"lang":"de-DE","name":"Fußgänger"},{"lang":"id-ID","name":"pejalan kaki"},{"lang":"fr-FR","name":"piéton"}]},{"id":68,"name":"gym","transcription":"[dʒɪm]","image":"/img/dict/city/gym.png","translates":[{"lang":"ru-RU","name":"тренажерный зал"},{"lang":"vi-VN","name":"phòng tập"},{"lang":"zh-CN","name":"健身房"},{"lang":"hi-IN","name":"जिम"},{"lang":"th-TH","name":"ยิม"},{"lang":"tr-TR","name":"spor salonu"},{"lang":"pt-BR","name":"academia"},{"lang":"de-DE","name":"Fitnessstudio"},{"lang":"id-ID","name":"gym"},{"lang":"fr-FR","name":"salle de sport"}]},{"id":69,"name":"pharmacy","transcription":"[ˈfɑːrməsɪ]","image":"/img/dict/city/pharmacy.png","translates":[{"lang":"ru-RU","name":"аптека"},{"lang":"vi-VN","name":"hiệu thuốc"},{"lang":"zh-CN","name":"药店"},{"lang":"hi-IN","name":"फार्मेसी"},{"lang":"th-TH","name":"ร้านขายยา"},{"lang":"tr-TR","name":"eczane"},{"lang":"pt-BR","name":"farmácia"},{"lang":"de-DE","name":"Apotheke"},{"lang":"id-ID","name":"apotek"},{"lang":"fr-FR","name":"pharmacie"}]},{"id":70,"name":"town","transcription":"[taʊn]","image":"/img/dict/city/town.png","translates":[{"lang":"ru-RU","name":"город"},{"lang":"vi-VN","name":"thị trấn"},{"lang":"zh-CN","name":"城镇"},{"lang":"hi-IN","name":"शहर"},{"lang":"th-TH","name":"เมือง"},{"lang":"tr-TR","name":"kasaba"},{"lang":"pt-BR","name":"cidade"},{"lang":"de-DE","name":"Stadt"},{"lang":"id-ID","name":"kota"},{"lang":"fr-FR","name":"ville"}]},{"id":71,"name":"bus stop","transcription":"[bʌs stɑːp]","image":"/img/dict/city/bus_stop.png","translates":[{"lang":"ru-RU","name":"автобусная остановка"},{"lang":"vi-VN","name":"trạm xe buýt"},{"lang":"zh-CN","name":"公交车站"},{"lang":"hi-IN","name":"बस स्टॉप"},{"lang":"th-TH","name":"ป้ายรถเมล์"},{"lang":"tr-TR","name":"otobüs durağı"},{"lang":"pt-BR","name":"ponto de ônibus"},{"lang":"de-DE","name":"Bushaltestelle"},{"lang":"id-ID","name":"halte bus"},{"lang":"fr-FR","name":"arrêt de bus"}]},{"id":72,"name":"church","transcription":"[tʃɜːrtʃ]","image":"/img/dict/city/church.png","translates":[{"lang":"ru-RU","name":"церковь"},{"lang":"vi-VN","name":"nhà thờ"},{"lang":"zh-CN","name":"教堂"},{"lang":"hi-IN","name":"चर्च"},{"lang":"th-TH","name":"โบสถ์"},{"lang":"tr-TR","name":"kilise"},{"lang":"pt-BR","name":"igreja"},{"lang":"de-DE","name":"Kirche"},{"lang":"id-ID","name":"gereja"},{"lang":"fr-FR","name":"église"}]},{"id":73,"name":"square","transcription":"[skwer]","image":"/img/dict/city/square.png","translates":[{"lang":"ru-RU","name":"площадь"},{"lang":"vi-VN","name":"quảng trường"},{"lang":"zh-CN","name":"广场"},{"lang":"hi-IN","name":"चौक"},{"lang":"th-TH","name":"จัตุรัส"},{"lang":"tr-TR","name":"meydan"},{"lang":"pt-BR","name":"praça"},{"lang":"de-DE","name":"Platz"},{"lang":"id-ID","name":"alun-alun"},{"lang":"fr-FR","name":"place"}]},{"id":74,"name":"hairdressing salon","transcription":"[ˈherdresɪŋ səˈlɑːn]","image":"/img/dict/city/hairdressing_salon.png","translates":[{"lang":"ru-RU","name":"парикмахерская"},{"lang":"vi-VN","name":"tiệm làm tóc"},{"lang":"zh-CN","name":"理发店"},{"lang":"hi-IN","name":"हेयरड्रेसिंग सैलून"},{"lang":"th-TH","name":"ร้านทำผม"},{"lang":"tr-TR","name":"kuaför"},{"lang":"pt-BR","name":"salão de cabeleireiro"},{"lang":"de-DE","name":"Friseur"},{"lang":"id-ID","name":"salon kecantikan"},{"lang":"fr-FR","name":"salon de coiffure"}]},{"id":75,"name":"beach","transcription":"[biːtʃ]","image":"/img/dict/city/beach.png","translates":[{"lang":"ru-RU","name":"пляж"},{"lang":"vi-VN","name":"bãi biển"},{"lang":"zh-CN","name":"海滩"},{"lang":"hi-IN","name":"समुद्र तट"},{"lang":"th-TH","name":"ชายหาด"},{"lang":"tr-TR","name":"plaj"},{"lang":"pt-BR","name":"praia"},{"lang":"de-DE","name":"Strand"},{"lang":"id-ID","name":"pantai"},{"lang":"fr-FR","name":"plage"}]},{"id":76,"name":"map","transcription":"[mæp]","image":"/img/dict/city/map.png","translates":[{"lang":"ru-RU","name":"карта"},{"lang":"vi-VN","name":"bản đồ"},{"lang":"zh-CN","name":"地图"},{"lang":"hi-IN","name":"नक्शा"},{"lang":"th-TH","name":"แผนที่"},{"lang":"tr-TR","name":"harita"},{"lang":"pt-BR","name":"mapa"},{"lang":"de-DE","name":"Karte"},{"lang":"id-ID","name":"peta"},{"lang":"fr-FR","name":"carte"}]},{"id":77,"name":"traffic","transcription":"[ˈtræfɪk]","image":"/img/dict/city/traffic.png","translates":[{"lang":"ru-RU","name":"движение"},{"lang":"vi-VN","name":"giao thông"},{"lang":"zh-CN","name":"交通"},{"lang":"hi-IN","name":"यातायात"},{"lang":"th-TH","name":"การจราจร"},{"lang":"tr-TR","name":"trafik"},{"lang":"pt-BR","name":"trânsito"},{"lang":"de-DE","name":"Verkehr"},{"lang":"id-ID","name":"lalu lintas"},{"lang":"fr-FR","name":"trafic"}]},{"id":78,"name":"shopping centre","transcription":"[ˈʃɑːpɪŋ ˈsentər]","image":"/img/dict/city/shopping_centre.png","translates":[{"lang":"ru-RU","name":"торговый центр"},{"lang":"vi-VN","name":"trung tâm mua sắm"},{"lang":"zh-CN","name":"购物中心"},{"lang":"hi-IN","name":"शॉपिंग सेंटर"},{"lang":"th-TH","name":"ศูนย์การค้า"},{"lang":"tr-TR","name":"alışveriş merkezi"},{"lang":"pt-BR","name":"shopping"},{"lang":"de-DE","name":"Einkaufszentrum"},{"lang":"id-ID","name":"pusat perbelanjaan"},{"lang":"fr-FR","name":"centre commercial"}]},{"id":79,"name":"flower bed","transcription":"[ˈflaʊər bed]","image":"/img/dict/city/flower_bed.png","translates":[{"lang":"ru-RU","name":"клумба"},{"lang":"vi-VN","name":"luống hoa"},{"lang":"zh-CN","name":"花坛"},{"lang":"hi-IN","name":"फूलों की क्यारी"},{"lang":"th-TH","name":"แปลงดอกไม้"},{"lang":"tr-TR","name":"çiçek tarhı"},{"lang":"pt-BR","name":"canteiro de flores"},{"lang":"de-DE","name":"Blumenbeet"},{"lang":"id-ID","name":"tanaman bunga"},{"lang":"fr-FR","name":"parterre de fleurs"}]},{"id":80,"name":"gallery","transcription":"[ˈɡælərɪ]","image":"/img/dict/city/gallery.png","translates":[{"lang":"ru-RU","name":"картинная галерея"},{"lang":"vi-VN","name":"phòng trưng bày"},{"lang":"zh-CN","name":"画廊"},{"lang":"hi-IN","name":"गैलरी"},{"lang":"th-TH","name":"หอศิลป์"},{"lang":"tr-TR","name":"galeri"},{"lang":"pt-BR","name":"galeria"},{"lang":"de-DE","name":"Galerie"},{"lang":"id-ID","name":"galeri"},{"lang":"fr-FR","name":"galerie"}]},{"id":81,"name":"skyscraper","transcription":"[ˈskaɪskreɪpə]","image":"/img/dict/home/skyscraper.png","translates":[{"lang":"ru-RU","name":"небоскрёб"},{"lang":"vi-VN","name":"nhà chọc trời"},{"lang":"zh-CN","name":"摩天大楼"},{"lang":"hi-IN","name":"गगनचुंबी इमारत"},{"lang":"th-TH","name":"ตึกระฟ้า"},{"lang":"tr-TR","name":"gökdelen"},{"lang":"pt-BR","name":"arranha-céu"},{"lang":"de-DE","name":"Wolkenkratzer"},{"lang":"id-ID","name":"pencakar langit"},{"lang":"fr-FR","name":"gratte-ciel"}]},{"id":82,"name":"cinema","transcription":"[ˈsɪnəmə]","image":"/img/dict/city/cinema.png","translates":[{"lang":"ru-RU","name":"кино"},{"lang":"vi-VN","name":"rạp chiếu phim"},{"lang":"zh-CN","name":"电影院"},{"lang":"hi-IN","name":"सिनेमा"},{"lang":"th-TH","name":"โรงภาพยนตร์"},{"lang":"tr-TR","name":"sinema"},{"lang":"pt-BR","name":"cinema"},{"lang":"de-DE","name":"Kino"},{"lang":"id-ID","name":"bioskop"},{"lang":"fr-FR","name":"cinéma"}]},{"id":83,"name":"service centre","transcription":"[ˈsɜːrvɪs ˈsentər]","image":"/img/dict/city/service_centre.png","translates":[{"lang":"ru-RU","name":"дом быта"},{"lang":"vi-VN","name":"trung tâm dịch vụ"},{"lang":"zh-CN","name":"服务中心"},{"lang":"hi-IN","name":"सेवा केंद्र"},{"lang":"th-TH","name":"ศูนย์บริการ"},{"lang":"tr-TR","name":"servis merkezi"},{"lang":"pt-BR","name":"centro de serviço"},{"lang":"de-DE","name":"Servicezentrum"},{"lang":"id-ID","name":"pusat layanan"},{"lang":"fr-FR","name":"centre de service"}]},{"id":84,"name":"arch","transcription":"[ɑːrtʃ]","image":"/img/dict/city/arch.png","translates":[{"lang":"ru-RU","name":"арка"},{"lang":"vi-VN","name":"vòm"},{"lang":"zh-CN","name":"拱门"},{"lang":"hi-IN","name":"मेहराब"},{"lang":"th-TH","name":"ซุ้มประตู"},{"lang":"tr-TR","name":"kemer"},{"lang":"pt-BR","name":"arco"},{"lang":"de-DE","name":"Bogen"},{"lang":"id-ID","name":"lengkung"},{"lang":"fr-FR","name":"arche"}]},{"id":85,"name":"postbox","transcription":"[ˈpəʊstbɑːks]","image":"/img/dict/city/postbox.png","translates":[{"lang":"ru-RU","name":"почтовый ящик"},{"lang":"vi-VN","name":"hộp thư"},{"lang":"zh-CN","name":"邮箱"},{"lang":"hi-IN","name":"डाकपेटी"},{"lang":"th-TH","name":"ตู้ไปรษณีย์"},{"lang":"tr-TR","name":"posta kutusu"},{"lang":"pt-BR","name":"caixa de correio"},{"lang":"de-DE","name":"Briefkasten"},{"lang":"id-ID","name":"kotak pos"},{"lang":"fr-FR","name":"boîte aux lettres"}]},{"id":86,"name":"synagogue","transcription":"[ˈsɪnəɡɑːɡ]","image":"/img/dict/city/synagogue.png","translates":[{"lang":"ru-RU","name":"синагога"},{"lang":"vi-VN","name":"giáo đường Do Thái"},{"lang":"zh-CN","name":"犹太教堂"},{"lang":"hi-IN","name":"सिनेगॉग"},{"lang":"th-TH","name":"สุเหร่า"},{"lang":"tr-TR","name":"sinagog"},{"lang":"pt-BR","name":"sinagoga"},{"lang":"de-DE","name":"Synagoge"},{"lang":"id-ID","name":"sinagoga"},{"lang":"fr-FR","name":"synagogue"}]},{"id":87,"name":"entrance","transcription":"[ˈentrəns]","image":"/img/dict/city/entrance.png","translates":[{"lang":"ru-RU","name":"вход"},{"lang":"vi-VN","name":"lối vào"},{"lang":"zh-CN","name":"入口"},{"lang":"hi-IN","name":"प्रवेश"},{"lang":"th-TH","name":"ทางเข้า"},{"lang":"tr-TR","name":"giriş"},{"lang":"pt-BR","name":"entrada"},{"lang":"de-DE","name":"Eingang"},{"lang":"id-ID","name":"pintu masuk"},{"lang":"fr-FR","name":"entrée"}]},{"id":88,"name":"monument","transcription":"[ˈmɑːnjʊmənt]","image":"/img/dict/city/monument.png","translates":[{"lang":"ru-RU","name":"памятник"},{"lang":"vi-VN","name":"tượng đài"},{"lang":"zh-CN","name":"纪念碑"},{"lang":"hi-IN","name":"स्मारक"},{"lang":"th-TH","name":"อนุสาวรีย์"},{"lang":"tr-TR","name":"anıt"},{"lang":"pt-BR","name":"monumento"},{"lang":"de-DE","name":"Denkmal"},{"lang":"id-ID","name":"monumen"},{"lang":"fr-FR","name":"monument"}]},{"id":89,"name":"car","transcription":"[kɑːr]","image":"/img/dict/city/car.png","translates":[{"lang":"ru-RU","name":"машина"},{"lang":"vi-VN","name":"xe hơi"},{"lang":"zh-CN","name":"汽车"},{"lang":"hi-IN","name":"कार"},{"lang":"th-TH","name":"รถยนต์"},{"lang":"tr-TR","name":"araba"},{"lang":"pt-BR","name":"carro"},{"lang":"de-DE","name":"Auto"},{"lang":"id-ID","name":"mobil"},{"lang":"fr-FR","name":"voiture"}]},{"id":90,"name":"park","transcription":"[pɑːrk]","image":"/img/dict/city/park.png","translates":[{"lang":"ru-RU","name":"парк"},{"lang":"vi-VN","name":"công viên"},{"lang":"zh-CN","name":"公园"},{"lang":"hi-IN","name":"पार्क"},{"lang":"th-TH","name":"สวนสาธารณะ"},{"lang":"tr-TR","name":"park"},{"lang":"pt-BR","name":"parque"},{"lang":"de-DE","name":"Park"},{"lang":"id-ID","name":"taman"},{"lang":"fr-FR","name":"parc"}]}]}