{
  "name": "Family",
  "nameA": null,
  "Translations": [
    {
      "lang": "ru-RU",
      "name": "Семья",
      "nameA": null
    }
  ],
  "items": [
    
    {
      "id": 0,
      "name": "Parents",
      "nameA": null,
      "image": "/img/dict/family/parents.png",
      "bg": "white",
      "translates": [
        {
          "lang": "ru-RU",
          "name": "Родители",
          "nameA": null
        }
      ]
    }
    ,
    {
      "id": 0,
      "name": "Family",
      "nameA": null,
      "image": "/img/dict/family/family.png",
      "bg": "white",
      "translates": [
        {
          "lang": "ru-RU",
          "name": "Семья",
          "nameA": null
        }
      ]
    },
    {
      "id": 0,
      "name": "Mum",
      "nameA": null,
      "image": "/img/dict/family/mother.png",
      "bg": "white",
      "translates": [
        {
          "lang": "ru-RU",
          "name": "Мама",
          "nameA": null
        }
      ]
    },
    {
      "id": 0,
      "name": "Dad",
      "nameA": null,
      "image": "/img/dict/family/father.png",
      "bg": "white",
      "translates": [
        {
          "lang": "ru-RU",
          "name": "Папа",
          "nameA": null
        }
      ]
    }
    ,
    {
      "id": 0,
      "name": "Baby",
      "nameA": null,
      "image": "/img/dict/family/baby.png",
      "bg": "white",
      "translates": [
        {
          "lang": "ru-RU",
          "name": "Малыш",
          "nameA": null
        }
      ]
    }
    ,
    {
      "id": 0,
      "name": "Grandpa",
      "nameA": null,
      "image": "/img/dict/family/grandfather.png",
      "bg": "white",
      "translates": [
        {
          "lang": "ru-RU",
          "name": "Дедушка",
          "nameA": null
        }
      ]
    }
    ,
    {
      "id": 0,
      "name": "Grandma",
      "nameA": null,
      "image": "/img/dict/family/grandmother.png",
      "bg": "white",
      "translates": [
        {
          "lang": "ru-RU",
          "name": "Бабушка",
          "nameA": null
        }
      ]
    }
    ,
    {
      "id": 0,
      "name": "Brother",
      "nameA": null,
      "image": "/img/dict/family/brother.png",
      "bg": "white",
      "translates": [
        {
          "lang": "ru-RU",
          "name": "Брат",
          "nameA": null
        }
      ]
    }
    ,
    {
      "id": 0,
      "name": "Sister",
      "nameA": null,
      "image": "/img/dict/family/sister.png",
      "bg": "white",
      "translates": [
        {
          "lang": "ru-RU",
          "name": "Сестра",
          "nameA": null
        }
      ]
    }
    ,
    {
      "id": 0,
      "name": "Uncle",
      "nameA": null,
      "image": "/img/dict/family/uncle.png",
      "bg": "white",
      "translates": [
        {
          "lang": "ru-RU",
          "name": "Дядя",
          "nameA": null
        }
      ]
    }
    ,
    {
      "id": 0,
      "name": "Aunt",
      "nameA": null,
      "image": "/img/dict/family/aunt.png",
      "bg": "white",
      "translates": [
        {
          "lang": "ru-RU",
          "name": "Тетя",
          "nameA": null
        }
      ]
    }
    
  ]
}