{
  "name": "Family",
  "nameA": null,
  "img": null,
  "minQuiz": null,
  "tags": null,
  "Translations": [
    {
      "lang": "ru-RU",
      "name": "Семья",
      "nameA": null
    }
  ],
  "items": [
    {
      "id": 0,
      "name": "Parents",
      "transcription": "[ˈperənts]",
      "nameA": null,
      "image": "/img/dict/family/parents.png",
      "bg": "white",
      "nameAnswer": null,
      "translates": [
        {
          "lang": "ru-RU",
          "name": "Родители",
          "nameA": null
        }
      ]
    },
    {
      "id": 0,
      "name": "Family",
      "transcription": "[ˈfæməlɪ]",
      "nameA": null,
      "image": "/img/dict/family/family.png",
      "bg": "white",
      "nameAnswer": null,
      "translates": [
        {
          "lang": "ru-RU",
          "name": "Семья",
          "nameA": null
        }
      ]
    },
    {
      "id": 0,
      "name": "Mum",
      "transcription": "[mʌm]",
      "nameA": null,
      "image": "/img/dict/family/mother.png",
      "bg": "white",
      "nameAnswer": null,
      "translates": [
        {
          "lang": "ru-RU",
          "name": "Мама",
          "nameA": null
        }
      ]
    },
    {
      "id": 0,
      "name": "Dad",
      "transcription": "[dæd]",
      "nameA": null,
      "image": "/img/dict/family/father.png",
      "bg": "white",
      "nameAnswer": null,
      "translates": [
        {
          "lang": "ru-RU",
          "name": "Папа",
          "nameA": null
        }
      ]
    },
    {
      "id": 0,
      "name": "Baby",
      "transcription": "[ˈbeɪbɪ]",
      "nameA": null,
      "image": "/img/dict/family/baby.png",
      "bg": "white",
      "nameAnswer": null,
      "translates": [
        {
          "lang": "ru-RU",
          "name": "Малыш",
          "nameA": null
        }
      ]
    },
    {
      "id": 0,
      "name": "Grandpa",
      "transcription": "[ˈɡrænpɑː]",
      "nameA": null,
      "image": "/img/dict/family/grandfather.png",
      "bg": "white",
      "nameAnswer": null,
      "translates": [
        {
          "lang": "ru-RU",
          "name": "Дедушка",
          "nameA": null
        }
      ]
    },
    {
      "id": 0,
      "name": "Grandma",
      "transcription": "[ˈɡrænmɑː]",
      "nameA": null,
      "image": "/img/dict/family/grandmother.png",
      "bg": "white",
      "nameAnswer": null,
      "translates": [
        {
          "lang": "ru-RU",
          "name": "Бабушка",
          "nameA": null
        }
      ]
    },
    {
      "id": 0,
      "name": "Brother",
      "transcription": "[ˈbrʌðər]",
      "nameA": null,
      "image": "/img/dict/family/brother.png",
      "bg": "white",
      "nameAnswer": null,
      "translates": [
        {
          "lang": "ru-RU",
          "name": "Брат",
          "nameA": null
        }
      ]
    },
    {
      "id": 0,
      "name": "Sister",
      "transcription": "[ˈsɪstər]",
      "nameA": null,
      "image": "/img/dict/family/sister.png",
      "bg": "white",
      "nameAnswer": null,
      "translates": [
        {
          "lang": "ru-RU",
          "name": "Сестра",
          "nameA": null
        }
      ]
    },
    {
      "id": 0,
      "name": "Uncle",
      "transcription": "[ˈʌŋkl]",
      "nameA": null,
      "image": "/img/dict/family/uncle.png",
      "bg": "white",
      "nameAnswer": null,
      "translates": [
        {
          "lang": "ru-RU",
          "name": "Дядя",
          "nameA": null
        }
      ]
    },
    {
      "id": 0,
      "name": "Aunt",
      "transcription": "[ænt]",
      "nameA": null,
      "image": "/img/dict/family/aunt.png",
      "bg": "white",
      "nameAnswer": null,
      "translates": [
        {
          "lang": "ru-RU",
          "name": "Тетя",
          "nameA": null
        }
      ]
    }
  ]
}