{"name":"Fruit","isRandom":true,"isBlur":true,"isUpper":true,"isByWords":false,"isForAdult":false,"separator":"","numWords":36,"Translations":[{"lang":"ru-RU","name":"Фрукты"},{"lang":"vi-VN","name":"Trái cây"},{"lang":"zh-CN","name":"水果"},{"lang":"hi-IN","name":"फल"},{"lang":"th-TH","name":"ผลไม้"},{"lang":"tr-TR","name":"Meyveler"},{"lang":"pt-BR","name":"Frutas"},{"lang":"de-DE","name":"Früchte"},{"lang":"id-ID","name":"Buah"},{"lang":"fr-FR","name":"Fruits"}],"items":[{"id":0,"name":"fruit","transcription":"[fruːt]","image":"/img/dict/food/fruit.png","translates":[{"lang":"ru-RU","name":"фрукты"},{"lang":"vi-VN","name":"Trái cây"},{"lang":"zh-CN","name":"水果"},{"lang":"hi-IN","name":"फल"},{"lang":"th-TH","name":"ผลไม้"},{"lang":"tr-TR","name":"Meyveler"},{"lang":"pt-BR","name":"Frutas"},{"lang":"de-DE","name":"Früchte"},{"lang":"id-ID","name":"Buah"},{"lang":"fr-FR","name":"Fruits"}]},{"id":1,"name":"apple","transcription":"[ˈæpl]","image":"/img/dict/food/apple.png","translates":[{"lang":"ru-RU","name":"яблоко"},{"lang":"vi-VN","name":"Táo"},{"lang":"zh-CN","name":"苹果"},{"lang":"hi-IN","name":"सेब"},{"lang":"th-TH","name":"แอปเปิ้ล"},{"lang":"tr-TR","name":"Elma"},{"lang":"pt-BR","name":"Maçã"},{"lang":"de-DE","name":"Apfel"},{"lang":"id-ID","name":"Apel"},{"lang":"fr-FR","name":"Pomme"}]},{"id":2,"name":"banana","transcription":"[bəˈnænə]","image":"/img/dict/food/banana.png","translates":[{"lang":"ru-RU","name":"банан"},{"lang":"vi-VN","name":"Chuối"},{"lang":"zh-CN","name":"香蕉"},{"lang":"hi-IN","name":"केला"},{"lang":"th-TH","name":"กล้วย"},{"lang":"tr-TR","name":"Muz"},{"lang":"pt-BR","name":"Banana"},{"lang":"de-DE","name":"Banane"},{"lang":"id-ID","name":"Pisang"},{"lang":"fr-FR","name":"Banane"}]},{"id":3,"name":"grape","transcription":"[ɡreɪp]","image":"/img/dict/food/grape.png","translates":[{"lang":"ru-RU","name":"виноград"},{"lang":"vi-VN","name":"Nho"},{"lang":"zh-CN","name":"葡萄"},{"lang":"hi-IN","name":"अंगूर"},{"lang":"th-TH","name":"องุ่น"},{"lang":"tr-TR","name":"Üzüm"},{"lang":"pt-BR","name":"Uva"},{"lang":"de-DE","name":"Traube"},{"lang":"id-ID","name":"Anggur"},{"lang":"fr-FR","name":"Raisin"}]},{"id":4,"name":"lemon","transcription":"[ˈlemən]","image":"/img/dict/food/lemon.png","translates":[{"lang":"ru-RU","name":"лимон"},{"lang":"vi-VN","name":"Chanh"},{"lang":"zh-CN","name":"柠檬"},{"lang":"hi-IN","name":"नींबू"},{"lang":"th-TH","name":"มะนาว"},{"lang":"tr-TR","name":"Limon"},{"lang":"pt-BR","name":"Limão"},{"lang":"de-DE","name":"Zitrone"},{"lang":"id-ID","name":"Lemon"},{"lang":"fr-FR","name":"Citron"}]},{"id":5,"name":"lime","transcription":"[laɪm]","image":"/img/dict/food/lime.png","translates":[{"lang":"ru-RU","name":"лайм"},{"lang":"vi-VN","name":"Chanh"},{"lang":"zh-CN","name":"青柠"},{"lang":"hi-IN","name":"नींबू"},{"lang":"th-TH","name":"มะนาว"},{"lang":"tr-TR","name":"Limon"},{"lang":"pt-BR","name":"Limão"},{"lang":"de-DE","name":"Limette"},{"lang":"id-ID","name":"Jeruk nipis"},{"lang":"fr-FR","name":"Citron vert"}]},{"id":6,"name":"orange","transcription":"[ˈɔːrɪndʒ]","image":"/img/dict/food/orange.png","translates":[{"lang":"ru-RU","name":"апельсин"},{"lang":"vi-VN","name":"Cam"},{"lang":"zh-CN","name":"橙子"},{"lang":"hi-IN","name":"संतरा"},{"lang":"th-TH","name":"ส้ม"},{"lang":"tr-TR","name":"Portakal"},{"lang":"pt-BR","name":"Laranja"},{"lang":"de-DE","name":"Orange"},{"lang":"id-ID","name":"Jeruk"},{"lang":"fr-FR","name":"Orange"}]},{"id":7,"name":"peach","transcription":"[piːtʃ]","image":"/img/dict/food/peach.png","translates":[{"lang":"ru-RU","name":"персик"},{"lang":"vi-VN","name":"Đào"},{"lang":"zh-CN","name":"桃子"},{"lang":"hi-IN","name":"आड़ू"},{"lang":"th-TH","name":"พีช"},{"lang":"tr-TR","name":"Şeftali"},{"lang":"pt-BR","name":"Pêssego"},{"lang":"de-DE","name":"Pfirsich"},{"lang":"id-ID","name":"Persik"},{"lang":"fr-FR","name":"Pêche"}]},{"id":8,"name":"kiwi","transcription":"[ˈkiːwiː]","image":"/img/dict/food/kiwi.png","translates":[{"lang":"ru-RU","name":"киви"},{"lang":"vi-VN","name":"Kiwi"},{"lang":"zh-CN","name":"猕猴桃"},{"lang":"hi-IN","name":"कीवी"},{"lang":"th-TH","name":"กีวี"},{"lang":"tr-TR","name":"Kivi"},{"lang":"pt-BR","name":"Kiwi"},{"lang":"de-DE","name":"Kiwi"},{"lang":"id-ID","name":"Kiwi"},{"lang":"fr-FR","name":"Kiwi"}]},{"id":9,"name":"mango","transcription":"[ˈmæŋɡəʊ]","image":"/img/dict/food/mango.png","translates":[{"lang":"ru-RU","name":"манго"},{"lang":"vi-VN","name":"Xoài"},{"lang":"zh-CN","name":"芒果"},{"lang":"hi-IN","name":"आम"},{"lang":"th-TH","name":"มะม่วง"},{"lang":"tr-TR","name":"Mango"},{"lang":"pt-BR","name":"Manga"},{"lang":"de-DE","name":"Mango"},{"lang":"id-ID","name":"Mangga"},{"lang":"fr-FR","name":"Mangue"}]},{"id":10,"name":"watermelon","transcription":"[ˈwɔːtərmelən]","image":"/img/dict/food/watermelon.png","translates":[{"lang":"ru-RU","name":"арбуз"},{"lang":"vi-VN","name":"Dưa hấu"},{"lang":"zh-CN","name":"西瓜"},{"lang":"hi-IN","name":"तरबूज"},{"lang":"th-TH","name":"แตงโม"},{"lang":"tr-TR","name":"Karpuz"},{"lang":"pt-BR","name":"Melancia"},{"lang":"de-DE","name":"Wassermelone"},{"lang":"id-ID","name":"Semangka"},{"lang":"fr-FR","name":"Pastèque"}]},{"id":11,"name":"melon","transcription":"[ˈmelən]","image":"/img/dict/food/melon.png","translates":[{"lang":"ru-RU","name":"дыня"},{"lang":"vi-VN","name":"Dưa"},{"lang":"zh-CN","name":"甜瓜"},{"lang":"hi-IN","name":"खरबूजा"},{"lang":"th-TH","name":"เมลอน"},{"lang":"tr-TR","name":"Kavun"},{"lang":"pt-BR","name":"Melão"},{"lang":"de-DE","name":"Melone"},{"lang":"id-ID","name":"Melon"},{"lang":"fr-FR","name":"Melon"}]},{"id":12,"name":"pineapple","transcription":"[ˈpaɪnæpl]","image":"/img/dict/food/pineapple.png","translates":[{"lang":"ru-RU","name":"ананас"},{"lang":"vi-VN","name":"Dứa"},{"lang":"zh-CN","name":"菠萝"},{"lang":"hi-IN","name":"अनानास"},{"lang":"th-TH","name":"สับปะรด"},{"lang":"tr-TR","name":"Ananas"},{"lang":"pt-BR","name":"Abacaxi"},{"lang":"de-DE","name":"Ananas"},{"lang":"id-ID","name":"Nanas"},{"lang":"fr-FR","name":"Ananas"}]},{"id":13,"name":"pear","transcription":"[per]","image":"/img/dict/food/pear.png","translates":[{"lang":"ru-RU","name":"груша"},{"lang":"vi-VN","name":"Lê"},{"lang":"zh-CN","name":"梨"},{"lang":"hi-IN","name":"नाशपाती"},{"lang":"th-TH","name":"ลูกแพร์"},{"lang":"tr-TR","name":"Armut"},{"lang":"pt-BR","name":"Pêra"},{"lang":"de-DE","name":"Birne"},{"lang":"id-ID","name":"Pir"},{"lang":"fr-FR","name":"Poire"}]},{"id":14,"name":"avocado","transcription":"[ˌævəˈkɑːdəʊ]","image":"/img/dict/food/avocado.png","translates":[{"lang":"ru-RU","name":"авокадо"},{"lang":"vi-VN","name":"Bơ"},{"lang":"zh-CN","name":"鳄梨"},{"lang":"hi-IN","name":"एवोकाडो"},{"lang":"th-TH","name":"อะโวคาโด"},{"lang":"tr-TR","name":"Avokado"},{"lang":"pt-BR","name":"Abacate"},{"lang":"de-DE","name":"Avocado"},{"lang":"id-ID","name":"Alpukat"},{"lang":"fr-FR","name":"Avocat"}]},{"id":15,"name":"coconut","transcription":"[ˈkəʊkənʌt]","image":"/img/dict/food/coconut.png","translates":[{"lang":"ru-RU","name":"кокос"},{"lang":"vi-VN","name":"Dừa"},{"lang":"zh-CN","name":"椰子"},{"lang":"hi-IN","name":"नारियल"},{"lang":"th-TH","name":"มะพร้าว"},{"lang":"tr-TR","name":"Hindistan cevizi"},{"lang":"pt-BR","name":"Coco"},{"lang":"de-DE","name":"Kokosnuss"},{"lang":"id-ID","name":"Kelapa"},{"lang":"fr-FR","name":"Noix de coco"}]},{"id":16,"name":"grapefruit","transcription":"[ˈɡreɪpfruːt]","image":"/img/dict/food/grapefruit.png","translates":[{"lang":"ru-RU","name":"грейпфрут"},{"lang":"vi-VN","name":"Bưởi"},{"lang":"zh-CN","name":"葡萄柚"},{"lang":"hi-IN","name":"चकोतरा"},{"lang":"th-TH","name":"เกรปฟรุต"},{"lang":"tr-TR","name":"Greyfurt"},{"lang":"pt-BR","name":"Toranja"},{"lang":"de-DE","name":"Grapefruit"},{"lang":"id-ID","name":"Jeruk bali"},{"lang":"fr-FR","name":"Pamplemousse"}]},{"id":17,"name":"papaya","transcription":"[pəˈpaɪə]","image":"/img/dict/food/papaya.png","translates":[{"lang":"ru-RU","name":"папайя"},{"lang":"vi-VN","name":"Đu đủ"},{"lang":"zh-CN","name":"木瓜"},{"lang":"hi-IN","name":"पपीता"},{"lang":"th-TH","name":"มะละกอ"},{"lang":"tr-TR","name":"Papaya"},{"lang":"pt-BR","name":"Mamão"},{"lang":"de-DE","name":"Papaya"},{"lang":"id-ID","name":"Pepaya"},{"lang":"fr-FR","name":"Papaye"}]},{"id":18,"name":"plum","transcription":"[plʌm]","image":"/img/dict/food/plum.png","translates":[{"lang":"ru-RU","name":"слива"},{"lang":"vi-VN","name":"Mận"},{"lang":"zh-CN","name":"李子"},{"lang":"hi-IN","name":"आलूबुखारा"},{"lang":"th-TH","name":"พลัม"},{"lang":"tr-TR","name":"Erik"},{"lang":"pt-BR","name":"Ameixa"},{"lang":"de-DE","name":"Pflaume"},{"lang":"id-ID","name":"Plum"},{"lang":"fr-FR","name":"Prune"}]},{"id":19,"name":"pomegranate","transcription":"[ˈpɑːmɪɡrænɪt]","image":"/img/dict/food/pomegranate.png","translates":[{"lang":"ru-RU","name":"гранат"},{"lang":"vi-VN","name":"Lựu"},{"lang":"zh-CN","name":"石榴"},{"lang":"hi-IN","name":"अनार"},{"lang":"th-TH","name":"ทับทิม"},{"lang":"tr-TR","name":"Nar"},{"lang":"pt-BR","name":"Romã"},{"lang":"de-DE","name":"Granatapfel"},{"lang":"id-ID","name":"Delima"},{"lang":"fr-FR","name":"Grenade"}]},{"id":20,"name":"Pitaya","transcription":"[pɪˈtaɪ.ə]","image":"/img/dict/food/pitaya.png","translates":[{"lang":"ru-RU","name":"Питайя"},{"lang":"vi-VN","name":"Thanh long"},{"lang":"zh-CN","name":"火龙果"},{"lang":"hi-IN","name":"पिताया"},{"lang":"th-TH","name":"แก้วมังกร"},{"lang":"tr-TR","name":"Pitaya"},{"lang":"pt-BR","name":"Pitaya"},{"lang":"de-DE","name":"Drachenfrucht"},{"lang":"id-ID","name":"Buah naga"},{"lang":"fr-FR","name":"Fruit du dragon"}]},{"id":21,"name":"fig","transcription":"[fɪɡ]","image":"/img/dict/food/fig.png","translates":[{"lang":"ru-RU","name":"инжир"},{"lang":"vi-VN","name":"Quả sung"},{"lang":"zh-CN","name":"无花果"},{"lang":"hi-IN","name":"अंजीर"},{"lang":"th-TH","name":"มะเดื่อ"},{"lang":"tr-TR","name":"İncir"},{"lang":"pt-BR","name":"Figo"},{"lang":"de-DE","name":"Feige"},{"lang":"id-ID","name":"Ara"},{"lang":"fr-FR","name":"Figue"}]},{"id":22,"name":"guava","transcription":"[ˈɡwɑːvə]","image":"/img/dict/food/guava.png","translates":[{"lang":"ru-RU","name":"гуава"},{"lang":"vi-VN","name":"Ổi"},{"lang":"zh-CN","name":"番石榴"},{"lang":"hi-IN","name":"अमरूद"},{"lang":"th-TH","name":"ฝรั่ง"},{"lang":"tr-TR","name":"Guava"},{"lang":"pt-BR","name":"Goiaba"},{"lang":"de-DE","name":"Guave"},{"lang":"id-ID","name":"Jambu biji"},{"lang":"fr-FR","name":"Goyave"}]},{"id":23,"name":"persimmon","transcription":"[pərˈsɪmən]","image":"/img/dict/food/persimmon.png","translates":[{"lang":"ru-RU","name":"хурма"},{"lang":"vi-VN","name":"Hồng"},{"lang":"zh-CN","name":"柿子"},{"lang":"hi-IN","name":"तेंदू"},{"lang":"th-TH","name":"ลูกพลับ"},{"lang":"tr-TR","name":"Trabzon hurması"},{"lang":"pt-BR","name":"Caqui"},{"lang":"de-DE","name":"Kaki"},{"lang":"id-ID","name":"Kesemek"},{"lang":"fr-FR","name":"Kaki"}]},{"id":24,"name":"tangerine","transcription":"[ˈtændʒəriːn]","image":"/img/dict/food/tangerine.png","translates":[{"lang":"ru-RU","name":"мандарин"},{"lang":"vi-VN","name":"Quýt"},{"lang":"zh-CN","name":"橘子"},{"lang":"hi-IN","name":"कीनू"},{"lang":"th-TH","name":"ส้มแมนดาริน"},{"lang":"tr-TR","name":"Mandalina"},{"lang":"pt-BR","name":"Tangerina"},{"lang":"de-DE","name":"Mandarine"},{"lang":"id-ID","name":"Jeruk keprok"},{"lang":"fr-FR","name":"Mandarine"}]},{"id":25,"name":"date","transcription":"[deɪt]","image":"/img/dict/food/date.png","translates":[{"lang":"ru-RU","name":"финик"},{"lang":"vi-VN","name":"Chà là"},{"lang":"zh-CN","name":"枣"},{"lang":"hi-IN","name":"खजूर"},{"lang":"th-TH","name":"อินทผลัม"},{"lang":"tr-TR","name":"Hurma"},{"lang":"pt-BR","name":"Tâmara"},{"lang":"de-DE","name":"Dattel"},{"lang":"id-ID","name":"Kurma"},{"lang":"fr-FR","name":"Datte"}]},{"id":26,"name":"passion fruit","transcription":"[ˈpæʃn fruːt]","image":"/img/dict/food/passionfruit.png","translates":[{"lang":"ru-RU","name":"маракуйя"},{"lang":"vi-VN","name":"Chanh dây"},{"lang":"zh-CN","name":"百香果"},{"lang":"hi-IN","name":"कृष्णा फल"},{"lang":"th-TH","name":"เสาวรส"},{"lang":"tr-TR","name":"Çarkıfelek meyvesi"},{"lang":"pt-BR","name":"Maracujá"},{"lang":"de-DE","name":"Passionsfrucht"},{"lang":"id-ID","name":"Markisa"},{"lang":"fr-FR","name":"Fruit de la passion"}]},{"id":27,"name":"lychee","transcription":"[ˌlaɪˈtʃiː]","image":"/img/dict/food/lychee.png","translates":[{"lang":"ru-RU","name":"личи"},{"lang":"vi-VN","name":"Vải"},{"lang":"zh-CN","name":"荔枝"},{"lang":"hi-IN","name":"लीची"},{"lang":"th-TH","name":"ลิ้นจี่"},{"lang":"tr-TR","name":"Liçi"},{"lang":"pt-BR","name":"Lichia"},{"lang":"de-DE","name":"Litschi"},{"lang":"id-ID","name":"Leci"},{"lang":"fr-FR","name":"Litchi"}]},{"id":28,"name":"rambutan","transcription":"[ræmˈbuːtn]","image":"/img/dict/food/rambutan.png","translates":[{"lang":"ru-RU","name":"рамбутан"},{"lang":"vi-VN","name":"Chôm chôm"},{"lang":"zh-CN","name":"红毛丹"},{"lang":"hi-IN","name":"रैंबूटान"},{"lang":"th-TH","name":"เงาะ"},{"lang":"tr-TR","name":"Rambutan"},{"lang":"pt-BR","name":"Rambutão"},{"lang":"de-DE","name":"Rambutan"},{"lang":"id-ID","name":"Rambutan"},{"lang":"fr-FR","name":"Ramboutan"}]},{"id":29,"name":"longan","transcription":"[ˈlɑːŋ.ɡən]","image":"/img/dict/food/longan.png","translates":[{"lang":"ru-RU","name":"лонган"},{"lang":"vi-VN","name":"Nhãn"},{"lang":"zh-CN","name":"龙眼"},{"lang":"hi-IN","name":"लोंगन"},{"lang":"th-TH","name":"ลำไย"},{"lang":"tr-TR","name":"Longan"},{"lang":"pt-BR","name":"Longan"},{"lang":"de-DE","name":"Longan"},{"lang":"id-ID","name":"Lengkeng"},{"lang":"fr-FR","name":"Longane"}]},{"id":30,"name":"apricot","transcription":"[ˈeɪ.prɪ.kɑːt]","image":"/img/dict/food/appricot.png","translates":[{"lang":"ru-RU","name":"абрикос"},{"lang":"vi-VN","name":"Mơ"},{"lang":"zh-CN","name":"杏"},{"lang":"hi-IN","name":"खुबानी"},{"lang":"th-TH","name":"แอปริคอต"},{"lang":"tr-TR","name":"Kayısı"},{"lang":"pt-BR","name":"Damasco"},{"lang":"de-DE","name":"Aprikose"},{"lang":"id-ID","name":"Aprikot"},{"lang":"fr-FR","name":"Abricot"}]},{"id":31,"name":"Soursop","transcription":"[ˈsaʊr.sɑːp]","image":"/img/dict/food/soursop.png","translates":[{"lang":"ru-RU","name":"гравиола"},{"lang":"vi-VN","name":"Mãng cầu xiêm"},{"lang":"zh-CN","name":"刺果番荔枝"},{"lang":"hi-IN","name":"सौरसोप"},{"lang":"th-TH","name":"ทุเรียนเทศ"},{"lang":"tr-TR","name":"Guanabana"},{"lang":"pt-BR","name":"Graviola"},{"lang":"de-DE","name":"Sauersack"},{"lang":"id-ID","name":"Sirsak"},{"lang":"fr-FR","name":"Corossol"}]},{"id":32,"name":"jackfruit","transcription":"[ˈdʒækfruːt]","image":"/img/dict/food/jackfruit.png","translates":[{"lang":"ru-RU","name":"джек фрут"},{"lang":"vi-VN","name":"Mít"},{"lang":"zh-CN","name":"菠萝蜜"},{"lang":"hi-IN","name":"कटहल"},{"lang":"th-TH","name":"ขนุน"},{"lang":"tr-TR","name":"Jak meyvesi"},{"lang":"pt-BR","name":"Jaca"},{"lang":"de-DE","name":"Jackfrucht"},{"lang":"id-ID","name":"Nangka"},{"lang":"fr-FR","name":"Jacquier"}]},{"id":33,"name":"mangosteen","transcription":"[ˈmæŋɡəstiːn]","image":"/img/dict/food/mangosteen.png","translates":[{"lang":"ru-RU","name":"мангостин"},{"lang":"vi-VN","name":"Măng cụt"},{"lang":"zh-CN","name":"山竹"},{"lang":"hi-IN","name":"मैंगोस्टीन"},{"lang":"th-TH","name":"มังคุด"},{"lang":"tr-TR","name":"Mangosten"},{"lang":"pt-BR","name":"Mangostão"},{"lang":"de-DE","name":"Mangostane"},{"lang":"id-ID","name":"Manggis"},{"lang":"fr-FR","name":"Mangoustan"}]},{"id":34,"name":"durian","transcription":"[ˈdʊr.i.ən]","image":"/img/dict/food/durio.png","translates":[{"lang":"ru-RU","name":"дуриан"},{"lang":"vi-VN","name":"Sầu riêng"},{"lang":"zh-CN","name":"榴莲"},{"lang":"hi-IN","name":"डूरियन"},{"lang":"th-TH","name":"ทุเรียน"},{"lang":"tr-TR","name":"Durian"},{"lang":"pt-BR","name":"Durian"},{"lang":"de-DE","name":"Durian"},{"lang":"id-ID","name":"Durian"},{"lang":"fr-FR","name":"Durian"}]},{"id":35,"name":"carambola","transcription":"[ˌker.əmˈboʊ.lə]","image":"/img/dict/food/carambola.png","translates":[{"lang":"ru-RU","name":"Карамбола"},{"lang":"vi-VN","name":"Khế"},{"lang":"zh-CN","name":"杨桃"},{"lang":"hi-IN","name":"करम्बोला"},{"lang":"th-TH","name":"มะเฟือง"},{"lang":"tr-TR","name":"Yıldız meyvesi"},{"lang":"pt-BR","name":"Carambola"},{"lang":"de-DE","name":"Sternfrucht"},{"lang":"id-ID","name":"Belimbing"},{"lang":"fr-FR","name":"Carambole"}]}]}