{"name":"Food","isRandom":true,"isBlur":true,"isUpper":true,"isByWords":false,"isForAdult":false,"separator":"","numWords":45,"Translations":[{"lang":"ru-RU","name":"Еда"},{"lang":"vi-VN","name":"Thực phẩm"},{"lang":"zh-CN","name":"食物"},{"lang":"hi-IN","name":"भोजन"},{"lang":"th-TH","name":"อาหาร"},{"lang":"tr-TR","name":"Yiyecek"},{"lang":"pt-BR","name":"Comida"},{"lang":"de-DE","name":"Essen"},{"lang":"id-ID","name":"Makanan"},{"lang":"fr-FR","name":"Nourriture"}],"items":[{"id":0,"name":"food","transcription":"[fuːd]","image":"/img/dict/food/food.png","translates":[{"lang":"ru-RU","name":"еда"},{"lang":"vi-VN","name":"Thực phẩm"},{"lang":"zh-CN","name":"食物"},{"lang":"hi-IN","name":"भोजन"},{"lang":"th-TH","name":"อาหาร"},{"lang":"tr-TR","name":"Yiyecek"},{"lang":"pt-BR","name":"Comida"},{"lang":"de-DE","name":"Essen"},{"lang":"id-ID","name":"Makanan"},{"lang":"fr-FR","name":"Nourriture"}]},{"id":0,"name":"healthy food","transcription":"[ˈhelθɪ fuːd]","image":"/img/dict/food/healthyfood.png","translates":[{"lang":"ru-RU","name":"здоровая еда"},{"lang":"vi-VN","name":"Thực phẩm lành mạnh"},{"lang":"zh-CN","name":"健康食品"},{"lang":"hi-IN","name":"स्वस्थ भोजन"},{"lang":"th-TH","name":"อาหารเพื่อสุขภาพ"},{"lang":"tr-TR","name":"Sağlıklı yiyecek"},{"lang":"pt-BR","name":"Comida saudável"},{"lang":"de-DE","name":"Gesundes Essen"},{"lang":"id-ID","name":"Makanan sehat"},{"lang":"fr-FR","name":"Nourriture saine"}]},{"id":0,"name":"junk food","transcription":"[dʒʌŋk fuːd]","image":"/img/dict/food/junkfood.png","translates":[{"lang":"ru-RU","name":"вредная пища"},{"lang":"vi-VN","name":"Đồ ăn vặt"},{"lang":"zh-CN","name":"垃圾食品"},{"lang":"hi-IN","name":"जंक फूड"},{"lang":"th-TH","name":"อาหารขยะ"},{"lang":"tr-TR","name":"Abur cubur"},{"lang":"pt-BR","name":"Porcaria"},{"lang":"de-DE","name":"Junk-Food"},{"lang":"id-ID","name":"Makanan sampah"},{"lang":"fr-FR","name":"Malbouffe"}]},{"id":0,"name":"chicken","transcription":"[ˈtʃɪkɪn]","image":"/img/dict/food/chicken.png","translates":[{"lang":"ru-RU","name":"курица"},{"lang":"vi-VN","name":"Gà"},{"lang":"zh-CN","name":"鸡肉"},{"lang":"hi-IN","name":"मुर्गी"},{"lang":"th-TH","name":"ไก่"},{"lang":"tr-TR","name":"Tavuk"},{"lang":"pt-BR","name":"Frango"},{"lang":"de-DE","name":"Huhn"},{"lang":"id-ID","name":"Ayam"},{"lang":"fr-FR","name":"Poulet"}]},{"id":1,"name":"sausage","transcription":"[ˈsɔːsɪdʒ]","image":"/img/dict/food/sausage.png","translates":[{"lang":"ru-RU","name":"колбаса"},{"lang":"vi-VN","name":"Xúc xích"},{"lang":"zh-CN","name":"香肠"},{"lang":"hi-IN","name":"सॉसेज"},{"lang":"th-TH","name":"ไส้กรอก"},{"lang":"tr-TR","name":"Sosis"},{"lang":"pt-BR","name":"Salsicha"},{"lang":"de-DE","name":"Wurst"},{"lang":"id-ID","name":"Sosis"},{"lang":"fr-FR","name":"Saucisse"}]},{"id":2,"name":"bread","transcription":"[bred]","image":"/img/dict/food/bread.png","translates":[{"lang":"ru-RU","name":"хлеб"},{"lang":"vi-VN","name":"Bánh mì"},{"lang":"zh-CN","name":"面包"},{"lang":"hi-IN","name":"रोटी"},{"lang":"th-TH","name":"ขนมปัง"},{"lang":"tr-TR","name":"Ekmek"},{"lang":"pt-BR","name":"Pão"},{"lang":"de-DE","name":"Brot"},{"lang":"id-ID","name":"Roti"},{"lang":"fr-FR","name":"Pain"}]},{"id":3,"name":"butter","transcription":"[ˈbʌtər]","image":"/img/dict/food/butter.png","translates":[{"lang":"ru-RU","name":"масло"},{"lang":"vi-VN","name":"Bơ"},{"lang":"zh-CN","name":"黄油"},{"lang":"hi-IN","name":"मक्खन"},{"lang":"th-TH","name":"เนย"},{"lang":"tr-TR","name":"Tereyağı"},{"lang":"pt-BR","name":"Manteiga"},{"lang":"de-DE","name":"Butter"},{"lang":"id-ID","name":"Mentega"},{"lang":"fr-FR","name":"Beurre"}]},{"id":4,"name":"pasta","transcription":"[ˈpɑːstə]","image":"/img/dict/food/pasta.png","translates":[{"lang":"ru-RU","name":"макароны"},{"lang":"vi-VN","name":"Mì ống"},{"lang":"zh-CN","name":"意大利面"},{"lang":"hi-IN","name":"पास्ता"},{"lang":"th-TH","name":"พาสต้า"},{"lang":"tr-TR","name":"Makarna"},{"lang":"pt-BR","name":"Macarrão"},{"lang":"de-DE","name":"Pasta"},{"lang":"id-ID","name":"Pasta"},{"lang":"fr-FR","name":"Pâtes"}]},{"id":5,"name":"rice","transcription":"[raɪs]","image":"/img/dict/food/rice.png","translates":[{"lang":"ru-RU","name":"рис"},{"lang":"vi-VN","name":"Cơm"},{"lang":"zh-CN","name":"米饭"},{"lang":"hi-IN","name":"चावल"},{"lang":"th-TH","name":"ข้าว"},{"lang":"tr-TR","name":"Pirinç"},{"lang":"pt-BR","name":"Arroz"},{"lang":"de-DE","name":"Reis"},{"lang":"id-ID","name":"Nasi"},{"lang":"fr-FR","name":"Riz"}]},{"id":6,"name":"egg","transcription":"[eɡ]","image":"/img/dict/food/egg.png","translates":[{"lang":"ru-RU","name":"яйцо"},{"lang":"vi-VN","name":"Trứng"},{"lang":"zh-CN","name":"鸡蛋"},{"lang":"hi-IN","name":"अंडा"},{"lang":"th-TH","name":"ไข่"},{"lang":"tr-TR","name":"Yumurta"},{"lang":"pt-BR","name":"Ovo"},{"lang":"de-DE","name":"Ei"},{"lang":"id-ID","name":"Telur"},{"lang":"fr-FR","name":"Œuf"}]},{"id":7,"name":"fish","transcription":"[fɪʃ]","image":"/img/dict/food/fish.png","translates":[{"lang":"ru-RU","name":"рыба"},{"lang":"vi-VN","name":"Cá"},{"lang":"zh-CN","name":"鱼"},{"lang":"hi-IN","name":"मछली"},{"lang":"th-TH","name":"ปลา"},{"lang":"tr-TR","name":"Balık"},{"lang":"pt-BR","name":"Peixe"},{"lang":"de-DE","name":"Fisch"},{"lang":"id-ID","name":"Ikan"},{"lang":"fr-FR","name":"Poisson"}]},{"id":8,"name":"bacon","transcription":"[ˈbeɪkən]","image":"/img/dict/food/bacon.png","translates":[{"lang":"ru-RU","name":"бекон"},{"lang":"vi-VN","name":"Thịt xông khói"},{"lang":"zh-CN","name":"培根"},{"lang":"hi-IN","name":"बेकन"},{"lang":"th-TH","name":"เบคอน"},{"lang":"tr-TR","name":"Pastırma"},{"lang":"pt-BR","name":"Bacon"},{"lang":"de-DE","name":"Speck"},{"lang":"id-ID","name":"Bacon"},{"lang":"fr-FR","name":"Bacon"}]},{"id":10,"name":"cereal","transcription":"[ˈsɪrɪəl]","image":"/img/dict/food/cereal.png","translates":[{"lang":"ru-RU","name":"каша"},{"lang":"vi-VN","name":"Ngũ cốc"},{"lang":"zh-CN","name":"谷物"},{"lang":"hi-IN","name":"अनाज"},{"lang":"th-TH","name":"ซีเรียล"},{"lang":"tr-TR","name":"Mısır gevreği"},{"lang":"pt-BR","name":"Cereal"},{"lang":"de-DE","name":"Müsli"},{"lang":"id-ID","name":"Sereal"},{"lang":"fr-FR","name":"Céréales"}]},{"id":13,"name":"corn dog","transcription":"[kɔːrn dɔːɡ]","image":"/img/dict/food/corndog.png","translates":[{"lang":"ru-RU","name":"корн-дог"},{"lang":"vi-VN","name":"Bánh mì kẹp xúc xích"},{"lang":"zh-CN","name":"玉米热狗"},{"lang":"hi-IN","name":"कॉर्न डॉग"},{"lang":"th-TH","name":"คอร์นด็อก"},{"lang":"tr-TR","name":"Mısır köpek"},{"lang":"pt-BR","name":"Cachorro-quente de milho"},{"lang":"de-DE","name":"Corn Dog"},{"lang":"id-ID","name":"Corn dog"},{"lang":"fr-FR","name":"Chien de maïs"}]},{"id":14,"name":"hot dog","transcription":"[hɑːt dɔːɡ]","image":"/img/dict/food/hotdog.png","translates":[{"lang":"ru-RU","name":"хот-дог"},{"lang":"vi-VN","name":"Xúc xích"},{"lang":"zh-CN","name":"热狗"},{"lang":"hi-IN","name":"हॉट डॉग"},{"lang":"th-TH","name":"ฮอตดอก"},{"lang":"tr-TR","name":"Sosisli"},{"lang":"pt-BR","name":"Cachorro-quente"},{"lang":"de-DE","name":"Hotdog"},{"lang":"id-ID","name":"Hot dog"},{"lang":"fr-FR","name":"Hot-dog"}]},{"id":17,"name":"meat","transcription":"[miːt]","image":"/img/dict/food/meat.png","translates":[{"lang":"ru-RU","name":"мясо"},{"lang":"vi-VN","name":"Thịt"},{"lang":"zh-CN","name":"肉"},{"lang":"hi-IN","name":"मांस"},{"lang":"th-TH","name":"เนื้อ"},{"lang":"tr-TR","name":"Et"},{"lang":"pt-BR","name":"Carne"},{"lang":"de-DE","name":"Fleisch"},{"lang":"id-ID","name":"Daging"},{"lang":"fr-FR","name":"Viande"}]},{"id":18,"name":"hamburger","transcription":"[ˈhæmbɜːrɡər]","image":"/img/dict/food/hamburger.png","translates":[{"lang":"ru-RU","name":"гамбургер"},{"lang":"vi-VN","name":"Hamburger"},{"lang":"zh-CN","name":"汉堡"},{"lang":"hi-IN","name":"हैमबर्गर"},{"lang":"th-TH","name":"แฮมเบอร์เกอร์"},{"lang":"tr-TR","name":"Hamburger"},{"lang":"pt-BR","name":"Hambúrguer"},{"lang":"de-DE","name":"Hamburger"},{"lang":"id-ID","name":"Hamburger"},{"lang":"fr-FR","name":"Hamburger"}]},{"id":19,"name":"pizza","transcription":"[ˈpiːtsə]","image":"/img/dict/food/pizza.png","translates":[{"lang":"ru-RU","name":"пицца"},{"lang":"vi-VN","name":"Pizza"},{"lang":"zh-CN","name":"披萨"},{"lang":"hi-IN","name":"पिज़्ज़ा"},{"lang":"th-TH","name":"พิซซ่า"},{"lang":"tr-TR","name":"Pizza"},{"lang":"pt-BR","name":"Pizza"},{"lang":"de-DE","name":"Pizza"},{"lang":"id-ID","name":"Pizza"},{"lang":"fr-FR","name":"Pizza"}]},{"id":20,"name":"french fries","transcription":"[frentʃ fraɪz]","image":"/img/dict/food/frenchfries.png","translates":[{"lang":"ru-RU","name":"картофель фри"},{"lang":"vi-VN","name":"Khoai tây chiên"},{"lang":"zh-CN","name":"薯条"},{"lang":"hi-IN","name":"फ्रेंच फ्राइज़"},{"lang":"th-TH","name":"เฟรนช์ฟรายส์"},{"lang":"tr-TR","name":"Patates kızartması"},{"lang":"pt-BR","name":"Batata frita"},{"lang":"de-DE","name":"Pommes frites"},{"lang":"id-ID","name":"Kentang goreng"},{"lang":"fr-FR","name":"Frites"}]},{"id":21,"name":"sandwich","transcription":"[ˈsænwɪtʃ]","image":"/img/dict/food/sandwich.png","translates":[{"lang":"ru-RU","name":"бутерброд"},{"lang":"vi-VN","name":"Bánh mì kẹp"},{"lang":"zh-CN","name":"三明治"},{"lang":"hi-IN","name":"सैंडविच"},{"lang":"th-TH","name":"แซนด์วิช"},{"lang":"tr-TR","name":"Sandviç"},{"lang":"pt-BR","name":"Sanduíche"},{"lang":"de-DE","name":"Sandwich"},{"lang":"id-ID","name":"Roti lapis"},{"lang":"fr-FR","name":"Sandwich"}]},{"id":22,"name":"noodles","transcription":"[ˈnuːdəlz]","image":"/img/dict/food/noodles.png","translates":[{"lang":"ru-RU","name":"лапша"},{"lang":"vi-VN","name":"Mì"},{"lang":"zh-CN","name":"面条"},{"lang":"hi-IN","name":"नूडल्स"},{"lang":"th-TH","name":"ก๋วยเตี๋ยว"},{"lang":"tr-TR","name":"Erişte"},{"lang":"pt-BR","name":"Macarrão"},{"lang":"de-DE","name":"Nudeln"},{"lang":"id-ID","name":"Mie"},{"lang":"fr-FR","name":"Nouilles"}]},{"id":23,"name":"cheese","transcription":"[tʃiːz]","image":"/img/dict/food/cheese.png","translates":[{"lang":"ru-RU","name":"сыр"},{"lang":"vi-VN","name":"Phô mai"},{"lang":"zh-CN","name":"奶酪"},{"lang":"hi-IN","name":"पनीर"},{"lang":"th-TH","name":"ชีส"},{"lang":"tr-TR","name":"Peynir"},{"lang":"pt-BR","name":"Queijo"},{"lang":"de-DE","name":"Käse"},{"lang":"id-ID","name":"Keju"},{"lang":"fr-FR","name":"Fromage"}]},{"id":29,"name":"vegetables","transcription":"[ˈvedʒtəbəlz]","image":"/img/dict/food/vegetables.png","translates":[{"lang":"ru-RU","name":"овощи"},{"lang":"vi-VN","name":"Rau củ"},{"lang":"zh-CN","name":"蔬菜"},{"lang":"hi-IN","name":"सब्जियां"},{"lang":"th-TH","name":"ผัก"},{"lang":"tr-TR","name":"Sebzeler"},{"lang":"pt-BR","name":"Legumes"},{"lang":"de-DE","name":"Gemüse"},{"lang":"id-ID","name":"Sayuran"},{"lang":"fr-FR","name":"Légumes"}]},{"id":30,"name":"fruits","transcription":"[ˈfruːts]","image":"/img/dict/food/fruit.png","translates":[{"lang":"ru-RU","name":"фрукты"},{"lang":"vi-VN","name":"Trái cây"},{"lang":"zh-CN","name":"水果"},{"lang":"hi-IN","name":"फल"},{"lang":"th-TH","name":"ผลไม้"},{"lang":"tr-TR","name":"Meyveler"},{"lang":"pt-BR","name":"Frutas"},{"lang":"de-DE","name":"Früchte"},{"lang":"id-ID","name":"Buah"},{"lang":"fr-FR","name":"Fruits"}]},{"id":28,"name":"nuts","transcription":"[nʌts]","image":"/img/dict/food/nuts.png","translates":[{"lang":"ru-RU","name":"орехи"},{"lang":"vi-VN","name":"Hạt"},{"lang":"zh-CN","name":"坚果"},{"lang":"hi-IN","name":"मेवा"},{"lang":"th-TH","name":"ถั่ว"},{"lang":"tr-TR","name":"Kuruyemiş"},{"lang":"pt-BR","name":"Nozes"},{"lang":"de-DE","name":"Nüsse"},{"lang":"id-ID","name":"Kacang"},{"lang":"fr-FR","name":"Noix"}]},{"id":27,"name":"berries","transcription":"[ˈberɪz]","image":"/img/dict/food/berries.png","translates":[{"lang":"ru-RU","name":"ягоды"},{"lang":"vi-VN","name":"Quả mọng"},{"lang":"zh-CN","name":"浆果"},{"lang":"hi-IN","name":"जामुन"},{"lang":"th-TH","name":"เบอร์รี่"},{"lang":"tr-TR","name":"Meyveler"},{"lang":"pt-BR","name":"Bagas"},{"lang":"de-DE","name":"Beeren"},{"lang":"id-ID","name":"Buah beri"},{"lang":"fr-FR","name":"Baies"}]},{"id":31,"name":"sweets","transcription":"[ˈswiːts]","image":"/img/dict/food/sweets.png","translates":[{"lang":"ru-RU","name":"сладости"},{"lang":"vi-VN","name":"Đồ ngọt"},{"lang":"zh-CN","name":"糖果"},{"lang":"hi-IN","name":"मिठाई"},{"lang":"th-TH","name":"ขนมหวาน"},{"lang":"tr-TR","name":"Tatlılar"},{"lang":"pt-BR","name":"Doces"},{"lang":"de-DE","name":"Süßigkeiten"},{"lang":"id-ID","name":"Permen"},{"lang":"fr-FR","name":"Bonbons"}]},{"id":32,"name":"crisps","transcription":"[krɪsps]","image":"/img/dict/food/crisps.png","translates":[{"lang":"ru-RU","name":"чипсы"},{"lang":"vi-VN","name":"Khoai tây chiên giòn"},{"lang":"zh-CN","name":"薯片"},{"lang":"hi-IN","name":"चिप्स"},{"lang":"th-TH","name":"มันฝรั่งทอด"},{"lang":"tr-TR","name":"Cips"},{"lang":"pt-BR","name":"Batatas fritas"},{"lang":"de-DE","name":"Chips"},{"lang":"id-ID","name":"Keripik"},{"lang":"fr-FR","name":"Chips"}]},{"id":34,"name":"ham","transcription":"[hæm]","image":"/img/dict/food/ham.png","translates":[{"lang":"ru-RU","name":"ветчина"},{"lang":"vi-VN","name":"Giăm bông"},{"lang":"zh-CN","name":"火腿"},{"lang":"hi-IN","name":"हैम"},{"lang":"th-TH","name":"แฮม"},{"lang":"tr-TR","name":"Jambon"},{"lang":"pt-BR","name":"Presunto"},{"lang":"de-DE","name":"Schinken"},{"lang":"id-ID","name":"Ham"},{"lang":"fr-FR","name":"Jambon"}]},{"id":35,"name":"honey","transcription":"[ˈhʌnɪ]","image":"/img/dict/food/honey.png","translates":[{"lang":"ru-RU","name":"мёд"},{"lang":"vi-VN","name":"Mật ong"},{"lang":"zh-CN","name":"蜂蜜"},{"lang":"hi-IN","name":"शहद"},{"lang":"th-TH","name":"น้ำผึ้ง"},{"lang":"tr-TR","name":"Bal"},{"lang":"pt-BR","name":"Mel"},{"lang":"de-DE","name":"Honig"},{"lang":"id-ID","name":"Madu"},{"lang":"fr-FR","name":"Miel"}]},{"id":36,"name":"sugar","transcription":"[ˈʃʊɡər]","image":"/img/dict/food/sugar.png","translates":[{"lang":"ru-RU","name":"сахар"},{"lang":"vi-VN","name":"Đường"},{"lang":"zh-CN","name":"糖"},{"lang":"hi-IN","name":"चीनी"},{"lang":"th-TH","name":"น้ำตาล"},{"lang":"tr-TR","name":"Şeker"},{"lang":"pt-BR","name":"Açúcar"},{"lang":"de-DE","name":"Zucker"},{"lang":"id-ID","name":"Gula"},{"lang":"fr-FR","name":"Sucre"}]},{"id":37,"name":"salt","transcription":"[sɔːlt]","image":"/img/dict/food/salt.png","translates":[{"lang":"ru-RU","name":"соль"},{"lang":"vi-VN","name":"Muối"},{"lang":"zh-CN","name":"盐"},{"lang":"hi-IN","name":"नमक"},{"lang":"th-TH","name":"เกลือ"},{"lang":"tr-TR","name":"Tuz"},{"lang":"pt-BR","name":"Sal"},{"lang":"de-DE","name":"Salz"},{"lang":"id-ID","name":"Garam"},{"lang":"fr-FR","name":"Sel"}]},{"id":38,"name":"mashed potato","transcription":"[ˈmæʃd pəˈteɪtəʊ]","image":"/img/dict/food/mashedpotato.png","translates":[{"lang":"ru-RU","name":"картофельное пюре"},{"lang":"vi-VN","name":"Khoai tây nghiền"},{"lang":"zh-CN","name":"土豆泥"},{"lang":"hi-IN","name":"मैश्ड आलू"},{"lang":"th-TH","name":"มันฝรั่งบด"},{"lang":"tr-TR","name":"Patates püresi"},{"lang":"pt-BR","name":"Purê de batata"},{"lang":"de-DE","name":"Kartoffelpüree"},{"lang":"id-ID","name":"Kentang tumbuk"},{"lang":"fr-FR","name":"Purée de pommes de terre"}]},{"id":39,"name":"meatballs","transcription":"[ˈmiːtˌbɒlz]","image":"/img/dict/food/meatballs.png","translates":[{"lang":"ru-RU","name":"фрикадельки"},{"lang":"vi-VN","name":"Thịt viên"},{"lang":"zh-CN","name":"肉丸"},{"lang":"hi-IN","name":"मीटबॉल"},{"lang":"th-TH","name":"ลูกชิ้น"},{"lang":"tr-TR","name":"Köfte"},{"lang":"pt-BR","name":"Almôndegas"},{"lang":"de-DE","name":"Fleischbällchen"},{"lang":"id-ID","name":"Bakso"},{"lang":"fr-FR","name":"Boulettes de viande"}]},{"id":40,"name":"soup","transcription":"[suːp]","image":"/img/dict/food/soup.png","translates":[{"lang":"ru-RU","name":"суп"},{"lang":"vi-VN","name":"Súp"},{"lang":"zh-CN","name":"汤"},{"lang":"hi-IN","name":"सूप"},{"lang":"th-TH","name":"ซุป"},{"lang":"tr-TR","name":"Çorba"},{"lang":"pt-BR","name":"Sopa"},{"lang":"de-DE","name":"Suppe"},{"lang":"id-ID","name":"Sup"},{"lang":"fr-FR","name":"Soupe"}]},{"id":41,"name":"omelet","transcription":"[ˈɑːmlət]","image":"/img/dict/food/omelet.png","translates":[{"lang":"ru-RU","name":"омлет"},{"lang":"vi-VN","name":"Trứng ốp la"},{"lang":"zh-CN","name":"煎蛋卷"},{"lang":"hi-IN","name":"आमलेट"},{"lang":"th-TH","name":"ไข่เจียว"},{"lang":"tr-TR","name":"Omlet"},{"lang":"pt-BR","name":"Omelete"},{"lang":"de-DE","name":"Omelett"},{"lang":"id-ID","name":"Omelet"},{"lang":"fr-FR","name":"Omelette"}]},{"id":42,"name":"sauce","transcription":"[sɔːs]","image":"/img/dict/food/sauce.png","translates":[{"lang":"ru-RU","name":"соус"},{"lang":"vi-VN","name":"Nước sốt"},{"lang":"zh-CN","name":"酱"},{"lang":"hi-IN","name":"सॉस"},{"lang":"th-TH","name":"ซอส"},{"lang":"tr-TR","name":"Sos"},{"lang":"pt-BR","name":"Molho"},{"lang":"de-DE","name":"Soße"},{"lang":"id-ID","name":"Saus"},{"lang":"fr-FR","name":"Sauce"}]},{"id":44,"name":"salad","transcription":"[ˈsæləd]","image":"/img/dict/food/salad.png","translates":[{"lang":"ru-RU","name":"салат"},{"lang":"vi-VN","name":"Salad"},{"lang":"zh-CN","name":"沙拉"},{"lang":"hi-IN","name":"सलाद"},{"lang":"th-TH","name":"สลัด"},{"lang":"tr-TR","name":"Salata"},{"lang":"pt-BR","name":"Salada"},{"lang":"de-DE","name":"Salat"},{"lang":"id-ID","name":"Salad"},{"lang":"fr-FR","name":"Salade"}]},{"id":45,"name":"sushi","transcription":"[ˈsuːʃɪ]","image":"/img/dict/food/sushi.png","translates":[{"lang":"ru-RU","name":"суши"},{"lang":"vi-VN","name":"Sushi"},{"lang":"zh-CN","name":"寿司"},{"lang":"hi-IN","name":"सुशी"},{"lang":"th-TH","name":"ซูชิ"},{"lang":"tr-TR","name":"Suşi"},{"lang":"pt-BR","name":"Sushi"},{"lang":"de-DE","name":"Sushi"},{"lang":"id-ID","name":"Sushi"},{"lang":"fr-FR","name":"Sushi"}]},{"id":47,"name":"kebab","transcription":"[kɪˈbæb]","image":"/img/dict/food/kebab.png","translates":[{"lang":"ru-RU","name":"кебаб"},{"lang":"vi-VN","name":"Kebab"},{"lang":"zh-CN","name":"烤肉串"},{"lang":"hi-IN","name":"कबाब"},{"lang":"th-TH","name":"เคบับ"},{"lang":"tr-TR","name":"Kebap"},{"lang":"pt-BR","name":"Kebab"},{"lang":"de-DE","name":"Kebab"},{"lang":"id-ID","name":"Kebab"},{"lang":"fr-FR","name":"Kebab"}]},{"id":50,"name":"toast","transcription":"[təʊst]","image":"/img/dict/food/toast.png","translates":[{"lang":"ru-RU","name":"тост"},{"lang":"vi-VN","name":"Bánh mì nướng"},{"lang":"zh-CN","name":"吐司"},{"lang":"hi-IN","name":"टोस्ट"},{"lang":"th-TH","name":"ขนมปังปิ้ง"},{"lang":"tr-TR","name":"Tost"},{"lang":"pt-BR","name":"Torrada"},{"lang":"de-DE","name":"Toast"},{"lang":"id-ID","name":"Roti panggang"},{"lang":"fr-FR","name":"Toast"}]},{"id":51,"name":"fried eggs","transcription":"[fraɪd eɡz]","image":"/img/dict/food/friedeggs.png","translates":[{"lang":"ru-RU","name":"яичница"},{"lang":"vi-VN","name":"Trứng chiên"},{"lang":"zh-CN","name":"煎蛋"},{"lang":"hi-IN","name":"तले अंडे"},{"lang":"th-TH","name":"ไข่ดาว"},{"lang":"tr-TR","name":"Yumurta"},{"lang":"pt-BR","name":"Ovos fritos"},{"lang":"de-DE","name":"Spiegeleier"},{"lang":"id-ID","name":"Telur goreng"},{"lang":"fr-FR","name":"Œufs sur le plat"}]},{"id":52,"name":"ketchup","transcription":"[ˈketʃəp]","image":"/img/dict/food/ketchup.png","translates":[{"lang":"ru-RU","name":"кетчуп"},{"lang":"vi-VN","name":"Tương cà"},{"lang":"zh-CN","name":"番茄酱"},{"lang":"hi-IN","name":"केचप"},{"lang":"th-TH","name":"ซอสมะเขือเทศ"},{"lang":"tr-TR","name":"Ketçap"},{"lang":"pt-BR","name":"Ketchup"},{"lang":"de-DE","name":"Ketchup"},{"lang":"id-ID","name":"Kecap"},{"lang":"fr-FR","name":"Ketchup"}]},{"id":53,"name":"mayonnaise","transcription":"[ˈmeɪəneɪz]","image":"/img/dict/food/mayonnaise.png","translates":[{"lang":"ru-RU","name":"майонез"},{"lang":"vi-VN","name":"Mayonnaise"},{"lang":"zh-CN","name":"蛋黄酱"},{"lang":"hi-IN","name":"मेयोनेज़"},{"lang":"th-TH","name":"มายองเนส"},{"lang":"tr-TR","name":"Mayonez"},{"lang":"pt-BR","name":"Maionese"},{"lang":"de-DE","name":"Mayonnaise"},{"lang":"id-ID","name":"Mayones"},{"lang":"fr-FR","name":"Mayonnaise"}]},{"id":53,"name":"mustard","transcription":"[ˈmʌstərd]","image":"/img/dict/food/mustard.png","translates":[{"lang":"ru-RU","name":"горчица"},{"lang":"vi-VN","name":"Mù tạt"},{"lang":"zh-CN","name":"芥末"},{"lang":"hi-IN","name":"सरसों"},{"lang":"th-TH","name":"มัสตาร์ด"},{"lang":"tr-TR","name":"Hardal"},{"lang":"pt-BR","name":"Mostarda"},{"lang":"de-DE","name":"Senf"},{"lang":"id-ID","name":"Mustard"},{"lang":"fr-FR","name":"Moutarde"}]}]}