{
  "name": "Vegetables",
  "nameA": null,
  "img": null,
  "minQuiz": null,
  "isRandom": true,
  "isBlur": true,
  "isForAdult": false,
  "separator": "",
  "numWords": 27,
  "tags": null,
  "Translations": [
    {
      "lang": "ru-RU",
      "name": "Овощи",
      "nameA": null
    }
  ],
  "items": [
    {
      "id": 0,
      "name": "onion",
      "transcription": "[ˈʌnjən]",
      "nameA": null,
      "image": "/img/dict/food/onion.png",
      "bg": null,
      "nameAnswer": null,
      "translates": [
        {
          "lang": "ru-RU",
          "name": "лук",
          "nameA": null
        }
      ]
    },
    {
      "id": 1,
      "name": "mushroom",
      "transcription": "[ˈmʌʃrʊm]",
      "nameA": null,
      "image": "/img/dict/food/mushroom.png",
      "bg": null,
      "nameAnswer": null,
      "translates": [
        {
          "lang": "ru-RU",
          "name": "гриб",
          "nameA": null
        }
      ]
    },
    {
      "id": 2,
      "name": "potato",
      "transcription": "[pəˈteɪtəʊ]",
      "nameA": null,
      "image": "/img/dict/food/potato.png",
      "bg": null,
      "nameAnswer": null,
      "translates": [
        {
          "lang": "ru-RU",
          "name": "картофель",
          "nameA": null
        }
      ]
    },
    {
      "id": 3,
      "name": "carrot",
      "transcription": "[ˈkærət]",
      "nameA": null,
      "image": "/img/dict/food/carrot.png",
      "bg": null,
      "nameAnswer": null,
      "translates": [
        {
          "lang": "ru-RU",
          "name": "морковь",
          "nameA": null
        }
      ]
    },
    {
      "id": 4,
      "name": "peas",
      "transcription": "[ˈpiːz]",
      "nameA": null,
      "image": "/img/dict/food/peas.png",
      "bg": null,
      "nameAnswer": null,
      "translates": [
        {
          "lang": "ru-RU",
          "name": "горох",
          "nameA": null
        }
      ]
    },
    {
      "id": 5,
      "name": "broccoli",
      "transcription": "[ˈbrɑːkəlɪ]",
      "nameA": null,
      "image": "/img/dict/food/broccoli.png",
      "bg": null,
      "nameAnswer": null,
      "translates": [
        {
          "lang": "ru-RU",
          "name": "брокколи",
          "nameA": null
        }
      ]
    },
    {
      "id": 6,
      "name": "pepper",
      "transcription": "[ˈpepər]",
      "nameA": null,
      "image": "/img/dict/food/pepper.png",
      "bg": null,
      "nameAnswer": null,
      "translates": [
        {
          "lang": "ru-RU",
          "name": "перец",
          "nameA": null
        }
      ]
    },
    {
      "id": 8,
      "name": "cabbage",
      "transcription": "[ˈkæbɪdʒ]",
      "nameA": null,
      "image": "/img/dict/food/cabbage.png",
      "bg": null,
      "nameAnswer": null,
      "translates": [
        {
          "lang": "ru-RU",
          "name": "капуста",
          "nameA": null
        }
      ]
    },
    {
      "id": 9,
      "name": "leeks",
      "transcription": "[ˈliːks]",
      "nameA": null,
      "image": "/img/dict/food/leeks.png",
      "bg": null,
      "nameAnswer": null,
      "translates": [
        {
          "lang": "ru-RU",
          "name": "лук-порей",
          "nameA": null
        }
      ]
    },
    {
      "id": 10,
      "name": "zucchini",
      "transcription": "[zʊˈkiːnɪ]",
      "nameA": null,
      "image": "/img/dict/food/zucchini.png",
      "bg": null,
      "nameAnswer": null,
      "translates": [
        {
          "lang": "ru-RU",
          "name": "цуккини",
          "nameA": null
        }
      ]
    },
    {
      "id": 11,
      "name": "eggplant",
      "transcription": "[ˈeɡplænt]",
      "nameA": null,
      "image": "/img/dict/food/eggplant.png",
      "bg": null,
      "nameAnswer": null,
      "translates": [
        {
          "lang": "ru-RU",
          "name": "баклажан",
          "nameA": null
        }
      ]
    },
    {
      "id": 12,
      "name": "corn",
      "transcription": "[kɔːrn]",
      "nameA": null,
      "image": "/img/dict/food/corn.png",
      "bg": null,
      "nameAnswer": null,
      "translates": [
        {
          "lang": "ru-RU",
          "name": "кукуруза",
          "nameA": null
        }
      ]
    },
    {
      "id": 13,
      "name": "sweet potato",
      "transcription": "[swiːt pəˈteɪtəʊ]",
      "nameA": null,
      "image": "/img/dict/food/sweetpotato.png",
      "bg": null,
      "nameAnswer": null,
      "translates": [
        {
          "lang": "ru-RU",
          "name": "батат",
          "nameA": null
        }
      ]
    },
    {
      "id": 14,
      "name": "cucumber",
      "transcription": "[ˈkjuːkʌmbər]",
      "nameA": null,
      "image": "/img/dict/food/cucumber.png",
      "bg": null,
      "nameAnswer": null,
      "translates": [
        {
          "lang": "ru-RU",
          "name": "огурец",
          "nameA": null
        }
      ]
    },
    {
      "id": 15,
      "name": "lettuce",
      "transcription": "[ˈletɪs]",
      "nameA": null,
      "image": "/img/dict/food/lettuce.png",
      "bg": null,
      "nameAnswer": null,
      "translates": [
        {
          "lang": "ru-RU",
          "name": "латук",
          "nameA": null
        }
      ]
    },
    {
      "id": 16,
      "name": "asparagus",
      "transcription": "[əˈspærəɡəs]",
      "nameA": null,
      "image": "/img/dict/food/asparagus.png",
      "bg": null,
      "nameAnswer": null,
      "translates": [
        {
          "lang": "ru-RU",
          "name": "спаржа",
          "nameA": null
        }
      ]
    },
    {
      "id": 17,
      "name": "ginger",
      "transcription": "[ˈdʒɪndʒər]",
      "nameA": null,
      "image": "/img/dict/food/ginger.png",
      "bg": null,
      "nameAnswer": null,
      "translates": [
        {
          "lang": "ru-RU",
          "name": "имбирь",
          "nameA": null
        }
      ]
    },
    {
      "id": 18,
      "name": "beetroot",
      "transcription": "[ˈbiːtruːt]",
      "nameA": null,
      "image": "/img/dict/food/beetroot.png",
      "bg": null,
      "nameAnswer": null,
      "translates": [
        {
          "lang": "ru-RU",
          "name": "свекла",
          "nameA": null
        }
      ]
    },
    {
      "id": 19,
      "name": "cauliflower",
      "transcription": "[ˈkɔːlɪflaʊər]",
      "nameA": null,
      "image": "/img/dict/food/cauliflower.png",
      "bg": null,
      "nameAnswer": null,
      "translates": [
        {
          "lang": "ru-RU",
          "name": "цветная капуста",
          "nameA": null
        }
      ]
    },
    {
      "id": 20,
      "name": "chili",
      "transcription": "[ˈtʃɪlɪ]",
      "nameA": null,
      "image": "/img/dict/food/chili.png",
      "bg": null,
      "nameAnswer": null,
      "translates": [
        {
          "lang": "ru-RU",
          "name": "перец чили",
          "nameA": null
        }
      ]
    },
    {
      "id": 21,
      "name": "garlic",
      "transcription": "[ˈɡɑːrlɪk]",
      "nameA": null,
      "image": "/img/dict/food/garlic.png",
      "bg": null,
      "nameAnswer": null,
      "translates": [
        {
          "lang": "ru-RU",
          "name": "чеснок",
          "nameA": null
        }
      ]
    },
    {
      "id": 22,
      "name": "pumpkin",
      "transcription": "[ˈpʌmpkɪn]",
      "nameA": null,
      "image": "/img/dict/food/pumpkin.png",
      "bg": null,
      "nameAnswer": null,
      "translates": [
        {
          "lang": "ru-RU",
          "name": "тыква",
          "nameA": null
        }
      ]
    },
    {
      "id": 23,
      "name": "radish",
      "transcription": "[ˈrædɪʃ]",
      "nameA": null,
      "image": "/img/dict/food/radish.png",
      "bg": null,
      "nameAnswer": null,
      "translates": [
        {
          "lang": "ru-RU",
          "name": "редис",
          "nameA": null
        }
      ]
    },
    {
      "id": 24,
      "name": "spinach",
      "transcription": "[ˈspɪnɪtʃ]",
      "nameA": null,
      "image": "/img/dict/food/spinach.png",
      "bg": null,
      "nameAnswer": null,
      "translates": [
        {
          "lang": "ru-RU",
          "name": "шпинат",
          "nameA": null
        }
      ]
    },
    {
      "id": 26,
      "name": "tomato",
      "transcription": "[təˈmeɪtəʊ]",
      "nameA": null,
      "image": "/img/dict/food/tomato.png",
      "bg": null,
      "nameAnswer": null,
      "translates": [
        {
          "lang": "ru-RU",
          "name": "помидор",
          "nameA": null
        }
      ]
    },
    {
      "id": 27,
      "name": "dill",
      "transcription": "[dɪl]",
      "nameA": null,
      "image": "/img/dict/food/dill.png",
      "bg": null,
      "nameAnswer": null,
      "translates": [
        {
          "lang": "ru-RU",
          "name": "укроп",
          "nameA": null
        }
      ]
    },
    {
      "id": 27,
      "name": "parsley",
      "transcription": "[ˈpɑːrslɪ]",
      "nameA": null,
      "image": "/img/dict/food/parsley.png",
      "bg": null,
      "nameAnswer": null,
      "translates": [
        {
          "lang": "ru-RU",
          "name": "петрушка",
          "nameA": null
        }
      ]
    }
  ]
}