{
  "name": "Food",
  

  "Translations": [
    {
      "name": "Еда",
      "lang": "ru-RU"
    }
  ],
  "items": [
    {
      "id": 0,
      "name": "chicken",
      "image": "/img/dict/food/chicken.png",
      "translates": [
        {
          "name": "курица",
          "lang": "ru-RU"
        }
      ]
    },
    {
      "id": 1,
      "name": "sausage",
      "image": "/img/dict/food/sausage.png",
      "translates": [
        {
          "name": "колбаса",
          "lang": "ru-RU"
        }
      ]
    },
    {
      "id": 2,
      "name": "bread",
      "image": "/img/dict/food/bread.png",
      "translates": [
        {
          "name": "хлеб",
          "lang": "ru-RU"
        }
      ]
    },
    {
      "id": 3,
      "name": "butter",
      "image": "/img/dict/food/butter.png",
      "translates": [
        {
          "name": "масло",
          "lang": "ru-RU"
        }
      ]
    },
    {
      "id": 4,
      "name": "pasta",
      "image": "/img/dict/food/pasta.png",
      "translates": [
        {
          "name": "макаронные изделия",
          "lang": "ru-RU"
        }
      ]
    },
    {
      "id": 5,
      "name": "rice",
      "image": "/img/dict/food/rice.png",
      "translates": [
        {
          "name": "рис",
          "lang": "ru-RU"
        }
      ]
    },
    {
      "id": 6,
      "name": "egg",
      "image": "/img/dict/food/egg.png",
      "translates": [
        {
          "name": "яйцо",
          "lang": "ru-RU"
        }
      ]
    },
    {
      "id": 7,
      "name": "fish",
      "image": "/img/dict/food/fish.png",
      "translates": [
        {
          "name": "рыба",
          "lang": "ru-RU"
        }
      ]
    },
    {
      "id": 8,
      "name": "bacon",
      "image": "/img/dict/food/bacon.png",
      "translates": [
        {
          "name": "бекон",
          "lang": "ru-RU"
        }
      ]
    },
   
    {
      "id": 10,
      "name": "cereal",
      "image": "/img/dict/food/cereal.png",
      "translates": [
        {
          "name": "каша",
          "lang": "ru-RU"
        }
      ]
    },
   
  
    {
      "id": 13,
      "name": "corn dog",
      "image": "/img/dict/food/corndog.png",
      "translates": [
        {
          "name": "корн-дог",
          "lang": "ru-RU"
        }
      ]
    },
    {
      "id": 14,
      "name": "hot dog",
      "image": "/img/dict/food/hotdog.png",
      "translates": [
        {
          "name": "хот-дог",
          "lang": "ru-RU"
        }
      ]
    },
   
   
    {
      "id": 17,
      "name": "meat",
      "image": "/img/dict/food/meat.png",
      "translates": [
        {
          "name": "мясо",
          "lang": "ru-RU"
        }
      ]
    },
    {
      "id": 18,
      "name": "hamburger",
      "image": "/img/dict/food/hamburger.png",
      "translates": [
        {
          "name": "гамбургер",
          "lang": "ru-RU"
        }
      ]
    },
    {
      "id": 19,
      "name": "pizza",
      "image": "/img/dict/food/pizza.png",
      "translates": [
        {
          "name": "пицца",
          "lang": "ru-RU"
        }
      ]
    },
    {
      "id": 20,
      "name": "french fries",
      "image": "/img/dict/food/frenchfries.png",
      "translates": [
        {
          "name": "картофель фри",
          "lang": "ru-RU"
        }
      ]
    },
    {
      "id": 21,
      "name": "sandwich",
      "image": "/img/dict/food/sandwich.png",
      "translates": [
        {
          "name": "бутерброд",
          "lang": "ru-RU"
        }
      ]
    },
    {
      "id": 22,
      "name": "noodles",
      "image": "/img/dict/food/noodles.png",
      "translates": [
        {
          "name": "лапша",
          "lang": "ru-RU"
        }
      ]
    },
    {
      "id": 23,
      "name": "cheese",
      "image": "/img/dict/food/cheese.png",
      "translates": [
        {
          "name": "сыр",
          "lang": "ru-RU"
        }
      ]
    },
    {
      "id": 29,
      "name": "vegetables",
      "image": "/img/dict/food/vegetables.png",
      "translates": [
        {
          "name": "овощи",
          "lang": "ru-RU"
        }
      ]
    },
    {
      "id": 30,
      "name": "fruit",
      "image": "/img/dict/food/fruit.png",
      "translates": [
        {
          "name": "фрукты",
          "lang": "ru-RU"
        }
      ]
    },
    {
      "id": 28,
      "name": "nuts",
      "image": "/img/dict/food/nuts.png",
      "translates": [
        {
          "name": "орехи",
          "lang": "ru-RU"
        }
      ]
    },
    {
      "id": 27,
      "name": "berries",
      "image": "/img/dict/food/berries.png",
      "translates": [
        {
          "name": "ягоды",
          "lang": "ru-RU"
        }
      ]
    },
    {
      "id": 31,
      "name": "sweets",
      "image": "/img/dict/food/sweets.png",
      "translates": [
        {
          "name": "сладости",
          "lang": "ru-RU"
        }
      ]
    },
    
    
    {
      "id": 32,
      "name": "crisps",
      "image": "/img/dict/food/crisps.png",
      "translates": [
        {
          "name": "чипсы",
          "lang": "ru-RU"
        }
      ]
    },
 
    {
      "id": 34,
      "name": "ham",
      "image": "/img/dict/food/ham.png",
      "translates": [
        {
          "name": "ветчина",
          "lang": "ru-RU"
        }
      ]
    },
    {
      "id": 35,
      "name": "honey",
      "image": "/img/dict/food/honey.png",
      "translates": [
        {
          "name": "мед",
          "lang": "ru-RU"
        }
      ]
    },
    {
      "id": 36,
      "name": "sugar",
      "image": "/img/dict/food/sugar.png",
      "translates": [
        {
          "name": "сахар",
          "lang": "ru-RU"
        }
      ]
    },
    {
      "id": 37,
      "name": "salt",
      "image": "/img/dict/food/salt.png",
      "translates": [
        {
          "name": "соль",
          "lang": "ru-RU"
        }
      ]
    },
    {
      "id": 38,
      "name": "mashed potato",
      "image": "/img/dict/food/mashedpotato.png",
      "translates": [
        {
          "name": "картофельное пюре",
          "lang": "ru-RU"
        }
      ]
    },
    {
      "id": 39,
      "name": "meatballs",
      "image": "/img/dict/food/meatballs.png",
      "translates": [
        {
          "name": "фрикадельки",
          "lang": "ru-RU"
        }
      ]
    },
    {
      "id": 40,
      "name": "soup",
      "image": "/img/dict/food/soup.png",
      "translates": [
        {
          "name": "суп",
          "lang": "ru-RU"
        }
      ]
    },
    {
      "id": 41,
      "name": "omelet",
      "image": "/img/dict/food/omelet.png",
      "translates": [
        {
          "name": "омлет",
          "lang": "ru-RU"
        }
      ]
    },
    
    {
      "id": 42,
      "name": "sauce",
      "image": "/img/dict/food/sauce.png",
      "translates": [
        {
          "name": "соус",
          "lang": "ru-RU"
        }
      ]
    },
   
    {
      "id": 44,
      "name": "salad",
      "image": "/img/dict/food/salad.png",
      "translates": [
        {
          "name": "салат",
          "lang": "ru-RU"
        }
      ]
    },
    {
      "id": 45,
      "name": "sushi",
      "image": "/img/dict/food/sushi.png",
      "translates": [
        {
          "name": "суши",
          "lang": "ru-RU"
        }
      ]
    },
    
    {
      "id": 47,
      "name": "kebab",
      "image": "/img/dict/food/kebab.png",
      "translates": [
        {
          "name": "кебаб",
          "lang": "ru-RU"
        }
      ]
    },
  
    
    {
      "id": 50,
      "name": "toast",
      "image": "/img/dict/food/toast.png",
      "translates": [
        {
          "name": "тост",
          "lang": "ru-RU"
        }
      ]
    }
    ,
     {
      "id": 51,
      "name": "fried eggs",
      "image": "/img/dict/food/friedeggs.png",
      "translates": [
        {
          "name": "яичница",
          "lang": "ru-RU"
        }
      ]
    },
    {
      "id": 52,
      "name": "ketchup",
      "image": "/img/dict/food/ketchup.png",
      "translates": [
        {
          "name": "кетчуп",
          "lang": "ru-RU"
        }
      ]
    },
    {
      "id": 53,
      "name": "mayonnaise",
      "image": "/img/dict/food/mayonnaise.png",
      "translates": [
        {
          "name": "майонез",
          "lang": "ru-RU"
        }
      ]
    }
  ]
}