{
  "name": "Vegetables",
  "Translations": [
    {
      "name": "Овощи",
      "lang": "ru-RU"
    }
  ],
  "items": [
    {
      "id": 0,
      "name": "onion",
      "image": "/img/dict/food/onion.png",
      "translates": [
        {
          "name": "лук",
          "lang": "ru-RU"
        }
      ]
    },
    {
      "id": 1,
      "name": "mushroom",
      "image": "/img/dict/food/mushroom.png",
      "translates": [
        {
          "name": "гриб",
          "lang": "ru-RU"
        }
      ]
    },
    {
      "id": 2,
      "name": "potato",
      "image": "/img/dict/food/potato.png",
      "translates": [
        {
          "name": "картофель",
          "lang": "ru-RU"
        }
      ]
    },
    {
      "id": 3,
      "name": "carrot",
      "image": "/img/dict/food/carrot.png",
      "translates": [
        {
          "name": "морковь",
          "lang": "ru-RU"
        }
      ]
    },
    {
      "id": 4,
      "name": "peas",
      "image": "/img/dict/food/peas.png",
      "translates": [
        {
          "name": "горох",
          "lang": "ru-RU"
        }
      ]
    },
    {
      "id": 5,
      "name": "broccoli",
      "image": "/img/dict/food/broccoli.png",
      "translates": [
        {
          "name": "брокколи",
          "lang": "ru-RU"
        }
      ]
    },
    {
      "id": 6,
      "name": "pepper",
      "image": "/img/dict/food/pepper.png",
      "translates": [
        {
          "name": "перец",
          "lang": "ru-RU"
        }
      ]
    },
   
    {
      "id": 8,
      "name": "cabbage",
      "image": "/img/dict/food/cabbage.png",
      "translates": [
        {
          "name": "капуста",
          "lang": "ru-RU"
        }
      ]
    },
    {
      "id": 9,
      "name": "leeks",
      "image": "/img/dict/food/leeks.png",
      "translates": [
        {
          "name": "лук-порей",
          "lang": "ru-RU"
        }
      ]
    },
    {
      "id": 10,
      "name": "zucchini",
      "image": "/img/dict/food/zucchini.png",
      "translates": [
        {
          "name": "цуккини",
          "lang": "ru-RU"
        }
      ]
    },
    {
      "id": 11,
      "name": "eggplant",
      "image": "/img/dict/food/eggplant.png",
      "translates": [
        {
          "name": "баклажан",
          "lang": "ru-RU"
        }
      ]
    },
    {
      "id": 12,
      "name": "corn",
      "image": "/img/dict/food/corn.png",
      "translates": [
        {
          "name": "кукуруза",
          "lang": "ru-RU"
        }
      ]
    },
    {
      "id": 13,
      "name": "sweet potato",
      "image": "/img/dict/food/sweetpotato.png",
      "translates": [
        {
          "name": "батат",
          "lang": "ru-RU"
        }
      ]
    },
    {
      "id": 14,
      "name": "cucumber",
      "image": "/img/dict/food/cucumber.png",
      "translates": [
        {
          "name": "огурец",
          "lang": "ru-RU"
        }
      ]
    },
    {
      "id": 15,
      "name": "lettuce",
      "image": "/img/dict/food/lettuce.png",
      "translates": [
        {
          "name": "латук",
          "lang": "ru-RU"
        }
      ]
    },
    {
      "id": 16,
      "name": "asparagus",
      "image": "/img/dict/food/asparagus.png",
      "translates": [
        {
          "name": "спаржа",
          "lang": "ru-RU"
        }
      ]
    },
    {
      "id": 17,
      "name": "ginger",
      "image": "/img/dict/food/ginger.png",
      "translates": [
        {
          "name": "имбирь",
          "lang": "ru-RU"
        }
      ]
    },
    {
      "id": 18,
      "name": "beetroot",
      "image": "/img/dict/food/beetroot.png",
      "translates": [
        {
          "name": "свекла",
          "lang": "ru-RU"
        }
      ]
    },
    {
      "id": 19,
      "name": "cauliflower",
      "image": "/img/dict/food/cauliflower.png",
      "translates": [
        {
          "name": "цветная капуста",
          "lang": "ru-RU"
        }
      ]
    },
    {
      "id": 20,
      "name": "chili",
      "image": "/img/dict/food/chili.png",
      "translates": [
        {
          "name": "перец чили",
          "lang": "ru-RU"
        }
      ]
    },
    {
      "id": 21,
      "name": "garlic",
      "image": "/img/dict/food/garlic.png",
      "translates": [
        {
          "name": "чеснок",
          "lang": "ru-RU"
        }
      ]
    },
    {
      "id": 22,
      "name": "pumpkin",
      "image": "/img/dict/food/pumpkin.png",
      "translates": [
        {
          "name": "тыква",
          "lang": "ru-RU"
        }
      ]
    },
    {
      "id": 23,
      "name": "radish",
      "image": "/img/dict/food/radish.png",
      "translates": [
        {
          "name": "редис",
          "lang": "ru-RU"
        }
      ]
    },
    {
      "id": 24,
      "name": "spinach",
      "image": "/img/dict/food/spinach.png",
      "translates": [
        {
          "name": "шпинат",
          "lang": "ru-RU"
        }
      ]
    },
     
    {
      "id": 26,
      "name": "tomato",
      "image": "/img/dict/food/tomato.png",
      "translates": [
        {
          "name": "помидор",
          "lang": "ru-RU"
        }
      ]
    }
    ,
     
    {
      "id": 27,
      "name": "dill",
      "image": "/img/dict/food/dill.png",
      "translates": [
        {
          "name": "укроп",
          "lang": "ru-RU"
        }
      ]
    },
    
    {
      "id": 27,
      "name": "parsley",
      "image": "/img/dict/food/parsley.png",
      "translates": [
        {
          "name": "петрушка",
          "lang": "ru-RU"
        }
      ]
    }
  ]
}