{
  "name": "sweets",
  "Translations": [
    {
      "name": "сладости",
      "lang": "ru-RU"
    }
  ],
  "items": [
 
 
    {
      "id": 9,
      "name": "candy",
      "image": "/img/dict/food/candy.png",
      "translates": [
        {
          "name": "конфеты",
          "lang": "ru-RU"
        }
      ]
    },
 
    {
      "id": 11,
      "name": "brownie",
      "image": "/img/dict/food/brownie.png",
      "translates": [
        {
          "name": "пирожное",
          "lang": "ru-RU"
        }
      ]
    },
    {
      "id": 12,
      "name": "cookie",
      "image": "/img/dict/food/cookie.png",
      "translates": [
        {
          "name": "печенье",
          "lang": "ru-RU"
        }
      ]
    },
 
 
    {
      "id": 15,
      "name": "croissant",
      "image": "/img/dict/food/croissant.png",
      "translates": [
        {
          "name": "круассан",
          "lang": "ru-RU"
        }
      ]
    },
    {
      "id": 16,
      "name": "cupcake",
      "image": "/img/dict/food/cupcake.png",
      "translates": [
        {
          "name": "кекс",
          "lang": "ru-RU"
        }
      ]
    },
 
 
    {
      "id": 25,
      "name": "ice cream",
      "image": "/img/dict/food/icecream.png",
      "translates": [
        {
          "name": "мороженое",
          "lang": "ru-RU"
        }
      ]
    },
    {
      "id": 26,
      "name": "cake",
      "image": "/img/dict/food/cake.png",
      "translates": [
        {
          "name": "торт",
          "lang": "ru-RU"
        }
      ]
    },
    {
      "id": 27,
      "name": "chocolate",
      "image": "/img/dict/food/chocolate.png",
      "translates": [
        {
          "name": "шоколад",
          "lang": "ru-RU"
        }
      ]
    },
    {
      "id": 28,
      "name": "yoghurt",
      "image": "/img/dict/food/yoghurt.png",
      "translates": [
        {
          "name": "йогурт",
          "lang": "ru-RU"
        }
      ]
    },
    {
      "id": 29,
      "name": "donut",
      "image": "/img/dict/food/donut.png",
      "translates": [
        {
          "name": "пончик",
          "lang": "ru-RU"
        }
      ]
    },
    {
      "id": 30,
      "name": "pie",
      "image": "/img/dict/food/pie.png",
      "translates": [
        {
          "name": "пирог",
          "lang": "ru-RU"
        }
      ]
    },
    {
      "id": 31,
      "name": "biscuits",
      "image": "/img/dict/food/biscuits.png",
      "translates": [
        {
          "name": "печенье",
          "lang": "ru-RU"
        }
      ]
    },
 
    {
      "id": 33,
      "name": "jelly",
      "image": "/img/dict/food/jelly.png",
      "translates": [
        {
          "name": "желе",
          "lang": "ru-RU"
        }
      ]
    },
 
    {
      "id": 34,
      "name": "cracker",
      "image": "/img/dict/food/cracker.png",
      "translates": [
        {
          "name": "крекер",
          "lang": "ru-RU"
        }
      ]
    },
    {
      "id": 43,
      "name": "pancake",
      "image": "/img/dict/food/pancake.png",
      "translates": [
        {
          "name": "блин",
          "lang": "ru-RU"
        }
      ]
    },
 
 
    {
      "id": 46,
      "name": "waffles",
      "image": "/img/dict/food/waffles.png",
      "translates": [
        {
          "name": "вафли",
          "lang": "ru-RU"
        }
      ]
    },
 
    {
      "id": 48,
      "name": "popcorn",
      "image": "/img/dict/food/popcorn.png",
      "translates": [
        {
          "name": "Попкорн",
          "lang": "ru-RU"
        }
      ]
    },
    {
      "id": 49,
      "name": "jam",
      "image": "/img/dict/food/jam.png",
      "translates": [
        {
          "name": "варенье",
          "lang": "ru-RU"
        }
      ]
    },
    {
      "id": 50,
      "name": "lollipop",
      "image": "/img/dict/food/lollipop.png",
      "translates": [
        {
          "name": "леденец",
          "lang": "ru-RU"
        }
      ]
    },
 
    {
      "id": 53,
      "name": "gingerbread",
      "image": "/img/dict/food/gingerbread.png",
      "translates": [
        {
          "name": "пряник",
          "lang": "ru-RU"
        }
      ]
    }
  ]
}