{
  "name": "Berries",
  "Translations": [
    {
      "name": "Ягоды",
      "lang": "ru-RU"
    }
  ],
  "items": [
    {
      "id": 0,
      "name": "Berries",
      "image": "/img/dict/food/berries.png",
      "translates": [
        {
          "name": "Ягоды",
          "lang": "ru-RU"
        }
      ]
    },
    {
      "id": 1,
      "name": "blueberry",
      "image": "/img/dict/food/blueberry.png",
      "translates": [
        {
          "name": "черника",
          "lang": "ru-RU"
        }
      ]
    },
     
    {
      "id": 3,
      "name": "blackberry",
      "image": "/img/dict/food/blackberry.png",
      "translates": [
        {
          "name": "ежевика",
          "lang": "ru-RU"
        }
      ]
    },
    {
      "id": 4,
      "name": "cherry",
      "image": "/img/dict/food/cherry.png",
      "translates": [
        {
          "name": "вишня",
          "lang": "ru-RU"
        }
      ]
    },
    {
      "id": 5,
      "name": "currant",
      "image": "/img/dict/food/currant.png",
      "translates": [
        {
          "name": "смородина",
          "lang": "ru-RU"
        }
      ]
    },
    {
      "id": 6,
      "name": "cranberry",
      "image": "/img/dict/food/cranberry.png",
      "translates": [
        {
          "name": "клюква",
          "lang": "ru-RU"
        }
      ]
    },
    {
      "id": 7,
      "name": "chokeberry",
      "image": "/img/dict/food/chokeberry.png",
      "translates": [
        {
          "name": "черноплодная рябина",
          "lang": "ru-RU"
        }
      ]
    },
    {
      "id": 8,
      "name": "goji berry",
      "image": "/img/dict/food/gojiberry.png",
      "translates": [
        {
          "name": "ягода годжи",
          "lang": "ru-RU"
        }
      ]
    },
    {
      "id": 9,
      "name": "gooseberry",
      "image": "/img/dict/food/gooseberry.png",
      "translates": [
        {
          "name": "крыжовник",
          "lang": "ru-RU"
        }
      ]
    },
    {
      "id": 10,
      "name": "raspberry",
      "image": "/img/dict/food/raspberry.png",
      "translates": [
        {
          "name": "малина",
          "lang": "ru-RU"
        }
      ]
    },
    {
      "id": 11,
      "name": "strawberry",
      "image": "/img/dict/food/strawberry.png",
      "translates": [
        {
          "name": "клубника",
          "lang": "ru-RU"
        }
      ]
    },
    {
      "id": 12,
      "name": "Rowanberry",
      "image": "/img/dict/food/rowanberry.png",
      "translates": [
        {
          "name": "Рябина",
          "lang": "ru-RU"
        }
      ]
    },
    {
      "id": 13,
      "name": "Sea buckthorn",
      "image": "/img/dict/food/seabuckthorn.png",
      "translates": [
        {
          "name": "Облепиха",
          "lang": "ru-RU"
        }
      ]
    }
  ]
}