{
  "name": "Drinks",
  "Translations": [
    {
      "name": "Напитки",
      "lang": "ru-RU"
    }
  ],
  "items": [
    {
      "id": 0,
      "name": "juice",
      "image": "/img/dict/food/juice.png",
      "translates": [
        {
          "name": "сок",
          "lang": "ru-RU"
        }
      ]
    },
    {
      "id": 1,
      "name": "coffee",
      "image": "/img/dict/food/coffee.png",
      "translates": [
        {
          "name": "кофе",
          "lang": "ru-RU"
        }
      ]
    },
    {
      "id": 2,
      "name": "soda",
      "image": "/img/dict/food/soda.png",
      "translates": [
        {
          "name": "сода",
          "lang": "ru-RU"
        }
      ]
    },
    {
      "id": 3,
      "name": "cola",
      "image": "/img/dict/food/cola.png",
      "translates": [
        {
          "name": "кола",
          "lang": "ru-RU"
        }
      ]
    },
    {
      "id": 4,
      "name": "tea",
      "image": "/img/dict/food/tea.png",
      "translates": [
        {
          "name": "чай",
          "lang": "ru-RU"
        }
      ]
    },
    {
      "id": 5,
      "name": "hot chocolate",
      "image": "/img/dict/food/hotchocolate.png",
      "translates": [
        {
          "name": "горячий шоколад",
          "lang": "ru-RU"
        }
      ]
    },
    {
      "id": 6,
      "name": "lemonade",
      "image": "/img/dict/food/lemonade.png",
      "translates": [
        {
          "name": "лимонад",
          "lang": "ru-RU"
        }
      ]
    },
    {
      "id": 7,
      "name": "milk",
      "image": "/img/dict/food/milk.png",
      "translates": [
        {
          "name": "молоко",
          "lang": "ru-RU"
        }
      ]
    },
    {
      "id": 8,
      "name": "milkshake",
      "image": "/img/dict/food/milkshake.png",
      "translates": [
        {
          "name": "молочный коктейль",
          "lang": "ru-RU"
        }
      ]
    },
    {
      "id": 9,
      "name": "water",
      "image": "/img/dict/food/water.png",
      "translates": [
        {
          "name": "вода",
          "lang": "ru-RU"
        }
      ]
    },
    
    {
      "id": 12,
      "name": "smoothie",
      "image": "/img/dict/food/smoothie.png",
      "translates": [
        {
          "name": "смузи",
          "lang": "ru-RU"
        }
      ]
    },
    {
      "id": 13,
      "name": "sparkling water",
      "image": "/img/dict/food/sparklingwater.png",
      "translates": [
        {
          "name": "газированная вода",
          "lang": "ru-RU"
        }
      ]
    },
    {
      "id": 14,
      "name": "still water",
      "image": "/img/dict/food/stillwater.png",
      "translates": [
        {
          "name": "вода без газа",
          "lang": "ru-RU"
        }
      ]
    },
    {
      "id": 15,
      "name": "cocktail",
      "image": "/img/dict/food/cocktail.png",
      "translates": [
        {
          "name": "коктейль",
          "lang": "ru-RU"
        }
      ]
    }
    ,
    {
      "id": 16,
      "name": "milktea",
      "image": "/img/dict/food/milktea.png",
      "translates": [
        {
          "name": "молочный чай",
          "lang": "ru-RU"
        }
      ]
    }
  ]
}