{"name":"Nuts","isRandom":true,"isBlur":true,"isUpper":true,"isByWords":false,"isForAdult":false,"separator":"","numWords":10,"Translations":[{"lang":"ru-RU","name":"Орехи"},{"lang":"vi-VN","name":"Hạt"},{"lang":"zh-CN","name":"坚果"},{"lang":"hi-IN","name":"मेवा"},{"lang":"th-TH","name":"ถั่ว"},{"lang":"tr-TR","name":"Kuruyemiş"},{"lang":"pt-BR","name":"Nozes"},{"lang":"de-DE","name":"Nüsse"},{"lang":"id-ID","name":"Kacang"},{"lang":"fr-FR","name":"Noix"}],"items":[{"id":0,"name":"nuts","transcription":"[nʌts]","image":"/img/dict/food/nuts.png","translates":[{"lang":"ru-RU","name":"орехи"},{"lang":"vi-VN","name":"Hạt"},{"lang":"zh-CN","name":"坚果"},{"lang":"hi-IN","name":"मेवा"},{"lang":"th-TH","name":"ถั่ว"},{"lang":"tr-TR","name":"Kuruyemiş"},{"lang":"pt-BR","name":"Nozes"},{"lang":"de-DE","name":"Nüsse"},{"lang":"id-ID","name":"Kacang"},{"lang":"fr-FR","name":"Noix"}]},{"id":1,"name":"almond","transcription":"[ˈɑːmənd]","image":"/img/dict/food/almond.png","translates":[{"lang":"ru-RU","name":"миндаль"},{"lang":"vi-VN","name":"Hạnh nhân"},{"lang":"zh-CN","name":"杏仁"},{"lang":"hi-IN","name":"बादाम"},{"lang":"th-TH","name":"อัลมอนด์"},{"lang":"tr-TR","name":"Badem"},{"lang":"pt-BR","name":"Amêndoa"},{"lang":"de-DE","name":"Mandel"},{"lang":"id-ID","name":"Almond"},{"lang":"fr-FR","name":"Amande"}]},{"id":2,"name":"cashew","transcription":"[ˈkæʃuː]","image":"/img/dict/food/cashew.png","translates":[{"lang":"ru-RU","name":"кешью"},{"lang":"vi-VN","name":"Hạt điều"},{"lang":"zh-CN","name":"腰果"},{"lang":"hi-IN","name":"काजू"},{"lang":"th-TH","name":"เม็ดมะม่วงหิมพานต์"},{"lang":"tr-TR","name":"Kaju"},{"lang":"pt-BR","name":"Caju"},{"lang":"de-DE","name":"Cashew"},{"lang":"id-ID","name":"Kacang mete"},{"lang":"fr-FR","name":"Noix de cajou"}]},{"id":3,"name":"chestnut","transcription":"[ˈtʃesnʌt]","image":"/img/dict/food/chestnut.png","translates":[{"lang":"ru-RU","name":"каштан"},{"lang":"vi-VN","name":"Hạt dẻ"},{"lang":"zh-CN","name":"栗子"},{"lang":"hi-IN","name":"शाहबलूत"},{"lang":"th-TH","name":"เกาลัด"},{"lang":"tr-TR","name":"Kestane"},{"lang":"pt-BR","name":"Castanha"},{"lang":"de-DE","name":"Kastanie"},{"lang":"id-ID","name":"Kastanye"},{"lang":"fr-FR","name":"Châtaigne"}]},{"id":4,"name":"hazelnut","transcription":"[ˈheɪzlnʌt]","image":"/img/dict/food/hazelnut.png","translates":[{"lang":"ru-RU","name":"лесной орех"},{"lang":"vi-VN","name":"Hạt phỉ"},{"lang":"zh-CN","name":"榛子"},{"lang":"hi-IN","name":"हेज़लनट"},{"lang":"th-TH","name":"เฮเซลนัท"},{"lang":"tr-TR","name":"Fındık"},{"lang":"pt-BR","name":"Avelã"},{"lang":"de-DE","name":"Haselnuss"},{"lang":"id-ID","name":"Kemiri"},{"lang":"fr-FR","name":"Noisette"}]},{"id":5,"name":"nutmeg","transcription":"[ˈnʌtmeɡ]","image":"/img/dict/food/nutmeg.png","translates":[{"lang":"ru-RU","name":"мускатный орех"},{"lang":"vi-VN","name":"Hạt nhục đậu khấu"},{"lang":"zh-CN","name":"肉豆蔻"},{"lang":"hi-IN","name":"जायफल"},{"lang":"th-TH","name":"ลูกจันทน์เทศ"},{"lang":"tr-TR","name":"Küçük hindistan cevizi"},{"lang":"pt-BR","name":"Noz-moscada"},{"lang":"de-DE","name":"Muskatnuss"},{"lang":"id-ID","name":"Pala"},{"lang":"fr-FR","name":"Noix de muscade"}]},{"id":6,"name":"peanut","transcription":"[ˈpiːnʌt]","image":"/img/dict/food/peanut.png","translates":[{"lang":"ru-RU","name":"арахис"},{"lang":"vi-VN","name":"Đậu phộng"},{"lang":"zh-CN","name":"花生"},{"lang":"hi-IN","name":"मूंगफली"},{"lang":"th-TH","name":"ถั่วลิสง"},{"lang":"tr-TR","name":"Yer fıstığı"},{"lang":"pt-BR","name":"Amendoim"},{"lang":"de-DE","name":"Erdnuss"},{"lang":"id-ID","name":"Kacang tanah"},{"lang":"fr-FR","name":"Cacahuète"}]},{"id":7,"name":"pine nut","transcription":"[paɪn nʌt]","image":"/img/dict/food/pinenut.png","translates":[{"lang":"ru-RU","name":"кедровый орех"},{"lang":"vi-VN","name":"Hạt thông"},{"lang":"zh-CN","name":"松子"},{"lang":"hi-IN","name":"चिलगोज़ा"},{"lang":"th-TH","name":"ถั่วสน"},{"lang":"tr-TR","name":"Çam fıstığı"},{"lang":"pt-BR","name":"Pinhão"},{"lang":"de-DE","name":"Pinienkern"},{"lang":"id-ID","name":"Kacang pinus"},{"lang":"fr-FR","name":"Pignon de pin"}]},{"id":8,"name":"pistachio","transcription":"[pɪˈstæʃɪəʊ]","image":"/img/dict/food/pistachio.png","translates":[{"lang":"ru-RU","name":"фисташка"},{"lang":"vi-VN","name":"Hạt dẻ cười"},{"lang":"zh-CN","name":"开心果"},{"lang":"hi-IN","name":"पिस्ता"},{"lang":"th-TH","name":"พิสตาชิโอ"},{"lang":"tr-TR","name":"Antep fıstığı"},{"lang":"pt-BR","name":"Pistache"},{"lang":"de-DE","name":"Pistazie"},{"lang":"id-ID","name":"Pistachio"},{"lang":"fr-FR","name":"Pistache"}]},{"id":9,"name":"walnut","transcription":"[ˈwɔːlnʌt]","image":"/img/dict/food/walnut.png","translates":[{"lang":"ru-RU","name":"грецкий орех"},{"lang":"vi-VN","name":"Hạt óc chó"},{"lang":"zh-CN","name":"核桃"},{"lang":"hi-IN","name":"अखरोट"},{"lang":"th-TH","name":"วอลนัท"},{"lang":"tr-TR","name":"Ceviz"},{"lang":"pt-BR","name":"Noz"},{"lang":"de-DE","name":"Walnuss"},{"lang":"id-ID","name":"Kenari"},{"lang":"fr-FR","name":"Noix"}]}]}