{
  "name": "Drinks",
  "nameA": null,
  "img": null,
  "minQuiz": null,
  "tags": null,
  "Translations": [
    {
      "lang": "ru-RU",
      "name": "Напитки",
      "nameA": null
    }
  ],
  "items": [
    {
      "id": 0,
      "name": "juice",
      "transcription": "[dʒuːs]",
      "nameA": null,
      "image": "/img/dict/food/juice.png",
      "bg": null,
      "nameAnswer": null,
      "translates": [
        {
          "lang": "ru-RU",
          "name": "сок",
          "nameA": null
        }
      ]
    },
    {
      "id": 1,
      "name": "coffee",
      "transcription": "[ˈkɔːfɪ]",
      "nameA": null,
      "image": "/img/dict/food/coffee.png",
      "bg": null,
      "nameAnswer": null,
      "translates": [
        {
          "lang": "ru-RU",
          "name": "кофе",
          "nameA": null
        }
      ]
    },
    {
      "id": 2,
      "name": "soda",
      "transcription": "[ˈsəʊdə]",
      "nameA": null,
      "image": "/img/dict/food/soda.png",
      "bg": null,
      "nameAnswer": null,
      "translates": [
        {
          "lang": "ru-RU",
          "name": "сода",
          "nameA": null
        }
      ]
    },
    {
      "id": 3,
      "name": "cola",
      "transcription": "[ˈkəʊlə]",
      "nameA": null,
      "image": "/img/dict/food/cola.png",
      "bg": null,
      "nameAnswer": null,
      "translates": [
        {
          "lang": "ru-RU",
          "name": "кола",
          "nameA": null
        }
      ]
    },
    {
      "id": 4,
      "name": "tea",
      "transcription": "[tiː]",
      "nameA": null,
      "image": "/img/dict/food/tea.png",
      "bg": null,
      "nameAnswer": null,
      "translates": [
        {
          "lang": "ru-RU",
          "name": "чай",
          "nameA": null
        }
      ]
    },
    {
      "id": 5,
      "name": "hot chocolate",
      "transcription": "[hɑːt ˈtʃɑːklət]",
      "nameA": null,
      "image": "/img/dict/food/hotchocolate.png",
      "bg": null,
      "nameAnswer": null,
      "translates": [
        {
          "lang": "ru-RU",
          "name": "горячий шоколад",
          "nameA": null
        }
      ]
    },
    {
      "id": 6,
      "name": "lemonade",
      "transcription": "[ˌleməˈneɪd]",
      "nameA": null,
      "image": "/img/dict/food/lemonade.png",
      "bg": null,
      "nameAnswer": null,
      "translates": [
        {
          "lang": "ru-RU",
          "name": "лимонад",
          "nameA": null
        }
      ]
    },
    {
      "id": 7,
      "name": "milk",
      "transcription": "[mɪlk]",
      "nameA": null,
      "image": "/img/dict/food/milk.png",
      "bg": null,
      "nameAnswer": null,
      "translates": [
        {
          "lang": "ru-RU",
          "name": "молоко",
          "nameA": null
        }
      ]
    },
    {
      "id": 8,
      "name": "milkshake",
      "transcription": "[ˈmɪlkʃeɪk]",
      "nameA": null,
      "image": "/img/dict/food/milkshake.png",
      "bg": null,
      "nameAnswer": null,
      "translates": [
        {
          "lang": "ru-RU",
          "name": "молочный коктейль",
          "nameA": null
        }
      ]
    },
    {
      "id": 9,
      "name": "water",
      "transcription": "[ˈwɔːtər]",
      "nameA": null,
      "image": "/img/dict/food/water.png",
      "bg": null,
      "nameAnswer": null,
      "translates": [
        {
          "lang": "ru-RU",
          "name": "вода",
          "nameA": null
        }
      ]
    },
    {
      "id": 12,
      "name": "smoothie",
      "transcription": "[ˈsmuːðɪ]",
      "nameA": null,
      "image": "/img/dict/food/smoothie.png",
      "bg": null,
      "nameAnswer": null,
      "translates": [
        {
          "lang": "ru-RU",
          "name": "смузи",
          "nameA": null
        }
      ]
    },
    {
      "id": 13,
      "name": "sparkling water",
      "transcription": "[ˈspɑːrklɪŋ ˈwɔːtər]",
      "nameA": null,
      "image": "/img/dict/food/sparklingwater.png",
      "bg": null,
      "nameAnswer": null,
      "translates": [
        {
          "lang": "ru-RU",
          "name": "газированная вода",
          "nameA": null
        }
      ]
    },
    {
      "id": 14,
      "name": "still water",
      "transcription": "[stɪl ˈwɔːtər]",
      "nameA": null,
      "image": "/img/dict/food/stillwater.png",
      "bg": null,
      "nameAnswer": null,
      "translates": [
        {
          "lang": "ru-RU",
          "name": "вода без газа",
          "nameA": null
        }
      ]
    },
    {
      "id": 15,
      "name": "cocktail",
      "transcription": "[ˈkɑːkteɪl]",
      "nameA": null,
      "image": "/img/dict/food/cocktail.png",
      "bg": null,
      "nameAnswer": null,
      "translates": [
        {
          "lang": "ru-RU",
          "name": "коктейль",
          "nameA": null
        }
      ]
    },
    {
      "id": 16,
      "name": "milktea",
      "transcription": "[mɪlk tiː]",
      "nameA": null,
      "image": "/img/dict/food/milktea.png",
      "bg": null,
      "nameAnswer": null,
      "translates": [
        {
          "lang": "ru-RU",
          "name": "молочный чай",
          "nameA": null
        }
      ]
    }
  ]
}