{
  "name": "Greetings",
  "nameA": null,
  "Translations": [
    {
      "lang": "ru-RU",
      "name": "Приветствия",
      "nameA": null
    }
  ],
  "items": [
    {
      "id": 0,
      "name": "Hi",
      "nameA": null,
      "image": "/img/dict/shapes/rectangle.png",
      "bg": "white",
      "translates": [
        {
          "lang": "ru-RU",
          "name": "Привет",
          "nameA": null
        }
      ]
    },
    {
      "id": 0,
      "name": "Bye",
      "nameA": null,
      "image": "/img/dict/shapes/rectangle.png",
      "bg": "white",
      "translates": [
        {
          "lang": "ru-RU",
          "name": "Пока",
          "nameA": null
        }
      ]
    },
    {
      "id": 0,
      "name": "Hello",
      "nameA": null,
      "image": "/img/dict/shapes/rectangle.png",
      "bg": "white",
      "translates": [
        {
          "lang": "ru-RU",
          "name": "Здравствуйте",
          "nameA": null
        }
      ]
    }
    ,
    {
      "id": 0,
      "name": "Good bye",
      "nameA": null,
      "image": "/img/dict/shapes/rectangle.png",
      "bg": "white",
      "translates": [
        {
          "lang": "ru-RU",
          "name": "До свидания",
          "nameA": null
        }
      ]
    }
    ,
    {
      "id": 0,
      "name": "What is your name?",
      "nameA": null,
      "image": "/img/dict/shapes/rectangle.png",
      "bg": "white",
      "translates": [
        {
          "lang": "ru-RU",
          "name": "До свидания",
          "nameA": null
        }
      ]
    }
    ,
    {
      "id": 0,
      "name": "My name is...",
      "nameA": null,
      "image": "/img/dict/shapes/rectangle.png",
      "bg": "white",
      "translates": [
        {
          "lang": "ru-RU",
          "name": "До свидания",
          "nameA": null
        }
      ]
    }
    ,
    {
      "id": 0,
      "name": "How old are you?",
      "nameA": null,
      "image": "/img/dict/shapes/rectangle.png",
      "bg": "white",
      "translates": [
        {
          "lang": "ru-RU",
          "name": "До свидания",
          "nameA": null
        }
      ]
    }
  ]
}