{"name":"My face","isRandom":true,"isBlur":true,"isUpper":true,"isByWords":false,"isForAdult":false,"separator":"","numWords":15,"Translations":[{"lang":"ru-RU","name":"Мое лицо"},{"lang":"vi-VN","name":"Khuôn mặt của tôi"},{"lang":"zh-CN","name":"我的脸"},{"lang":"hi-IN","name":"मेरा चेहरा"},{"lang":"th-TH","name":"ใบหน้าของฉัน"},{"lang":"tr-TR","name":"Yüzüm"},{"lang":"pt-BR","name":"Meu rosto"},{"lang":"de-DE","name":"Mein Gesicht"},{"lang":"id-ID","name":"Wajahku"},{"lang":"fr-FR","name":"Mon visage"}],"items":[{"id":0,"name":"face","transcription":"[feɪs]","image":"/img/dict/body/face.png","bg":"white","translates":[{"lang":"ru-RU","name":"лицо"},{"lang":"vi-VN","name":"khuôn mặt"},{"lang":"zh-CN","name":"脸"},{"lang":"hi-IN","name":"चेहरा"},{"lang":"th-TH","name":"ใบหน้า"},{"lang":"tr-TR","name":"yüz"},{"lang":"pt-BR","name":"rosto"},{"lang":"de-DE","name":"Gesicht"},{"lang":"id-ID","name":"wajah"},{"lang":"fr-FR","name":"visage"}]},{"id":1,"name":"Eye","transcription":"[aɪ]","image":"/img/dict/body/eye.png","bg":"white","translates":[{"lang":"ru-RU","name":"глаз"},{"lang":"vi-VN","name":"mắt"},{"lang":"zh-CN","name":"眼睛"},{"lang":"hi-IN","name":"आंख"},{"lang":"th-TH","name":"ตา"},{"lang":"tr-TR","name":"göz"},{"lang":"pt-BR","name":"olho"},{"lang":"de-DE","name":"Auge"},{"lang":"id-ID","name":"mata"},{"lang":"fr-FR","name":"œil"}]},{"id":2,"name":"Chin","transcription":"[tʃɪn]","image":"/img/dict/body/chin.png","bg":"white","translates":[{"lang":"ru-RU","name":"подбородок"},{"lang":"vi-VN","name":"cằm"},{"lang":"zh-CN","name":"下巴"},{"lang":"hi-IN","name":"ठोड़ी"},{"lang":"th-TH","name":"คาง"},{"lang":"tr-TR","name":"çene"},{"lang":"pt-BR","name":"queixo"},{"lang":"de-DE","name":"Kinn"},{"lang":"id-ID","name":"dagu"},{"lang":"fr-FR","name":"menton"}]},{"id":3,"name":"Lip","transcription":"[lɪp]","image":"/img/dict/body/lip.png","bg":"white","translates":[{"lang":"ru-RU","name":"губа"},{"lang":"vi-VN","name":"môi"},{"lang":"zh-CN","name":"嘴唇"},{"lang":"hi-IN","name":"होंठ"},{"lang":"th-TH","name":"ริมฝีปาก"},{"lang":"tr-TR","name":"dudak"},{"lang":"pt-BR","name":"lábio"},{"lang":"de-DE","name":"Lippe"},{"lang":"id-ID","name":"bibir"},{"lang":"fr-FR","name":"lèvre"}]},{"id":4,"name":"Mouth","transcription":"[maʊθ]","image":"/img/dict/body/mouth.png","bg":"white","translates":[{"lang":"ru-RU","name":"рот"},{"lang":"vi-VN","name":"miệng"},{"lang":"zh-CN","name":"嘴巴"},{"lang":"hi-IN","name":"मुंह"},{"lang":"th-TH","name":"ปาก"},{"lang":"tr-TR","name":"ağız"},{"lang":"pt-BR","name":"boca"},{"lang":"de-DE","name":"Mund"},{"lang":"id-ID","name":"mulut"},{"lang":"fr-FR","name":"bouche"}]},{"id":5,"name":"nose","transcription":"[nəʊz]","image":"/img/dict/body/nose.png","bg":"white","translates":[{"lang":"ru-RU","name":"нос"},{"lang":"vi-VN","name":"mũi"},{"lang":"zh-CN","name":"鼻子"},{"lang":"hi-IN","name":"नाक"},{"lang":"th-TH","name":"จมูก"},{"lang":"tr-TR","name":"burun"},{"lang":"pt-BR","name":"nariz"},{"lang":"de-DE","name":"Nase"},{"lang":"id-ID","name":"hidung"},{"lang":"fr-FR","name":"nez"}]},{"id":6,"name":"eyebrow","transcription":"[ˈaɪbraʊ]","image":"/img/dict/body/eyebrow.png","bg":"white","translates":[{"lang":"ru-RU","name":"бровь"},{"lang":"vi-VN","name":"lông mày"},{"lang":"zh-CN","name":"眉毛"},{"lang":"hi-IN","name":"भौंह"},{"lang":"th-TH","name":"คิ้ว"},{"lang":"tr-TR","name":"kaş"},{"lang":"pt-BR","name":"sobrancelha"},{"lang":"de-DE","name":"Augenbraue"},{"lang":"id-ID","name":"alis"},{"lang":"fr-FR","name":"sourcil"}]},{"id":7,"name":"eyelash","transcription":"[ˈaɪlæʃ]","image":"/img/dict/body/eyelash.png","bg":"white","translates":[{"lang":"ru-RU","name":"ресница"},{"lang":"vi-VN","name":"lông mi"},{"lang":"zh-CN","name":"睫毛"},{"lang":"hi-IN","name":"पलक"},{"lang":"th-TH","name":"ขนตา"},{"lang":"tr-TR","name":"kirpik"},{"lang":"pt-BR","name":"cílio"},{"lang":"de-DE","name":"Wimper"},{"lang":"id-ID","name":"bulu mata"},{"lang":"fr-FR","name":"cil"}]},{"id":8,"name":"ear","transcription":"[ɪr]","image":"/img/dict/body/ear.png","bg":"white","translates":[{"lang":"ru-RU","name":"ухо"},{"lang":"vi-VN","name":"tai"},{"lang":"zh-CN","name":"耳朵"},{"lang":"hi-IN","name":"कान"},{"lang":"th-TH","name":"หู"},{"lang":"tr-TR","name":"kulak"},{"lang":"pt-BR","name":"orelha"},{"lang":"de-DE","name":"Ohr"},{"lang":"id-ID","name":"telinga"},{"lang":"fr-FR","name":"oreille"}]},{"id":9,"name":"cheek","transcription":"[tʃiːk]","image":"/img/dict/body/cheek.png","bg":"white","translates":[{"lang":"ru-RU","name":"щека"},{"lang":"vi-VN","name":"má"},{"lang":"zh-CN","name":"脸颊"},{"lang":"hi-IN","name":"गाल"},{"lang":"th-TH","name":"แก้ม"},{"lang":"tr-TR","name":"yanak"},{"lang":"pt-BR","name":"bochecha"},{"lang":"de-DE","name":"Wange"},{"lang":"id-ID","name":"pipi"},{"lang":"fr-FR","name":"joue"}]},{"id":10,"name":"neck","transcription":"[nek]","image":"/img/dict/body/neck.png","bg":"white","translates":[{"lang":"ru-RU","name":"шея"},{"lang":"vi-VN","name":"cổ"},{"lang":"zh-CN","name":"脖子"},{"lang":"hi-IN","name":"गर्दन"},{"lang":"th-TH","name":"คอ"},{"lang":"tr-TR","name":"boyun"},{"lang":"pt-BR","name":"pescoço"},{"lang":"de-DE","name":"Hals"},{"lang":"id-ID","name":"leher"},{"lang":"fr-FR","name":"cou"}]},{"id":11,"name":"hair","transcription":"[her]","image":"/img/dict/body/hair.png","bg":"white","translates":[{"lang":"ru-RU","name":"волосы"},{"lang":"vi-VN","name":"tóc"},{"lang":"zh-CN","name":"头发"},{"lang":"hi-IN","name":"बाल"},{"lang":"th-TH","name":"ผม"},{"lang":"tr-TR","name":"saç"},{"lang":"pt-BR","name":"cabelo"},{"lang":"de-DE","name":"Haar"},{"lang":"id-ID","name":"rambut"},{"lang":"fr-FR","name":"cheveux"}]},{"id":12,"name":"teeth","transcription":"[tiːθ]","image":"/img/dict/body/teeth.png","bg":"white","translates":[{"lang":"ru-RU","name":"зубы"},{"lang":"vi-VN","name":"răng"},{"lang":"zh-CN","name":"牙齿"},{"lang":"hi-IN","name":"दांत"},{"lang":"th-TH","name":"ฟัน"},{"lang":"tr-TR","name":"diş"},{"lang":"pt-BR","name":"dentes"},{"lang":"de-DE","name":"Zähne"},{"lang":"id-ID","name":"gigi"},{"lang":"fr-FR","name":"dents"}]},{"id":13,"name":"throat","transcription":"[θrəʊt]","image":"/img/dict/body/throat.png","bg":"white","translates":[{"lang":"ru-RU","name":"горло"},{"lang":"vi-VN","name":"cổ họng"},{"lang":"zh-CN","name":"喉咙"},{"lang":"hi-IN","name":"गला"},{"lang":"th-TH","name":"คอ"},{"lang":"tr-TR","name":"boğaz"},{"lang":"pt-BR","name":"garganta"},{"lang":"de-DE","name":"Hals"},{"lang":"id-ID","name":"tenggorokan"},{"lang":"fr-FR","name":"gorge"}]},{"id":14,"name":"tongue","transcription":"[tʌŋ]","image":"/img/dict/body/tongue.png","bg":"white","translates":[{"lang":"ru-RU","name":"язык"},{"lang":"vi-VN","name":"lưỡi"},{"lang":"zh-CN","name":"舌头"},{"lang":"hi-IN","name":"जीभ"},{"lang":"th-TH","name":"ลิ้น"},{"lang":"tr-TR","name":"dil"},{"lang":"pt-BR","name":"língua"},{"lang":"de-DE","name":"Zunge"},{"lang":"id-ID","name":"lidah"},{"lang":"fr-FR","name":"langue"}]}]}