{
  "name": "My face",
  "nameA": null,
  "img": null,
  "minQuiz": null,
  "isRandom": true,
  "isBlur": true,
  "isForAdult": false,
  "separator": "",
  "numWords": 15,
  "tags": null,
  "Translations": [
    {
      "lang": "ru-RU",
      "name": "Мое лицо",
      "nameA": null
    }
  ],
  "items": [
    {
      "id": 0,
      "name": "face",
      "transcription": "[feɪs]",
      "nameA": null,
      "image": "/img/dict/body/face.png",
      "bg": "white",
      "nameAnswer": null,
      "translates": [
        {
          "lang": "ru-RU",
          "name": "лицо",
          "nameA": null
        }
      ]
    },
    {
      "id": 0,
      "name": "Eye",
      "transcription": "[aɪ]",
      "nameA": null,
      "image": "/img/dict/body/eye.png",
      "bg": "white",
      "nameAnswer": null,
      "translates": [
        {
          "lang": "ru-RU",
          "name": "глаз",
          "nameA": null
        }
      ]
    },
    {
      "id": 0,
      "name": "Chin",
      "transcription": "[tʃɪn]",
      "nameA": null,
      "image": "/img/dict/body/chin.png",
      "bg": "white",
      "nameAnswer": null,
      "translates": [
        {
          "lang": "ru-RU",
          "name": "Подбородок",
          "nameA": null
        }
      ]
    },
    {
      "id": 0,
      "name": "Lip",
      "transcription": "[lɪp]",
      "nameA": null,
      "image": "/img/dict/body/lip.png",
      "bg": "white",
      "nameAnswer": null,
      "translates": [
        {
          "lang": "ru-RU",
          "name": "губа",
          "nameA": null
        }
      ]
    },
    {
      "id": 0,
      "name": "Mouth",
      "transcription": "[maʊθ]",
      "nameA": null,
      "image": "/img/dict/body/mouth.png",
      "bg": "white",
      "nameAnswer": null,
      "translates": [
        {
          "lang": "ru-RU",
          "name": "Рот",
          "nameA": null
        }
      ]
    },
    {
      "id": 0,
      "name": "nose",
      "transcription": "[nəʊz]",
      "nameA": null,
      "image": "/img/dict/body/nose.png",
      "bg": "white",
      "nameAnswer": null,
      "translates": [
        {
          "lang": "ru-RU",
          "name": "Нос",
          "nameA": null
        }
      ]
    },
    {
      "id": 0,
      "name": "eyebrow",
      "transcription": "[ˈaɪbraʊ]",
      "nameA": null,
      "image": "/img/dict/body/eyebrow.png",
      "bg": "white",
      "nameAnswer": null,
      "translates": [
        {
          "lang": "ru-RU",
          "name": "Бровь",
          "nameA": null
        }
      ]
    },
    {
      "id": 0,
      "name": "eyelash",
      "transcription": "[ˈaɪlæʃ]",
      "nameA": null,
      "image": "/img/dict/body/eyelash.png",
      "bg": "white",
      "nameAnswer": null,
      "translates": [
        {
          "lang": "ru-RU",
          "name": "ресница",
          "nameA": null
        }
      ]
    },
    {
      "id": 0,
      "name": "ear",
      "transcription": "[ɪr]",
      "nameA": null,
      "image": "/img/dict/body/ear.png",
      "bg": "white",
      "nameAnswer": null,
      "translates": [
        {
          "lang": "ru-RU",
          "name": "Ухо",
          "nameA": null
        }
      ]
    },
    {
      "id": 0,
      "name": "cheek",
      "transcription": "[tʃiːk]",
      "nameA": null,
      "image": "/img/dict/body/cheek.png",
      "bg": "white",
      "nameAnswer": null,
      "translates": [
        {
          "lang": "ru-RU",
          "name": "Щека",
          "nameA": null
        }
      ]
    },
    {
      "id": 0,
      "name": "neck",
      "transcription": "[nek]",
      "nameA": null,
      "image": "/img/dict/body/neck.png",
      "bg": "white",
      "nameAnswer": null,
      "translates": [
        {
          "lang": "ru-RU",
          "name": "ШЕя",
          "nameA": null
        }
      ]
    },
    {
      "id": 0,
      "name": "hair",
      "transcription": "[her]",
      "nameA": null,
      "image": "/img/dict/body/hair.png",
      "bg": "white",
      "nameAnswer": null,
      "translates": [
        {
          "lang": "ru-RU",
          "name": "Волосы",
          "nameA": null
        }
      ]
    },
    {
      "id": 0,
      "name": "teeth",
      "transcription": "[tiːθ]",
      "nameA": null,
      "image": "/img/dict/body/teeth.png",
      "bg": "white",
      "nameAnswer": null,
      "translates": [
        {
          "lang": "ru-RU",
          "name": "Зыбы",
          "nameA": null
        }
      ]
    },
    {
      "id": 0,
      "name": "throat",
      "transcription": "[θrəʊt]",
      "nameA": null,
      "image": "/img/dict/body/throat.png",
      "bg": "white",
      "nameAnswer": null,
      "translates": [
        {
          "lang": "ru-RU",
          "name": "Горло",
          "nameA": null
        }
      ]
    },
    {
      "id": 0,
      "name": "tongue",
      "transcription": "[tʌŋ]",
      "nameA": null,
      "image": "/img/dict/body/tongue.png",
      "bg": "white",
      "nameAnswer": null,
      "translates": [
        {
          "lang": "ru-RU",
          "name": "Язык",
          "nameA": null
        }
      ]
    }
  ]
}