{
  "name": "My face",
  "nameA": null,
  "Translations": [
    {
      "lang": "ru-RU",
      "name": "Мое лицо",
      "nameA": null
    }
  ],
  "items": [
    {
      "id": 0,
      "name": "face",
      "nameA": null,
      "image": "/img/dict/head/face.png",
      "bg": "white",
      "translates": [
        {
          "lang": "ru-RU",
          "name": "лицо",
          "nameA": null
        }
      ]
    }
    ,
    {
      "id": 0,
      "name": "Eye",
      "nameA": null,
      "image": "/img/dict/head/eye.png",
      "bg": "white",
      "translates": [
        {
          "lang": "ru-RU",
          "name": "глаз",
          "nameA": null
        }
      ]
    }
    ,
    {
      "id": 0,
      "name": "Chin",
      "nameA": null,
      "image": "/img/dict/head/chin.png",
      "bg": "white",
      "translates": [
        {
          "lang": "ru-RU",
          "name": "Подбородок",
          "nameA": null
        }
      ]
    }
    ,
    {
      "id": 0,
      "name": "Lip",
      "nameA": null,
      "image": "/img/dict/head/lip.png",
      "bg": "white",
      "translates": [
        {
          "lang": "ru-RU",
          "name": "губа",
          "nameA": null
        }
      ]
    }
    ,
    {
      "id": 0,
      "name": "Mouth",
      "nameA": null,
      "image": "/img/dict/head/mouth.png",
      "bg": "white",
      "translates": [
        {
          "lang": "ru-RU",
          "name": "Рот",
          "nameA": null
        }
      ]
    }
    ,
    {
      "id": 0,
      "name": "nouse",
      "nameA": null,
      "image": "/img/dict/head/nouse.png",
      "bg": "white",
      "translates": [
        {
          "lang": "ru-RU",
          "name": "Нос",
          "nameA": null
        }
      ]
    }
    ,
    {
      "id": 0,
      "name": "ear",
      "nameA": null,
      "image": "/img/dict/head/ear.png",
      "bg": "white",
      "translates": [
        {
          "lang": "ru-RU",
          "name": "Ухо",
          "nameA": null
        }
      ]
    }
    ,
    {
      "id": 0,
      "name": "cheek",
      "nameA": null,
      "image": "/img/dict/head/cheek.png",
      "bg": "white",
      "translates": [
        {
          "lang": "ru-RU",
          "name": "Щека",
          "nameA": null
        }
      ]
    }
    ,
    {
      "id": 0,
      "name": "neck",
      "nameA": null,
      "image": "/img/dict/head/neck.png",
      "bg": "white",
      "translates": [
        {
          "lang": "ru-RU",
          "name": "ШЕя",
          "nameA": null
        }
      ]
    }
    ,
    {
      "id": 0,
      "name": "hair",
      "nameA": null,
      "image": "/img/dict/head/hair.png",
      "bg": "white",
      "translates": [
        {
          "lang": "ru-RU",
          "name": "Волосы",
          "nameA": null
        }
      ]
    }
    ,
    {
      "id": 0,
      "name": "teeth",
      "nameA": null,
      "image": "/img/dict/head/teeth.png",
      "bg": "white",
      "translates": [
        {
          "lang": "ru-RU",
          "name": "Зыбы",
          "nameA": null
        }
      ]
    }
    ,
    {
      "id": 0,
      "name": "throat",
      "nameA": null,
      "image": "/img/dict/head/throat.png",
      "bg": "white",
      "translates": [
        {
          "lang": "ru-RU",
          "name": "Горло",
          "nameA": null
        }
      ]
    }
    ,
    {
      "id": 0,
      "name": "tongue",
      "nameA": null,
      "image": "/img/dict/head/tongue.png",
      "bg": "white",
      "translates": [
        {
          "lang": "ru-RU",
          "name": "Язык",
          "nameA": null
        }
      ]
    }
  ]
}