{
  "name": "home_bath.json",
  "nameA": null,
  "img": null,
  "minQuiz": null,
  "tags": [
    "home",
    "bath",
    "bathroom"
  ],
  "Translations": [],
  "items": [
    {
      "id": 0,
      "name": "bath foam",
      "transcription": "[]",
      "nameA": null,
      "image": "/img/dict/home/bath_foam.png",
      "bg": null,
      "nameAnswer": null,
      "translates": [
        {
          "lang": "ru-Ru",
          "name": "пена для ванны",
          "nameA": null
        }
      ]
    },
    {
      "id": 1,
      "name": "comb",
      "transcription": "[kəʊm]",
      "nameA": null,
      "image": "/img/dict/home/comb.png",
      "bg": null,
      "nameAnswer": null,
      "translates": [
        {
          "lang": "ru-Ru",
          "name": "расчёска",
          "nameA": null
        }
      ]
    },
    {
      "id": 2,
      "name": "nail file",
      "transcription": "[neɪl faɪl]",
      "nameA": null,
      "image": "/img/dict/home/nail_file.png",
      "bg": null,
      "nameAnswer": null,
      "translates": [
        {
          "lang": "ru-Ru",
          "name": "пилочка для ногтей",
          "nameA": null
        }
      ]
    },
    {
      "id": 3,
      "name": "rubber mat",
      "transcription": "[]",
      "nameA": null,
      "image": "/img/dict/home/rubber_mat.png",
      "bg": null,
      "nameAnswer": null,
      "translates": [
        {
          "lang": "ru-Ru",
          "name": "резиновый коврик",
          "nameA": null
        }
      ]
    },
    {
      "id": 4,
      "name": "toilet bowl brush",
      "transcription": "[]",
      "nameA": null,
      "image": "/img/dict/home/toilet_bowl_brush.png",
      "bg": null,
      "nameAnswer": null,
      "translates": [
        {
          "lang": "ru-Ru",
          "name": "щетка для унитаза",
          "nameA": null
        }
      ]
    },
    {
      "id": 5,
      "name": "tweezers",
      "transcription": "[]",
      "nameA": null,
      "image": "/img/dict/home/tweezers.png",
      "bg": null,
      "nameAnswer": null,
      "translates": [
        {
          "lang": "ru-Ru",
          "name": "пинцет",
          "nameA": null
        }
      ]
    },
    {
      "id": 6,
      "name": "wastebasket",
      "transcription": "[]",
      "nameA": null,
      "image": "/img/dict/home/wastebasket.png",
      "bg": null,
      "nameAnswer": null,
      "translates": [
        {
          "lang": "ru-Ru",
          "name": "мусорная корзина",
          "nameA": null
        }
      ]
    },
    {
      "id": 7,
      "name": "electric razor",
      "transcription": "[]",
      "nameA": null,
      "image": "/img/dict/home/electric_razor.png",
      "bg": null,
      "nameAnswer": null,
      "translates": [
        {
          "lang": "ru-Ru",
          "name": "электрическая бритва",
          "nameA": null
        }
      ]
    },
    {
      "id": 8,
      "name": "urinal",
      "transcription": "[]",
      "nameA": null,
      "image": "/img/dict/home/urinal.png",
      "bg": null,
      "nameAnswer": null,
      "translates": [
        {
          "lang": "ru-Ru",
          "name": "писсуар",
          "nameA": null
        }
      ]
    },
    {
      "id": 9,
      "name": "soap",
      "transcription": "[səʊp]",
      "nameA": null,
      "image": "/img/dict/home/soap.png",
      "bg": null,
      "nameAnswer": null,
      "translates": [
        {
          "lang": "ru-Ru",
          "name": "мыло",
          "nameA": null
        }
      ]
    },
    {
      "id": 10,
      "name": "water heater",
      "transcription": "[]",
      "nameA": null,
      "image": "/img/dict/home/water_heater.png",
      "bg": null,
      "nameAnswer": null,
      "translates": [
        {
          "lang": "ru-Ru",
          "name": "водонагреватель",
          "nameA": null
        }
      ]
    },
    {
      "id": 11,
      "name": "shelf",
      "transcription": "[ʃelf]",
      "nameA": null,
      "image": "/img/dict/home/shelf.png",
      "bg": null,
      "nameAnswer": null,
      "translates": [
        {
          "lang": "ru-Ru",
          "name": "полка",
          "nameA": null
        }
      ]
    },
    {
      "id": 12,
      "name": "soap dish",
      "transcription": "[]",
      "nameA": null,
      "image": "/img/dict/home/soap_dish.png",
      "bg": null,
      "nameAnswer": null,
      "translates": [
        {
          "lang": "ru-Ru",
          "name": "мыльница",
          "nameA": null
        }
      ]
    },
    {
      "id": 13,
      "name": "hand dryer",
      "transcription": "[]",
      "nameA": null,
      "image": "/img/dict/home/hand_dryer.png",
      "bg": null,
      "nameAnswer": null,
      "translates": [
        {
          "lang": "ru-Ru",
          "name": "сушилка для рук",
          "nameA": null
        }
      ]
    },
    {
      "id": 14,
      "name": "towel",
      "transcription": "[ˈtaʊəl]",
      "nameA": null,
      "image": "/img/dict/home/towel.png",
      "bg": null,
      "nameAnswer": null,
      "translates": [
        {
          "lang": "ru-Ru",
          "name": "полотенце",
          "nameA": null
        }
      ]
    },
    {
      "id": 15,
      "name": "wash",
      "transcription": "[wɒʃ]",
      "nameA": null,
      "image": "/img/dict/home/wash.png",
      "bg": null,
      "nameAnswer": null,
      "translates": [
        {
          "lang": "ru-Ru",
          "name": "мыть",
          "nameA": null
        }
      ]
    },
    {
      "id": 16,
      "name": "wrench",
      "transcription": "[renʧ]",
      "nameA": null,
      "image": "/img/dict/home/wrench.png",
      "bg": null,
      "nameAnswer": null,
      "translates": [
        {
          "lang": "ru-Ru",
          "name": "гаечный ключ",
          "nameA": null
        }
      ]
    },
    {
      "id": 17,
      "name": "hand towel",
      "transcription": "[]",
      "nameA": null,
      "image": "/img/dict/home/hand_towel.png",
      "bg": null,
      "nameAnswer": null,
      "translates": [
        {
          "lang": "ru-Ru",
          "name": "полотенце для рук",
          "nameA": null
        }
      ]
    },
    {
      "id": 18,
      "name": "bathroom scales",
      "transcription": "[]",
      "nameA": null,
      "image": "/img/dict/home/bathroom_scales.png",
      "bg": null,
      "nameAnswer": null,
      "translates": [
        {
          "lang": "ru-Ru",
          "name": "напольные весы",
          "nameA": null
        }
      ]
    },
    {
      "id": 19,
      "name": "flush",
      "transcription": "[flʌʃ]",
      "nameA": null,
      "image": "/img/dict/home/flush.png",
      "bg": null,
      "nameAnswer": null,
      "translates": [
        {
          "lang": "ru-Ru",
          "name": "промывать",
          "nameA": null
        }
      ]
    },
    {
      "id": 20,
      "name": "bobby pins",
      "transcription": "[]",
      "nameA": null,
      "image": "/img/dict/home/bobby_pins.png",
      "bg": null,
      "nameAnswer": null,
      "translates": [
        {
          "lang": "ru-Ru",
          "name": "невидимки",
          "nameA": null
        }
      ]
    },
    {
      "id": 21,
      "name": "face powder",
      "transcription": "[feɪs ˈpaʊdə]",
      "nameA": null,
      "image": "/img/dict/home/face_powder.png",
      "bg": null,
      "nameAnswer": null,
      "translates": [
        {
          "lang": "ru-Ru",
          "name": "пудра",
          "nameA": null
        }
      ]
    },
    {
      "id": 22,
      "name": "scissors",
      "transcription": "[ˈsɪzəz]",
      "nameA": null,
      "image": "/img/dict/home/scissors.png",
      "bg": null,
      "nameAnswer": null,
      "translates": [
        {
          "lang": "ru-Ru",
          "name": "ножницы",
          "nameA": null
        }
      ]
    },
    {
      "id": 23,
      "name": "bubbles",
      "transcription": "[]",
      "nameA": null,
      "image": "/img/dict/home/bubbles.png",
      "bg": null,
      "nameAnswer": null,
      "translates": [
        {
          "lang": "ru-Ru",
          "name": "пузыри",
          "nameA": null
        }
      ]
    },
    {
      "id": 24,
      "name": "air freshener",
      "transcription": "[]",
      "nameA": null,
      "image": "/img/dict/home/air_freshener.png",
      "bg": null,
      "nameAnswer": null,
      "translates": [
        {
          "lang": "ru-Ru",
          "name": "освежитель воздуха",
          "nameA": null
        }
      ]
    },
    {
      "id": 25,
      "name": "sink",
      "transcription": "[sɪŋk]",
      "nameA": null,
      "image": "/img/dict/home/sink.png",
      "bg": null,
      "nameAnswer": null,
      "translates": [
        {
          "lang": "ru-Ru",
          "name": "раковина",
          "nameA": null
        }
      ]
    },
    {
      "id": 26,
      "name": "shampoo",
      "transcription": "[ʃæmˈpuː]",
      "nameA": null,
      "image": "/img/dict/home/shampoo.png",
      "bg": null,
      "nameAnswer": null,
      "translates": [
        {
          "lang": "ru-Ru",
          "name": "шампунь",
          "nameA": null
        }
      ]
    },
    {
      "id": 27,
      "name": "basin",
      "transcription": "[beɪsn]",
      "nameA": null,
      "image": "/img/dict/home/basin.png",
      "bg": null,
      "nameAnswer": null,
      "translates": [
        {
          "lang": "ru-Ru",
          "name": "таз",
          "nameA": null
        }
      ]
    },
    {
      "id": 28,
      "name": "shower cap",
      "transcription": "[]",
      "nameA": null,
      "image": "/img/dict/home/shower_cap.png",
      "bg": null,
      "nameAnswer": null,
      "translates": [
        {
          "lang": "ru-Ru",
          "name": "шапочка для душа",
          "nameA": null
        }
      ]
    },
    {
      "id": 29,
      "name": "tampons",
      "transcription": "[]",
      "nameA": null,
      "image": "/img/dict/home/tampons.png",
      "bg": null,
      "nameAnswer": null,
      "translates": [
        {
          "lang": "ru-Ru",
          "name": "тампоны",
          "nameA": null
        }
      ]
    },
    {
      "id": 30,
      "name": "bathroom cabinet",
      "transcription": "[]",
      "nameA": null,
      "image": "/img/dict/home/bathroom_cabinet.png",
      "bg": null,
      "nameAnswer": null,
      "translates": [
        {
          "lang": "ru-Ru",
          "name": "шкафчик для ванной",
          "nameA": null
        }
      ]
    },
    {
      "id": 31,
      "name": "restroom",
      "transcription": "[ˈrestruːm]",
      "nameA": null,
      "image": "/img/dict/home/restroom.png",
      "bg": null,
      "nameAnswer": null,
      "translates": [
        {
          "lang": "ru-Ru",
          "name": "туалет",
          "nameA": null
        }
      ]
    },
    {
      "id": 32,
      "name": "hair brush",
      "transcription": "[]",
      "nameA": null,
      "image": "/img/dict/home/hair_brush.png",
      "bg": null,
      "nameAnswer": null,
      "translates": [
        {
          "lang": "ru-Ru",
          "name": "щетка для волос",
          "nameA": null
        }
      ]
    },
    {
      "id": 33,
      "name": "toilet paper",
      "transcription": "[]",
      "nameA": null,
      "image": "/img/dict/home/toilet_paper.png",
      "bg": null,
      "nameAnswer": null,
      "translates": [
        {
          "lang": "ru-Ru",
          "name": "туалетная бумага",
          "nameA": null
        }
      ]
    },
    {
      "id": 34,
      "name": "face cloth",
      "transcription": "[]",
      "nameA": null,
      "image": "/img/dict/home/face_cloth.png",
      "bg": null,
      "nameAnswer": null,
      "translates": [
        {
          "lang": "ru-Ru",
          "name": "салфетка для лица",
          "nameA": null
        }
      ]
    },
    {
      "id": 35,
      "name": "vanity",
      "transcription": "[ˈvænɪtɪ]",
      "nameA": null,
      "image": "/img/dict/home/vanity.png",
      "bg": null,
      "nameAnswer": null,
      "translates": [
        {
          "lang": "ru-Ru",
          "name": "туалетный столик",
          "nameA": null
        }
      ]
    },
    {
      "id": 36,
      "name": "toilet seat",
      "transcription": "[]",
      "nameA": null,
      "image": "/img/dict/home/toilet_seat.png",
      "bg": null,
      "nameAnswer": null,
      "translates": [
        {
          "lang": "ru-Ru",
          "name": "сиденье для унитаза",
          "nameA": null
        }
      ]
    },
    {
      "id": 37,
      "name": "cleaning",
      "transcription": "[ˈkliːnɪŋ]",
      "nameA": null,
      "image": "/img/dict/home/cleaning.png",
      "bg": null,
      "nameAnswer": null,
      "translates": [
        {
          "lang": "ru-Ru",
          "name": "уборка",
          "nameA": null
        }
      ]
    },
    {
      "id": 38,
      "name": "drain",
      "transcription": "[dreɪn]",
      "nameA": null,
      "image": "/img/dict/home/drain.png",
      "bg": null,
      "nameAnswer": null,
      "translates": [
        {
          "lang": "ru-Ru",
          "name": "сливное отверстие",
          "nameA": null
        }
      ]
    },
    {
      "id": 39,
      "name": "washroom",
      "transcription": "[]",
      "nameA": null,
      "image": "/img/dict/home/washroom.png",
      "bg": null,
      "nameAnswer": null,
      "translates": [
        {
          "lang": "ru-Ru",
          "name": "уборная",
          "nameA": null
        }
      ]
    },
    {
      "id": 40,
      "name": "toilet tank",
      "transcription": "[]",
      "nameA": null,
      "image": "/img/dict/home/toilet_tank.png",
      "bg": null,
      "nameAnswer": null,
      "translates": [
        {
          "lang": "ru-Ru",
          "name": "сливной бачок",
          "nameA": null
        }
      ]
    },
    {
      "id": 41,
      "name": "wash basin",
      "transcription": "[]",
      "nameA": null,
      "image": "/img/dict/home/wash_basin.png",
      "bg": null,
      "nameAnswer": null,
      "translates": [
        {
          "lang": "ru-Ru",
          "name": "умывальник",
          "nameA": null
        }
      ]
    },
    {
      "id": 42,
      "name": "beaker",
      "transcription": "[]",
      "nameA": null,
      "image": "/img/dict/home/beaker.png",
      "bg": null,
      "nameAnswer": null,
      "translates": [
        {
          "lang": "ru-Ru",
          "name": "стакан",
          "nameA": null
        }
      ]
    },
    {
      "id": 43,
      "name": "toilet bowl",
      "transcription": "[]",
      "nameA": null,
      "image": "/img/dict/home/toilet_bowl.png",
      "bg": null,
      "nameAnswer": null,
      "translates": [
        {
          "lang": "ru-Ru",
          "name": "унитаз",
          "nameA": null
        }
      ]
    },
    {
      "id": 44,
      "name": "washing machine",
      "transcription": "[ˈwɒʃɪŋ məˈʃiːn]",
      "nameA": null,
      "image": "/img/dict/home/washing_machine.png",
      "bg": null,
      "nameAnswer": null,
      "translates": [
        {
          "lang": "ru-Ru",
          "name": "стиральная машина",
          "nameA": null
        }
      ]
    },
    {
      "id": 45,
      "name": "hair dryer",
      "transcription": "[]",
      "nameA": null,
      "image": "/img/dict/home/hair_dryer.png",
      "bg": null,
      "nameAnswer": null,
      "translates": [
        {
          "lang": "ru-Ru",
          "name": "фен",
          "nameA": null
        }
      ]
    },
    {
      "id": 46,
      "name": "dry",
      "transcription": "[draɪ]",
      "nameA": null,
      "image": "/img/dict/home/dry.png",
      "bg": null,
      "nameAnswer": null,
      "translates": [
        {
          "lang": "ru-Ru",
          "name": "сушить",
          "nameA": null
        }
      ]
    },
    {
      "id": 47,
      "name": "bath robe",
      "transcription": "[]",
      "nameA": null,
      "image": "/img/dict/home/bath_robe.png",
      "bg": null,
      "nameAnswer": null,
      "translates": [
        {
          "lang": "ru-Ru",
          "name": "махровый халат",
          "nameA": null
        }
      ]
    },
    {
      "id": 48,
      "name": "shaving cream",
      "transcription": "[]",
      "nameA": null,
      "image": "/img/dict/home/shaving_cream.png",
      "bg": null,
      "nameAnswer": null,
      "translates": [
        {
          "lang": "ru-Ru",
          "name": "крем для бритья",
          "nameA": null
        }
      ]
    },
    {
      "id": 49,
      "name": "washcloth",
      "transcription": "[]",
      "nameA": null,
      "image": "/img/dict/home/washcloth.png",
      "bg": null,
      "nameAnswer": null,
      "translates": [
        {
          "lang": "ru-Ru",
          "name": "мочалка из махровой ткани",
          "nameA": null
        }
      ]
    },
    {
      "id": 50,
      "name": "styptic pencil",
      "transcription": "[]",
      "nameA": null,
      "image": "/img/dict/home/styptic_pencil.png",
      "bg": null,
      "nameAnswer": null,
      "translates": [
        {
          "lang": "ru-Ru",
          "name": "кровоостанавливающий карандаш",
          "nameA": null
        }
      ]
    },
    {
      "id": 51,
      "name": "shower curtain rod",
      "transcription": "[]",
      "nameA": null,
      "image": "/img/dict/home/shower_curtain_rod.png",
      "bg": null,
      "nameAnswer": null,
      "translates": [
        {
          "lang": "ru-Ru",
          "name": "карниз для душа",
          "nameA": null
        }
      ]
    },
    {
      "id": 52,
      "name": "toilet lid",
      "transcription": "[]",
      "nameA": null,
      "image": "/img/dict/home/toilet_lid.png",
      "bg": null,
      "nameAnswer": null,
      "translates": [
        {
          "lang": "ru-Ru",
          "name": "крышка",
          "nameA": null
        }
      ]
    },
    {
      "id": 53,
      "name": "tile flooring",
      "transcription": "[]",
      "nameA": null,
      "image": "/img/dict/home/tile_flooring.png",
      "bg": null,
      "nameAnswer": null,
      "translates": [
        {
          "lang": "ru-Ru",
          "name": "кафельный пол",
          "nameA": null
        }
      ]
    },
    {
      "id": 54,
      "name": "hairspray",
      "transcription": "[]",
      "nameA": null,
      "image": "/img/dict/home/hairspray.png",
      "bg": null,
      "nameAnswer": null,
      "translates": [
        {
          "lang": "ru-Ru",
          "name": "лак для волос",
          "nameA": null
        }
      ]
    },
    {
      "id": 55,
      "name": "bath mat",
      "transcription": "[]",
      "nameA": null,
      "image": "/img/dict/home/bath_mat.png",
      "bg": null,
      "nameAnswer": null,
      "translates": [
        {
          "lang": "ru-Ru",
          "name": "коврик для ванной",
          "nameA": null
        }
      ]
    },
    {
      "id": 56,
      "name": "razor blades",
      "transcription": "[]",
      "nameA": null,
      "image": "/img/dict/home/razor_blades.png",
      "bg": null,
      "nameAnswer": null,
      "translates": [
        {
          "lang": "ru-Ru",
          "name": "лезвия",
          "nameA": null
        }
      ]
    },
    {
      "id": 57,
      "name": "conditioner",
      "transcription": "[kənˈdɪʃnə]",
      "nameA": null,
      "image": "/img/dict/home/conditioner.png",
      "bg": null,
      "nameAnswer": null,
      "translates": [
        {
          "lang": "ru-Ru",
          "name": "кондиционер",
          "nameA": null
        }
      ]
    },
    {
      "id": 58,
      "name": "medications",
      "transcription": "[]",
      "nameA": null,
      "image": "/img/dict/home/medications.png",
      "bg": null,
      "nameAnswer": null,
      "translates": [
        {
          "lang": "ru-Ru",
          "name": "лекарственные препараты",
          "nameA": null
        }
      ]
    },
    {
      "id": 59,
      "name": "laundry hamper",
      "transcription": "[]",
      "nameA": null,
      "image": "/img/dict/home/laundry_hamper.png",
      "bg": null,
      "nameAnswer": null,
      "translates": [
        {
          "lang": "ru-Ru",
          "name": "корзина для белья",
          "nameA": null
        }
      ]
    },
    {
      "id": 60,
      "name": "lotion",
      "transcription": "[ləʊʃn]",
      "nameA": null,
      "image": "/img/dict/home/lotion.png",
      "bg": null,
      "nameAnswer": null,
      "translates": [
        {
          "lang": "ru-Ru",
          "name": "лосьон",
          "nameA": null
        }
      ]
    },
    {
      "id": 61,
      "name": "make-up",
      "transcription": "[ˈmeɪkʌp]",
      "nameA": null,
      "image": "/img/dict/home/make-up.png",
      "bg": null,
      "nameAnswer": null,
      "translates": [
        {
          "lang": "ru-Ru",
          "name": "косметика",
          "nameA": null
        }
      ]
    },
    {
      "id": 62,
      "name": "aftershave",
      "transcription": "[]",
      "nameA": null,
      "image": "/img/dict/home/aftershave.png",
      "bg": null,
      "nameAnswer": null,
      "translates": [
        {
          "lang": "ru-Ru",
          "name": "лосьон после бритья",
          "nameA": null
        }
      ]
    },
    {
      "id": 63,
      "name": "faucet",
      "transcription": "[ˈfɔːsɪt]",
      "nameA": null,
      "image": "/img/dict/home/faucet.png",
      "bg": null,
      "nameAnswer": null,
      "translates": [
        {
          "lang": "ru-Ru",
          "name": "кран",
          "nameA": null
        }
      ]
    },
    {
      "id": 64,
      "name": "loofah",
      "transcription": "[]",
      "nameA": null,
      "image": "/img/dict/home/loofah.png",
      "bg": null,
      "nameAnswer": null,
      "translates": [
        {
          "lang": "ru-Ru",
          "name": "люфа",
          "nameA": null
        }
      ]
    },
    {
      "id": 65,
      "name": "hot water faucet",
      "transcription": "[]",
      "nameA": null,
      "image": "/img/dict/home/hot_water_faucet.png",
      "bg": null,
      "nameAnswer": null,
      "translates": [
        {
          "lang": "ru-Ru",
          "name": "кран горячей воды",
          "nameA": null
        }
      ]
    },
    {
      "id": 66,
      "name": "nail scissors",
      "transcription": "[]",
      "nameA": null,
      "image": "/img/dict/home/nail_scissors.png",
      "bg": null,
      "nameAnswer": null,
      "translates": [
        {
          "lang": "ru-Ru",
          "name": "маникюрные ножницы",
          "nameA": null
        }
      ]
    },
    {
      "id": 67,
      "name": "cold water faucet",
      "transcription": "[]",
      "nameA": null,
      "image": "/img/dict/home/cold_water_faucet.png",
      "bg": null,
      "nameAnswer": null,
      "translates": [
        {
          "lang": "ru-Ru",
          "name": "кран холодной воды",
          "nameA": null
        }
      ]
    },
    {
      "id": 68,
      "name": "toilet paper holder",
      "transcription": "[]",
      "nameA": null,
      "image": "/img/dict/home/toilet_paper_holder.png",
      "bg": null,
      "nameAnswer": null,
      "translates": [
        {
          "lang": "ru-Ru",
          "name": "держатель для туалетной бумаги",
          "nameA": null
        }
      ]
    },
    {
      "id": 69,
      "name": "barrettes",
      "transcription": "[]",
      "nameA": null,
      "image": "/img/dict/home/barrettes.png",
      "bg": null,
      "nameAnswer": null,
      "translates": [
        {
          "lang": "ru-Ru",
          "name": "заколки",
          "nameA": null
        }
      ]
    },
    {
      "id": 70,
      "name": "toothbrush holder",
      "transcription": "[]",
      "nameA": null,
      "image": "/img/dict/home/toothbrush_holder.png",
      "bg": null,
      "nameAnswer": null,
      "translates": [
        {
          "lang": "ru-Ru",
          "name": "держатель зубной щетки",
          "nameA": null
        }
      ]
    },
    {
      "id": 71,
      "name": "mirror",
      "transcription": "[ˈmɪrə]",
      "nameA": null,
      "image": "/img/dict/home/mirror.png",
      "bg": null,
      "nameAnswer": null,
      "translates": [
        {
          "lang": "ru-Ru",
          "name": "зеркало",
          "nameA": null
        }
      ]
    },
    {
      "id": 72,
      "name": "jacuzzi",
      "transcription": "[ʤəˈkjuːzɪ]",
      "nameA": null,
      "image": "/img/dict/home/jacuzzi.png",
      "bg": null,
      "nameAnswer": null,
      "translates": [
        {
          "lang": "ru-Ru",
          "name": "джакузи",
          "nameA": null
        }
      ]
    },
    {
      "id": 73,
      "name": "dental floss",
      "transcription": "[]",
      "nameA": null,
      "image": "/img/dict/home/dental_floss.png",
      "bg": null,
      "nameAnswer": null,
      "translates": [
        {
          "lang": "ru-Ru",
          "name": "зубная нить",
          "nameA": null
        }
      ]
    },
    {
      "id": 74,
      "name": "soap dispenser",
      "transcription": "[]",
      "nameA": null,
      "image": "/img/dict/home/soap_dispenser.png",
      "bg": null,
      "nameAnswer": null,
      "translates": [
        {
          "lang": "ru-Ru",
          "name": "дозатор для жидкого мыла",
          "nameA": null
        }
      ]
    },
    {
      "id": 75,
      "name": "toothpaste",
      "transcription": "[ˈtuːθpeɪst]",
      "nameA": null,
      "image": "/img/dict/home/toothpaste.png",
      "bg": null,
      "nameAnswer": null,
      "translates": [
        {
          "lang": "ru-Ru",
          "name": "зубная паста",
          "nameA": null
        }
      ]
    },
    {
      "id": 76,
      "name": "perfume",
      "transcription": "[ˈpɜːfjuːm]",
      "nameA": null,
      "image": "/img/dict/home/perfume.png",
      "bg": null,
      "nameAnswer": null,
      "translates": [
        {
          "lang": "ru-Ru",
          "name": "духи",
          "nameA": null
        }
      ]
    },
    {
      "id": 77,
      "name": "toothbrush",
      "transcription": "[ˈtuːθbrʌʃ]",
      "nameA": null,
      "image": "/img/dict/home/toothbrush.png",
      "bg": null,
      "nameAnswer": null,
      "translates": [
        {
          "lang": "ru-Ru",
          "name": "зубная щетка",
          "nameA": null
        }
      ]
    },
    {
      "id": 78,
      "name": "shower",
      "transcription": "[ˈʃaʊə]",
      "nameA": null,
      "image": "/img/dict/home/shower.png",
      "bg": null,
      "nameAnswer": null,
      "translates": [
        {
          "lang": "ru-Ru",
          "name": "душ",
          "nameA": null
        }
      ]
    },
    {
      "id": 79,
      "name": "shower gel",
      "transcription": "[]",
      "nameA": null,
      "image": "/img/dict/home/shower_gel.png",
      "bg": null,
      "nameAnswer": null,
      "translates": [
        {
          "lang": "ru-Ru",
          "name": "гель для душа",
          "nameA": null
        }
      ]
    },
    {
      "id": 80,
      "name": "shower curtain",
      "transcription": "[]",
      "nameA": null,
      "image": "/img/dict/home/shower_curtain.png",
      "bg": null,
      "nameAnswer": null,
      "translates": [
        {
          "lang": "ru-Ru",
          "name": "душевая занавеска",
          "nameA": null
        }
      ]
    },
    {
      "id": 81,
      "name": "sanitary pads",
      "transcription": "[]",
      "nameA": null,
      "image": "/img/dict/home/sanitary_pads.png",
      "bg": null,
      "nameAnswer": null,
      "translates": [
        {
          "lang": "ru-Ru",
          "name": "гигиенические прокладки",
          "nameA": null
        }
      ]
    },
    {
      "id": 82,
      "name": "shower cubicle",
      "transcription": "[]",
      "nameA": null,
      "image": "/img/dict/home/shower_cubicle.png",
      "bg": null,
      "nameAnswer": null,
      "translates": [
        {
          "lang": "ru-Ru",
          "name": "душевая кабина",
          "nameA": null
        }
      ]
    },
    {
      "id": 83,
      "name": "sponge",
      "transcription": "[spʌnʤ]",
      "nameA": null,
      "image": "/img/dict/home/sponge.png",
      "bg": null,
      "nameAnswer": null,
      "translates": [
        {
          "lang": "ru-Ru",
          "name": "губка",
          "nameA": null
        }
      ]
    },
    {
      "id": 84,
      "name": "shower head",
      "transcription": "[]",
      "nameA": null,
      "image": "/img/dict/home/shower_head.png",
      "bg": null,
      "nameAnswer": null,
      "translates": [
        {
          "lang": "ru-Ru",
          "name": "душевая лейка",
          "nameA": null
        }
      ]
    },
    {
      "id": 85,
      "name": "disinfectant",
      "transcription": "[]",
      "nameA": null,
      "image": "/img/dict/home/disinfectant.png",
      "bg": null,
      "nameAnswer": null,
      "translates": [
        {
          "lang": "ru-Ru",
          "name": "дезинфицирующее средство",
          "nameA": null
        }
      ]
    },
    {
      "id": 86,
      "name": "shower tray",
      "transcription": "[]",
      "nameA": null,
      "image": "/img/dict/home/shower_tray.png",
      "bg": null,
      "nameAnswer": null,
      "translates": [
        {
          "lang": "ru-Ru",
          "name": "душевой поддон",
          "nameA": null
        }
      ]
    },
    {
      "id": 87,
      "name": "deodorant",
      "transcription": "[diːˈəʊdərənt]",
      "nameA": null,
      "image": "/img/dict/home/deodorant.png",
      "bg": null,
      "nameAnswer": null,
      "translates": [
        {
          "lang": "ru-Ru",
          "name": "дезодорант",
          "nameA": null
        }
      ]
    },
    {
      "id": 88,
      "name": "mouthwash",
      "transcription": "[]",
      "nameA": null,
      "image": "/img/dict/home/mouthwash.png",
      "bg": null,
      "nameAnswer": null,
      "translates": [
        {
          "lang": "ru-Ru",
          "name": "жидкость для полоскания рта",
          "nameA": null
        }
      ]
    },
    {
      "id": 89,
      "name": "cistern",
      "transcription": "[]",
      "nameA": null,
      "image": "/img/dict/home/cistern.png",
      "bg": null,
      "nameAnswer": null,
      "translates": [
        {
          "lang": "ru-Ru",
          "name": "бачок",
          "nameA": null
        }
      ]
    },
    {
      "id": 90,
      "name": "cotton swabs",
      "transcription": "[]",
      "nameA": null,
      "image": "/img/dict/home/cotton_swabs.png",
      "bg": null,
      "nameAnswer": null,
      "translates": [
        {
          "lang": "ru-Ru",
          "name": "ватные палочки",
          "nameA": null
        }
      ]
    },
    {
      "id": 91,
      "name": "curlers",
      "transcription": "[]",
      "nameA": null,
      "image": "/img/dict/home/curlers.png",
      "bg": null,
      "nameAnswer": null,
      "translates": [
        {
          "lang": "ru-Ru",
          "name": "бигуди",
          "nameA": null
        }
      ]
    },
    {
      "id": 92,
      "name": "cotton balls",
      "transcription": "[]",
      "nameA": null,
      "image": "/img/dict/home/cotton_balls.png",
      "bg": null,
      "nameAnswer": null,
      "translates": [
        {
          "lang": "ru-Ru",
          "name": "ватные шарики",
          "nameA": null
        }
      ]
    },
    {
      "id": 93,
      "name": "bidet",
      "transcription": "[]",
      "nameA": null,
      "image": "/img/dict/home/bidet.png",
      "bg": null,
      "nameAnswer": null,
      "translates": [
        {
          "lang": "ru-Ru",
          "name": "биде",
          "nameA": null
        }
      ]
    },
    {
      "id": 94,
      "name": "fan",
      "transcription": "[fæn]",
      "nameA": null,
      "image": "/img/dict/home/fan.png",
      "bg": null,
      "nameAnswer": null,
      "translates": [
        {
          "lang": "ru-Ru",
          "name": "вентилятор",
          "nameA": null
        }
      ]
    },
    {
      "id": 95,
      "name": "shaver",
      "transcription": "[ˈʃeɪvə]",
      "nameA": null,
      "image": "/img/dict/home/shaver.png",
      "bg": null,
      "nameAnswer": null,
      "translates": [
        {
          "lang": "ru-Ru",
          "name": "бритва",
          "nameA": null
        }
      ]
    },
    {
      "id": 96,
      "name": "towel rack",
      "transcription": "[]",
      "nameA": null,
      "image": "/img/dict/home/towel_rack.png",
      "bg": null,
      "nameAnswer": null,
      "translates": [
        {
          "lang": "ru-Ru",
          "name": "вешалка для полотенец",
          "nameA": null
        }
      ]
    },
    {
      "id": 97,
      "name": "paper towel",
      "transcription": "[]",
      "nameA": null,
      "image": "/img/dict/home/paper_towel.png",
      "bg": null,
      "nameAnswer": null,
      "translates": [
        {
          "lang": "ru-Ru",
          "name": "бумажное полотенце",
          "nameA": null
        }
      ]
    },
    {
      "id": 98,
      "name": "wet wipes",
      "transcription": "[]",
      "nameA": null,
      "image": "/img/dict/home/wet_wipes.png",
      "bg": null,
      "nameAnswer": null,
      "translates": [
        {
          "lang": "ru-Ru",
          "name": "влажные салфетки",
          "nameA": null
        }
      ]
    },
    {
      "id": 99,
      "name": "tissue paper",
      "transcription": "[]",
      "nameA": null,
      "image": "/img/dict/home/tissue_paper.png",
      "bg": null,
      "nameAnswer": null,
      "translates": [
        {
          "lang": "ru-Ru",
          "name": "бумажные салфетки",
          "nameA": null
        }
      ]
    },
    {
      "id": 100,
      "name": "water",
      "transcription": "[ˈwɔːtə]",
      "nameA": null,
      "image": "/img/dict/home/water.png",
      "bg": null,
      "nameAnswer": null,
      "translates": [
        {
          "lang": "ru-Ru",
          "name": "вода",
          "nameA": null
        }
      ]
    },
    {
      "id": 101,
      "name": "bath",
      "transcription": "[bɑːθ]",
      "nameA": null,
      "image": "/img/dict/home/bath.png",
      "bg": null,
      "nameAnswer": null,
      "translates": [
        {
          "lang": "ru-Ru",
          "name": "ванна",
          "nameA": null
        }
      ]
    },
    {
      "id": 102,
      "name": "plumbing",
      "transcription": "[ˈplʌmɪŋ]",
      "nameA": null,
      "image": "/img/dict/home/plumbing.png",
      "bg": null,
      "nameAnswer": null,
      "translates": [
        {
          "lang": "ru-Ru",
          "name": "водопровод",
          "nameA": null
        }
      ]
    },
    {
      "id": 103,
      "name": "bathroom",
      "transcription": "[ˈbɑːθrum]",
      "nameA": null,
      "image": "/img/dict/home/bathroom.png",
      "bg": null,
      "nameAnswer": null,
      "translates": [
        {
          "lang": "ru-Ru",
          "name": "ванная комната",
          "nameA": null
        }
      ]
    },
    {
      "id": 104,
      "name": "antiseptic",
      "transcription": "[]",
      "nameA": null,
      "image": "/img/dict/home/antiseptic.png",
      "bg": null,
      "nameAnswer": null,
      "translates": [
        {
          "lang": "ru-Ru",
          "name": "антисептик",
          "nameA": null
        }
      ]
    },
    {
      "id": 105,
      "name": "bath panel",
      "transcription": "[]",
      "nameA": null,
      "image": "/img/dict/home/bath_panel.png",
      "bg": null,
      "nameAnswer": null,
      "translates": [
        {
          "lang": "ru-Ru",
          "name": "ванная панель",
          "nameA": null
        }
      ]
    },
    {
      "id": 106,
      "name": "medicine chest",
      "transcription": "[]",
      "nameA": null,
      "image": "/img/dict/home/medicine_chest.png",
      "bg": null,
      "nameAnswer": null,
      "translates": [
        {
          "lang": "ru-Ru",
          "name": "аптечка",
          "nameA": null
        }
      ]
    },
    {
      "id": 107,
      "name": "plunger",
      "transcription": "[]",
      "nameA": null,
      "image": "/img/dict/home/plunger.png",
      "bg": null,
      "nameAnswer": null,
      "translates": [
        {
          "lang": "ru-Ru",
          "name": "вантуз",
          "nameA": null
        }
      ]
    },
    {
      "id": 108,
      "name": "bath towel",
      "transcription": "[]",
      "nameA": null,
      "image": "/img/dict/home/bath_towel.png",
      "bg": null,
      "nameAnswer": null,
      "translates": [
        {
          "lang": "ru-Ru",
          "name": "банное полотенце",
          "nameA": null
        }
      ]
    },
    {
      "id": 109,
      "name": "cotton pads",
      "transcription": "[]",
      "nameA": null,
      "image": "/img/dict/home/cotton_pads.png",
      "bg": null,
      "nameAnswer": null,
      "translates": [
        {
          "lang": "ru-Ru",
          "name": "ватные диски",
          "nameA": null
        }
      ]
    }
  ]
}