{
  "name": "Home",
  "nameA": null,
  "img": "/img/dict/home/city.png",
  "minQuiz": null,
  "tags": [
    "home",
    "housing"
  ],
  "Translations": [],
  "items": [
    {
      "id": 18,
      "name": "home",
      "transcription": "[həʊm]",
      "nameA": null,
      "image": "/img/dict/home/home.png",
      "bg": null,
      "nameAnswer": null,
      "translates": [
        {
          "lang": "ru-RU",
          "name": "дом, место где родился или вырос",
          "nameA": null
        }
      ]
    },
    {
      "id": 12,
      "name": "house",
      "transcription": "[haʊs]",
      "nameA": null,
      "image": "/img/dict/home/house.png",
      "bg": null,
      "nameAnswer": null,
      "translates": [
        {
          "lang": "ru-RU",
          "name": "дом, здание",
          "nameA": null
        }
      ]
    },
    {
      "id": 19,
      "name": "building",
      "transcription": "[ˈbɪldɪŋ]",
      "nameA": null,
      "image": "/img/dict/home/building.png",
      "bg": null,
      "nameAnswer": null,
      "translates": [
        {
          "lang": "ru-RU",
          "name": "здание, строение",
          "nameA": null
        }
      ]
    },
    {
      "id": 5,
      "name": "multistoried building",
      "transcription": "[mʌltɪˈstɔːrɪd ˈbɪldɪŋ]",
      "nameA": null,
      "image": "/img/dict/home/multistoried_building.png",
      "bg": null,
      "nameAnswer": null,
      "translates": [
        {
          "lang": "ru-RU",
          "name": "многоэтажное здание",
          "nameA": null
        }
      ]
    },
    {
      "id": 2,
      "name": "skyscraper",
      "transcription": "[ˈskaɪskreɪpə]",
      "nameA": null,
      "image": "/img/dict/home/skyscraper.png",
      "bg": null,
      "nameAnswer": null,
      "translates": [
        {
          "lang": "ru-RU",
          "name": "небоскрёб",
          "nameA": null
        }
      ]
    },
    {
      "id": 22,
      "name": "flat",
      "transcription": "[flæt]",
      "nameA": null,
      "image": "/img/dict/home/flat.png",
      "bg": null,
      "nameAnswer": null,
      "translates": [
        {
          "lang": "ru-RU",
          "name": "квартира",
          "nameA": null
        }
      ]
    },
    {
      "id": 25,
      "name": "hut",
      "transcription": "[hʌt]",
      "nameA": null,
      "image": "/img/dict/home/hut.png",
      "bg": null,
      "nameAnswer": null,
      "translates": [
        {
          "lang": "ru-RU",
          "name": "хижина, избушка",
          "nameA": null
        }
      ]
    },
    {
      "id": 29,
      "name": "door",
      "transcription": "[dɔːr]",
      "nameA": null,
      "image": "/img/dict/home/door.png",
      "bg": null,
      "nameAnswer": null,
      "translates": [
        {
          "lang": "ru-RU",
          "name": "дверь",
          "nameA": null
        }
      ]
    },
    {
      "id": 29,
      "name": "window",
      "transcription": "[ˈwɪndəʊ]",
      "nameA": null,
      "image": "/img/dict/home/window.png",
      "bg": null,
      "nameAnswer": null,
      "translates": [
        {
          "lang": "ru-RU",
          "name": "окно",
          "nameA": null
        }
      ]
    },
    {
      "id": 29,
      "name": "stairs",
      "transcription": "[ˈstɛrz]",
      "nameA": null,
      "image": "/img/dict/home/stairs.png",
      "bg": null,
      "nameAnswer": null,
      "translates": [
        {
          "lang": "ru-RU",
          "name": "лестница",
          "nameA": null
        }
      ]
    },
    {
      "id": 29,
      "name": "Elevator",
      "transcription": "[ˈelɪveɪtər]",
      "nameA": null,
      "image": "/img/dict/home/elevator.png",
      "bg": null,
      "nameAnswer": null,
      "translates": [
        {
          "lang": "ru-RU",
          "name": "Лифт",
          "nameA": null
        }
      ]
    },
    {
      "id": 29,
      "name": "fence",
      "transcription": "[fens]",
      "nameA": null,
      "image": "/img/dict/home/fence.png",
      "bg": null,
      "nameAnswer": null,
      "translates": [
        {
          "lang": "ru-RU",
          "name": "Забор, ограда",
          "nameA": null
        }
      ]
    },
    {
      "id": 29,
      "name": "wall",
      "transcription": "[wɔːl]",
      "nameA": null,
      "image": "/img/dict/home/wall.png",
      "bg": null,
      "nameAnswer": null,
      "translates": [
        {
          "lang": "ru-RU",
          "name": "стена\u0027",
          "nameA": null
        }
      ]
    },
    {
      "id": 29,
      "name": "roof",
      "transcription": "[ruːf]",
      "nameA": null,
      "image": "/img/dict/home/roof.png",
      "bg": null,
      "nameAnswer": null,
      "translates": [
        {
          "lang": "ru-RU",
          "name": "крыша",
          "nameA": null
        }
      ]
    },
    {
      "id": 29,
      "name": "chimney",
      "transcription": "[ˈtʃɪm.ni]",
      "nameA": null,
      "image": "/img/dict/home/chimney.png",
      "bg": null,
      "nameAnswer": null,
      "translates": [
        {
          "lang": "ru-RU",
          "name": "дымоходная труба",
          "nameA": null
        }
      ]
    },
    {
      "id": 9,
      "name": "country house",
      "transcription": "[ˈkʌntrɪ haʊs]",
      "nameA": null,
      "image": "/img/dict/home/country_house.png",
      "bg": null,
      "nameAnswer": null,
      "translates": [
        {
          "lang": "ru-RU",
          "name": "загородный дом",
          "nameA": null
        }
      ]
    },
    {
      "id": 13,
      "name": "camp site",
      "transcription": "[kæmp saɪt]",
      "nameA": null,
      "image": "/img/dict/home/camp_site.png",
      "bg": null,
      "nameAnswer": null,
      "translates": [
        {
          "lang": "ru-RU",
          "name": "кэмпинг",
          "nameA": null
        }
      ]
    },
    {
      "id": 25,
      "name": "tree house",
      "transcription": "[ˈtriː ˌhaʊs]",
      "nameA": null,
      "image": "/img/dict/home/tree_house.png",
      "bg": null,
      "nameAnswer": null,
      "translates": [
        {
          "lang": "ru-RU",
          "name": "дом на дереве",
          "nameA": null
        }
      ]
    },
    {
      "id": 25,
      "name": "motor home",
      "transcription": "[moʊ.t̬ɚ ˌhoʊm]",
      "nameA": null,
      "image": "/img/dict/home/motor_home.png",
      "bg": null,
      "nameAnswer": null,
      "translates": [
        {
          "lang": "ru-RU",
          "name": "дом на колёсах, трейлер",
          "nameA": null
        }
      ]
    }
  ]
}