{
  "name": "home_kitchen.json",
  "nameA": null,
  "img": null,
  "minQuiz": null,
  "tags": [
    "home",
    "kitchen"
  ],
  "Translations": [],
  "items": [
    {
      "id": 0,
      "name": "washing-up liquid",
      "transcription": "[]",
      "nameA": null,
      "image": "/img/dict/home/washing-up_liquid.png",
      "bg": null,
      "nameAnswer": null,
      "translates": [
        {
          "lang": "ru-RU",
          "name": "средство для мытья посуды",
          "nameA": null
        }
      ]
    },
    {
      "id": 1,
      "name": "whisk",
      "transcription": "[]",
      "nameA": null,
      "image": "/img/dict/home/whisk.png",
      "bg": null,
      "nameAnswer": null,
      "translates": [
        {
          "lang": "ru-RU",
          "name": "венчик",
          "nameA": null
        }
      ]
    },
    {
      "id": 2,
      "name": "stool",
      "transcription": "[stuːl]",
      "nameA": null,
      "image": "/img/dict/home/stool.png",
      "bg": null,
      "nameAnswer": null,
      "translates": [
        {
          "lang": "ru-RU",
          "name": "табурет",
          "nameA": null
        }
      ]
    },
    {
      "id": 3,
      "name": "stove",
      "transcription": "[stəʊv]",
      "nameA": null,
      "image": "/img/dict/home/stove.png",
      "bg": null,
      "nameAnswer": null,
      "translates": [
        {
          "lang": "ru-RU",
          "name": "плита",
          "nameA": null
        }
      ]
    },
    {
      "id": 4,
      "name": "sugar bowl",
      "transcription": "[]",
      "nameA": null,
      "image": "/img/dict/home/sugar_bowl.png",
      "bg": null,
      "nameAnswer": null,
      "translates": [
        {
          "lang": "ru-RU",
          "name": "сахарница",
          "nameA": null
        }
      ]
    },
    {
      "id": 5,
      "name": "table",
      "transcription": "[teɪbl]",
      "nameA": null,
      "image": "/img/dict/home/table.png",
      "bg": null,
      "nameAnswer": null,
      "translates": [
        {
          "lang": "ru-RU",
          "name": "стол",
          "nameA": null
        }
      ]
    },
    {
      "id": 6,
      "name": "tablecloth",
      "transcription": "[]",
      "nameA": null,
      "image": "/img/dict/home/tablecloth.png",
      "bg": null,
      "nameAnswer": null,
      "translates": [
        {
          "lang": "ru-RU",
          "name": "скатерть",
          "nameA": null
        }
      ]
    },
    {
      "id": 7,
      "name": "tableware",
      "transcription": "[ˈteɪb(ə)lweə]",
      "nameA": null,
      "image": "/img/dict/home/tableware.png",
      "bg": null,
      "nameAnswer": null,
      "translates": [
        {
          "lang": "ru-RU",
          "name": "посуда",
          "nameA": null
        }
      ]
    },
    {
      "id": 8,
      "name": "teapot",
      "transcription": "[ˈtiːpɒt]",
      "nameA": null,
      "image": "/img/dict/home/teapot.png",
      "bg": null,
      "nameAnswer": null,
      "translates": [
        {
          "lang": "ru-RU",
          "name": "заварочный чайник",
          "nameA": null
        }
      ]
    },
    {
      "id": 9,
      "name": "towel",
      "transcription": "[ˈtaʊəl]",
      "nameA": null,
      "image": "/img/dict/home/towel.png",
      "bg": null,
      "nameAnswer": null,
      "translates": [
        {
          "lang": "ru-RU",
          "name": "полотенце",
          "nameA": null
        }
      ]
    },
    {
      "id": 10,
      "name": "oven",
      "transcription": "[ʌvn]",
      "nameA": null,
      "image": "/img/dict/home/oven.png",
      "bg": null,
      "nameAnswer": null,
      "translates": [
        {
          "lang": "ru-RU",
          "name": "духовка",
          "nameA": null
        }
      ]
    },
    {
      "id": 11,
      "name": "sink",
      "transcription": "[sɪŋk]",
      "nameA": null,
      "image": "/img/dict/home/sink.png",
      "bg": null,
      "nameAnswer": null,
      "translates": [
        {
          "lang": "ru-RU",
          "name": "раковина",
          "nameA": null
        }
      ]
    },
    {
      "id": 12,
      "name": "pepperbox",
      "transcription": "[]",
      "nameA": null,
      "image": "/img/dict/home/pepperbox.png",
      "bg": null,
      "nameAnswer": null,
      "translates": [
        {
          "lang": "ru-RU",
          "name": "перечница",
          "nameA": null
        }
      ]
    },
    {
      "id": 13,
      "name": "sponge",
      "transcription": "[spʌnʤ]",
      "nameA": null,
      "image": "/img/dict/home/sponge.png",
      "bg": null,
      "nameAnswer": null,
      "translates": [
        {
          "lang": "ru-RU",
          "name": "губка",
          "nameA": null
        }
      ]
    },
    {
      "id": 14,
      "name": "potato peeler",
      "transcription": "[]",
      "nameA": null,
      "image": "/img/dict/home/potato_peeler.png",
      "bg": null,
      "nameAnswer": null,
      "translates": [
        {
          "lang": "ru-RU",
          "name": "очиститель картошки",
          "nameA": null
        }
      ]
    },
    {
      "id": 15,
      "name": "kitchenware",
      "transcription": "[ˈkɪʧɪnweə]",
      "nameA": null,
      "image": "/img/dict/home/kitchenware.png",
      "bg": null,
      "nameAnswer": null,
      "translates": [
        {
          "lang": "ru-RU",
          "name": "кухонные принадлежности",
          "nameA": null
        }
      ]
    },
    {
      "id": 16,
      "name": "potholder",
      "transcription": "[]",
      "nameA": null,
      "image": "/img/dict/home/potholder.png",
      "bg": null,
      "nameAnswer": null,
      "translates": [
        {
          "lang": "ru-RU",
          "name": "прихватка",
          "nameA": null
        }
      ]
    },
    {
      "id": 17,
      "name": "knife sharpener",
      "transcription": "[]",
      "nameA": null,
      "image": "/img/dict/home/knife_sharpener.png",
      "bg": null,
      "nameAnswer": null,
      "translates": [
        {
          "lang": "ru-RU",
          "name": "заточка для ножей",
          "nameA": null
        }
      ]
    },
    {
      "id": 18,
      "name": "rag",
      "transcription": "[ræg]",
      "nameA": null,
      "image": "/img/dict/home/rag.png",
      "bg": null,
      "nameAnswer": null,
      "translates": [
        {
          "lang": "ru-RU",
          "name": "тряпка",
          "nameA": null
        }
      ]
    },
    {
      "id": 19,
      "name": "ladle",
      "transcription": "[leɪdl]",
      "nameA": null,
      "image": "/img/dict/home/ladle.png",
      "bg": null,
      "nameAnswer": null,
      "translates": [
        {
          "lang": "ru-RU",
          "name": "половник",
          "nameA": null
        }
      ]
    },
    {
      "id": 20,
      "name": "range hood",
      "transcription": "[]",
      "nameA": null,
      "image": "/img/dict/home/range_hood.png",
      "bg": null,
      "nameAnswer": null,
      "translates": [
        {
          "lang": "ru-RU",
          "name": "вытяжка",
          "nameA": null
        }
      ]
    },
    {
      "id": 21,
      "name": "lid",
      "transcription": "[lɪd]",
      "nameA": null,
      "image": "/img/dict/home/lid.png",
      "bg": null,
      "nameAnswer": null,
      "translates": [
        {
          "lang": "ru-RU",
          "name": "крышка",
          "nameA": null
        }
      ]
    },
    {
      "id": 22,
      "name": "rolling pin",
      "transcription": "[]",
      "nameA": null,
      "image": "/img/dict/home/rolling_pin.png",
      "bg": null,
      "nameAnswer": null,
      "translates": [
        {
          "lang": "ru-RU",
          "name": "скалка",
          "nameA": null
        }
      ]
    },
    {
      "id": 23,
      "name": "matches",
      "transcription": "[]",
      "nameA": null,
      "image": "/img/dict/home/matches.png",
      "bg": null,
      "nameAnswer": null,
      "translates": [
        {
          "lang": "ru-RU",
          "name": "спички",
          "nameA": null
        }
      ]
    },
    {
      "id": 24,
      "name": "salt-cellar",
      "transcription": "[]",
      "nameA": null,
      "image": "/img/dict/home/salt-cellar.png",
      "bg": null,
      "nameAnswer": null,
      "translates": [
        {
          "lang": "ru-RU",
          "name": "солонка",
          "nameA": null
        }
      ]
    },
    {
      "id": 25,
      "name": "measuring cup",
      "transcription": "[]",
      "nameA": null,
      "image": "/img/dict/home/measuring_cup.png",
      "bg": null,
      "nameAnswer": null,
      "translates": [
        {
          "lang": "ru-RU",
          "name": "мерная кружка",
          "nameA": null
        }
      ]
    },
    {
      "id": 26,
      "name": "shelf",
      "transcription": "[ʃelf]",
      "nameA": null,
      "image": "/img/dict/home/shelf.png",
      "bg": null,
      "nameAnswer": null,
      "translates": [
        {
          "lang": "ru-RU",
          "name": "полка",
          "nameA": null
        }
      ]
    },
    {
      "id": 27,
      "name": "mincer",
      "transcription": "[]",
      "nameA": null,
      "image": "/img/dict/home/mincer.png",
      "bg": null,
      "nameAnswer": null,
      "translates": [
        {
          "lang": "ru-RU",
          "name": "мясорубка",
          "nameA": null
        }
      ]
    },
    {
      "id": 28,
      "name": "shovel",
      "transcription": "[ʃʌvl]",
      "nameA": null,
      "image": "/img/dict/home/shovel.png",
      "bg": null,
      "nameAnswer": null,
      "translates": [
        {
          "lang": "ru-RU",
          "name": "лопатка",
          "nameA": null
        }
      ]
    },
    {
      "id": 29,
      "name": "mustard-pot",
      "transcription": "[]",
      "nameA": null,
      "image": "/img/dict/home/mustard-pot.png",
      "bg": null,
      "nameAnswer": null,
      "translates": [
        {
          "lang": "ru-RU",
          "name": "горчичница",
          "nameA": null
        }
      ]
    },
    {
      "id": 30,
      "name": "sieve",
      "transcription": "[sɪv]",
      "nameA": null,
      "image": "/img/dict/home/sieve.png",
      "bg": null,
      "nameAnswer": null,
      "translates": [
        {
          "lang": "ru-RU",
          "name": "сито",
          "nameA": null
        }
      ]
    },
    {
      "id": 31,
      "name": "apron",
      "transcription": "[ˈeɪprən]",
      "nameA": null,
      "image": "/img/dict/home/apron.png",
      "bg": null,
      "nameAnswer": null,
      "translates": [
        {
          "lang": "ru-RU",
          "name": "фартук",
          "nameA": null
        }
      ]
    },
    {
      "id": 32,
      "name": "cheese cutter",
      "transcription": "[]",
      "nameA": null,
      "image": "/img/dict/home/cheese_cutter.png",
      "bg": null,
      "nameAnswer": null,
      "translates": [
        {
          "lang": "ru-RU",
          "name": "сырорезка",
          "nameA": null
        }
      ]
    },
    {
      "id": 33,
      "name": "bin",
      "transcription": "[bɪn]",
      "nameA": null,
      "image": "/img/dict/home/bin.png",
      "bg": null,
      "nameAnswer": null,
      "translates": [
        {
          "lang": "ru-RU",
          "name": "мусорное ведро",
          "nameA": null
        }
      ]
    },
    {
      "id": 34,
      "name": "coffee-mill",
      "transcription": "[]",
      "nameA": null,
      "image": "/img/dict/home/coffee-mill.png",
      "bg": null,
      "nameAnswer": null,
      "translates": [
        {
          "lang": "ru-RU",
          "name": "кофемолка",
          "nameA": null
        }
      ]
    },
    {
      "id": 35,
      "name": "blender",
      "transcription": "[ˈblendə]",
      "nameA": null,
      "image": "/img/dict/home/blender.png",
      "bg": null,
      "nameAnswer": null,
      "translates": [
        {
          "lang": "ru-RU",
          "name": "блендер",
          "nameA": null
        }
      ]
    },
    {
      "id": 36,
      "name": "coffee-pot",
      "transcription": "[]",
      "nameA": null,
      "image": "/img/dict/home/coffee-pot.png",
      "bg": null,
      "nameAnswer": null,
      "translates": [
        {
          "lang": "ru-RU",
          "name": "кофейник",
          "nameA": null
        }
      ]
    },
    {
      "id": 37,
      "name": "bottle opener",
      "transcription": "[]",
      "nameA": null,
      "image": "/img/dict/home/bottle_opener.png",
      "bg": null,
      "nameAnswer": null,
      "translates": [
        {
          "lang": "ru-RU",
          "name": "открывашка",
          "nameA": null
        }
      ]
    },
    {
      "id": 38,
      "name": "colander",
      "transcription": "[ˈkʌləndə]",
      "nameA": null,
      "image": "/img/dict/home/colander.png",
      "bg": null,
      "nameAnswer": null,
      "translates": [
        {
          "lang": "ru-RU",
          "name": "дуршлаг",
          "nameA": null
        }
      ]
    },
    {
      "id": 39,
      "name": "breadbox",
      "transcription": "[]",
      "nameA": null,
      "image": "/img/dict/home/breadbox.png",
      "bg": null,
      "nameAnswer": null,
      "translates": [
        {
          "lang": "ru-RU",
          "name": "хлебница",
          "nameA": null
        }
      ]
    },
    {
      "id": 40,
      "name": "cookbook",
      "transcription": "[ˈkʊkbʊk]",
      "nameA": null,
      "image": "/img/dict/home/cookbook.png",
      "bg": null,
      "nameAnswer": null,
      "translates": [
        {
          "lang": "ru-RU",
          "name": "кулинарная книга",
          "nameA": null
        }
      ]
    },
    {
      "id": 41,
      "name": "burner",
      "transcription": "[ˈbɜːnə]",
      "nameA": null,
      "image": "/img/dict/home/burner.png",
      "bg": null,
      "nameAnswer": null,
      "translates": [
        {
          "lang": "ru-RU",
          "name": "конфорка",
          "nameA": null
        }
      ]
    },
    {
      "id": 42,
      "name": "fridge",
      "transcription": "[frɪʤ]",
      "nameA": null,
      "image": "/img/dict/home/fridge.png",
      "bg": null,
      "nameAnswer": null,
      "translates": [
        {
          "lang": "ru-RU",
          "name": "холодильник",
          "nameA": null
        }
      ]
    },
    {
      "id": 43,
      "name": "butter-dish",
      "transcription": "[]",
      "nameA": null,
      "image": "/img/dict/home/butter-dish.png",
      "bg": null,
      "nameAnswer": null,
      "translates": [
        {
          "lang": "ru-RU",
          "name": "масленка",
          "nameA": null
        }
      ]
    },
    {
      "id": 44,
      "name": "bucket",
      "transcription": "[ˈbʌkɪt]",
      "nameA": null,
      "image": "/img/dict/home/bucket.png",
      "bg": null,
      "nameAnswer": null,
      "translates": [
        {
          "lang": "ru-RU",
          "name": "ведро",
          "nameA": null
        }
      ]
    },
    {
      "id": 45,
      "name": "cabinet",
      "transcription": "[ˈkæbɪnɪt]",
      "nameA": null,
      "image": "/img/dict/home/cabinet.png",
      "bg": null,
      "nameAnswer": null,
      "translates": [
        {
          "lang": "ru-RU",
          "name": "шкафчик",
          "nameA": null
        }
      ]
    },
    {
      "id": 46,
      "name": "plate",
      "transcription": "[pleɪt]",
      "nameA": null,
      "image": "/img/dict/home/plate.png",
      "bg": null,
      "nameAnswer": null,
      "translates": [
        {
          "lang": "ru-RU",
          "name": "тарелка",
          "nameA": null
        }
      ]
    },
    {
      "id": 47,
      "name": "can opener",
      "transcription": "[]",
      "nameA": null,
      "image": "/img/dict/home/can_opener.png",
      "bg": null,
      "nameAnswer": null,
      "translates": [
        {
          "lang": "ru-RU",
          "name": "консервный нож",
          "nameA": null
        }
      ]
    },
    {
      "id": 48,
      "name": "knife",
      "transcription": "[naɪf]",
      "nameA": null,
      "image": "/img/dict/home/knife.png",
      "bg": null,
      "nameAnswer": null,
      "translates": [
        {
          "lang": "ru-RU",
          "name": "нож",
          "nameA": null
        }
      ]
    },
    {
      "id": 49,
      "name": "canister",
      "transcription": "[ˈkænɪstə]",
      "nameA": null,
      "image": "/img/dict/home/canister.png",
      "bg": null,
      "nameAnswer": null,
      "translates": [
        {
          "lang": "ru-RU",
          "name": "контейнер",
          "nameA": null
        }
      ]
    },
    {
      "id": 50,
      "name": "glass",
      "transcription": "[glɑːs]",
      "nameA": null,
      "image": "/img/dict/home/glass.png",
      "bg": null,
      "nameAnswer": null,
      "translates": [
        {
          "lang": "ru-RU",
          "name": "стекло",
          "nameA": null
        }
      ]
    },
    {
      "id": 51,
      "name": "chair",
      "transcription": "[ʧeə]",
      "nameA": null,
      "image": "/img/dict/home/chair.png",
      "bg": null,
      "nameAnswer": null,
      "translates": [
        {
          "lang": "ru-RU",
          "name": "стул",
          "nameA": null
        }
      ]
    },
    {
      "id": 52,
      "name": "freezer",
      "transcription": "[ˈfriːzə]",
      "nameA": null,
      "image": "/img/dict/home/freezer.png",
      "bg": null,
      "nameAnswer": null,
      "translates": [
        {
          "lang": "ru-RU",
          "name": "морозилка",
          "nameA": null
        }
      ]
    },
    {
      "id": 53,
      "name": "laundry basket",
      "transcription": "[ˈlɔːndrɪ ˈbɑːskɪt]",
      "nameA": null,
      "image": "/img/dict/home/laundry_basket.png",
      "bg": null,
      "nameAnswer": null,
      "translates": [
        {
          "lang": "ru-RU",
          "name": "корзина для белья",
          "nameA": null
        }
      ]
    },
    {
      "id": 54,
      "name": "mop",
      "transcription": "[mɒp]",
      "nameA": null,
      "image": "/img/dict/home/mop.png",
      "bg": null,
      "nameAnswer": null,
      "translates": [
        {
          "lang": "ru-RU",
          "name": "швабра",
          "nameA": null
        }
      ]
    },
    {
      "id": 55,
      "name": "cruet-stand",
      "transcription": "[]",
      "nameA": null,
      "image": "/img/dict/home/cruet-stand.png",
      "bg": null,
      "nameAnswer": null,
      "translates": [
        {
          "lang": "ru-RU",
          "name": "судок для специй",
          "nameA": null
        }
      ]
    },
    {
      "id": 56,
      "name": "funnel",
      "transcription": "[fʌnl]",
      "nameA": null,
      "image": "/img/dict/home/funnel.png",
      "bg": null,
      "nameAnswer": null,
      "translates": [
        {
          "lang": "ru-RU",
          "name": "воронка",
          "nameA": null
        }
      ]
    },
    {
      "id": 57,
      "name": "kitchen scale",
      "transcription": "[ˈkɪʧɪn skeɪl]",
      "nameA": null,
      "image": "/img/dict/home/kitchen_scale.png",
      "bg": null,
      "nameAnswer": null,
      "translates": [
        {
          "lang": "ru-RU",
          "name": "кухонные весы",
          "nameA": null
        }
      ]
    },
    {
      "id": 58,
      "name": "microwave",
      "transcription": "[ˈmaɪkrəweɪv]",
      "nameA": null,
      "image": "/img/dict/home/microwave.png",
      "bg": null,
      "nameAnswer": null,
      "translates": [
        {
          "lang": "ru-RU",
          "name": "микроволновая печь",
          "nameA": null
        }
      ]
    },
    {
      "id": 59,
      "name": "cupboard",
      "transcription": "[ˈkʌpbəd]",
      "nameA": null,
      "image": "/img/dict/home/cupboard.png",
      "bg": null,
      "nameAnswer": null,
      "translates": [
        {
          "lang": "ru-RU",
          "name": "шкаф для посуды",
          "nameA": null
        }
      ]
    },
    {
      "id": 60,
      "name": "garbage bag",
      "transcription": "[]",
      "nameA": null,
      "image": "/img/dict/home/garbage_bag.png",
      "bg": null,
      "nameAnswer": null,
      "translates": [
        {
          "lang": "ru-RU",
          "name": "мешок для мусора",
          "nameA": null
        }
      ]
    },
    {
      "id": 61,
      "name": "frying pan",
      "transcription": "[ˈfraɪɪŋ pæn]",
      "nameA": null,
      "image": "/img/dict/home/frying_pan.png",
      "bg": null,
      "nameAnswer": null,
      "translates": [
        {
          "lang": "ru-RU",
          "name": "сковородка",
          "nameA": null
        }
      ]
    },
    {
      "id": 62,
      "name": "mug",
      "transcription": "[mʌg]",
      "nameA": null,
      "image": "/img/dict/home/mug.png",
      "bg": null,
      "nameAnswer": null,
      "translates": [
        {
          "lang": "ru-RU",
          "name": "кружка",
          "nameA": null
        }
      ]
    },
    {
      "id": 63,
      "name": "cutlery",
      "transcription": "[ˈkʌtlərɪ]",
      "nameA": null,
      "image": "/img/dict/home/cutlery.png",
      "bg": null,
      "nameAnswer": null,
      "translates": [
        {
          "lang": "ru-RU",
          "name": "столовые приборы",
          "nameA": null
        }
      ]
    },
    {
      "id": 64,
      "name": "garlic press",
      "transcription": "[]",
      "nameA": null,
      "image": "/img/dict/home/garlic_press.png",
      "bg": null,
      "nameAnswer": null,
      "translates": [
        {
          "lang": "ru-RU",
          "name": "пресс для чеснока",
          "nameA": null
        }
      ]
    },
    {
      "id": 65,
      "name": "clothes peg",
      "transcription": "[]",
      "nameA": null,
      "image": "/img/dict/home/clothes_peg.png",
      "bg": null,
      "nameAnswer": null,
      "translates": [
        {
          "lang": "ru-RU",
          "name": "прищепка",
          "nameA": null
        }
      ]
    },
    {
      "id": 66,
      "name": "fork",
      "transcription": "[fɔːk]",
      "nameA": null,
      "image": "/img/dict/home/fork.png",
      "bg": null,
      "nameAnswer": null,
      "translates": [
        {
          "lang": "ru-RU",
          "name": "вилка",
          "nameA": null
        }
      ]
    },
    {
      "id": 67,
      "name": "cutting board",
      "transcription": "[]",
      "nameA": null,
      "image": "/img/dict/home/cutting_board.png",
      "bg": null,
      "nameAnswer": null,
      "translates": [
        {
          "lang": "ru-RU",
          "name": "разделочная доска",
          "nameA": null
        }
      ]
    },
    {
      "id": 68,
      "name": "gas",
      "transcription": "[gæs]",
      "nameA": null,
      "image": "/img/dict/home/gas.png",
      "bg": null,
      "nameAnswer": null,
      "translates": [
        {
          "lang": "ru-RU",
          "name": "газ",
          "nameA": null
        }
      ]
    },
    {
      "id": 69,
      "name": "washing machine",
      "transcription": "[ˈwɒʃɪŋ məˈʃiːn]",
      "nameA": null,
      "image": "/img/dict/home/washing_machine.png",
      "bg": null,
      "nameAnswer": null,
      "translates": [
        {
          "lang": "ru-RU",
          "name": "стиральная машина",
          "nameA": null
        }
      ]
    },
    {
      "id": 70,
      "name": "bowl",
      "transcription": "[bəʊl]",
      "nameA": null,
      "image": "/img/dict/home/bowl.png",
      "bg": null,
      "nameAnswer": null,
      "translates": [
        {
          "lang": "ru-RU",
          "name": "чаша",
          "nameA": null
        }
      ]
    },
    {
      "id": 71,
      "name": "decanter",
      "transcription": "[]",
      "nameA": null,
      "image": "/img/dict/home/decanter.png",
      "bg": null,
      "nameAnswer": null,
      "translates": [
        {
          "lang": "ru-RU",
          "name": "графин",
          "nameA": null
        }
      ]
    },
    {
      "id": 72,
      "name": "grater",
      "transcription": "[]",
      "nameA": null,
      "image": "/img/dict/home/grater.png",
      "bg": null,
      "nameAnswer": null,
      "translates": [
        {
          "lang": "ru-RU",
          "name": "терка",
          "nameA": null
        }
      ]
    },
    {
      "id": 73,
      "name": "scrubbing brush",
      "transcription": "[]",
      "nameA": null,
      "image": "/img/dict/home/scrubbing_brush.png",
      "bg": null,
      "nameAnswer": null,
      "translates": [
        {
          "lang": "ru-RU",
          "name": "чистящая щетка",
          "nameA": null
        }
      ]
    },
    {
      "id": 74,
      "name": "spoon",
      "transcription": "[spuːn]",
      "nameA": null,
      "image": "/img/dict/home/spoon.png",
      "bg": null,
      "nameAnswer": null,
      "translates": [
        {
          "lang": "ru-RU",
          "name": "ложка",
          "nameA": null
        }
      ]
    },
    {
      "id": 75,
      "name": "dish",
      "transcription": "[dɪʃ]",
      "nameA": null,
      "image": "/img/dict/home/dish.png",
      "bg": null,
      "nameAnswer": null,
      "translates": [
        {
          "lang": "ru-RU",
          "name": "блюдо",
          "nameA": null
        }
      ]
    },
    {
      "id": 76,
      "name": "grill",
      "transcription": "[grɪl]",
      "nameA": null,
      "image": "/img/dict/home/grill.png",
      "bg": null,
      "nameAnswer": null,
      "translates": [
        {
          "lang": "ru-RU",
          "name": "гриль",
          "nameA": null
        }
      ]
    },
    {
      "id": 77,
      "name": "cup and saucer",
      "transcription": "[]",
      "nameA": null,
      "image": "/img/dict/home/cup_and_saucer.png",
      "bg": null,
      "nameAnswer": null,
      "translates": [
        {
          "lang": "ru-RU",
          "name": "чашка и блюдце",
          "nameA": null
        }
      ]
    },
    {
      "id": 78,
      "name": "tap",
      "transcription": "[tæp]",
      "nameA": null,
      "image": "/img/dict/home/tap.png",
      "bg": null,
      "nameAnswer": null,
      "translates": [
        {
          "lang": "ru-RU",
          "name": "кран",
          "nameA": null
        }
      ]
    },
    {
      "id": 79,
      "name": "dishwasher",
      "transcription": "[ˈdɪʃwɒʃə]",
      "nameA": null,
      "image": "/img/dict/home/dishwasher.png",
      "bg": null,
      "nameAnswer": null,
      "translates": [
        {
          "lang": "ru-RU",
          "name": "посудомоечная машина",
          "nameA": null
        }
      ]
    },
    {
      "id": 80,
      "name": "jug",
      "transcription": "[ʤʌg]",
      "nameA": null,
      "image": "/img/dict/home/jug.png",
      "bg": null,
      "nameAnswer": null,
      "translates": [
        {
          "lang": "ru-RU",
          "name": "кувшин",
          "nameA": null
        }
      ]
    },
    {
      "id": 81,
      "name": "coffee machine",
      "transcription": "[ˈkɒfɪ məˈʃiːn]",
      "nameA": null,
      "image": "/img/dict/home/coffee_machine.png",
      "bg": null,
      "nameAnswer": null,
      "translates": [
        {
          "lang": "ru-RU",
          "name": "кофе-машина",
          "nameA": null
        }
      ]
    },
    {
      "id": 82,
      "name": "kettle",
      "transcription": "[ketl]",
      "nameA": null,
      "image": "/img/dict/home/kettle.png",
      "bg": null,
      "nameAnswer": null,
      "translates": [
        {
          "lang": "ru-RU",
          "name": "чайник",
          "nameA": null
        }
      ]
    },
    {
      "id": 83,
      "name": "draining board",
      "transcription": "[]",
      "nameA": null,
      "image": "/img/dict/home/draining_board.png",
      "bg": null,
      "nameAnswer": null,
      "translates": [
        {
          "lang": "ru-RU",
          "name": "сушилка для посуды",
          "nameA": null
        }
      ]
    },
    {
      "id": 84,
      "name": "juicer",
      "transcription": "[]",
      "nameA": null,
      "image": "/img/dict/home/juicer.png",
      "bg": null,
      "nameAnswer": null,
      "translates": [
        {
          "lang": "ru-RU",
          "name": "соковыжималка",
          "nameA": null
        }
      ]
    },
    {
      "id": 85,
      "name": "carving knife",
      "transcription": "[ˈkɑːvɪŋ naɪf]",
      "nameA": null,
      "image": "/img/dict/home/carving_knife.png",
      "bg": null,
      "nameAnswer": null,
      "translates": [
        {
          "lang": "ru-RU",
          "name": "разделочный нож",
          "nameA": null
        }
      ]
    },
    {
      "id": 86,
      "name": "dripping pan",
      "transcription": "[]",
      "nameA": null,
      "image": "/img/dict/home/dripping_pan.png",
      "bg": null,
      "nameAnswer": null,
      "translates": [
        {
          "lang": "ru-RU",
          "name": "противень",
          "nameA": null
        }
      ]
    },
    {
      "id": 87,
      "name": "wok",
      "transcription": "[wɒk]",
      "nameA": null,
      "image": "/img/dict/home/wok.png",
      "bg": null,
      "nameAnswer": null,
      "translates": [
        {
          "lang": "ru-RU",
          "name": "вок",
          "nameA": null
        }
      ]
    },
    {
      "id": 88,
      "name": "kitchen roll",
      "transcription": "[]",
      "nameA": null,
      "image": "/img/dict/home/kitchen_roll.png",
      "bg": null,
      "nameAnswer": null,
      "translates": [
        {
          "lang": "ru-RU",
          "name": "бумажные полотенца",
          "nameA": null
        }
      ]
    },
    {
      "id": 89,
      "name": "cooker",
      "transcription": "[ˈkʊkə]",
      "nameA": null,
      "image": "/img/dict/home/cooker.png",
      "bg": null,
      "nameAnswer": null,
      "translates": [
        {
          "lang": "ru-RU",
          "name": "кухонная плита",
          "nameA": null
        }
      ]
    },
    {
      "id": 90,
      "name": "egg slicer",
      "transcription": "[]",
      "nameA": null,
      "image": "/img/dict/home/egg_slicer.png",
      "bg": null,
      "nameAnswer": null,
      "translates": [
        {
          "lang": "ru-RU",
          "name": "яйцерезка",
          "nameA": null
        }
      ]
    },
    {
      "id": 91,
      "name": "cooking pot",
      "transcription": "[ˈkʊkɪŋ pɒt]",
      "nameA": null,
      "image": "/img/dict/home/cooking_pot.png",
      "bg": null,
      "nameAnswer": null,
      "translates": [
        {
          "lang": "ru-RU",
          "name": "кухонный котел",
          "nameA": null
        }
      ]
    },
    {
      "id": 92,
      "name": "toaster",
      "transcription": "[ˈtəʊstə]",
      "nameA": null,
      "image": "/img/dict/home/toaster.png",
      "bg": null,
      "nameAnswer": null,
      "translates": [
        {
          "lang": "ru-RU",
          "name": "тостер",
          "nameA": null
        }
      ]
    },
    {
      "id": 93,
      "name": "corkscrew",
      "transcription": "[]",
      "nameA": null,
      "image": "/img/dict/home/corkscrew.png",
      "bg": null,
      "nameAnswer": null,
      "translates": [
        {
          "lang": "ru-RU",
          "name": "штопор",
          "nameA": null
        }
      ]
    }
  ]
}