{"name":"home_chores.json","isRandom":true,"isBlur":true,"isUpper":true,"isByWords":false,"isForAdult":false,"separator":"","numWords":19,"tags":["home","chore"],"Translations":[],"items":[{"id":0,"name":"Change the sheets","transcription":"[ʧeɪnʤ ðə ʃiːts]","image":"/img/dict/home/change_the_sheets.png","translates":[{"lang":"ru-Ru","name":"менять постельное белье"},{"lang":"vi-VN","name":"thay ga giường"},{"lang":"zh-CN","name":"换床单"},{"lang":"hi-IN","name":"चादर बदलना"},{"lang":"th-TH","name":"เปลี่ยนผ้าปูที่นอน"},{"lang":"tr-TR","name":"çarşafları değiştirmek"},{"lang":"pt-BR","name":"trocar os lençóis"},{"lang":"de-DE","name":"Bettwäsche wechseln"},{"lang":"id-ID","name":"ganti sprei"},{"lang":"fr-FR","name":"changer les draps"}]},{"id":1,"name":"dry","transcription":"[draɪ]","image":"/img/dict/home/dry.png","translates":[{"lang":"ru-Ru","name":"сушить"},{"lang":"vi-VN","name":"phơi khô"},{"lang":"zh-CN","name":"晾干"},{"lang":"hi-IN","name":"सुखाना"},{"lang":"th-TH","name":"ตากให้แห้ง"},{"lang":"tr-TR","name":"kurutmak"},{"lang":"pt-BR","name":"secar"},{"lang":"de-DE","name":"trocknen"},{"lang":"id-ID","name":"mengeringkan"},{"lang":"fr-FR","name":"sécher"}]},{"id":2,"name":"Make dinner","transcription":"[meɪk ˈdɪnər]","image":"/img/dict/home/make_dinner.png","translates":[{"lang":"ru-Ru","name":"готовить ужин"},{"lang":"vi-VN","name":"nấu bữa tối"},{"lang":"zh-CN","name":"做晚饭"},{"lang":"hi-IN","name":"रात का खाना बनाना"},{"lang":"th-TH","name":"ทำอาหารเย็น"},{"lang":"tr-TR","name":"akşam yemeği yapmak"},{"lang":"pt-BR","name":"fazer o jantar"},{"lang":"de-DE","name":"Abendessen zubereiten"},{"lang":"id-ID","name":"membuat makan malam"},{"lang":"fr-FR","name":"préparer le dîner"}]},{"id":3,"name":"hang","transcription":"[hæŋ]","image":"/img/dict/home/hang.png","translates":[{"lang":"ru-Ru","name":"вешать"},{"lang":"vi-VN","name":"treo"},{"lang":"zh-CN","name":"挂"},{"lang":"hi-IN","name":"लटकाना"},{"lang":"th-TH","name":"แขวน"},{"lang":"tr-TR","name":"asmak"},{"lang":"pt-BR","name":"pendurar"},{"lang":"de-DE","name":"aufhängen"},{"lang":"id-ID","name":"menggantung"},{"lang":"fr-FR","name":"suspendre"}]},{"id":4,"name":"tighten","transcription":"[ˈtaɪtn]","image":"/img/dict/home/tighten.png","translates":[{"lang":"ru-Ru","name":"затягивать"},{"lang":"vi-VN","name":"siết chặt"},{"lang":"zh-CN","name":"拧紧"},{"lang":"hi-IN","name":"कसना"},{"lang":"th-TH","name":"ขันให้แน่น"},{"lang":"tr-TR","name":"sıkılaştırmak"},{"lang":"pt-BR","name":"apertar"},{"lang":"de-DE","name":"festziehen"},{"lang":"id-ID","name":"mengencangkan"},{"lang":"fr-FR","name":"serrer"}]},{"id":5,"name":"nail","transcription":"[neɪl]","image":"/img/dict/home/nail.png","translates":[{"lang":"ru-Ru","name":"прибивать"},{"lang":"vi-VN","name":"đóng đinh"},{"lang":"zh-CN","name":"钉"},{"lang":"hi-IN","name":"कील ठोकना"},{"lang":"th-TH","name":"ตอกตะปู"},{"lang":"tr-TR","name":"çivilemek"},{"lang":"pt-BR","name":"pregar"},{"lang":"de-DE","name":"nageln"},{"lang":"id-ID","name":"memaku"},{"lang":"fr-FR","name":"clouer"}]},{"id":6,"name":"repair","transcription":"[rɪˈpɛər]","image":"/img/dict/home/repair.png","translates":[{"lang":"ru-Ru","name":"чинить"},{"lang":"vi-VN","name":"sửa chữa"},{"lang":"zh-CN","name":"修理"},{"lang":"hi-IN","name":"मरम्मत करना"},{"lang":"th-TH","name":"ซ่อมแซม"},{"lang":"tr-TR","name":"tamir etmek"},{"lang":"pt-BR","name":"reparar"},{"lang":"de-DE","name":"reparieren"},{"lang":"id-ID","name":"memperbaiki"},{"lang":"fr-FR","name":"réparer"}]},{"id":7,"name":"fold","transcription":"[foʊld]","image":"/img/dict/home/fold.png","translates":[{"lang":"ru-Ru","name":"складывать (одежду)"},{"lang":"vi-VN","name":"gấp (quần áo)"},{"lang":"zh-CN","name":"折叠（衣服）"},{"lang":"hi-IN","name":"तह करना (कपड़े)"},{"lang":"th-TH","name":"พับ (เสื้อผ้า)"},{"lang":"tr-TR","name":"katlamak (giysi)"},{"lang":"pt-BR","name":"dobrar (roupas)"},{"lang":"de-DE","name":"falten (Kleidung)"},{"lang":"id-ID","name":"melipat (pakaian)"},{"lang":"fr-FR","name":"plier (vêtements)"}]},{"id":8,"name":"mop the floor","transcription":"[mɑp ðə flɔːr]","image":"/img/dict/home/mop_the_floor.png","translates":[{"lang":"ru-Ru","name":"мыть пол"},{"lang":"vi-VN","name":"lau sàn"},{"lang":"zh-CN","name":"拖地"},{"lang":"hi-IN","name":"फर्श पोंछना"},{"lang":"th-TH","name":"ถูพื้น"},{"lang":"tr-TR","name":"yerleri paspaslamak"},{"lang":"pt-BR","name":"esfregar o chão"},{"lang":"de-DE","name":"den Boden wischen"},{"lang":"id-ID","name":"mengepel lantai"},{"lang":"fr-FR","name":"laver le sol"}]},{"id":9,"name":"drill","transcription":"[drɪl]","image":"/img/dict/home/drill.png","translates":[{"lang":"ru-Ru","name":"сверлить"},{"lang":"vi-VN","name":"khoan"},{"lang":"zh-CN","name":"钻孔"},{"lang":"hi-IN","name":"ड्रिल करना"},{"lang":"th-TH","name":"เจาะ"},{"lang":"tr-TR","name":"delmek"},{"lang":"pt-BR","name":"perfurar"},{"lang":"de-DE","name":"bohren"},{"lang":"id-ID","name":"mengebor"},{"lang":"fr-FR","name":"percer"}]},{"id":10,"name":"Wipe off","transcription":"[waɪp ɒf]","image":"/img/dict/home/wipe_off.png","translates":[{"lang":"ru-Ru","name":"протирать"},{"lang":"vi-VN","name":"lau chùi"},{"lang":"zh-CN","name":"擦掉"},{"lang":"hi-IN","name":"पोंछना"},{"lang":"th-TH","name":"เช็ดออก"},{"lang":"tr-TR","name":"silip temizlemek"},{"lang":"pt-BR","name":"limpar"},{"lang":"de-DE","name":"abwischen"},{"lang":"id-ID","name":"membersihkan"},{"lang":"fr-FR","name":"essuyer"}]},{"id":11,"name":"Do the Vacuuming","transcription":"[duː ðə ˈvækjuːmɪŋ]","image":"/img/dict/home/do_the_vacuuming.png","translates":[{"lang":"ru-Ru","name":"пылесосить"},{"lang":"vi-VN","name":"hút bụi"},{"lang":"zh-CN","name":"用吸尘器打扫"},{"lang":"hi-IN","name":"वैक्यूम करना"},{"lang":"th-TH","name":"ดูดฝุ่น"},{"lang":"tr-TR","name":"elektrik süpürgesiyle temizlemek"},{"lang":"pt-BR","name":"passar o aspirador"},{"lang":"de-DE","name":"staubsaugen"},{"lang":"id-ID","name":"menyapu dengan vacuum"},{"lang":"fr-FR","name":"passer l\u0027aspirateur"}]},{"id":12,"name":"Do the Washing","transcription":"[duː ðə ˈwɒʃɪŋ]","image":"/img/dict/home/do_the_washing.png","translates":[{"lang":"ru-Ru","name":"стирать"},{"lang":"vi-VN","name":"giặt giũ"},{"lang":"zh-CN","name":"洗衣服"},{"lang":"hi-IN","name":"कपड़े धोना"},{"lang":"th-TH","name":"ซักผ้า"},{"lang":"tr-TR","name":"çamaşır yıkamak"},{"lang":"pt-BR","name":"lavar roupa"},{"lang":"de-DE","name":"Wäsche waschen"},{"lang":"id-ID","name":"mencuci pakaian"},{"lang":"fr-FR","name":"faire la lessive"}]},{"id":13,"name":"tidy your room","transcription":"[ˈtaɪdi jʊər ruːm]","image":"/img/dict/home/tidy_your_room.png","translates":[{"lang":"ru-Ru","name":"прибирать в комнате"},{"lang":"vi-VN","name":"dọn dẹp phòng"},{"lang":"zh-CN","name":"整理房间"},{"lang":"hi-IN","name":"कमरा साफ करना"},{"lang":"th-TH","name":"จัดห้องให้เรียบร้อย"},{"lang":"tr-TR","name":"odanı toplamak"},{"lang":"pt-BR","name":"arrumar o quarto"},{"lang":"de-DE","name":"Zimmer aufräumen"},{"lang":"id-ID","name":"merapikan kamar"},{"lang":"fr-FR","name":"ranger sa chambre"}]},{"id":14,"name":"Make the bed","transcription":"[meɪk ðə bed]","image":"/img/dict/home/make_the_bed.png","translates":[{"lang":"ru-Ru","name":"заправлять кровать"},{"lang":"vi-VN","name":"dọn giường"},{"lang":"zh-CN","name":"整理床铺"},{"lang":"hi-IN","name":"बिस्तर बनाना"},{"lang":"th-TH","name":"จัดเตียง"},{"lang":"tr-TR","name":"yatak yapmak"},{"lang":"pt-BR","name":"arrumar a cama"},{"lang":"de-DE","name":"Bett machen"},{"lang":"id-ID","name":"merapikan tempat tidur"},{"lang":"fr-FR","name":"faire le lit"}]},{"id":15,"name":"Clean the house","transcription":"[kliːn ðə haʊs]","image":"/img/dict/home/clean_the_house.png","translates":[{"lang":"ru-Ru","name":"убираться в доме"},{"lang":"vi-VN","name":"dọn dẹp nhà cửa"},{"lang":"zh-CN","name":"打扫房子"},{"lang":"hi-IN","name":"घर की सफाई करना"},{"lang":"th-TH","name":"ทำความสะอาดบ้าน"},{"lang":"tr-TR","name":"evi temizlemek"},{"lang":"pt-BR","name":"limpar a casa"},{"lang":"de-DE","name":"Haus putzen"},{"lang":"id-ID","name":"membersihkan rumah"},{"lang":"fr-FR","name":"nettoyer la maison"}]},{"id":16,"name":"Do the Ironing","transcription":"[duː ðə ˈaɪənɪŋ]","image":"/img/dict/home/do_the_ironing.png","translates":[{"lang":"ru-Ru","name":"гладить (бельё)"},{"lang":"vi-VN","name":"ủi quần áo"},{"lang":"zh-CN","name":"熨烫（衣服）"},{"lang":"hi-IN","name":"इस्त्री करना (कपड़े)"},{"lang":"th-TH","name":"รีดผ้า"},{"lang":"tr-TR","name":"ütü yapmak"},{"lang":"pt-BR","name":"passar roupa"},{"lang":"de-DE","name":"bügeln"},{"lang":"id-ID","name":"menyetrika"},{"lang":"fr-FR","name":"repasser (le linge)"}]},{"id":17,"name":"Take the rubbish out","transcription":"[teɪk ðə ˈrʌbɪʃ aʊt]","image":"/img/dict/home/take_the_rubbish_out.png","translates":[{"lang":"ru-Ru","name":"выносить мусор"},{"lang":"vi-VN","name":"đổ rác"},{"lang":"zh-CN","name":"倒垃圾"},{"lang":"hi-IN","name":"कचरा बाहर निकालना"},{"lang":"th-TH","name":"ทิ้งขยะ"},{"lang":"tr-TR","name":"çöpü çıkarmak"},{"lang":"pt-BR","name":"tirar o lixo"},{"lang":"de-DE","name":"Müll rausbringen"},{"lang":"id-ID","name":"membuang sampah"},{"lang":"fr-FR","name":"sortir les poubelles"}]},{"id":18,"name":"scrub","transcription":"[skrʌb]","image":"/img/dict/home/scrub.png","translates":[{"lang":"ru-Ru","name":"тереть"},{"lang":"vi-VN","name":"chà mạnh"},{"lang":"zh-CN","name":"擦洗"},{"lang":"hi-IN","name":"रगड़कर साफ करना"},{"lang":"th-TH","name":"ขัด"},{"lang":"tr-TR","name":"ovalamak"},{"lang":"pt-BR","name":"esfregar"},{"lang":"de-DE","name":"schrubben"},{"lang":"id-ID","name":"menggosok"},{"lang":"fr-FR","name":"frotter"}]}]}