{"name":"Counting to 20","minQuiz":10,"isRandom":false,"isBlur":true,"isUpper":true,"isByWords":false,"isForAdult":false,"separator":", ","numWords":10,"Translations":[{"lang":"ru-RU","name":"Числа до двадцати"},{"lang":"vi-VN","name":"Đếm đến 20"},{"lang":"zh-CN","name":"数到20"},{"lang":"hi-IN","name":"20 तक गिनती"},{"lang":"th-TH","name":"นับถึง 20"},{"lang":"tr-TR","name":"20\u0027ye Kadar Sayma"},{"lang":"pt-BR","name":"Contando até 20"},{"lang":"de-DE","name":"Bis 20 zählen"},{"lang":"id-ID","name":"Berhitung sampai 20"},{"lang":"fr-FR","name":"Compter jusqu\u0027à 20"}],"items":[{"id":0,"name":"Count from 0 to 8","image":"/img/dict/math/ruler20.png","bg":"white","nameAnswer":"012345678","translates":[{"lang":"ru-RU","name":"Посчитай от 0 до 8"},{"lang":"vi-VN","name":"Đếm từ 0 đến 8"},{"lang":"zh-CN","name":"从0数到8"},{"lang":"hi-IN","name":"0 से 8 तक गिनें"},{"lang":"th-TH","name":"นับจาก 0 ถึง 8"},{"lang":"tr-TR","name":"0\u0027dan 8\u0027e kadar say"},{"lang":"pt-BR","name":"Conte de 0 a 8"},{"lang":"de-DE","name":"Zähle von 0 bis 8"},{"lang":"id-ID","name":"Hitung dari 0 sampai 8"},{"lang":"fr-FR","name":"Compte de 0 à 8"}]},{"id":0,"name":"Count from 8 to 0","image":"/img/dict/math/ruler20.png","bg":"white","nameAnswer":"876543210","translates":[{"lang":"ru-RU","name":"Посчитай от 8 до 0"},{"lang":"vi-VN","name":"Đếm từ 8 đến 0"},{"lang":"zh-CN","name":"从8数到0"},{"lang":"hi-IN","name":"8 से 0 तक गिनें"},{"lang":"th-TH","name":"นับจาก 8 ถึง 0"},{"lang":"tr-TR","name":"8\u0027den 0\u0027a kadar say"},{"lang":"pt-BR","name":"Conte de 8 a 0"},{"lang":"de-DE","name":"Zähle von 8 bis 0"},{"lang":"id-ID","name":"Hitung dari 8 sampai 0"},{"lang":"fr-FR","name":"Compte de 8 à 0"}]},{"id":0,"name":"Count from 9 to 11","image":"/img/dict/math/ruler20.png","bg":"white","nameAnswer":"9[10][11]","translates":[{"lang":"ru-RU","name":"Посчитай от 9 до 11"},{"lang":"vi-VN","name":"Đếm từ 9 đến 11"},{"lang":"zh-CN","name":"从9数到11"},{"lang":"hi-IN","name":"9 से 11 तक गिनें"},{"lang":"th-TH","name":"นับจาก 9 ถึง 11"},{"lang":"tr-TR","name":"9\u0027dan 11\u0027e kadar say"},{"lang":"pt-BR","name":"Conte de 9 a 11"},{"lang":"de-DE","name":"Zähle von 9 bis 11"},{"lang":"id-ID","name":"Hitung dari 9 sampai 11"},{"lang":"fr-FR","name":"Compte de 9 à 11"}]},{"id":0,"name":"Count from 11 to 9","image":"/img/dict/math/ruler20.png","bg":"white","nameAnswer":"[11][10]9","translates":[{"lang":"ru-RU","name":"Посчитай от 11 до 9"},{"lang":"vi-VN","name":"Đếm từ 11 đến 9"},{"lang":"zh-CN","name":"从11数到9"},{"lang":"hi-IN","name":"11 से 9 तक गिनें"},{"lang":"th-TH","name":"นับจาก 11 ถึง 9"},{"lang":"tr-TR","name":"11\u0027den 9\u0027a kadar say"},{"lang":"pt-BR","name":"Conte de 11 a 9"},{"lang":"de-DE","name":"Zähle von 11 bis 9"},{"lang":"id-ID","name":"Hitung dari 11 sampai 9"},{"lang":"fr-FR","name":"Compte de 11 à 9"}]},{"id":0,"name":"Count from 7 to 13","image":"/img/dict/math/ruler20.png","bg":"white","nameAnswer":"789[10][11][12][13]","translates":[{"lang":"ru-RU","name":"Посчитай от 7 до 13"},{"lang":"vi-VN","name":"Đếm từ 7 đến 13"},{"lang":"zh-CN","name":"从7数到13"},{"lang":"hi-IN","name":"7 से 13 तक गिनें"},{"lang":"th-TH","name":"นับจาก 7 ถึง 13"},{"lang":"tr-TR","name":"7\u0027den 13\u0027e kadar say"},{"lang":"pt-BR","name":"Conte de 7 a 13"},{"lang":"de-DE","name":"Zähle von 7 bis 13"},{"lang":"id-ID","name":"Hitung dari 7 sampai 13"},{"lang":"fr-FR","name":"Compte de 7 à 13"}]},{"id":0,"name":"Count from 13 to 7","image":"/img/dict/math/ruler20.png","bg":"white","nameAnswer":"[13][12][11][10]987","translates":[{"lang":"ru-RU","name":"Посчитай от 13 до 7"},{"lang":"vi-VN","name":"Đếm từ 13 đến 7"},{"lang":"zh-CN","name":"从13数到7"},{"lang":"hi-IN","name":"13 से 7 तक गिनें"},{"lang":"th-TH","name":"นับจาก 13 ถึง 7"},{"lang":"tr-TR","name":"13\u0027ten 7\u0027ye kadar say"},{"lang":"pt-BR","name":"Conte de 13 a 7"},{"lang":"de-DE","name":"Zähle von 13 bis 7"},{"lang":"id-ID","name":"Hitung dari 13 sampai 7"},{"lang":"fr-FR","name":"Compte de 13 à 7"}]},{"id":0,"name":"Count from 9 to 20","image":"/img/dict/math/ruler20.png","bg":"white","nameAnswer":"9[10][11][12][13][14][15][16][17][18][19][20]","translates":[{"lang":"ru-RU","name":"Посчитай от 9 до 20"},{"lang":"vi-VN","name":"Đếm từ 9 đến 20"},{"lang":"zh-CN","name":"从9数到20"},{"lang":"hi-IN","name":"9 से 20 तक गिनें"},{"lang":"th-TH","name":"นับจาก 9 ถึง 20"},{"lang":"tr-TR","name":"9\u0027dan 20\u0027ye kadar say"},{"lang":"pt-BR","name":"Conte de 9 a 20"},{"lang":"de-DE","name":"Zähle von 9 bis 20"},{"lang":"id-ID","name":"Hitung dari 9 sampai 20"},{"lang":"fr-FR","name":"Compte de 9 à 20"}]},{"id":0,"name":"Count from 20 to 9","image":"/img/dict/math/ruler20.png","bg":"white","nameAnswer":"[20][19][18][17][16][15][14][13][12][11][10]9","translates":[{"lang":"ru-RU","name":"Посчитай от 20 до 9"},{"lang":"vi-VN","name":"Đếm từ 20 đến 9"},{"lang":"zh-CN","name":"从20数到9"},{"lang":"hi-IN","name":"20 से 9 तक गिनें"},{"lang":"th-TH","name":"นับจาก 20 ถึง 9"},{"lang":"tr-TR","name":"20\u0027den 9\u0027a kadar say"},{"lang":"pt-BR","name":"Conte de 20 a 9"},{"lang":"de-DE","name":"Zähle von 20 bis 9"},{"lang":"id-ID","name":"Hitung dari 20 sampai 9"},{"lang":"fr-FR","name":"Compte de 20 à 9"}]},{"id":0,"name":"Count from 0 to 20","image":"/img/dict/math/ruler20.png","bg":"white","nameAnswer":"0123456789[10][11][12][13][14][15][16][17][18][19][20]","translates":[{"lang":"ru-RU","name":"Посчитай от 0 до 20"},{"lang":"vi-VN","name":"Đếm từ 0 đến 20"},{"lang":"zh-CN","name":"从0数到20"},{"lang":"hi-IN","name":"0 से 20 तक गिनें"},{"lang":"th-TH","name":"นับจาก 0 ถึง 20"},{"lang":"tr-TR","name":"0\u0027dan 20\u0027ye kadar say"},{"lang":"pt-BR","name":"Conte de 0 a 20"},{"lang":"de-DE","name":"Zähle von 0 bis 20"},{"lang":"id-ID","name":"Hitung dari 0 sampai 20"},{"lang":"fr-FR","name":"Compte de 0 à 20"}]},{"id":0,"name":"Count from 20 to 0","image":"/img/dict/math/ruler20.png","bg":"white","nameAnswer":"[20][19][18][17][16][15][14][13][12][11][10]9876543210","translates":[{"lang":"ru-RU","name":"Посчитай от 20 до 0"},{"lang":"vi-VN","name":"Đếm từ 20 đến 0"},{"lang":"zh-CN","name":"从20数到0"},{"lang":"hi-IN","name":"20 से 0 तक गिनें"},{"lang":"th-TH","name":"นับจาก 20 ถึง 0"},{"lang":"tr-TR","name":"20\u0027den 0\u0027a kadar say"},{"lang":"pt-BR","name":"Conte de 20 a 0"},{"lang":"de-DE","name":"Zähle von 20 bis 0"},{"lang":"id-ID","name":"Hitung dari 20 sampai 0"},{"lang":"fr-FR","name":"Compte de 20 à 0"}]}]}