{
  "name": "Counting to 20",
  "nameA": null,
  "img": null,
  "minQuiz": 10,
  "isRandom": false,
  "isBlur": true,
  "isForAdult": false,
  "separator": ", ",
  "numWords": 10,
  "tags": null,
  "Translations": [
    {
      "lang": "ru-RU",
      "name": "Числа до десяти",
      "nameA": null
    }
  ],
  "items": [
    {
      "id": 0,
      "name": "Count from 0 to 8",
      "transcription": " ",
      "nameA": null,
      "image": "/img/dict/math/ruler20.png",
      "bg": "white",
      "nameAnswer": "012345678",
      "translates": [
        {
          "lang": "ru-RU",
          "name": "Посчитай от 0 до 8",
          "nameA": null
        }
      ]
    },
    {
      "id": 0,
      "name": "Count from 8 to 0",
      "transcription": " ",
      "nameA": null,
      "image": "/img/dict/math/ruler20.png",
      "bg": "white",
      "nameAnswer": "876543210",
      "translates": [
        {
          "lang": "ru-RU",
          "name": "Посчитай от 8 до 0",
          "nameA": null
        }
      ]
    },
    {
      "id": 0,
      "name": "Count from 9 to 11",
      "transcription": " ",
      "nameA": null,
      "image": "/img/dict/math/ruler20.png",
      "bg": "white",
      "nameAnswer": "9[10][11]",
      "translates": [
        {
          "lang": "ru-RU",
          "name": "Посчитай от 9 до 11",
          "nameA": null
        }
      ]
    },
    {
      "id": 0,
      "name": "Count from 11 to 9",
      "transcription": " ",
      "nameA": null,
      "image": "/img/dict/math/ruler20.png",
      "bg": "white",
      "nameAnswer": "[11][10]9",
      "translates": [
        {
          "lang": "ru-RU",
          "name": "Посчитай от 11 до 9",
          "nameA": null
        }
      ]
    },
    {
      "id": 0,
      "name": "Count from 7 to 13",
      "transcription": " ",
      "nameA": null,
      "image": "/img/dict/math/ruler20.png",
      "bg": "white",
      "nameAnswer": "789[10][11][12][13]",
      "translates": [
        {
          "lang": "ru-RU",
          "name": "Посчитай от 7 до 13",
          "nameA": null
        }
      ]
    },
    {
      "id": 0,
      "name": "Count from 13 to 7",
      "transcription": " ",
      "nameA": null,
      "image": "/img/dict/math/ruler20.png",
      "bg": "white",
      "nameAnswer": "[13][12][11][10]987",
      "translates": [
        {
          "lang": "ru-RU",
          "name": "Посчитай от 13 до 7",
          "nameA": null
        }
      ]
    },
    {
      "id": 0,
      "name": "Count from 9 to 20",
      "transcription": " ",
      "nameA": null,
      "image": "/img/dict/math/ruler20.png",
      "bg": "white",
      "nameAnswer": "9[10][11][12][13][14][15][16][17][18][19][20]",
      "translates": [
        {
          "lang": "ru-RU",
          "name": "Посчитай от 9 до 20",
          "nameA": null
        }
      ]
    },
    {
      "id": 0,
      "name": "Count from 20 to 9",
      "transcription": " ",
      "nameA": null,
      "image": "/img/dict/math/ruler20.png",
      "bg": "white",
      "nameAnswer": "[20][19][18][17][16][15][14][13][12][11][10]9",
      "translates": [
        {
          "lang": "ru-RU",
          "name": "Посчитай от 20 до 9",
          "nameA": null
        }
      ]
    },
    {
      "id": 0,
      "name": "Count from 0 to 20",
      "transcription": " ",
      "nameA": null,
      "image": "/img/dict/math/ruler20.png",
      "bg": "white",
      "nameAnswer": "0123456789[10][11][12][13][14][15][16][17][18][19][20]",
      "translates": [
        {
          "lang": "ru-RU",
          "name": "Посчитай от 0 до 20",
          "nameA": null
        }
      ]
    },
    {
      "id": 0,
      "name": "Count from 20 to 0",
      "transcription": " ",
      "nameA": null,
      "image": "/img/dict/math/ruler20.png",
      "bg": "white",
      "nameAnswer": "[20][19][18][17][16][15][14][13][12][11][10]9876543210",
      "translates": [
        {
          "lang": "ru-RU",
          "name": "Посчитай от 20 до 0",
          "nameA": null
        }
      ]
    }
  ]
}