{"name":"Big numbers","isRandom":true,"isBlur":true,"isUpper":true,"isByWords":false,"isForAdult":false,"separator":"","numWords":13,"Translations":[{"lang":"ru-RU","name":"Большие числа"},{"lang":"vi-VN","name":"Số lớn"},{"lang":"zh-CN","name":"大数字"},{"lang":"hi-IN","name":"बड़ी संख्याएँ"},{"lang":"th-TH","name":"ตัวเลขจำนวนมาก"},{"lang":"tr-TR","name":"Büyük Sayılar"},{"lang":"pt-BR","name":"Números grandes"},{"lang":"de-DE","name":"Große Zahlen"},{"lang":"id-ID","name":"Angka besar"},{"lang":"fr-FR","name":"Grands nombres"}],"items":[{"id":0,"name":"Ten","transcription":"[ten]","image":"/img/dict/numbers/10.png","translates":[{"lang":"ru-RU","name":"Десять"},{"lang":"vi-VN","name":"Mười"},{"lang":"zh-CN","name":"十"},{"lang":"hi-IN","name":"दस"},{"lang":"th-TH","name":"สิบ"},{"lang":"tr-TR","name":"On"},{"lang":"pt-BR","name":"Dez"},{"lang":"de-DE","name":"Zehn"},{"lang":"id-ID","name":"Sepuluh"},{"lang":"fr-FR","name":"Dix"}]},{"id":0,"name":"Twenty","transcription":"[ˈtwentɪ]","image":"/img/dict/numbers/20.png","translates":[{"lang":"ru-RU","name":"Двадцать"},{"lang":"vi-VN","name":"Hai mươi"},{"lang":"zh-CN","name":"二十"},{"lang":"hi-IN","name":"बीस"},{"lang":"th-TH","name":"ยี่สิบ"},{"lang":"tr-TR","name":"Yirmi"},{"lang":"pt-BR","name":"Vinte"},{"lang":"de-DE","name":"Zwanzig"},{"lang":"id-ID","name":"Dua puluh"},{"lang":"fr-FR","name":"Vingt"}]},{"id":0,"name":"Thirty","transcription":"[ˈθɜːrtɪ]","image":"/img/dict/numbers/30.png","translates":[{"lang":"ru-RU","name":"Тридцать"},{"lang":"vi-VN","name":"Ba mươi"},{"lang":"zh-CN","name":"三十"},{"lang":"hi-IN","name":"तीस"},{"lang":"th-TH","name":"สามสิบ"},{"lang":"tr-TR","name":"Otuz"},{"lang":"pt-BR","name":"Trinta"},{"lang":"de-DE","name":"Dreißig"},{"lang":"id-ID","name":"Tiga puluh"},{"lang":"fr-FR","name":"Trente"}]},{"id":0,"name":"Forty","transcription":"[ˈfɔːrtɪ]","image":"/img/dict/numbers/40.png","translates":[{"lang":"ru-RU","name":"Сорок"},{"lang":"vi-VN","name":"Bốn mươi"},{"lang":"zh-CN","name":"四十"},{"lang":"hi-IN","name":"चालीस"},{"lang":"th-TH","name":"สี่สิบ"},{"lang":"tr-TR","name":"Kırk"},{"lang":"pt-BR","name":"Quarenta"},{"lang":"de-DE","name":"Vierzig"},{"lang":"id-ID","name":"Empat puluh"},{"lang":"fr-FR","name":"Quarante"}]},{"id":0,"name":"Fifty","transcription":"[ˈfɪftɪ]","image":"/img/dict/numbers/50.png","translates":[{"lang":"ru-RU","name":"Пятьдесят"},{"lang":"vi-VN","name":"Năm mươi"},{"lang":"zh-CN","name":"五十"},{"lang":"hi-IN","name":"पचास"},{"lang":"th-TH","name":"ห้าสิบ"},{"lang":"tr-TR","name":"Elli"},{"lang":"pt-BR","name":"Cinquenta"},{"lang":"de-DE","name":"Fünfzig"},{"lang":"id-ID","name":"Lima puluh"},{"lang":"fr-FR","name":"Cinquante"}]},{"id":0,"name":"Sixty","transcription":"[ˈsɪkstɪ]","image":"/img/dict/numbers/60.png","translates":[{"lang":"ru-RU","name":"Шестьдесят"},{"lang":"vi-VN","name":"Sáu mươi"},{"lang":"zh-CN","name":"六十"},{"lang":"hi-IN","name":"साठ"},{"lang":"th-TH","name":"หกสิบ"},{"lang":"tr-TR","name":"Altmış"},{"lang":"pt-BR","name":"Sessenta"},{"lang":"de-DE","name":"Sechzig"},{"lang":"id-ID","name":"Enam puluh"},{"lang":"fr-FR","name":"Soixante"}]},{"id":0,"name":"Seventy","transcription":"[ˈsevntɪ]","image":"/img/dict/numbers/70.png","translates":[{"lang":"ru-RU","name":"Семьдесят"},{"lang":"vi-VN","name":"Bảy mươi"},{"lang":"zh-CN","name":"七十"},{"lang":"hi-IN","name":"सत्तर"},{"lang":"th-TH","name":"เจ็ดสิบ"},{"lang":"tr-TR","name":"Yetmiş"},{"lang":"pt-BR","name":"Setenta"},{"lang":"de-DE","name":"Siebzig"},{"lang":"id-ID","name":"Tujuh puluh"},{"lang":"fr-FR","name":"Soixante-dix"}]},{"id":0,"name":"Eighty","transcription":"[ˈeɪtɪ]","image":"/img/dict/numbers/80.png","translates":[{"lang":"ru-RU","name":"Восемьдесят"},{"lang":"vi-VN","name":"Tám mươi"},{"lang":"zh-CN","name":"八十"},{"lang":"hi-IN","name":"अस्सी"},{"lang":"th-TH","name":"แปดสิบ"},{"lang":"tr-TR","name":"Seksen"},{"lang":"pt-BR","name":"Oitenta"},{"lang":"de-DE","name":"Achtzig"},{"lang":"id-ID","name":"Delapan puluh"},{"lang":"fr-FR","name":"Quatre-vingts"}]},{"id":0,"name":"Ninety","transcription":"[ˈnaɪntɪ]","image":"/img/dict/numbers/90.png","translates":[{"lang":"ru-RU","name":"Девяносто"},{"lang":"vi-VN","name":"Chín mươi"},{"lang":"zh-CN","name":"九十"},{"lang":"hi-IN","name":"नब्बे"},{"lang":"th-TH","name":"เก้าสิบ"},{"lang":"tr-TR","name":"Doksan"},{"lang":"pt-BR","name":"Noventa"},{"lang":"de-DE","name":"Neunzig"},{"lang":"id-ID","name":"Sembilan puluh"},{"lang":"fr-FR","name":"Quatre-vingt-dix"}]},{"id":0,"name":"One hundred","transcription":"[wʌn ˈhʌndrəd]","image":"/img/dict/numbers/100.png","translates":[{"lang":"ru-RU","name":"Сто"},{"lang":"vi-VN","name":"Một trăm"},{"lang":"zh-CN","name":"一百"},{"lang":"hi-IN","name":"एक सौ"},{"lang":"th-TH","name":"หนึ่งร้อย"},{"lang":"tr-TR","name":"Yüz"},{"lang":"pt-BR","name":"Cem"},{"lang":"de-DE","name":"Einhundert"},{"lang":"id-ID","name":"Seratus"},{"lang":"fr-FR","name":"Cent"}]},{"id":0,"name":"one thousand","transcription":"[wʌn ˈθaʊznd]","image":"/img/dict/numbers/1000.png","translates":[{"lang":"ru-RU","name":"Тысяча"},{"lang":"vi-VN","name":"Một nghìn"},{"lang":"zh-CN","name":"一千"},{"lang":"hi-IN","name":"एक हज़ार"},{"lang":"th-TH","name":"หนึ่งพัน"},{"lang":"tr-TR","name":"Bin"},{"lang":"pt-BR","name":"Mil"},{"lang":"de-DE","name":"Eintausend"},{"lang":"id-ID","name":"Seribu"},{"lang":"fr-FR","name":"Mille"}]},{"id":0,"name":"one hundred thousand","transcription":"[wʌn ˈhʌndrəd ˈθaʊznd]","image":"/img/dict/numbers/100000.png","translates":[{"lang":"ru-RU","name":"Сто тысяч"},{"lang":"vi-VN","name":"Một trăm nghìn"},{"lang":"zh-CN","name":"十万"},{"lang":"hi-IN","name":"एक लाख"},{"lang":"th-TH","name":"หนึ่งแสน"},{"lang":"tr-TR","name":"Yüz bin"},{"lang":"pt-BR","name":"Cem mil"},{"lang":"de-DE","name":"Einhunderttausend"},{"lang":"id-ID","name":"Seratus ribu"},{"lang":"fr-FR","name":"Cent mille"}]},{"id":0,"name":"one million","transcription":"[wʌn ˈmɪljən]","image":"/img/dict/numbers/1000000.png","translates":[{"lang":"ru-RU","name":"Миллион"},{"lang":"vi-VN","name":"Một triệu"},{"lang":"zh-CN","name":"一百万"},{"lang":"hi-IN","name":"दस लाख"},{"lang":"th-TH","name":"หนึ่งล้าน"},{"lang":"tr-TR","name":"Bir milyon"},{"lang":"pt-BR","name":"Um milhão"},{"lang":"de-DE","name":"Eine Million"},{"lang":"id-ID","name":"Satu juta"},{"lang":"fr-FR","name":"Un million"}]}]}