{
  "name": "Minus to 10",
  "nameA": null,
  "img": null,
  "minQuiz": null,
  "isRandom": true,
  "isBlur": true,
  "isForAdult": false,
  "separator": "",
  "numWords": 56,
  "tags": null,
  "Translations": [
    {
      "lang": "ru-RU",
      "name": "Математика",
      "nameA": null
    }
  ],
  "items": [
    {
      "id": 0,
      "name": "1-1",
      "transcription": null,
      "nameA": null,
      "image": null,
      "bg": null,
      "nameAnswer": "0",
      "translates": []
    },
    {
      "id": 9,
      "name": "2-1",
      "transcription": null,
      "nameA": null,
      "image": null,
      "bg": null,
      "nameAnswer": "1",
      "translates": []
    },
    {
      "id": 10,
      "name": "2-2",
      "transcription": null,
      "nameA": null,
      "image": null,
      "bg": null,
      "nameAnswer": "0",
      "translates": []
    },
    {
      "id": 17,
      "name": "3-1",
      "transcription": null,
      "nameA": null,
      "image": null,
      "bg": null,
      "nameAnswer": "2",
      "translates": []
    },
    {
      "id": 18,
      "name": "3-2",
      "transcription": null,
      "nameA": null,
      "image": null,
      "bg": null,
      "nameAnswer": "1",
      "translates": []
    },
    {
      "id": 19,
      "name": "3-3",
      "transcription": null,
      "nameA": null,
      "image": null,
      "bg": null,
      "nameAnswer": "0",
      "translates": []
    },
    {
      "id": 24,
      "name": "4-1",
      "transcription": null,
      "nameA": null,
      "image": null,
      "bg": null,
      "nameAnswer": "3",
      "translates": []
    },
    {
      "id": 25,
      "name": "4-2",
      "transcription": null,
      "nameA": null,
      "image": null,
      "bg": null,
      "nameAnswer": "2",
      "translates": []
    },
    {
      "id": 26,
      "name": "4-3",
      "transcription": null,
      "nameA": null,
      "image": null,
      "bg": null,
      "nameAnswer": "1",
      "translates": []
    },
    {
      "id": 27,
      "name": "4-4",
      "transcription": null,
      "nameA": null,
      "image": null,
      "bg": null,
      "nameAnswer": "0",
      "translates": []
    },
    {
      "id": 30,
      "name": "5-1",
      "transcription": null,
      "nameA": null,
      "image": null,
      "bg": null,
      "nameAnswer": "4",
      "translates": []
    },
    {
      "id": 31,
      "name": "5-2",
      "transcription": null,
      "nameA": null,
      "image": null,
      "bg": null,
      "nameAnswer": "3",
      "translates": []
    },
    {
      "id": 32,
      "name": "5-3",
      "transcription": null,
      "nameA": null,
      "image": null,
      "bg": null,
      "nameAnswer": "2",
      "translates": []
    },
    {
      "id": 33,
      "name": "5-4",
      "transcription": null,
      "nameA": null,
      "image": null,
      "bg": null,
      "nameAnswer": "1",
      "translates": []
    },
    {
      "id": 34,
      "name": "5-5",
      "transcription": null,
      "nameA": null,
      "image": null,
      "bg": null,
      "nameAnswer": "0",
      "translates": []
    },
    {
      "id": 35,
      "name": "6-1",
      "transcription": null,
      "nameA": null,
      "image": null,
      "bg": null,
      "nameAnswer": "5",
      "translates": []
    },
    {
      "id": 36,
      "name": "6-2",
      "transcription": null,
      "nameA": null,
      "image": null,
      "bg": null,
      "nameAnswer": "4",
      "translates": []
    },
    {
      "id": 37,
      "name": "6-3",
      "transcription": null,
      "nameA": null,
      "image": null,
      "bg": null,
      "nameAnswer": "3",
      "translates": []
    },
    {
      "id": 38,
      "name": "6-4",
      "transcription": null,
      "nameA": null,
      "image": null,
      "bg": null,
      "nameAnswer": "2",
      "translates": []
    },
    {
      "id": 381,
      "name": "6-5",
      "transcription": null,
      "nameA": null,
      "image": null,
      "bg": null,
      "nameAnswer": "1",
      "translates": []
    },
    {
      "id": 382,
      "name": "6-6",
      "transcription": null,
      "nameA": null,
      "image": null,
      "bg": null,
      "nameAnswer": "0",
      "translates": []
    },
    {
      "id": 39,
      "name": "7-1",
      "transcription": null,
      "nameA": null,
      "image": null,
      "bg": null,
      "nameAnswer": "6",
      "translates": []
    },
    {
      "id": 40,
      "name": "7-2",
      "transcription": null,
      "nameA": null,
      "image": null,
      "bg": null,
      "nameAnswer": "5",
      "translates": []
    },
    {
      "id": 41,
      "name": "7-3",
      "transcription": null,
      "nameA": null,
      "image": null,
      "bg": null,
      "nameAnswer": "4",
      "translates": []
    },
    {
      "id": 412,
      "name": "7-4",
      "transcription": null,
      "nameA": null,
      "image": null,
      "bg": null,
      "nameAnswer": "3",
      "translates": []
    },
    {
      "id": 413,
      "name": "7-5",
      "transcription": null,
      "nameA": null,
      "image": null,
      "bg": null,
      "nameAnswer": "2",
      "translates": []
    },
    {
      "id": 414,
      "name": "7-6",
      "transcription": null,
      "nameA": null,
      "image": null,
      "bg": null,
      "nameAnswer": "1",
      "translates": []
    },
    {
      "id": 415,
      "name": "7-7",
      "transcription": null,
      "nameA": null,
      "image": null,
      "bg": null,
      "nameAnswer": "0",
      "translates": []
    },
    {
      "id": 42,
      "name": "8-1",
      "transcription": null,
      "nameA": null,
      "image": null,
      "bg": null,
      "nameAnswer": "7",
      "translates": []
    },
    {
      "id": 43,
      "name": "8-2",
      "transcription": null,
      "nameA": null,
      "image": null,
      "bg": null,
      "nameAnswer": "6",
      "translates": []
    },
    {
      "id": 431,
      "name": "8-3",
      "transcription": null,
      "nameA": null,
      "image": null,
      "bg": null,
      "nameAnswer": "5",
      "translates": []
    },
    {
      "id": 432,
      "name": "8-4",
      "transcription": null,
      "nameA": null,
      "image": null,
      "bg": null,
      "nameAnswer": "4",
      "translates": []
    },
    {
      "id": 433,
      "name": "8-5",
      "transcription": null,
      "nameA": null,
      "image": null,
      "bg": null,
      "nameAnswer": "3",
      "translates": []
    },
    {
      "id": 434,
      "name": "8-6",
      "transcription": null,
      "nameA": null,
      "image": null,
      "bg": null,
      "nameAnswer": "2",
      "translates": []
    },
    {
      "id": 435,
      "name": "8-7",
      "transcription": null,
      "nameA": null,
      "image": null,
      "bg": null,
      "nameAnswer": "1",
      "translates": []
    },
    {
      "id": 436,
      "name": "8-8",
      "transcription": null,
      "nameA": null,
      "image": null,
      "bg": null,
      "nameAnswer": "0",
      "translates": []
    },
    {
      "id": 44,
      "name": "9-1",
      "transcription": null,
      "nameA": null,
      "image": null,
      "bg": null,
      "nameAnswer": "8",
      "translates": []
    },
    {
      "id": 441,
      "name": "9-2",
      "transcription": null,
      "nameA": null,
      "image": null,
      "bg": null,
      "nameAnswer": "7",
      "translates": []
    },
    {
      "id": 442,
      "name": "9-3",
      "transcription": null,
      "nameA": null,
      "image": null,
      "bg": null,
      "nameAnswer": "6",
      "translates": []
    },
    {
      "id": 443,
      "name": "9-4",
      "transcription": null,
      "nameA": null,
      "image": null,
      "bg": null,
      "nameAnswer": "5",
      "translates": []
    },
    {
      "id": 444,
      "name": "9-5",
      "transcription": null,
      "nameA": null,
      "image": null,
      "bg": null,
      "nameAnswer": "4",
      "translates": []
    },
    {
      "id": 445,
      "name": "9-6",
      "transcription": null,
      "nameA": null,
      "image": null,
      "bg": null,
      "nameAnswer": "3",
      "translates": []
    },
    {
      "id": 446,
      "name": "9-7",
      "transcription": null,
      "nameA": null,
      "image": null,
      "bg": null,
      "nameAnswer": "2",
      "translates": []
    },
    {
      "id": 447,
      "name": "9-8",
      "transcription": null,
      "nameA": null,
      "image": null,
      "bg": null,
      "nameAnswer": "1",
      "translates": []
    },
    {
      "id": 448,
      "name": "9-9",
      "transcription": null,
      "nameA": null,
      "image": null,
      "bg": null,
      "nameAnswer": "0",
      "translates": []
    },
    {
      "id": 44,
      "name": "0-0",
      "transcription": null,
      "nameA": null,
      "image": null,
      "bg": null,
      "nameAnswer": "0",
      "translates": []
    },
    {
      "id": 55,
      "name": "1-0",
      "transcription": null,
      "nameA": null,
      "image": null,
      "bg": null,
      "nameAnswer": "1",
      "translates": []
    },
    {
      "id": 56,
      "name": "2-0",
      "transcription": null,
      "nameA": null,
      "image": null,
      "bg": null,
      "nameAnswer": "2",
      "translates": []
    },
    {
      "id": 57,
      "name": "3-0",
      "transcription": null,
      "nameA": null,
      "image": null,
      "bg": null,
      "nameAnswer": "3",
      "translates": []
    },
    {
      "id": 58,
      "name": "4-0",
      "transcription": null,
      "nameA": null,
      "image": null,
      "bg": null,
      "nameAnswer": "4",
      "translates": []
    },
    {
      "id": 59,
      "name": "5-0",
      "transcription": null,
      "nameA": null,
      "image": null,
      "bg": null,
      "nameAnswer": "5",
      "translates": []
    },
    {
      "id": 60,
      "name": "6-0",
      "transcription": null,
      "nameA": null,
      "image": null,
      "bg": null,
      "nameAnswer": "6",
      "translates": []
    },
    {
      "id": 61,
      "name": "7-0",
      "transcription": null,
      "nameA": null,
      "image": null,
      "bg": null,
      "nameAnswer": "7",
      "translates": []
    },
    {
      "id": 62,
      "name": "8-0",
      "transcription": null,
      "nameA": null,
      "image": null,
      "bg": null,
      "nameAnswer": "8",
      "translates": []
    },
    {
      "id": 63,
      "name": "9-0",
      "transcription": null,
      "nameA": null,
      "image": null,
      "bg": null,
      "nameAnswer": "9",
      "translates": []
    },
    {
      "id": 64,
      "name": "10-0",
      "transcription": null,
      "nameA": null,
      "image": null,
      "bg": null,
      "nameAnswer": "10",
      "translates": []
    }
  ]
}