{
  "name": "Math",
  "nameA": null,
  "Translations": [
    {
      "lang": "ru-RU",
      "name": "Математика",
      "nameA": null
    }
  ],
  "items": [
    {
      "id": 0,
      "name": "1+1",
      "nameA": null,
      "nameAnswer": "2",
      "bg": "white",
      "translates": []
    },
    {
      "id": 1,
      "name": "1+2",
      "nameA": null,
      "nameAnswer": "3",
      "bg": "white",
      "translates": []
    }
    ,
    {
      "id": 2,
      "name": "1+3",
      "nameA": null,
      "nameAnswer": "4",
      "bg": "white",
      "translates": []
    }
    ,
    {
      "id": 3,
      "name": "1+4",
      "nameA": null,
      "nameAnswer": "5",
      "bg": "white",
      "translates": []
    }
    ,
    {
      "id": 4,
      "name": "1+5",
      "nameA": null,
      "nameAnswer": "6",
      "bg": "white",
      "translates": []
    }
    ,
    {
      "id": 5,
      "name": "1+6",
      "nameA": null,
      "nameAnswer": "7",
      "bg": "white",
      "translates": []
    }
    ,
    {
      "id": 6,
      "name": "1+7",
      "nameA": null,
      "nameAnswer": "8",
      "bg": "white",
      "translates": []
    }
    ,
    {
      "id": 7,
      "name": "1+8",
      "nameA": null,
      "nameAnswer": "9",
      "bg": "white",
      "translates": []
    }
    ,
    {
      "id": 8,
      "name": "1+9",
      "nameA": null,
      "nameAnswer": "10",
      "bg": "white",
      "translates": []
    }
    ,
    {
      "id": 9,
      "name": "2+1",
      "nameA": null,
      "nameAnswer": "3",
      "bg": "white",
      "translates": []
    }
    ,
    {
      "id": 10,
      "name": "2+2",
      "nameA": null,
      "nameAnswer": "4",
      "bg": "white",
      "translates": []
    }
    ,
    {
      "id": 11,
      "name": "2+3",
      "nameA": null,
      "nameAnswer": "5",
      "bg": "white",
      "translates": []
    }
    ,
    {
      "id": 12,
      "name": "2+4",
      "nameA": null,
      "nameAnswer": "6",
      "bg": "white",
      "translates": []
    }
    ,
    {
      "id": 13,
      "name": "2+5",
      "nameA": null,
      "nameAnswer": "7",
      "bg": "white",
      "translates": []
    }
    ,
    {
      "id": 14,
      "name": "2+6",
      "nameA": null,
      "nameAnswer": "8",
      "bg": "white",
      "translates": []
    }
    ,
    {
      "id": 15,
      "name": "2+7",
      "nameA": null,
      "nameAnswer": "9",
      "bg": "white",
      "translates": []
    }
    ,
    {
      "id": 16,
      "name": "2+8",
      "nameA": null,
      "nameAnswer": "10",
      "bg": "white",
      "translates": []
    }
    ,
    {
      "id": 17,
      "name": "3+1",
      "nameA": null,
      "nameAnswer": "4",
      "bg": "white",
      "translates": []
    }
    ,
    {
      "id": 18,
      "name": "3+2",
      "nameA": null,
      "nameAnswer": "5",
      "bg": "white",
      "translates": []
    }
    ,
    {
      "id": 19,
      "name": "3+3",
      "nameA": null,
      "nameAnswer": "6",
      "bg": "white",
      "translates": []
    }
    ,
    {
      "id": 20,
      "name": "3+4",
      "nameA": null,
      "nameAnswer": "7",
      "bg": "white",
      "translates": []
    }
    ,
    {
      "id": 21,
      "name": "3+5",
      "nameA": null,
      "nameAnswer": "8",
      "bg": "white",
      "translates": []
    }
    ,
    {
      "id": 22,
      "name": "3+6",
      "nameA": null,
      "nameAnswer": "9",
      "bg": "white",
      "translates": []
    }
    ,
    {
      "id": 23,
      "name": "3+7",
      "nameA": null,
      "nameAnswer": "10",
      "bg": "white",
      "translates": []
    }
    ,
    {
      "id": 24,
      "name": "4+1",
      "nameA": null,
      "nameAnswer": "5",
      "bg": "white",
      "translates": []
    }  
    ,
    {
      "id": 25,
      "name": "4+2",
      "nameA": null,
      "nameAnswer": "6",
      "bg": "white",
      "translates": []
    }  
    ,
    {
      "id": 26,
      "name": "4+3",
      "nameA": null,
      "nameAnswer": "7",
      "bg": "white",
      "translates": []
    }  
    ,
    {
      "id": 27,
      "name": "4+4",
      "nameA": null,
      "nameAnswer": "8",
      "bg": "white",
      "translates": []
    }  
    ,
    {
      "id": 28,
      "name": "4+5",
      "nameA": null,
      "nameAnswer": "9",
      "bg": "white",
      "translates": []
    }  
    ,
    {
      "id": 29,
      "name": "4+6",
      "nameA": null,
      "nameAnswer": "10",
      "bg": "white",
      "translates": []
    }  
    ,
    {
      "id": 30,
      "name": "5+1",
      "nameA": null,
      "nameAnswer": "6",
      "bg": "white",
      "translates": []
    } 
    ,
    {
      "id": 31,
      "name": "5+2",
      "nameA": null,
      "nameAnswer": "7",
      "bg": "white",
      "translates": []
    } 
    ,
    {
      "id": 32,
      "name": "5+3",
      "nameA": null,
      "nameAnswer": "8",
      "bg": "white",
      "translates": []
    } 
    ,
    {
      "id": 33,
      "name": "5+4",
      "nameA": null,
      "nameAnswer": "9",
      "bg": "white",
      "translates": []
    } 
    ,
    {
      "id": 34,
      "name": "5+5",
      "nameA": null,
      "nameAnswer": "10",
      "bg": "white",
      "translates": []
    } 
    ,
    {
      "id": 35,
      "name": "6+1",
      "nameA": null,
      "nameAnswer": "7",
      "bg": "white",
      "translates": []
    } 
    ,
    {
      "id": 36,
      "name": "6+2",
      "nameA": null,
      "nameAnswer": "8",
      "bg": "white",
      "translates": []
    } 
    ,
    {
      "id": 37,
      "name": "6+3",
      "nameA": null,
      "nameAnswer": "9",
      "bg": "white",
      "translates": []
    } 
    ,
    {
      "id": 38,
      "name": "6+4",
      "nameA": null,
      "nameAnswer": "10",
      "bg": "white",
      "translates": []
    } 
    ,
    {
      "id": 39,
      "name": "7+1",
      "nameA": null,
      "nameAnswer": "8",
      "bg": "white",
      "translates": []
    } 
    ,
    {
      "id": 40,
      "name": "7+2",
      "nameA": null,
      "nameAnswer": "9",
      "bg": "white",
      "translates": []
    } 
    ,
    {
      "id": 41,
      "name": "7+3",
      "nameA": null,
      "nameAnswer": "10",
      "bg": "white",
      "translates": []
    } 
    ,
    {
      "id": 42,
      "name": "8+1",
      "nameA": null,
      "nameAnswer": "9",
      "bg": "white",
      "translates": []
    } ,
    {
      "id": 43,
      "name": "8+2",
      "nameA": null,
      "nameAnswer": "10",
      "bg": "white",
      "translates": []
    } 
    ,
    {
      "id": 44,
      "name": "9+1",
      "nameA": null,
      "nameAnswer": "10",
      "bg": "white",
      "translates": []
    } 
    ,
    {
      "id": 44,
      "name": "0+0",
      "nameA": null,
      "nameAnswer": "0",
      "bg": "white",
      "translates": []
    } 
    ,
    {
      "id": 45,
      "name": "0+1",
      "nameA": null,
      "nameAnswer": "1",
      "bg": "white",
      "translates": []
    } 
    ,
    {
      "id": 46,
      "name": "0+2",
      "nameA": null,
      "nameAnswer": "2",
      "bg": "white",
      "translates": []
    } 
    ,
    {
      "id": 47,
      "name": "0+3",
      "nameA": null,
      "nameAnswer": "3",
      "bg": "white",
      "translates": []
    } 
    ,
    {
      "id": 48,
      "name": "0+4",
      "nameA": null,
      "nameAnswer": "4",
      "bg": "white",
      "translates": []
    } 
    ,
    {
      "id": 49,
      "name": "0+5",
      "nameA": null,
      "nameAnswer": "5",
      "bg": "white",
      "translates": []
    } 
    ,
    {
      "id": 50,
      "name": "0+6",
      "nameA": null,
      "nameAnswer": "6",
      "bg": "white",
      "translates": []
    } 
    ,
    {
      "id": 51,
      "name": "0+7",
      "nameA": null,
      "nameAnswer": "7",
      "bg": "white",
      "translates": []
    } 
    ,
    {
      "id": 52,
      "name": "0+8",
      "nameA": null,
      "nameAnswer": "8",
      "bg": "white",
      "translates": []
    } 
    ,
    {
      "id": 53,
      "name": "0+9",
      "nameA": null,
      "nameAnswer": "9",
      "bg": "white",
      "translates": []
    } 
    ,
    {
      "id": 54,
      "name": "0+10",
      "nameA": null,
      "nameAnswer": "10",
      "bg": "white",
      "translates": []
    } 
    ,
    {
      "id": 55,
      "name": "1+0",
      "nameA": null,
      "nameAnswer": "1",
      "bg": "white",
      "translates": []
    } 
    ,
    {
      "id": 56,
      "name": "2+0",
      "nameA": null,
      "nameAnswer": "2",
      "bg": "white",
      "translates": []
    } 
    ,
    {
      "id": 57,
      "name": "3+0",
      "nameA": null,
      "nameAnswer": "3",
      "bg": "white",
      "translates": []
    } 
    ,
    {
      "id": 58,
      "name": "4+0",
      "nameA": null,
      "nameAnswer": "4",
      "bg": "white",
      "translates": []
    } 
    ,
    {
      "id": 59,
      "name": "5+0",
      "nameA": null,
      "nameAnswer": "5",
      "bg": "white",
      "translates": []
    } 
    ,
    {
      "id":60,
      "name": "6+0",
      "nameA": null,
      "nameAnswer": "6",
      "bg": "white",
      "translates": []
    } 
    ,
    {
      "id": 61,
      "name": "7+0",
      "nameA": null,
      "nameAnswer": "7",
      "bg": "white",
      "translates": []
    } 
    ,
    {
      "id":62,
      "name": "8+0",
      "nameA": null,
      "nameAnswer": "8",
      "bg": "white",
      "translates": []
    } 
    ,
    {
      "id": 63,
      "name": "9+0",
      "nameA": null,
      "nameAnswer": "9",
      "bg": "white",
      "translates": []
    } 
    ,
    {
      "id": 64,
      "name": "10+0",
      "nameA": null,
      "nameAnswer": "10",
      "bg": "white",
      "translates": []
    } 
  ]
}