{
  "name": "Numbers 21-29",
  "nameA": null,
  "img": null,
  "minQuiz": null,
  "isRandom": true,
  "tags": null,
  "Translations": [
    {
      "lang": "ru-RU",
      "name": "Числа до десяти",
      "nameA": null
    }
  ],
  "items": [
    {
      "id": 0,
      "name": "Twenty one",
      "transcription": "[ˈtwentɪ wʌn]",
      "nameA": null,
      "image": "/img/dict/numbers/21.png",
      "bg": "transparent",
      "nameAnswer": null,
      "translates": [
        {
          "lang": "ru-RU",
          "name": "21",
          "nameA": null
        }
      ]
    },
    {
      "id": 0,
      "name": "Twenty two",
      "transcription": "[ˈtwentɪ tuː]",
      "nameA": null,
      "image": "/img/dict/numbers/22.png",
      "bg": "transparent",
      "nameAnswer": null,
      "translates": [
        {
          "lang": "ru-RU",
          "name": "22",
          "nameA": null
        }
      ]
    },
    {
      "id": 0,
      "name": "Twenty three",
      "transcription": "[ˈtwentɪ θriː]",
      "nameA": null,
      "image": "/img/dict/numbers/23.png",
      "bg": "transparent",
      "nameAnswer": null,
      "translates": [
        {
          "lang": "ru-RU",
          "name": "23",
          "nameA": null
        }
      ]
    },
    {
      "id": 0,
      "name": "Twenty four",
      "transcription": "[ˈtwentɪ fɔːr]",
      "nameA": null,
      "image": "/img/dict/numbers/24.png",
      "bg": "transparent",
      "nameAnswer": null,
      "translates": [
        {
          "lang": "ru-RU",
          "name": "24",
          "nameA": null
        }
      ]
    },
    {
      "id": 0,
      "name": "Twenty five",
      "transcription": "[ˈtwentɪ faɪv]",
      "nameA": null,
      "image": "/img/dict/numbers/25.png",
      "bg": "transparent",
      "nameAnswer": null,
      "translates": [
        {
          "lang": "ru-RU",
          "name": "25",
          "nameA": null
        }
      ]
    },
    {
      "id": 0,
      "name": "Twenty six",
      "transcription": "[ˈtwentɪ sɪks]",
      "nameA": null,
      "image": "/img/dict/numbers/26.png",
      "bg": "transparent",
      "nameAnswer": null,
      "translates": [
        {
          "lang": "ru-RU",
          "name": "26",
          "nameA": null
        }
      ]
    },
    {
      "id": 0,
      "name": "Twenty seven",
      "transcription": "[ˈtwentɪ ˈsevn]",
      "nameA": null,
      "image": "/img/dict/numbers/27.png",
      "bg": "transparent",
      "nameAnswer": null,
      "translates": [
        {
          "lang": "ru-RU",
          "name": "27",
          "nameA": null
        }
      ]
    },
    {
      "id": 0,
      "name": "Twenty eight",
      "transcription": "[ˈtwentɪ eɪt]",
      "nameA": null,
      "image": "/img/dict/numbers/28.png",
      "bg": "transparent",
      "nameAnswer": null,
      "translates": [
        {
          "lang": "ru-RU",
          "name": "28",
          "nameA": null
        }
      ]
    },
    {
      "id": 0,
      "name": "Twenty nine",
      "transcription": "[ˈtwentɪ naɪn]",
      "nameA": null,
      "image": "/img/dict/numbers/29.png",
      "bg": "transparent",
      "nameAnswer": null,
      "translates": [
        {
          "lang": "ru-RU",
          "name": "29",
          "nameA": null
        }
      ]
    }
  ]
}