{"name":"Numbers 21-29","isRandom":true,"isBlur":true,"isUpper":true,"isByWords":false,"isForAdult":false,"separator":"","numWords":9,"Translations":[{"lang":"ru-RU","name":"Числа 21-29"},{"lang":"vi-VN","name":"Số từ 21 đến 29"},{"lang":"zh-CN","name":"数字21至29"},{"lang":"hi-IN","name":"21 से 29 तक की संख्याएँ"},{"lang":"th-TH","name":"ตัวเลข 21 ถึง 29"},{"lang":"tr-TR","name":"21\u0027den 29\u0027a Kadar Sayılar"},{"lang":"pt-BR","name":"Números de 21 a 29"},{"lang":"de-DE","name":"Zahlen von 21 bis 29"},{"lang":"id-ID","name":"Angka 21 sampai 29"},{"lang":"fr-FR","name":"Nombres de 21 à 29"}],"items":[{"id":0,"name":"Twenty one","transcription":"[ˈtwentɪ wʌn]","image":"/img/dict/numbers/21.png","translates":[{"lang":"ru-RU","name":"Двадцать один"},{"lang":"vi-VN","name":"Hai mươi mốt"},{"lang":"zh-CN","name":"二十一"},{"lang":"hi-IN","name":"इक्कीस"},{"lang":"th-TH","name":"ยี่สิบเอ็ด"},{"lang":"tr-TR","name":"Yirmi bir"},{"lang":"pt-BR","name":"Vinte e um"},{"lang":"de-DE","name":"Einundzwanzig"},{"lang":"id-ID","name":"Dua puluh satu"},{"lang":"fr-FR","name":"Vingt et un"}]},{"id":0,"name":"Twenty two","transcription":"[ˈtwentɪ tuː]","image":"/img/dict/numbers/22.png","translates":[{"lang":"ru-RU","name":"Двадцать два"},{"lang":"vi-VN","name":"Hai mươi hai"},{"lang":"zh-CN","name":"二十二"},{"lang":"hi-IN","name":"बाईस"},{"lang":"th-TH","name":"ยี่สิบสอง"},{"lang":"tr-TR","name":"Yirmi iki"},{"lang":"pt-BR","name":"Vinte e dois"},{"lang":"de-DE","name":"Zweiundzwanzig"},{"lang":"id-ID","name":"Dua puluh dua"},{"lang":"fr-FR","name":"Vingt-deux"}]},{"id":0,"name":"Twenty three","transcription":"[ˈtwentɪ θriː]","image":"/img/dict/numbers/23.png","translates":[{"lang":"ru-RU","name":"Двадцать три"},{"lang":"vi-VN","name":"Hai mươi ba"},{"lang":"zh-CN","name":"二十三"},{"lang":"hi-IN","name":"तेईस"},{"lang":"th-TH","name":"ยี่สิบสาม"},{"lang":"tr-TR","name":"Yirmi üç"},{"lang":"pt-BR","name":"Vinte e três"},{"lang":"de-DE","name":"Dreiundzwanzig"},{"lang":"id-ID","name":"Dua puluh tiga"},{"lang":"fr-FR","name":"Vingt-trois"}]},{"id":0,"name":"Twenty four","transcription":"[ˈtwentɪ fɔːr]","image":"/img/dict/numbers/24.png","translates":[{"lang":"ru-RU","name":"Двадцать четыре"},{"lang":"vi-VN","name":"Hai mươi bốn"},{"lang":"zh-CN","name":"二十四"},{"lang":"hi-IN","name":"चौबीस"},{"lang":"th-TH","name":"ยี่สิบสี่"},{"lang":"tr-TR","name":"Yirmi dört"},{"lang":"pt-BR","name":"Vinte e quatro"},{"lang":"de-DE","name":"Vierundzwanzig"},{"lang":"id-ID","name":"Dua puluh empat"},{"lang":"fr-FR","name":"Vingt-quatre"}]},{"id":0,"name":"Twenty five","transcription":"[ˈtwentɪ faɪv]","image":"/img/dict/numbers/25.png","translates":[{"lang":"ru-RU","name":"Двадцать пять"},{"lang":"vi-VN","name":"Hai mươi lăm"},{"lang":"zh-CN","name":"二十五"},{"lang":"hi-IN","name":"पच्चीस"},{"lang":"th-TH","name":"ยี่สิบห้า"},{"lang":"tr-TR","name":"Yirmi beş"},{"lang":"pt-BR","name":"Vinte e cinco"},{"lang":"de-DE","name":"Fünfundzwanzig"},{"lang":"id-ID","name":"Dua puluh lima"},{"lang":"fr-FR","name":"Vingt-cinq"}]},{"id":0,"name":"Twenty six","transcription":"[ˈtwentɪ sɪks]","image":"/img/dict/numbers/26.png","translates":[{"lang":"ru-RU","name":"Двадцать шесть"},{"lang":"vi-VN","name":"Hai mươi sáu"},{"lang":"zh-CN","name":"二十六"},{"lang":"hi-IN","name":"छब्बीस"},{"lang":"th-TH","name":"ยี่สิบหก"},{"lang":"tr-TR","name":"Yirmi altı"},{"lang":"pt-BR","name":"Vinte e seis"},{"lang":"de-DE","name":"Sechsundzwanzig"},{"lang":"id-ID","name":"Dua puluh enam"},{"lang":"fr-FR","name":"Vingt-six"}]},{"id":0,"name":"Twenty seven","transcription":"[ˈtwentɪ ˈsevn]","image":"/img/dict/numbers/27.png","translates":[{"lang":"ru-RU","name":"Двадцать семь"},{"lang":"vi-VN","name":"Hai mươi bảy"},{"lang":"zh-CN","name":"二十七"},{"lang":"hi-IN","name":"सत्ताईस"},{"lang":"th-TH","name":"ยี่สิบเจ็ด"},{"lang":"tr-TR","name":"Yirmi yedi"},{"lang":"pt-BR","name":"Vinte e sete"},{"lang":"de-DE","name":"Siebenundzwanzig"},{"lang":"id-ID","name":"Dua puluh tujuh"},{"lang":"fr-FR","name":"Vingt-sept"}]},{"id":0,"name":"Twenty eight","transcription":"[ˈtwentɪ eɪt]","image":"/img/dict/numbers/28.png","translates":[{"lang":"ru-RU","name":"Двадцать восемь"},{"lang":"vi-VN","name":"Hai mươi tám"},{"lang":"zh-CN","name":"二十八"},{"lang":"hi-IN","name":"अट्ठाईस"},{"lang":"th-TH","name":"ยี่สิบแปด"},{"lang":"tr-TR","name":"Yirmi sekiz"},{"lang":"pt-BR","name":"Vinte e oito"},{"lang":"de-DE","name":"Achtundzwanzig"},{"lang":"id-ID","name":"Dua puluh delapan"},{"lang":"fr-FR","name":"Vingt-huit"}]},{"id":0,"name":"Twenty nine","transcription":"[ˈtwentɪ naɪn]","image":"/img/dict/numbers/29.png","translates":[{"lang":"ru-RU","name":"Двадцать девять"},{"lang":"vi-VN","name":"Hai mươi chín"},{"lang":"zh-CN","name":"二十九"},{"lang":"hi-IN","name":"उनतीस"},{"lang":"th-TH","name":"ยี่สิบเก้า"},{"lang":"tr-TR","name":"Yirmi dokuz"},{"lang":"pt-BR","name":"Vinte e nove"},{"lang":"de-DE","name":"Neunundzwanzig"},{"lang":"id-ID","name":"Dua puluh sembilan"},{"lang":"fr-FR","name":"Vingt-neuf"}]}]}