{
  "name": "Plus to 10",
  "nameA": null,
  "img": null,
  "minQuiz": null,
  "isRandom": true,
  "isBlur": true,
  "isForAdult": false,
  "separator": "",
  "numWords": 66,
  "tags": null,
  "Translations": [
    {
      "lang": "ru-RU",
      "name": "Математика",
      "nameA": null
    }
  ],
  "items": [
    {
      "id": 0,
      "name": "1\u002B1",
      "transcription": null,
      "nameA": null,
      "image": null,
      "bg": "",
      "nameAnswer": "2",
      "translates": []
    },
    {
      "id": 1,
      "name": "1\u002B2",
      "transcription": null,
      "nameA": null,
      "image": null,
      "bg": "",
      "nameAnswer": "3",
      "translates": []
    },
    {
      "id": 2,
      "name": "1\u002B3",
      "transcription": null,
      "nameA": null,
      "image": null,
      "bg": "",
      "nameAnswer": "4",
      "translates": []
    },
    {
      "id": 3,
      "name": "1\u002B4",
      "transcription": null,
      "nameA": null,
      "image": null,
      "bg": "",
      "nameAnswer": "5",
      "translates": []
    },
    {
      "id": 4,
      "name": "1\u002B5",
      "transcription": null,
      "nameA": null,
      "image": null,
      "bg": "",
      "nameAnswer": "6",
      "translates": []
    },
    {
      "id": 5,
      "name": "1\u002B6",
      "transcription": null,
      "nameA": null,
      "image": null,
      "bg": "",
      "nameAnswer": "7",
      "translates": []
    },
    {
      "id": 6,
      "name": "1\u002B7",
      "transcription": null,
      "nameA": null,
      "image": null,
      "bg": "",
      "nameAnswer": "8",
      "translates": []
    },
    {
      "id": 7,
      "name": "1\u002B8",
      "transcription": null,
      "nameA": null,
      "image": null,
      "bg": "",
      "nameAnswer": "9",
      "translates": []
    },
    {
      "id": 8,
      "name": "1\u002B9",
      "transcription": null,
      "nameA": null,
      "image": null,
      "bg": "",
      "nameAnswer": "10",
      "translates": []
    },
    {
      "id": 9,
      "name": "2\u002B1",
      "transcription": null,
      "nameA": null,
      "image": null,
      "bg": "",
      "nameAnswer": "3",
      "translates": []
    },
    {
      "id": 10,
      "name": "2\u002B2",
      "transcription": null,
      "nameA": null,
      "image": null,
      "bg": "",
      "nameAnswer": "4",
      "translates": []
    },
    {
      "id": 11,
      "name": "2\u002B3",
      "transcription": null,
      "nameA": null,
      "image": null,
      "bg": "",
      "nameAnswer": "5",
      "translates": []
    },
    {
      "id": 12,
      "name": "2\u002B4",
      "transcription": null,
      "nameA": null,
      "image": null,
      "bg": "",
      "nameAnswer": "6",
      "translates": []
    },
    {
      "id": 13,
      "name": "2\u002B5",
      "transcription": null,
      "nameA": null,
      "image": null,
      "bg": "",
      "nameAnswer": "7",
      "translates": []
    },
    {
      "id": 14,
      "name": "2\u002B6",
      "transcription": null,
      "nameA": null,
      "image": null,
      "bg": "",
      "nameAnswer": "8",
      "translates": []
    },
    {
      "id": 15,
      "name": "2\u002B7",
      "transcription": null,
      "nameA": null,
      "image": null,
      "bg": "",
      "nameAnswer": "9",
      "translates": []
    },
    {
      "id": 16,
      "name": "2\u002B8",
      "transcription": null,
      "nameA": null,
      "image": null,
      "bg": "",
      "nameAnswer": "10",
      "translates": []
    },
    {
      "id": 17,
      "name": "3\u002B1",
      "transcription": null,
      "nameA": null,
      "image": null,
      "bg": "",
      "nameAnswer": "4",
      "translates": []
    },
    {
      "id": 18,
      "name": "3\u002B2",
      "transcription": null,
      "nameA": null,
      "image": null,
      "bg": "",
      "nameAnswer": "5",
      "translates": []
    },
    {
      "id": 19,
      "name": "3\u002B3",
      "transcription": null,
      "nameA": null,
      "image": null,
      "bg": "",
      "nameAnswer": "6",
      "translates": []
    },
    {
      "id": 20,
      "name": "3\u002B4",
      "transcription": null,
      "nameA": null,
      "image": null,
      "bg": "",
      "nameAnswer": "7",
      "translates": []
    },
    {
      "id": 21,
      "name": "3\u002B5",
      "transcription": null,
      "nameA": null,
      "image": null,
      "bg": "",
      "nameAnswer": "8",
      "translates": []
    },
    {
      "id": 22,
      "name": "3\u002B6",
      "transcription": null,
      "nameA": null,
      "image": null,
      "bg": "",
      "nameAnswer": "9",
      "translates": []
    },
    {
      "id": 23,
      "name": "3\u002B7",
      "transcription": null,
      "nameA": null,
      "image": null,
      "bg": "",
      "nameAnswer": "10",
      "translates": []
    },
    {
      "id": 24,
      "name": "4\u002B1",
      "transcription": null,
      "nameA": null,
      "image": null,
      "bg": "",
      "nameAnswer": "5",
      "translates": []
    },
    {
      "id": 25,
      "name": "4\u002B2",
      "transcription": null,
      "nameA": null,
      "image": null,
      "bg": "",
      "nameAnswer": "6",
      "translates": []
    },
    {
      "id": 26,
      "name": "4\u002B3",
      "transcription": null,
      "nameA": null,
      "image": null,
      "bg": "",
      "nameAnswer": "7",
      "translates": []
    },
    {
      "id": 27,
      "name": "4\u002B4",
      "transcription": null,
      "nameA": null,
      "image": null,
      "bg": "",
      "nameAnswer": "8",
      "translates": []
    },
    {
      "id": 28,
      "name": "4\u002B5",
      "transcription": null,
      "nameA": null,
      "image": null,
      "bg": "",
      "nameAnswer": "9",
      "translates": []
    },
    {
      "id": 29,
      "name": "4\u002B6",
      "transcription": null,
      "nameA": null,
      "image": null,
      "bg": "",
      "nameAnswer": "10",
      "translates": []
    },
    {
      "id": 30,
      "name": "5\u002B1",
      "transcription": null,
      "nameA": null,
      "image": null,
      "bg": "",
      "nameAnswer": "6",
      "translates": []
    },
    {
      "id": 31,
      "name": "5\u002B2",
      "transcription": null,
      "nameA": null,
      "image": null,
      "bg": "",
      "nameAnswer": "7",
      "translates": []
    },
    {
      "id": 32,
      "name": "5\u002B3",
      "transcription": null,
      "nameA": null,
      "image": null,
      "bg": "",
      "nameAnswer": "8",
      "translates": []
    },
    {
      "id": 33,
      "name": "5\u002B4",
      "transcription": null,
      "nameA": null,
      "image": null,
      "bg": "",
      "nameAnswer": "9",
      "translates": []
    },
    {
      "id": 34,
      "name": "5\u002B5",
      "transcription": null,
      "nameA": null,
      "image": null,
      "bg": "",
      "nameAnswer": "10",
      "translates": []
    },
    {
      "id": 35,
      "name": "6\u002B1",
      "transcription": null,
      "nameA": null,
      "image": null,
      "bg": "",
      "nameAnswer": "7",
      "translates": []
    },
    {
      "id": 36,
      "name": "6\u002B2",
      "transcription": null,
      "nameA": null,
      "image": null,
      "bg": "",
      "nameAnswer": "8",
      "translates": []
    },
    {
      "id": 37,
      "name": "6\u002B3",
      "transcription": null,
      "nameA": null,
      "image": null,
      "bg": "",
      "nameAnswer": "9",
      "translates": []
    },
    {
      "id": 38,
      "name": "6\u002B4",
      "transcription": null,
      "nameA": null,
      "image": null,
      "bg": "",
      "nameAnswer": "10",
      "translates": []
    },
    {
      "id": 39,
      "name": "7\u002B1",
      "transcription": null,
      "nameA": null,
      "image": null,
      "bg": "",
      "nameAnswer": "8",
      "translates": []
    },
    {
      "id": 40,
      "name": "7\u002B2",
      "transcription": null,
      "nameA": null,
      "image": null,
      "bg": "",
      "nameAnswer": "9",
      "translates": []
    },
    {
      "id": 41,
      "name": "7\u002B3",
      "transcription": null,
      "nameA": null,
      "image": null,
      "bg": "",
      "nameAnswer": "10",
      "translates": []
    },
    {
      "id": 42,
      "name": "8\u002B1",
      "transcription": null,
      "nameA": null,
      "image": null,
      "bg": "",
      "nameAnswer": "9",
      "translates": []
    },
    {
      "id": 43,
      "name": "8\u002B2",
      "transcription": null,
      "nameA": null,
      "image": null,
      "bg": "",
      "nameAnswer": "10",
      "translates": []
    },
    {
      "id": 44,
      "name": "9\u002B1",
      "transcription": null,
      "nameA": null,
      "image": null,
      "bg": "",
      "nameAnswer": "10",
      "translates": []
    },
    {
      "id": 44,
      "name": "0\u002B0",
      "transcription": null,
      "nameA": null,
      "image": null,
      "bg": "",
      "nameAnswer": "0",
      "translates": []
    },
    {
      "id": 45,
      "name": "0\u002B1",
      "transcription": null,
      "nameA": null,
      "image": null,
      "bg": "",
      "nameAnswer": "1",
      "translates": []
    },
    {
      "id": 46,
      "name": "0\u002B2",
      "transcription": null,
      "nameA": null,
      "image": null,
      "bg": "",
      "nameAnswer": "2",
      "translates": []
    },
    {
      "id": 47,
      "name": "0\u002B3",
      "transcription": null,
      "nameA": null,
      "image": null,
      "bg": "",
      "nameAnswer": "3",
      "translates": []
    },
    {
      "id": 48,
      "name": "0\u002B4",
      "transcription": null,
      "nameA": null,
      "image": null,
      "bg": "",
      "nameAnswer": "4",
      "translates": []
    },
    {
      "id": 49,
      "name": "0\u002B5",
      "transcription": null,
      "nameA": null,
      "image": null,
      "bg": "",
      "nameAnswer": "5",
      "translates": []
    },
    {
      "id": 50,
      "name": "0\u002B6",
      "transcription": null,
      "nameA": null,
      "image": null,
      "bg": "",
      "nameAnswer": "6",
      "translates": []
    },
    {
      "id": 51,
      "name": "0\u002B7",
      "transcription": null,
      "nameA": null,
      "image": null,
      "bg": "",
      "nameAnswer": "7",
      "translates": []
    },
    {
      "id": 52,
      "name": "0\u002B8",
      "transcription": null,
      "nameA": null,
      "image": null,
      "bg": "",
      "nameAnswer": "8",
      "translates": []
    },
    {
      "id": 53,
      "name": "0\u002B9",
      "transcription": null,
      "nameA": null,
      "image": null,
      "bg": "",
      "nameAnswer": "9",
      "translates": []
    },
    {
      "id": 54,
      "name": "0\u002B10",
      "transcription": null,
      "nameA": null,
      "image": null,
      "bg": "",
      "nameAnswer": "10",
      "translates": []
    },
    {
      "id": 55,
      "name": "1\u002B0",
      "transcription": null,
      "nameA": null,
      "image": null,
      "bg": "",
      "nameAnswer": "1",
      "translates": []
    },
    {
      "id": 56,
      "name": "2\u002B0",
      "transcription": null,
      "nameA": null,
      "image": null,
      "bg": "",
      "nameAnswer": "2",
      "translates": []
    },
    {
      "id": 57,
      "name": "3\u002B0",
      "transcription": null,
      "nameA": null,
      "image": null,
      "bg": "",
      "nameAnswer": "3",
      "translates": []
    },
    {
      "id": 58,
      "name": "4\u002B0",
      "transcription": null,
      "nameA": null,
      "image": null,
      "bg": "",
      "nameAnswer": "4",
      "translates": []
    },
    {
      "id": 59,
      "name": "5\u002B0",
      "transcription": null,
      "nameA": null,
      "image": null,
      "bg": "",
      "nameAnswer": "5",
      "translates": []
    },
    {
      "id": 60,
      "name": "6\u002B0",
      "transcription": null,
      "nameA": null,
      "image": null,
      "bg": "",
      "nameAnswer": "6",
      "translates": []
    },
    {
      "id": 61,
      "name": "7\u002B0",
      "transcription": null,
      "nameA": null,
      "image": null,
      "bg": "",
      "nameAnswer": "7",
      "translates": []
    },
    {
      "id": 62,
      "name": "8\u002B0",
      "transcription": null,
      "nameA": null,
      "image": null,
      "bg": "",
      "nameAnswer": "8",
      "translates": []
    },
    {
      "id": 63,
      "name": "9\u002B0",
      "transcription": null,
      "nameA": null,
      "image": null,
      "bg": "",
      "nameAnswer": "9",
      "translates": []
    },
    {
      "id": 64,
      "name": "10\u002B0",
      "transcription": null,
      "nameA": null,
      "image": null,
      "bg": "",
      "nameAnswer": "10",
      "translates": []
    }
  ]
}