{"name":"Nature Layout","isRandom":true,"isBlur":true,"isUpper":true,"isByWords":false,"isForAdult":false,"separator":"","numWords":25,"tags":["nature","layout","relief","lay"],"Translations":[{"lang":"ru-RU","name":"Рельеф и ландшафты"},{"lang":"vi-VN","name":"Địa hình và cảnh quan"},{"lang":"zh-CN","name":"地形地貌"},{"lang":"hi-IN","name":"भूआकृति और परिदृश्य"},{"lang":"th-TH","name":"ภูมิประเทศและทิวทัศน์"},{"lang":"tr-TR","name":"Yer Şekilleri ve Manzaralar"},{"lang":"pt-BR","name":"Relevo e Paisagens"},{"lang":"de-DE","name":"Landformen und Landschaften"},{"lang":"id-ID","name":"Bentang Alam dan Lanskap"},{"lang":"fr-FR","name":"Relief et Paysages"}],"items":[{"id":0,"name":"landform","transcription":"[ˈlændfɔːrm]","image":"/fake_path/landform.png","translates":[{"lang":"ru-RU","name":"форма рельефа"},{"lang":"vi-VN","name":"địa hình"},{"lang":"zh-CN","name":"地形"},{"lang":"hi-IN","name":"भूआकृति"},{"lang":"th-TH","name":"ลักษณะภูมิประเทศ"},{"lang":"tr-TR","name":"yüzey şekli"},{"lang":"pt-BR","name":"acidente geográfico"},{"lang":"de-DE","name":"Landform"},{"lang":"id-ID","name":"bentuk lahan"},{"lang":"fr-FR","name":"relief"}]},{"id":1,"name":"isthmus","transcription":"[ˈɪsməs]","image":"/fake_path/isthmus.png","translates":[{"lang":"ru-RU","name":"перешеек"},{"lang":"vi-VN","name":"eo đất"},{"lang":"zh-CN","name":"地峡"},{"lang":"hi-IN","name":"संयोग भूमि"},{"lang":"th-TH","name":"คอคอด"},{"lang":"tr-TR","name":"kıstak"},{"lang":"pt-BR","name":"istmo"},{"lang":"de-DE","name":"Landenge"},{"lang":"id-ID","name":"tanah genting"},{"lang":"fr-FR","name":"isthme"}]},{"id":2,"name":"archipelago","transcription":"[ɑːkɪˈpeləgəʊ]","image":"/fake_path/archipelago.png","translates":[{"lang":"ru-RU","name":"архипелаг"},{"lang":"vi-VN","name":"quần đảo"},{"lang":"zh-CN","name":"群岛"},{"lang":"hi-IN","name":"द्वीपसमूह"},{"lang":"th-TH","name":"หมู่เกาะ"},{"lang":"tr-TR","name":"takımada"},{"lang":"pt-BR","name":"arquipélago"},{"lang":"de-DE","name":"Archipel"},{"lang":"id-ID","name":"kepulauan"},{"lang":"fr-FR","name":"archipel"}]},{"id":3,"name":"island","transcription":"[ˈaɪlənd]","image":"/fake_path/island.png","translates":[{"lang":"ru-RU","name":"остров"},{"lang":"vi-VN","name":"đảo"},{"lang":"zh-CN","name":"岛"},{"lang":"hi-IN","name":"द्वीप"},{"lang":"th-TH","name":"เกาะ"},{"lang":"tr-TR","name":"ada"},{"lang":"pt-BR","name":"ilha"},{"lang":"de-DE","name":"Insel"},{"lang":"id-ID","name":"pulau"},{"lang":"fr-FR","name":"île"}]},{"id":4,"name":"bay","transcription":"[beɪ]","image":"/fake_path/bay.png","translates":[{"lang":"ru-RU","name":"залив"},{"lang":"vi-VN","name":"vịnh"},{"lang":"zh-CN","name":"海湾"},{"lang":"hi-IN","name":"खाड़ी"},{"lang":"th-TH","name":"อ่าว"},{"lang":"tr-TR","name":"koy"},{"lang":"pt-BR","name":"baía"},{"lang":"de-DE","name":"Bucht"},{"lang":"id-ID","name":"teluk"},{"lang":"fr-FR","name":"baie"}]},{"id":5,"name":"lake","transcription":"[leɪk]","image":"/fake_path/lake.png","translates":[{"lang":"ru-RU","name":"озеро"},{"lang":"vi-VN","name":"hồ"},{"lang":"zh-CN","name":"湖"},{"lang":"hi-IN","name":"झील"},{"lang":"th-TH","name":"ทะเลสาบ"},{"lang":"tr-TR","name":"göl"},{"lang":"pt-BR","name":"lago"},{"lang":"de-DE","name":"See"},{"lang":"id-ID","name":"danau"},{"lang":"fr-FR","name":"lac"}]},{"id":6,"name":"canyon","transcription":"[ˈkænjən]","image":"/fake_path/canyon.png","translates":[{"lang":"ru-RU","name":"каньон"},{"lang":"vi-VN","name":"hẻm núi"},{"lang":"zh-CN","name":"峡谷"},{"lang":"hi-IN","name":"कैन्यन"},{"lang":"th-TH","name":"แคนยอน"},{"lang":"tr-TR","name":"kanyon"},{"lang":"pt-BR","name":"cânion"},{"lang":"de-DE","name":"Schlucht"},{"lang":"id-ID","name":"ngarai"},{"lang":"fr-FR","name":"canyon"}]},{"id":7,"name":"mountain","transcription":"[ˈmaʊntɪn]","image":"/fake_path/mountain.png","translates":[{"lang":"ru-RU","name":"гора"},{"lang":"vi-VN","name":"núi"},{"lang":"zh-CN","name":"山"},{"lang":"hi-IN","name":"पहाड़"},{"lang":"th-TH","name":"ภูเขา"},{"lang":"tr-TR","name":"dağ"},{"lang":"pt-BR","name":"montanha"},{"lang":"de-DE","name":"Berg"},{"lang":"id-ID","name":"gunung"},{"lang":"fr-FR","name":"montagne"}]},{"id":8,"name":"cave","transcription":"[keɪv]","image":"/fake_path/cave.png","translates":[{"lang":"ru-RU","name":"пещера"},{"lang":"vi-VN","name":"hang động"},{"lang":"zh-CN","name":"洞穴"},{"lang":"hi-IN","name":"गुफा"},{"lang":"th-TH","name":"ถ้ำ"},{"lang":"tr-TR","name":"mağara"},{"lang":"pt-BR","name":"caverna"},{"lang":"de-DE","name":"Höhle"},{"lang":"id-ID","name":"gua"},{"lang":"fr-FR","name":"grotte"}]},{"id":9,"name":"ocean","transcription":"[əʊʃn]","image":"/fake_path/ocean.png","translates":[{"lang":"ru-RU","name":"океан"},{"lang":"vi-VN","name":"đại dương"},{"lang":"zh-CN","name":"海洋"},{"lang":"hi-IN","name":"महासागर"},{"lang":"th-TH","name":"มหาสมุทร"},{"lang":"tr-TR","name":"okyanus"},{"lang":"pt-BR","name":"oceano"},{"lang":"de-DE","name":"Ozean"},{"lang":"id-ID","name":"samudra"},{"lang":"fr-FR","name":"océan"}]},{"id":10,"name":"coast","transcription":"[kəʊst]","image":"/fake_path/coast.png","translates":[{"lang":"ru-RU","name":"береговая линия"},{"lang":"vi-VN","name":"bờ biển"},{"lang":"zh-CN","name":"海岸线"},{"lang":"hi-IN","name":"तट रेखा"},{"lang":"th-TH","name":"แนวชายฝั่ง"},{"lang":"tr-TR","name":"kıyı şeridi"},{"lang":"pt-BR","name":"linha costeira"},{"lang":"de-DE","name":"Küstenlinie"},{"lang":"id-ID","name":"garis pantai"},{"lang":"fr-FR","name":"littoral"}]},{"id":11,"name":"peninsula","transcription":"[pɪˈnɪnsjʊlə]","image":"/fake_path/peninsula.png","translates":[{"lang":"ru-RU","name":"полуостров"},{"lang":"vi-VN","name":"bán đảo"},{"lang":"zh-CN","name":"半岛"},{"lang":"hi-IN","name":"प्रायद्वीप"},{"lang":"th-TH","name":"คาบสมุทร"},{"lang":"tr-TR","name":"yarımada"},{"lang":"pt-BR","name":"península"},{"lang":"de-DE","name":"Halbinsel"},{"lang":"id-ID","name":"semenanjung"},{"lang":"fr-FR","name":"péninsule"}]},{"id":12,"name":"continent","transcription":"[ˈkɒntɪnənt]","image":"/fake_path/continent.png","translates":[{"lang":"ru-RU","name":"континент"},{"lang":"vi-VN","name":"lục địa"},{"lang":"zh-CN","name":"大陆"},{"lang":"hi-IN","name":"महाद्वीप"},{"lang":"th-TH","name":"ทวีป"},{"lang":"tr-TR","name":"kıta"},{"lang":"pt-BR","name":"continente"},{"lang":"de-DE","name":"Kontinent"},{"lang":"id-ID","name":"benua"},{"lang":"fr-FR","name":"continent"}]},{"id":13,"name":"plain","transcription":"[pleɪn]","image":"/fake_path/plain.png","translates":[{"lang":"ru-RU","name":"равнина"},{"lang":"vi-VN","name":"đồng bằng"},{"lang":"zh-CN","name":"平原"},{"lang":"hi-IN","name":"मैदान"},{"lang":"th-TH","name":"ที่ราบ"},{"lang":"tr-TR","name":"ova"},{"lang":"pt-BR","name":"planície"},{"lang":"de-DE","name":"Ebene"},{"lang":"id-ID","name":"dataran"},{"lang":"fr-FR","name":"plaine"}]},{"id":14,"name":"delta","transcription":"[ˈdeltə]","image":"/fake_path/delta.png","translates":[{"lang":"ru-RU","name":"дельта"},{"lang":"vi-VN","name":"châu thổ"},{"lang":"zh-CN","name":"三角洲"},{"lang":"hi-IN","name":"डेल्टा"},{"lang":"th-TH","name":"ดินดอนสามเหลี่ยม"},{"lang":"tr-TR","name":"delta"},{"lang":"pt-BR","name":"delta"},{"lang":"de-DE","name":"Delta"},{"lang":"id-ID","name":"delta"},{"lang":"fr-FR","name":"delta"}]},{"id":15,"name":"pond","transcription":"[pɒnd]","image":"/fake_path/pond.png","translates":[{"lang":"ru-RU","name":"пруд"},{"lang":"vi-VN","name":"ao"},{"lang":"zh-CN","name":"池塘"},{"lang":"hi-IN","name":"तालाब"},{"lang":"th-TH","name":"สระน้ำ"},{"lang":"tr-TR","name":"gölet"},{"lang":"pt-BR","name":"lagoa"},{"lang":"de-DE","name":"Teich"},{"lang":"id-ID","name":"kolam"},{"lang":"fr-FR","name":"étang"}]},{"id":16,"name":"desert","transcription":"[ˈdezət]","image":"/fake_path/desert.png","translates":[{"lang":"ru-RU","name":"пустыня"},{"lang":"vi-VN","name":"sa mạc"},{"lang":"zh-CN","name":"沙漠"},{"lang":"hi-IN","name":"रेगिस्तान"},{"lang":"th-TH","name":"ทะเลทราย"},{"lang":"tr-TR","name":"çöl"},{"lang":"pt-BR","name":"deserto"},{"lang":"de-DE","name":"Wüste"},{"lang":"id-ID","name":"gurun"},{"lang":"fr-FR","name":"désert"}]},{"id":17,"name":"river","transcription":"[ˈrɪvə]","image":"/fake_path/river.png","translates":[{"lang":"ru-RU","name":"река"},{"lang":"vi-VN","name":"sông"},{"lang":"zh-CN","name":"河"},{"lang":"hi-IN","name":"नदी"},{"lang":"th-TH","name":"แม่น้ำ"},{"lang":"tr-TR","name":"nehir"},{"lang":"pt-BR","name":"rio"},{"lang":"de-DE","name":"Fluss"},{"lang":"id-ID","name":"sungai"},{"lang":"fr-FR","name":"rivière"}]},{"id":18,"name":"glacier","transcription":"[ˈglæsɪə]","image":"/fake_path/glacier.png","translates":[{"lang":"ru-RU","name":"ледник"},{"lang":"vi-VN","name":"sông băng"},{"lang":"zh-CN","name":"冰川"},{"lang":"hi-IN","name":"हिमनद"},{"lang":"th-TH","name":"ธารน้ำแข็ง"},{"lang":"tr-TR","name":"buzul"},{"lang":"pt-BR","name":"geleira"},{"lang":"de-DE","name":"Gletscher"},{"lang":"id-ID","name":"gletser"},{"lang":"fr-FR","name":"glacier"}]},{"id":19,"name":"waterfall","transcription":"[ˈwɔːtəfɔːl]","image":"/fake_path/waterfall.png","translates":[{"lang":"ru-RU","name":"водопад"},{"lang":"vi-VN","name":"thác nước"},{"lang":"zh-CN","name":"瀑布"},{"lang":"hi-IN","name":"झरना"},{"lang":"th-TH","name":"น้ำตก"},{"lang":"tr-TR","name":"şelale"},{"lang":"pt-BR","name":"cachoeira"},{"lang":"de-DE","name":"Wasserfall"},{"lang":"id-ID","name":"air terjun"},{"lang":"fr-FR","name":"cascade"}]},{"id":20,"name":"hill","transcription":"[hɪl]","image":"/fake_path/hill.png","translates":[{"lang":"ru-RU","name":"холм"},{"lang":"vi-VN","name":"đồi"},{"lang":"zh-CN","name":"山丘"},{"lang":"hi-IN","name":"पहाड़ी"},{"lang":"th-TH","name":"เนินเขา"},{"lang":"tr-TR","name":"tepe"},{"lang":"pt-BR","name":"colina"},{"lang":"de-DE","name":"Hügel"},{"lang":"id-ID","name":"bukit"},{"lang":"fr-FR","name":"colline"}]},{"id":21,"name":"volcano","transcription":"[vɒlˈkeɪnəʊ]","image":"/fake_path/volcano.png","translates":[{"lang":"ru-RU","name":"вулкан"},{"lang":"vi-VN","name":"núi lửa"},{"lang":"zh-CN","name":"火山"},{"lang":"hi-IN","name":"ज्वालामुखी"},{"lang":"th-TH","name":"ภูเขาไฟ"},{"lang":"tr-TR","name":"yanardağ"},{"lang":"pt-BR","name":"vulcão"},{"lang":"de-DE","name":"Vulkan"},{"lang":"id-ID","name":"gunung berapi"},{"lang":"fr-FR","name":"volcan"}]},{"id":22,"name":"valley","transcription":"[ˈvælɪ]","image":"/fake_path/valley.png","translates":[{"lang":"ru-RU","name":"долина"},{"lang":"vi-VN","name":"thung lũng"},{"lang":"zh-CN","name":"山谷"},{"lang":"hi-IN","name":"घाटी"},{"lang":"th-TH","name":"หุบเขา"},{"lang":"tr-TR","name":"vadi"},{"lang":"pt-BR","name":"vale"},{"lang":"de-DE","name":"Tal"},{"lang":"id-ID","name":"lembah"},{"lang":"fr-FR","name":"vallée"}]},{"id":23,"name":"strait","transcription":"[streɪt]","image":"/fake_path/strait.png","translates":[{"lang":"ru-RU","name":"пролив"},{"lang":"vi-VN","name":"eo biển"},{"lang":"zh-CN","name":"海峡"},{"lang":"hi-IN","name":"जलडमरूमध्य"},{"lang":"th-TH","name":"ช่องแคบ"},{"lang":"tr-TR","name":"boğaz"},{"lang":"pt-BR","name":"estreito"},{"lang":"de-DE","name":"Meerenge"},{"lang":"id-ID","name":"selat"},{"lang":"fr-FR","name":"détroit"}]},{"id":24,"name":"plateau","transcription":"[ˈplætəʊ]","image":"/fake_path/plateau.png","translates":[{"lang":"ru-RU","name":"плато"},{"lang":"vi-VN","name":"cao nguyên"},{"lang":"zh-CN","name":"高原"},{"lang":"hi-IN","name":"पठार"},{"lang":"th-TH","name":"ที่ราบสูง"},{"lang":"tr-TR","name":"plato"},{"lang":"pt-BR","name":"planalto"},{"lang":"de-DE","name":"Hochebene"},{"lang":"id-ID","name":"dataran tinggi"},{"lang":"fr-FR","name":"plateau"}]}]}