{"name":"Phonics /kw/","isRandom":true,"isBlur":true,"isUpper":true,"isByWords":false,"isForAdult":false,"separator":"","numWords":14,"Translations":[{"lang":"ru-RU","name":"Алфавит"},{"lang":"vi-VN","name":"Ngữ âm /kw/"},{"lang":"zh-CN","name":"自然拼读 /kw/"},{"lang":"hi-IN","name":"ध्वनि विज्ञान /kw/"},{"lang":"th-TH","name":"โฟนิกส์ /kw/"},{"lang":"tr-TR","name":"Fonetik /kw/"},{"lang":"pt-BR","name":"Fônica /kw/"},{"lang":"de-DE","name":"Phonik /kw/"},{"lang":"id-ID","name":"Fonik /kw/"},{"lang":"fr-FR","name":"Phonétique /kw/"}],"items":[{"id":0,"name":"quack","transcription":"[kwæk]","image":" ","translates":[{"lang":"ru-RU","name":"Крякать"},{"lang":"vi-VN","name":"Kêu quạc quạc"},{"lang":"zh-CN","name":"鸭叫声"},{"lang":"hi-IN","name":"क्वैक"},{"lang":"th-TH","name":"เสียงเป็ด"},{"lang":"tr-TR","name":"Vaklamak"},{"lang":"pt-BR","name":"Grasnar"},{"lang":"de-DE","name":"Quaken"},{"lang":"id-ID","name":"Suara bebek"},{"lang":"fr-FR","name":"Cancanner"}]},{"id":1,"name":"qualification","transcription":"[ˌkwɑlɪfɪˈkeɪʃən]","image":" ","translates":[{"lang":"ru-RU","name":"Квалификация"},{"lang":"vi-VN","name":"Trình độ"},{"lang":"zh-CN","name":"资格"},{"lang":"hi-IN","name":"योग्यता"},{"lang":"th-TH","name":"คุณสมบัติ"},{"lang":"tr-TR","name":"Nitelik"},{"lang":"pt-BR","name":"Qualificação"},{"lang":"de-DE","name":"Qualifikation"},{"lang":"id-ID","name":"Kualifikasi"},{"lang":"fr-FR","name":"Qualification"}]},{"id":2,"name":"qualify","transcription":"[ˈkwɑlɪfaɪ]","image":" ","translates":[{"lang":"ru-RU","name":"Квалифицировать"},{"lang":"vi-VN","name":"Đủ điều kiện"},{"lang":"zh-CN","name":"取得资格"},{"lang":"hi-IN","name":"योग्य बनाना"},{"lang":"th-TH","name":"มีคุณสมบัติ"},{"lang":"tr-TR","name":"Nitelik kazanmak"},{"lang":"pt-BR","name":"Qualificar"},{"lang":"de-DE","name":"Qualifizieren"},{"lang":"id-ID","name":"Memenuhi syarat"},{"lang":"fr-FR","name":"Qualifier"}]},{"id":3,"name":"quality","transcription":"[ˈkwɑlɪti]","image":" ","translates":[{"lang":"ru-RU","name":"Качество"},{"lang":"vi-VN","name":"Chất lượng"},{"lang":"zh-CN","name":"质量"},{"lang":"hi-IN","name":"गुणवत्ता"},{"lang":"th-TH","name":"คุณภาพ"},{"lang":"tr-TR","name":"Kalite"},{"lang":"pt-BR","name":"Qualidade"},{"lang":"de-DE","name":"Qualität"},{"lang":"id-ID","name":"Kualitas"},{"lang":"fr-FR","name":"Qualité"}]},{"id":4,"name":"quantity","transcription":"[ˈkwɑntɪti]","image":" ","translates":[{"lang":"ru-RU","name":"Количество"},{"lang":"vi-VN","name":"Số lượng"},{"lang":"zh-CN","name":"数量"},{"lang":"hi-IN","name":"मात्रा"},{"lang":"th-TH","name":"ปริมาณ"},{"lang":"tr-TR","name":"Miktar"},{"lang":"pt-BR","name":"Quantidade"},{"lang":"de-DE","name":"Menge"},{"lang":"id-ID","name":"Kuantitas"},{"lang":"fr-FR","name":"Quantité"}]},{"id":5,"name":"quarrel","transcription":"[ˈkwɔrəl]","image":" ","translates":[{"lang":"ru-RU","name":"Ссора"},{"lang":"vi-VN","name":"Cãi nhau"},{"lang":"zh-CN","name":"争吵"},{"lang":"hi-IN","name":"झगड़ा"},{"lang":"th-TH","name":"การทะเลาะ"},{"lang":"tr-TR","name":"Tartışma"},{"lang":"pt-BR","name":"Briga"},{"lang":"de-DE","name":"Streit"},{"lang":"id-ID","name":"Pertengkaran"},{"lang":"fr-FR","name":"Querelle"}]},{"id":6,"name":"queen","transcription":"[kwiːn]","image":" ","translates":[{"lang":"ru-RU","name":"Королева"},{"lang":"vi-VN","name":"Nữ hoàng"},{"lang":"zh-CN","name":"女王"},{"lang":"hi-IN","name":"रानी"},{"lang":"th-TH","name":"ราชินี"},{"lang":"tr-TR","name":"Kraliçe"},{"lang":"pt-BR","name":"Rainha"},{"lang":"de-DE","name":"Königin"},{"lang":"id-ID","name":"Ratu"},{"lang":"fr-FR","name":"Reine"}]},{"id":7,"name":"quest","transcription":"[kwɛst]","image":" ","translates":[{"lang":"ru-RU","name":"Поиск"},{"lang":"vi-VN","name":"Hành trình tìm kiếm"},{"lang":"zh-CN","name":"探索"},{"lang":"hi-IN","name":"खोज"},{"lang":"th-TH","name":"การค้นหา"},{"lang":"tr-TR","name":"Arayış"},{"lang":"pt-BR","name":"Missão"},{"lang":"de-DE","name":"Suche"},{"lang":"id-ID","name":"Pencarian"},{"lang":"fr-FR","name":"Quête"}]},{"id":8,"name":"question","transcription":"[ˈkwɛstʃən]","image":" ","translates":[{"lang":"ru-RU","name":"Вопрос"},{"lang":"vi-VN","name":"Câu hỏi"},{"lang":"zh-CN","name":"问题"},{"lang":"hi-IN","name":"प्रश्न"},{"lang":"th-TH","name":"คำถาม"},{"lang":"tr-TR","name":"Soru"},{"lang":"pt-BR","name":"Pergunta"},{"lang":"de-DE","name":"Frage"},{"lang":"id-ID","name":"Pertanyaan"},{"lang":"fr-FR","name":"Question"}]},{"id":9,"name":"quick","transcription":"[kwɪk]","image":" ","translates":[{"lang":"ru-RU","name":"Быстрый"},{"lang":"vi-VN","name":"Nhanh"},{"lang":"zh-CN","name":"快的"},{"lang":"hi-IN","name":"तेज़"},{"lang":"th-TH","name":"เร็ว"},{"lang":"tr-TR","name":"Hızlı"},{"lang":"pt-BR","name":"Rápido"},{"lang":"de-DE","name":"Schnell"},{"lang":"id-ID","name":"Cepat"},{"lang":"fr-FR","name":"Rapide"}]},{"id":10,"name":"quiet","transcription":"[ˈkwaɪət]","image":" ","translates":[{"lang":"ru-RU","name":"Тихий"},{"lang":"vi-VN","name":"Yên tĩnh"},{"lang":"zh-CN","name":"安静的"},{"lang":"hi-IN","name":"शांत"},{"lang":"th-TH","name":"เงียบ"},{"lang":"tr-TR","name":"Sessiz"},{"lang":"pt-BR","name":"Silencioso"},{"lang":"de-DE","name":"Leise"},{"lang":"id-ID","name":"Tenang"},{"lang":"fr-FR","name":"Silencieux"}]},{"id":11,"name":"quite","transcription":"[kwaɪt]","image":" ","translates":[{"lang":"ru-RU","name":"Довольно"},{"lang":"vi-VN","name":"Khá"},{"lang":"zh-CN","name":"相当"},{"lang":"hi-IN","name":"काफी"},{"lang":"th-TH","name":"ค่อนข้าง"},{"lang":"tr-TR","name":"Oldukça"},{"lang":"pt-BR","name":"Bastante"},{"lang":"de-DE","name":"Ziemlich"},{"lang":"id-ID","name":"Cukup"},{"lang":"fr-FR","name":"Assez"}]},{"id":12,"name":"quiz","transcription":"[kwɪz]","image":" ","translates":[{"lang":"ru-RU","name":"Викторина"},{"lang":"vi-VN","name":"Câu đố"},{"lang":"zh-CN","name":"测验"},{"lang":"hi-IN","name":"प्रश्नोत्तरी"},{"lang":"th-TH","name":"แบบทดสอบ"},{"lang":"tr-TR","name":"Test"},{"lang":"pt-BR","name":"Quiz"},{"lang":"de-DE","name":"Quiz"},{"lang":"id-ID","name":"Kuis"},{"lang":"fr-FR","name":"Quiz"}]},{"id":13,"name":"squirrel","transcription":"[ˈskwɜːrəl]","image":"/img/dict/animals/squirrel.png","translates":[{"lang":"ru-RU","name":"Белка"},{"lang":"vi-VN","name":"Con sóc"},{"lang":"zh-CN","name":"松鼠"},{"lang":"hi-IN","name":"गिलहरी"},{"lang":"th-TH","name":"กระรอก"},{"lang":"tr-TR","name":"Sincap"},{"lang":"pt-BR","name":"Esquilo"},{"lang":"de-DE","name":"Eichhörnchen"},{"lang":"id-ID","name":"Tupai"},{"lang":"fr-FR","name":"Écureuil"}]}]}