{
  "name": "/aʊ/ ow, ou, -ough",
  "nameA": null,
  "img": null,
  "minQuiz": null,
  "isRandom": false,
  "isBlur": false,
  "isUpper": true,
  "isByWords": false,
  "isForAdult": false,
  "separator": "",
  "numWords": 16,
  "tags": null,
  "Translations": [
    {
      "lang": "ru-RU",
      "name": "Алфавит",
      "nameA": null
    }
  ],
  "items": [
    {
      "id": 0,
      "name": "clown",
      "transcription": "[klaʊn]",
      "nameA": "",
      "image": " ",
      "bg": "transparent",
      "nameAnswer": null,
      "translates": [
        {
          "lang": "ru-RU",
          "name": "Клоун",
          "nameA": null
        }
      ]
    },
    {
      "id": 0,
      "name": "cow",
      "transcription": "[kaʊ]",
      "nameA": "",
      "image": "/img/dict/animals/cow.png",
      "bg": "transparent",
      "nameAnswer": null,
      "translates": [
        {
          "lang": "ru-RU",
          "name": "Корова",
          "nameA": null
        }
      ]
    },
    {
      "id": 0,
      "name": "down",
      "transcription": "[daʊn]",
      "nameA": "",
      "image": " ",
      "bg": "transparent",
      "nameAnswer": null,
      "translates": [
        {
          "lang": "ru-RU",
          "name": "Вниз",
          "nameA": null
        }
      ]
    },
    {
      "id": 0,
      "name": "flower",
      "transcription": "[ˈflaʊər]",
      "nameA": "",
      "image": " ",
      "bg": "transparent",
      "nameAnswer": null,
      "translates": [
        {
          "lang": "ru-RU",
          "name": "Цветок",
          "nameA": null
        }
      ]
    },
    {
      "id": 0,
      "name": "frown",
      "transcription": "[fraʊn]",
      "nameA": "",
      "image": " ",
      "bg": "transparent",
      "nameAnswer": null,
      "translates": [
        {
          "lang": "ru-RU",
          "name": "Хмуриться",
          "nameA": null
        }
      ]
    },
    {
      "id": 0,
      "name": "owl",
      "transcription": "[aʊl]",
      "nameA": "",
      "image": "/img/dict/animals/owl.png",
      "bg": "transparent",
      "nameAnswer": null,
      "translates": [
        {
          "lang": "ru-RU",
          "name": "Сова",
          "nameA": null
        }
      ]
    },
    {
      "id": 0,
      "name": "power",
      "transcription": "[ˈpaʊər]",
      "nameA": "",
      "image": " ",
      "bg": "transparent",
      "nameAnswer": null,
      "translates": [
        {
          "lang": "ru-RU",
          "name": "Сила",
          "nameA": null
        }
      ]
    },
    {
      "id": 0,
      "name": "town",
      "transcription": "[taʊn]",
      "nameA": "",
      "image": " ",
      "bg": "transparent",
      "nameAnswer": null,
      "translates": [
        {
          "lang": "ru-RU",
          "name": "Город",
          "nameA": null
        }
      ]
    },
    {
      "id": 0,
      "name": "about",
      "transcription": "[əˈbaʊt]",
      "nameA": "",
      "image": " ",
      "bg": "transparent",
      "nameAnswer": null,
      "translates": [
        {
          "lang": "ru-RU",
          "name": "О",
          "nameA": null
        }
      ]
    },
    {
      "id": 0,
      "name": "found",
      "transcription": "[faʊnd]",
      "nameA": "",
      "image": " ",
      "bg": "transparent",
      "nameAnswer": null,
      "translates": [
        {
          "lang": "ru-RU",
          "name": "Найденный",
          "nameA": null
        }
      ]
    },
    {
      "id": 0,
      "name": "ground",
      "transcription": "[ɡraʊnd]",
      "nameA": "",
      "image": " ",
      "bg": "transparent",
      "nameAnswer": null,
      "translates": [
        {
          "lang": "ru-RU",
          "name": "Земля",
          "nameA": null
        }
      ]
    },
    {
      "id": 0,
      "name": "house",
      "transcription": "[haʊs]",
      "nameA": "",
      "image": "/img/dict/animals/house.png",
      "bg": "transparent",
      "nameAnswer": null,
      "translates": [
        {
          "lang": "ru-RU",
          "name": "Дом",
          "nameA": null
        }
      ]
    },
    {
      "id": 0,
      "name": "mouse",
      "transcription": "[maʊs]",
      "nameA": "",
      "image": "/img/dict/animals/mouse.png",
      "bg": "transparent",
      "nameAnswer": null,
      "translates": [
        {
          "lang": "ru-RU",
          "name": "Мышь",
          "nameA": null
        }
      ]
    },
    {
      "id": 0,
      "name": "mouth",
      "transcription": "[maʊθ]",
      "nameA": "",
      "image": "/img/dict/body/mouth.png",
      "bg": "transparent",
      "nameAnswer": null,
      "translates": [
        {
          "lang": "ru-RU",
          "name": "Рот",
          "nameA": null
        }
      ]
    },
    {
      "id": 0,
      "name": "out",
      "transcription": "[aʊt]",
      "nameA": "",
      "image": " ",
      "bg": "transparent",
      "nameAnswer": null,
      "translates": [
        {
          "lang": "ru-RU",
          "name": "Вне",
          "nameA": null
        }
      ]
    },
    {
      "id": 0,
      "name": "plough",
      "transcription": "[plaʊ]",
      "nameA": "",
      "image": " ",
      "bg": "transparent",
      "nameAnswer": null,
      "translates": [
        {
          "lang": "ru-RU",
          "name": "Плуг",
          "nameA": null
        }
      ]
    }
  ]
}