{"name":"/ɑːr/ -ar, -al, -a","isRandom":false,"isBlur":false,"isUpper":true,"isByWords":false,"isForAdult":false,"separator":"","numWords":16,"Translations":[{"lang":"ru-RU","name":"Алфавит"},{"lang":"vi-VN","name":"Âm /ɑːr/"},{"lang":"zh-CN","name":"拼音 /ɑːr/"},{"lang":"hi-IN","name":"ध्वनि /ɑːr/"},{"lang":"th-TH","name":"เสียง /ɑːr/"},{"lang":"tr-TR","name":"Fonetik /ɑːr/"},{"lang":"pt-BR","name":"Fonética /ɑːr/"},{"lang":"de-DE","name":"Phonik /ɑːr/"},{"lang":"id-ID","name":"Fonik /ɑːr/"},{"lang":"fr-FR","name":"Phonétique /ɑːr/"}],"items":[{"id":0,"name":"arm","transcription":"[ɑːrm]","nameA":"","image":"/img/dict/body/arm.png","bg":"transparent","translates":[{"lang":"ru-RU","name":"Рука"},{"lang":"vi-VN","name":"Cánh tay"},{"lang":"zh-CN","name":"手臂"},{"lang":"hi-IN","name":"बांह"},{"lang":"th-TH","name":"แขน"},{"lang":"tr-TR","name":"Kol"},{"lang":"pt-BR","name":"Braço"},{"lang":"de-DE","name":"Arm"},{"lang":"id-ID","name":"Lengan"},{"lang":"fr-FR","name":"Bras"}]},{"id":0,"name":"car","transcription":"[kɑːr]","nameA":"","image":"/img/dict/toys/car.png","bg":"transparent","translates":[{"lang":"ru-RU","name":"Машина"},{"lang":"vi-VN","name":"Xe hơi"},{"lang":"zh-CN","name":"汽车"},{"lang":"hi-IN","name":"कार"},{"lang":"th-TH","name":"รถยนต์"},{"lang":"tr-TR","name":"Araba"},{"lang":"pt-BR","name":"Carro"},{"lang":"de-DE","name":"Auto"},{"lang":"id-ID","name":"Mobil"},{"lang":"fr-FR","name":"Voiture"}]},{"id":0,"name":"farm","transcription":"[fɑːrm]","nameA":"","image":"/img/dict/animals/farm.png","bg":"transparent","translates":[{"lang":"ru-RU","name":"Ферма"},{"lang":"vi-VN","name":"Nông trại"},{"lang":"zh-CN","name":"农场"},{"lang":"hi-IN","name":"खेत"},{"lang":"th-TH","name":"ฟาร์ม"},{"lang":"tr-TR","name":"Çiftlik"},{"lang":"pt-BR","name":"Fazenda"},{"lang":"de-DE","name":"Bauernhof"},{"lang":"id-ID","name":"Peternakan"},{"lang":"fr-FR","name":"Ferme"}]},{"id":0,"name":"garden","transcription":"[ˈɡɑːrdn]","nameA":"","image":" ","bg":"transparent","translates":[{"lang":"ru-RU","name":"Сад"},{"lang":"vi-VN","name":"Vườn"},{"lang":"zh-CN","name":"花园"},{"lang":"hi-IN","name":"बगीचा"},{"lang":"th-TH","name":"สวน"},{"lang":"tr-TR","name":"Bahçe"},{"lang":"pt-BR","name":"Jardim"},{"lang":"de-DE","name":"Garten"},{"lang":"id-ID","name":"Taman"},{"lang":"fr-FR","name":"Jardin"}]},{"id":0,"name":"market","transcription":"[ˈmɑːrkɪt]","nameA":"","image":" ","bg":"transparent","translates":[{"lang":"ru-RU","name":"Рынок"},{"lang":"vi-VN","name":"Chợ"},{"lang":"zh-CN","name":"市场"},{"lang":"hi-IN","name":"बाजार"},{"lang":"th-TH","name":"ตลาด"},{"lang":"tr-TR","name":"Pazar"},{"lang":"pt-BR","name":"Mercado"},{"lang":"de-DE","name":"Markt"},{"lang":"id-ID","name":"Pasar"},{"lang":"fr-FR","name":"Marché"}]},{"id":0,"name":"park","transcription":"[pɑːrk]","nameA":"","image":" ","bg":"transparent","translates":[{"lang":"ru-RU","name":"Парк"},{"lang":"vi-VN","name":"Công viên"},{"lang":"zh-CN","name":"公园"},{"lang":"hi-IN","name":"पार्क"},{"lang":"th-TH","name":"สวนสาธารณะ"},{"lang":"tr-TR","name":"Park"},{"lang":"pt-BR","name":"Parque"},{"lang":"de-DE","name":"Park"},{"lang":"id-ID","name":"Taman"},{"lang":"fr-FR","name":"Parc"}]},{"id":0,"name":"scarf","transcription":"[skɑːrf]","nameA":"","image":" ","bg":"transparent","translates":[{"lang":"ru-RU","name":"Шарф"},{"lang":"vi-VN","name":"Khăn quàng"},{"lang":"zh-CN","name":"围巾"},{"lang":"hi-IN","name":"दुपट्टा"},{"lang":"th-TH","name":"ผ้าพันคอ"},{"lang":"tr-TR","name":"Atkı"},{"lang":"pt-BR","name":"Lenço"},{"lang":"de-DE","name":"Schal"},{"lang":"id-ID","name":"Syal"},{"lang":"fr-FR","name":"Écharpe"}]},{"id":0,"name":"star","transcription":"[stɑːr]","nameA":"","image":"/img/dict/shapes/star.png","bg":"transparent","translates":[{"lang":"ru-RU","name":"Звезда"},{"lang":"vi-VN","name":"Ngôi sao"},{"lang":"zh-CN","name":"星星"},{"lang":"hi-IN","name":"तारा"},{"lang":"th-TH","name":"ดาว"},{"lang":"tr-TR","name":"Yıldız"},{"lang":"pt-BR","name":"Estrela"},{"lang":"de-DE","name":"Stern"},{"lang":"id-ID","name":"Bintang"},{"lang":"fr-FR","name":"Étoile"}]},{"id":0,"name":"cinema","transcription":"[ˈsɪnəmə]","nameA":"","image":"/img/dict/city/cinema.png","bg":"transparent","translates":[{"lang":"ru-RU","name":"Кино"},{"lang":"vi-VN","name":"Rạp chiếu phim"},{"lang":"zh-CN","name":"电影院"},{"lang":"hi-IN","name":"सिनेमा"},{"lang":"th-TH","name":"โรงภาพยนตร์"},{"lang":"tr-TR","name":"Sinema"},{"lang":"pt-BR","name":"Cinema"},{"lang":"de-DE","name":"Kino"},{"lang":"id-ID","name":"Bioskop"},{"lang":"fr-FR","name":"Cinéma"}]},{"id":0,"name":"drama","transcription":"[ˈdrɑːmə]","nameA":"","image":" ","bg":"transparent","translates":[{"lang":"ru-RU","name":"Драма"},{"lang":"vi-VN","name":"Kịch"},{"lang":"zh-CN","name":"戏剧"},{"lang":"hi-IN","name":"नाटक"},{"lang":"th-TH","name":"ละคร"},{"lang":"tr-TR","name":"Drama"},{"lang":"pt-BR","name":"Drama"},{"lang":"de-DE","name":"Drama"},{"lang":"id-ID","name":"Drama"},{"lang":"fr-FR","name":"Drame"}]},{"id":0,"name":"father","transcription":"[ˈfɑːðər]","nameA":"","image":"/img/dict/family/father.png","bg":"transparent","translates":[{"lang":"ru-RU","name":"Отец"},{"lang":"vi-VN","name":"Cha"},{"lang":"zh-CN","name":"父亲"},{"lang":"hi-IN","name":"पिता"},{"lang":"th-TH","name":"พ่อ"},{"lang":"tr-TR","name":"Baba"},{"lang":"pt-BR","name":"Pai"},{"lang":"de-DE","name":"Vater"},{"lang":"id-ID","name":"Ayah"},{"lang":"fr-FR","name":"Père"}]},{"id":0,"name":"rather","transcription":"[ˈrɑːðər]","nameA":"","image":" ","bg":"transparent","translates":[{"lang":"ru-RU","name":"Скорее"},{"lang":"vi-VN","name":"Khá"},{"lang":"zh-CN","name":"相当"},{"lang":"hi-IN","name":"बल्कि"},{"lang":"th-TH","name":"ค่อนข้าง"},{"lang":"tr-TR","name":"Oldukça"},{"lang":"pt-BR","name":"Bastante"},{"lang":"de-DE","name":"Ziemlich"},{"lang":"id-ID","name":"Agak"},{"lang":"fr-FR","name":"Plutôt"}]},{"id":0,"name":"calf","transcription":"[kɑːf]","nameA":"","image":"/img/dict/animals/calf.png","bg":"transparent","translates":[{"lang":"ru-RU","name":"Теленок"},{"lang":"vi-VN","name":"Bê con"},{"lang":"zh-CN","name":"小牛"},{"lang":"hi-IN","name":"बछड़ा"},{"lang":"th-TH","name":"ลูกวัว"},{"lang":"tr-TR","name":"Buzağı"},{"lang":"pt-BR","name":"Bezerro"},{"lang":"de-DE","name":"Kalb"},{"lang":"id-ID","name":"Anak sapi"},{"lang":"fr-FR","name":"Veau"}]},{"id":0,"name":"calm","transcription":"[kɑːm]","nameA":"","image":" ","bg":"transparent","translates":[{"lang":"ru-RU","name":"Спокойный"},{"lang":"vi-VN","name":"Bình tĩnh"},{"lang":"zh-CN","name":"平静"},{"lang":"hi-IN","name":"शांत"},{"lang":"th-TH","name":"สงบ"},{"lang":"tr-TR","name":"Sakin"},{"lang":"pt-BR","name":"Calmo"},{"lang":"de-DE","name":"Ruhig"},{"lang":"id-ID","name":"Tenang"},{"lang":"fr-FR","name":"Calme"}]},{"id":0,"name":"half","transcription":"[hɑːf]","nameA":"","image":" ","bg":"transparent","translates":[{"lang":"ru-RU","name":"Половина"},{"lang":"vi-VN","name":"Một nửa"},{"lang":"zh-CN","name":"一半"},{"lang":"hi-IN","name":"आधा"},{"lang":"th-TH","name":"ครึ่งหนึ่ง"},{"lang":"tr-TR","name":"Yarım"},{"lang":"pt-BR","name":"Metade"},{"lang":"de-DE","name":"Hälfte"},{"lang":"id-ID","name":"Setengah"},{"lang":"fr-FR","name":"Moitié"}]},{"id":0,"name":"palm","transcription":"[pɑːm]","nameA":"","image":" ","bg":"transparent","translates":[{"lang":"ru-RU","name":"Ладонь"},{"lang":"vi-VN","name":"Lòng bàn tay"},{"lang":"zh-CN","name":"手掌"},{"lang":"hi-IN","name":"हथेली"},{"lang":"th-TH","name":"ฝ่ามือ"},{"lang":"tr-TR","name":"Avuç içi"},{"lang":"pt-BR","name":"Palma"},{"lang":"de-DE","name":"Handfläche"},{"lang":"id-ID","name":"Telapak tangan"},{"lang":"fr-FR","name":"Paume"}]}]}