{
  "name": "Phonics /a/",
  "nameA": null,
  "img": null,
  "minQuiz": null,
  "isRandom": false,
  "isBlur": false,
  "isUpper": true,
  "isByWords": false,
  "isForAdult": false,
  "separator": "",
  "numWords": 13,
  "tags": null,
  "Translations": [
    {
      "lang": "ru-RU",
      "name": "Алфавит",
      "nameA": null
    }
  ],
  "items": [
    {
      "id": 0,
      "name": "/a/",
      "transcription": "",
      "nameA": "/sound/dict/a.mp3",
      "image": "",
      "bg": "transparent",
      "nameAnswer": null,
      "translates": [
        {
          "lang": "ru-RU",
          "name": "",
          "nameA": null
        }
      ]
    },
    {
      "id": 0,
      "name": "Ant",
      "transcription": "[ænt]",
      "nameA": "",
      "image": "/img/dict/animals/ant.png",
      "bg": "transparent",
      "nameAnswer": null,
      "translates": [
        {
          "lang": "ru-RU",
          "name": "Муравей",
          "nameA": null
        }
      ]
    },
    {
      "id": 0,
      "name": "Alligator",
      "transcription": "[ˈælɪɡeɪtər]",
      "nameA": "",
      "image": "/img/dict/animals/alligator.png",
      "bg": "transparent",
      "nameAnswer": null,
      "translates": [
        {
          "lang": "ru-RU",
          "name": "Аллигатор",
          "nameA": null
        }
      ]
    },
    {
      "id": 0,
      "name": "Axe",
      "transcription": "[æks]",
      "nameA": "",
      "image": "/img/dict/home/axe.png",
      "bg": "transparent",
      "nameAnswer": null,
      "translates": [
        {
          "lang": "ru-RU",
          "name": "Топор",
          "nameA": null
        }
      ]
    },
    {
      "id": 0,
      "name": "Apple",
      "transcription": "[ˈæpl]",
      "nameA": "",
      "image": "/img/dict/food/apple.png",
      "bg": "transparent",
      "nameAnswer": null,
      "translates": [
        {
          "lang": "ru-RU",
          "name": "Яблоко",
          "nameA": null
        }
      ]
    },
    {
      "id": 0,
      "name": "Hat",
      "transcription": "[hæt]",
      "nameA": "",
      "image": "/img/dict/clothes/hat.png",
      "bg": "transparent",
      "nameAnswer": null,
      "translates": [
        {
          "lang": "ru-RU",
          "name": "Шляпа",
          "nameA": null
        }
      ]
    },
    {
      "id": 0,
      "name": "Bat",
      "transcription": "[bæt]",
      "nameA": "",
      "image": "/img/dict/animals/bat.png",
      "bg": "transparent",
      "nameAnswer": null,
      "translates": [
        {
          "lang": "ru-RU",
          "name": "Летучая мышь",
          "nameA": null
        }
      ]
    },
    {
      "id": 0,
      "name": "Cat",
      "transcription": "[ræt]",
      "nameA": "",
      "image": "/img/dict/animals/cat.png",
      "bg": "transparent",
      "nameAnswer": null,
      "translates": [
        {
          "lang": "ru-RU",
          "name": "Кошка",
          "nameA": null
        }
      ]
    },
    {
      "id": 0,
      "name": "Rat",
      "transcription": "[ræt]",
      "nameA": "",
      "image": "/img/dict/animals/rat.png",
      "bg": "transparent",
      "nameAnswer": null,
      "translates": [
        {
          "lang": "ru-RU",
          "name": "Крыса",
          "nameA": null
        }
      ]
    },
    {
      "id": 0,
      "name": "Mat",
      "transcription": "[mæt]",
      "nameA": "",
      "image": "/img/dict/home/mat.png",
      "bg": "transparent",
      "nameAnswer": null,
      "translates": [
        {
          "lang": "ru-RU",
          "name": "Коврик",
          "nameA": null
        }
      ]
    },
    {
      "id": 0,
      "name": "Jam",
      "transcription": "[dʒæm]",
      "nameA": "",
      "image": "/img/dict/food/jam.png",
      "bg": "transparent",
      "nameAnswer": null,
      "translates": [
        {
          "lang": "ru-RU",
          "name": "Варенье",
          "nameA": null
        }
      ]
    },
    {
      "id": 0,
      "name": "Lamp",
      "transcription": "[læmp]",
      "nameA": "",
      "image": "/img/dict/home/lamp.png",
      "bg": "transparent",
      "nameAnswer": null,
      "translates": [
        {
          "lang": "ru-RU",
          "name": "Лампа",
          "nameA": null
        }
      ]
    },
    {
      "id": 0,
      "name": "Stamp",
      "transcription": "[stæmp]",
      "nameA": "",
      "image": "/img/dict/travel/stamp.png",
      "bg": "transparent",
      "nameAnswer": null,
      "translates": [
        {
          "lang": "ru-RU",
          "name": "Марка",
          "nameA": null
        }
      ]
    }
  ]
}