{
  "name": "/ʊ/ -oo, -oul, -u",
  "nameA": null,
  "img": null,
  "minQuiz": null,
  "isRandom": false,
  "isBlur": false,
  "isUpper": true,
  "isByWords": false,
  "isForAdult": false,
  "separator": "",
  "numWords": 13,
  "tags": null,
  "Translations": [
    {
      "lang": "ru-RU",
      "name": "Алфавит",
      "nameA": null
    }
  ],
  "items": [
    {
      "id": 0,
      "name": "book",
      "transcription": "[bʊk]",
      "nameA": "",
      "image": "/img/dict/classroom/book.png",
      "bg": "transparent",
      "nameAnswer": null,
      "translates": [
        {
          "lang": "ru-RU",
          "name": "Книга",
          "nameA": null
        }
      ]
    },
    {
      "id": 0,
      "name": "cook",
      "transcription": "[kʊk]",
      "nameA": "",
      "image": " ",
      "bg": "transparent",
      "nameAnswer": null,
      "translates": [
        {
          "lang": "ru-RU",
          "name": "Готовить",
          "nameA": null
        }
      ]
    },
    {
      "id": 0,
      "name": "foot",
      "transcription": "[fʊt]",
      "nameA": "",
      "image": "/img/dict/body/foot.png",
      "bg": "transparent",
      "nameAnswer": null,
      "translates": [
        {
          "lang": "ru-RU",
          "name": "Нога",
          "nameA": null
        }
      ]
    },
    {
      "id": 0,
      "name": "look",
      "transcription": "[lʊk]",
      "nameA": "",
      "image": " ",
      "bg": "transparent",
      "nameAnswer": null,
      "translates": [
        {
          "lang": "ru-RU",
          "name": "Смотреть",
          "nameA": null
        }
      ]
    },
    {
      "id": 0,
      "name": "rook",
      "transcription": "[rʊk]",
      "nameA": "",
      "image": " ",
      "bg": "transparent",
      "nameAnswer": null,
      "translates": [
        {
          "lang": "ru-RU",
          "name": "Ладья",
          "nameA": null
        }
      ]
    },
    {
      "id": 0,
      "name": "shook",
      "transcription": "[ʃʊk]",
      "nameA": "",
      "image": " ",
      "bg": "transparent",
      "nameAnswer": null,
      "translates": [
        {
          "lang": "ru-RU",
          "name": "Потрясенный",
          "nameA": null
        }
      ]
    },
    {
      "id": 0,
      "name": "took",
      "transcription": "[tʊk]",
      "nameA": "",
      "image": " ",
      "bg": "transparent",
      "nameAnswer": null,
      "translates": [
        {
          "lang": "ru-RU",
          "name": "Взял",
          "nameA": null
        }
      ]
    },
    {
      "id": 0,
      "name": "could",
      "transcription": "[kʊd]",
      "nameA": "",
      "image": " ",
      "bg": "transparent",
      "nameAnswer": null,
      "translates": [
        {
          "lang": "ru-RU",
          "name": "Мог",
          "nameA": null
        }
      ]
    },
    {
      "id": 0,
      "name": "should",
      "transcription": "[ʃʊd]",
      "nameA": "",
      "image": " ",
      "bg": "transparent",
      "nameAnswer": null,
      "translates": [
        {
          "lang": "ru-RU",
          "name": "Должен",
          "nameA": null
        }
      ]
    },
    {
      "id": 0,
      "name": "would",
      "transcription": "[wʊd]",
      "nameA": "",
      "image": " ",
      "bg": "transparent",
      "nameAnswer": null,
      "translates": [
        {
          "lang": "ru-RU",
          "name": "Был бы",
          "nameA": null
        }
      ]
    },
    {
      "id": 0,
      "name": "pull",
      "transcription": "[pʊl]",
      "nameA": "",
      "image": " ",
      "bg": "transparent",
      "nameAnswer": null,
      "translates": [
        {
          "lang": "ru-RU",
          "name": "Тянуть",
          "nameA": null
        }
      ]
    },
    {
      "id": 0,
      "name": "push",
      "transcription": "[pʊʃ]",
      "nameA": "",
      "image": " ",
      "bg": "transparent",
      "nameAnswer": null,
      "translates": [
        {
          "lang": "ru-RU",
          "name": "Толкать",
          "nameA": null
        }
      ]
    },
    {
      "id": 0,
      "name": "put",
      "transcription": "[pʊt]",
      "nameA": "",
      "image": " ",
      "bg": "transparent",
      "nameAnswer": null,
      "translates": [
        {
          "lang": "ru-RU",
          "name": "Положить",
          "nameA": null
        }
      ]
    }
  ]
}