{"name":"/b/","isRandom":false,"isBlur":false,"isUpper":true,"isByWords":false,"isForAdult":false,"separator":"","numWords":111,"Translations":[{"lang":"ru-RU","name":"Алфавит"}],"items":[{"id":0,"name":"/b/","transcription":"","nameA":"/sound/dict/b.mp3","image":"","bg":"","translates":[{"lang":"ru-RU","name":""},{"lang":"vi-VN","name":"Âm /b/"},{"lang":"zh-CN","name":"/b/音"},{"lang":"hi-IN","name":"/b/ ध्वनि"},{"lang":"th-TH","name":"เสียง /b/"},{"lang":"tr-TR","name":"/b/ sesi"},{"lang":"pt-BR","name":"Som /b/"},{"lang":"de-DE","name":"/b/ Laut"},{"lang":"id-ID","name":"Suara /b/"},{"lang":"fr-FR","name":"Son /b/"}]},{"id":0,"name":"baby","transcription":"[ˈbeɪbi]","nameA":"","image":"/img/dict/family/baby.png","bg":"transparent","translates":[{"lang":"ru-RU","name":"Ребенок"},{"lang":"vi-VN","name":"Em bé"},{"lang":"zh-CN","name":"婴儿"},{"lang":"hi-IN","name":"बच्चा"},{"lang":"th-TH","name":"ทารก"},{"lang":"tr-TR","name":"Bebek"},{"lang":"pt-BR","name":"Bebê"},{"lang":"de-DE","name":"Baby"},{"lang":"id-ID","name":"Bayi"},{"lang":"fr-FR","name":"Bébé"}]},{"id":0,"name":"back","transcription":"[bæk]","nameA":"","image":"/img/dict/body/back.png","bg":"transparent","translates":[{"lang":"ru-RU","name":"Спина"},{"lang":"vi-VN","name":"Lưng"},{"lang":"zh-CN","name":"背部"},{"lang":"hi-IN","name":"पीठ"},{"lang":"th-TH","name":"หลัง"},{"lang":"tr-TR","name":"Sırt"},{"lang":"pt-BR","name":"Costas"},{"lang":"de-DE","name":"Rücken"},{"lang":"id-ID","name":"Punggung"},{"lang":"fr-FR","name":"Dos"}]},{"id":0,"name":"bed","transcription":"[bɛd]","nameA":"","image":"/img/dict/home/bed.png","bg":"transparent","translates":[{"lang":"ru-RU","name":"Кровать"},{"lang":"vi-VN","name":"Giường"},{"lang":"zh-CN","name":"床"},{"lang":"hi-IN","name":"बिस्तर"},{"lang":"th-TH","name":"เตียง"},{"lang":"tr-TR","name":"Yatak"},{"lang":"pt-BR","name":"Cama"},{"lang":"de-DE","name":"Bett"},{"lang":"id-ID","name":"Tempat tidur"},{"lang":"fr-FR","name":"Lit"}]},{"id":0,"name":"bag","transcription":"[bæɡ]","nameA":"","image":" ","bg":"transparent","translates":[{"lang":"ru-RU","name":"Сумка"},{"lang":"vi-VN","name":"Túi"},{"lang":"zh-CN","name":"包"},{"lang":"hi-IN","name":"बैग"},{"lang":"th-TH","name":"กระเป๋า"},{"lang":"tr-TR","name":"Çanta"},{"lang":"pt-BR","name":"Bolsa"},{"lang":"de-DE","name":"Tasche"},{"lang":"id-ID","name":"Tas"},{"lang":"fr-FR","name":"Sac"}]},{"id":0,"name":"bake","transcription":"[beɪk]","nameA":"","image":" ","bg":"transparent","translates":[{"lang":"ru-RU","name":"Печь"},{"lang":"vi-VN","name":"Nướng"},{"lang":"zh-CN","name":"烤"},{"lang":"hi-IN","name":"सेंकना"},{"lang":"th-TH","name":"อบ"},{"lang":"tr-TR","name":"Pişirmek"},{"lang":"pt-BR","name":"Assar"},{"lang":"de-DE","name":"Backen"},{"lang":"id-ID","name":"Memanggang"},{"lang":"fr-FR","name":"Cuire"}]},{"id":0,"name":"balance","transcription":"[ˈbæləns]","nameA":"","image":" ","bg":"transparent","translates":[{"lang":"ru-RU","name":"Баланс"},{"lang":"vi-VN","name":"Cân bằng"},{"lang":"zh-CN","name":"平衡"},{"lang":"hi-IN","name":"संतुलन"},{"lang":"th-TH","name":"ความสมดุล"},{"lang":"tr-TR","name":"Denge"},{"lang":"pt-BR","name":"Equilíbrio"},{"lang":"de-DE","name":"Balance"},{"lang":"id-ID","name":"Keseimbangan"},{"lang":"fr-FR","name":"Équilibre"}]},{"id":0,"name":"ball","transcription":"[bɔl]","nameA":"","image":"/img/dict/toys/ball.png","bg":"transparent","translates":[{"lang":"ru-RU","name":"Мяч"},{"lang":"vi-VN","name":"Quả bóng"},{"lang":"zh-CN","name":"球"},{"lang":"hi-IN","name":"गेंद"},{"lang":"th-TH","name":"ลูกบอล"},{"lang":"tr-TR","name":"Top"},{"lang":"pt-BR","name":"Bola"},{"lang":"de-DE","name":"Ball"},{"lang":"id-ID","name":"Bola"},{"lang":"fr-FR","name":"Balle"}]},{"id":0,"name":"balloon","transcription":"[bəˈluːn]","nameA":"","image":" ","bg":"transparent","translates":[{"lang":"ru-RU","name":"Воздушный шар"},{"lang":"vi-VN","name":"Bóng bay"},{"lang":"zh-CN","name":"气球"},{"lang":"hi-IN","name":"गुब्बारा"},{"lang":"th-TH","name":"ลูกโป่ง"},{"lang":"tr-TR","name":"Balon"},{"lang":"pt-BR","name":"Balão"},{"lang":"de-DE","name":"Luftballon"},{"lang":"id-ID","name":"Balon"},{"lang":"fr-FR","name":"Ballon"}]},{"id":0,"name":"banana","transcription":"[bəˈnænə]","nameA":"","image":"/img/dict/food/banana.png","bg":"transparent","translates":[{"lang":"ru-RU","name":"Банан"},{"lang":"vi-VN","name":"Quả chuối"},{"lang":"zh-CN","name":"香蕉"},{"lang":"hi-IN","name":"केला"},{"lang":"th-TH","name":"กล้วย"},{"lang":"tr-TR","name":"Muz"},{"lang":"pt-BR","name":"Banana"},{"lang":"de-DE","name":"Banane"},{"lang":"id-ID","name":"Pisang"},{"lang":"fr-FR","name":"Banane"}]},{"id":0,"name":"band","transcription":"[bænd]","nameA":"","image":" ","bg":"transparent","translates":[{"lang":"ru-RU","name":"Группа"},{"lang":"vi-VN","name":"Ban nhạc"},{"lang":"zh-CN","name":"乐队"},{"lang":"hi-IN","name":"बैंड"},{"lang":"th-TH","name":"วงดนตรี"},{"lang":"tr-TR","name":"Grup"},{"lang":"pt-BR","name":"Banda"},{"lang":"de-DE","name":"Band"},{"lang":"id-ID","name":"Band"},{"lang":"fr-FR","name":"Groupe"}]},{"id":0,"name":"bank","transcription":"[bæŋk]","nameA":"","image":" ","bg":"transparent","translates":[{"lang":"ru-RU","name":"Банк"},{"lang":"vi-VN","name":"Ngân hàng"},{"lang":"zh-CN","name":"银行"},{"lang":"hi-IN","name":"बैंक"},{"lang":"th-TH","name":"ธนาคาร"},{"lang":"tr-TR","name":"Banka"},{"lang":"pt-BR","name":"Banco"},{"lang":"de-DE","name":"Bank"},{"lang":"id-ID","name":"Bank"},{"lang":"fr-FR","name":"Banque"}]},{"id":0,"name":"bar","transcription":"[bɑr]","nameA":"","image":" ","bg":"transparent","translates":[{"lang":"ru-RU","name":"Бар"},{"lang":"vi-VN","name":"Quán bar"},{"lang":"zh-CN","name":"酒吧"},{"lang":"hi-IN","name":"बार"},{"lang":"th-TH","name":"บาร์"},{"lang":"tr-TR","name":"Bar"},{"lang":"pt-BR","name":"Bar"},{"lang":"de-DE","name":"Bar"},{"lang":"id-ID","name":"Bar"},{"lang":"fr-FR","name":"Bar"}]},{"id":0,"name":"bare","transcription":"[bɛr]","nameA":"","image":" ","bg":"transparent","translates":[{"lang":"ru-RU","name":"Голый"},{"lang":"vi-VN","name":"Trần trụi"},{"lang":"zh-CN","name":"赤裸的"},{"lang":"hi-IN","name":"नंगा"},{"lang":"th-TH","name":"เปลือย"},{"lang":"tr-TR","name":"Çıplak"},{"lang":"pt-BR","name":"Nu"},{"lang":"de-DE","name":"Nackt"},{"lang":"id-ID","name":"Telanjang"},{"lang":"fr-FR","name":"Nu"}]},{"id":0,"name":"bark","transcription":"[bɑrk]","nameA":"","image":" ","bg":"transparent","translates":[{"lang":"ru-RU","name":"Лаять"},{"lang":"vi-VN","name":"Sủa"},{"lang":"zh-CN","name":"吠叫"},{"lang":"hi-IN","name":"भौंकना"},{"lang":"th-TH","name":"เห่า"},{"lang":"tr-TR","name":"Havlamak"},{"lang":"pt-BR","name":"Latir"},{"lang":"de-DE","name":"Bellen"},{"lang":"id-ID","name":"Menggonggong"},{"lang":"fr-FR","name":"Aboyer"}]},{"id":0,"name":"basket","transcription":"[ˈbæskɪt]","nameA":"","image":" ","bg":"transparent","translates":[{"lang":"ru-RU","name":"Корзина"},{"lang":"vi-VN","name":"Giỏ"},{"lang":"zh-CN","name":"篮子"},{"lang":"hi-IN","name":"टोकरी"},{"lang":"th-TH","name":"ตะกร้า"},{"lang":"tr-TR","name":"Sepet"},{"lang":"pt-BR","name":"Cesta"},{"lang":"de-DE","name":"Korb"},{"lang":"id-ID","name":"Keranjang"},{"lang":"fr-FR","name":"Panier"}]},{"id":0,"name":"bat","transcription":"[bæt]","nameA":"","image":"/img/dict/animals/bat.png","bg":"transparent","translates":[{"lang":"ru-RU","name":"Летучая мышь"},{"lang":"vi-VN","name":"Con dơi"},{"lang":"zh-CN","name":"蝙蝠"},{"lang":"hi-IN","name":"चमगादड़"},{"lang":"th-TH","name":"ค้างคาว"},{"lang":"tr-TR","name":"Yarasa"},{"lang":"pt-BR","name":"Morcego"},{"lang":"de-DE","name":"Fledermaus"},{"lang":"id-ID","name":"Kelelawar"},{"lang":"fr-FR","name":"Chauve-souris"}]},{"id":0,"name":"bath","transcription":"[bæθ]","nameA":"","image":"/img/dict/home/bath.png","bg":"transparent","translates":[{"lang":"ru-RU","name":"Ванна"},{"lang":"vi-VN","name":"Bồn tắm"},{"lang":"zh-CN","name":"浴缸"},{"lang":"hi-IN","name":"स्नान"},{"lang":"th-TH","name":"อ่างอาบน้ำ"},{"lang":"tr-TR","name":"Banyo"},{"lang":"pt-BR","name":"Banheira"},{"lang":"de-DE","name":"Bad"},{"lang":"id-ID","name":"Bak mandi"},{"lang":"fr-FR","name":"Bain"}]},{"id":0,"name":"bathroom","transcription":"[ˈbæθruːm]","nameA":"","image":"/img/dict/home/bathroom.png","bg":"transparent","translates":[{"lang":"ru-RU","name":"Ванная комната"},{"lang":"vi-VN","name":"Phòng tắm"},{"lang":"zh-CN","name":"浴室"},{"lang":"hi-IN","name":"स्नानघर"},{"lang":"th-TH","name":"ห้องน้ำ"},{"lang":"tr-TR","name":"Banyo"},{"lang":"pt-BR","name":"Banheiro"},{"lang":"de-DE","name":"Badezimmer"},{"lang":"id-ID","name":"Kamar mandi"},{"lang":"fr-FR","name":"Salle de bain"}]},{"id":0,"name":"battery","transcription":"[ˈbætəri]","nameA":"","image":" ","bg":"transparent","translates":[{"lang":"ru-RU","name":"Батарейка"},{"lang":"vi-VN","name":"Pin"},{"lang":"zh-CN","name":"电池"},{"lang":"hi-IN","name":"बैटरी"},{"lang":"th-TH","name":"แบตเตอรี่"},{"lang":"tr-TR","name":"Pil"},{"lang":"pt-BR","name":"Bateria"},{"lang":"de-DE","name":"Batterie"},{"lang":"id-ID","name":"Baterai"},{"lang":"fr-FR","name":"Pile"}]},{"id":0,"name":"beach","transcription":"[biːtʃ]","nameA":"","image":" ","bg":"transparent","translates":[{"lang":"ru-RU","name":"Пляж"},{"lang":"vi-VN","name":"Bãi biển"},{"lang":"zh-CN","name":"海滩"},{"lang":"hi-IN","name":"समुद्र तट"},{"lang":"th-TH","name":"ชายหาด"},{"lang":"tr-TR","name":"Plaj"},{"lang":"pt-BR","name":"Praia"},{"lang":"de-DE","name":"Strand"},{"lang":"id-ID","name":"Pantai"},{"lang":"fr-FR","name":"Plage"}]},{"id":0,"name":"beak","transcription":"[biːk]","nameA":"","image":" ","bg":"transparent","translates":[{"lang":"ru-RU","name":"Клюв"},{"lang":"vi-VN","name":"Mỏ chim"},{"lang":"zh-CN","name":"鸟嘴"},{"lang":"hi-IN","name":"चोंच"},{"lang":"th-TH","name":"จะงอยปาก"},{"lang":"tr-TR","name":"Gaga"},{"lang":"pt-BR","name":"Bico"},{"lang":"de-DE","name":"Schnabel"},{"lang":"id-ID","name":"Paruh"},{"lang":"fr-FR","name":"Bec"}]},{"id":0,"name":"bear","transcription":"[bɛr]","nameA":"","image":"/img/dict/animals/bear.png","bg":"transparent","translates":[{"lang":"ru-RU","name":"Медведь"},{"lang":"vi-VN","name":"Gấu"},{"lang":"zh-CN","name":"熊"},{"lang":"hi-IN","name":"भालू"},{"lang":"th-TH","name":"หมี"},{"lang":"tr-TR","name":"Ayı"},{"lang":"pt-BR","name":"Urso"},{"lang":"de-DE","name":"Bär"},{"lang":"id-ID","name":"Beruang"},{"lang":"fr-FR","name":"Ours"}]},{"id":0,"name":"beard","transcription":"[bɪrd]","nameA":"","image":" ","bg":"transparent","translates":[{"lang":"ru-RU","name":"Борода"},{"lang":"vi-VN","name":"Râu"},{"lang":"zh-CN","name":"胡子"},{"lang":"hi-IN","name":"दाढ़ी"},{"lang":"th-TH","name":"เครา"},{"lang":"tr-TR","name":"Sakal"},{"lang":"pt-BR","name":"Barba"},{"lang":"de-DE","name":"Bart"},{"lang":"id-ID","name":"Janggut"},{"lang":"fr-FR","name":"Barbe"}]},{"id":0,"name":"beat","transcription":"[biːt]","nameA":"","image":" ","bg":"transparent","translates":[{"lang":"ru-RU","name":"Бить"},{"lang":"vi-VN","name":"Đánh"},{"lang":"zh-CN","name":"打"},{"lang":"hi-IN","name":"मारना"},{"lang":"th-TH","name":"ตี"},{"lang":"tr-TR","name":"Dövmek"},{"lang":"pt-BR","name":"Bater"},{"lang":"de-DE","name":"Schlagen"},{"lang":"id-ID","name":"Memukul"},{"lang":"fr-FR","name":"Battre"}]},{"id":0,"name":"beautiful","transcription":"[ˈbjuːtɪfəl]","nameA":"","image":" ","bg":"transparent","translates":[{"lang":"ru-RU","name":"Красивый"},{"lang":"vi-VN","name":"Đẹp"},{"lang":"zh-CN","name":"美丽的"},{"lang":"hi-IN","name":"सुंदर"},{"lang":"th-TH","name":"สวยงาม"},{"lang":"tr-TR","name":"Güzel"},{"lang":"pt-BR","name":"Bonito"},{"lang":"de-DE","name":"Schön"},{"lang":"id-ID","name":"Cantik"},{"lang":"fr-FR","name":"Beau"}]},{"id":0,"name":"bed","transcription":"[bɛd]","nameA":"","image":"/img/dict/home/bed.png","bg":"transparent","translates":[{"lang":"ru-RU","name":"Кровать"},{"lang":"vi-VN","name":"Giường"},{"lang":"zh-CN","name":"床"},{"lang":"hi-IN","name":"बिस्तर"},{"lang":"th-TH","name":"เตียง"},{"lang":"tr-TR","name":"Yatak"},{"lang":"pt-BR","name":"Cama"},{"lang":"de-DE","name":"Bett"},{"lang":"id-ID","name":"Tempat tidur"},{"lang":"fr-FR","name":"Lit"}]},{"id":0,"name":"bedroom","transcription":"[ˈbɛdruːm]","nameA":"","image":"/img/dict/home/bedroom.png","bg":"transparent","translates":[{"lang":"ru-RU","name":"Спальня"},{"lang":"vi-VN","name":"Phòng ngủ"},{"lang":"zh-CN","name":"卧室"},{"lang":"hi-IN","name":"शयनकक्ष"},{"lang":"th-TH","name":"ห้องนอน"},{"lang":"tr-TR","name":"Yatak odası"},{"lang":"pt-BR","name":"Quarto"},{"lang":"de-DE","name":"Schlafzimmer"},{"lang":"id-ID","name":"Kamar tidur"},{"lang":"fr-FR","name":"Chambre"}]},{"id":0,"name":"bee","transcription":"[biː]","nameA":"","image":"/img/dict/animals/bee.png","bg":"transparent","translates":[{"lang":"ru-RU","name":"Пчела"},{"lang":"vi-VN","name":"Con ong"},{"lang":"zh-CN","name":"蜜蜂"},{"lang":"hi-IN","name":"मधुमक्खी"},{"lang":"th-TH","name":"ผึ้ง"},{"lang":"tr-TR","name":"Arı"},{"lang":"pt-BR","name":"Abelha"},{"lang":"de-DE","name":"Biene"},{"lang":"id-ID","name":"Lebah"},{"lang":"fr-FR","name":"Abeille"}]},{"id":0,"name":"beetle","transcription":"[ˈbiːtəl]","nameA":"","image":" ","bg":"transparent","translates":[{"lang":"ru-RU","name":"Жук"},{"lang":"vi-VN","name":"Bọ cánh cứng"},{"lang":"zh-CN","name":"甲虫"},{"lang":"hi-IN","name":"भृंग"},{"lang":"th-TH","name":"แมลงปีกแข็ง"},{"lang":"tr-TR","name":"Böcek"},{"lang":"pt-BR","name":"Besouro"},{"lang":"de-DE","name":"Käfer"},{"lang":"id-ID","name":"Kumbang"},{"lang":"fr-FR","name":"Scarabée"}]},{"id":0,"name":"begin","transcription":"[bɪˈɡɪn]","nameA":"","image":" ","bg":"transparent","translates":[{"lang":"ru-RU","name":"Начинать"},{"lang":"vi-VN","name":"Bắt đầu"},{"lang":"zh-CN","name":"开始"},{"lang":"hi-IN","name":"शुरू करना"},{"lang":"th-TH","name":"เริ่มต้น"},{"lang":"tr-TR","name":"Başlamak"},{"lang":"pt-BR","name":"Começar"},{"lang":"de-DE","name":"Beginnen"},{"lang":"id-ID","name":"Mulai"},{"lang":"fr-FR","name":"Commencer"}]},{"id":0,"name":"behave","transcription":"[bɪˈheɪv]","nameA":"","image":" ","bg":"transparent","translates":[{"lang":"ru-RU","name":"Вести себя"},{"lang":"vi-VN","name":"Cư xử"},{"lang":"zh-CN","name":"行为"},{"lang":"hi-IN","name":"व्यवहार करना"},{"lang":"th-TH","name":"ประพฤติ"},{"lang":"tr-TR","name":"Davranmak"},{"lang":"pt-BR","name":"Comportar-se"},{"lang":"de-DE","name":"Benehmen"},{"lang":"id-ID","name":"Berperilaku"},{"lang":"fr-FR","name":"Se comporter"}]},{"id":0,"name":"believe","transcription":"[bɪˈliːv]","nameA":"","image":" ","bg":"transparent","translates":[{"lang":"ru-RU","name":"Верить"},{"lang":"vi-VN","name":"Tin"},{"lang":"zh-CN","name":"相信"},{"lang":"hi-IN","name":"विश्वास करना"},{"lang":"th-TH","name":"เชื่อ"},{"lang":"tr-TR","name":"İnanmak"},{"lang":"pt-BR","name":"Acreditar"},{"lang":"de-DE","name":"Glauben"},{"lang":"id-ID","name":"Percaya"},{"lang":"fr-FR","name":"Croire"}]},{"id":0,"name":"bell","transcription":"[bɛl]","nameA":"","image":"/img/dict/classroom/bell.png","bg":"transparent","translates":[{"lang":"ru-RU","name":"Колокол"},{"lang":"vi-VN","name":"Chuông"},{"lang":"zh-CN","name":"铃铛"},{"lang":"hi-IN","name":"घंटी"},{"lang":"th-TH","name":"กระดิ่ง"},{"lang":"tr-TR","name":"Zil"},{"lang":"pt-BR","name":"Sino"},{"lang":"de-DE","name":"Glocke"},{"lang":"id-ID","name":"Lonceng"},{"lang":"fr-FR","name":"Cloche"}]},{"id":0,"name":"belong","transcription":"[bɪˈlɔŋ]","nameA":"","image":" ","bg":"transparent","translates":[{"lang":"ru-RU","name":"Принадлежать"},{"lang":"vi-VN","name":"Thuộc về"},{"lang":"zh-CN","name":"属于"},{"lang":"hi-IN","name":"संबंधित होना"},{"lang":"th-TH","name":"เป็นของ"},{"lang":"tr-TR","name":"Ait olmak"},{"lang":"pt-BR","name":"Pertencer"},{"lang":"de-DE","name":"Gehören"},{"lang":"id-ID","name":"Milik"},{"lang":"fr-FR","name":"Appartenir"}]},{"id":0,"name":"belt","transcription":"[bɛlt]","nameA":"","image":" ","bg":"transparent","translates":[{"lang":"ru-RU","name":"Ремень"},{"lang":"vi-VN","name":"Thắt lưng"},{"lang":"zh-CN","name":"腰带"},{"lang":"hi-IN","name":"बेल्ट"},{"lang":"th-TH","name":"เข็มขัด"},{"lang":"tr-TR","name":"Kemer"},{"lang":"pt-BR","name":"Cinto"},{"lang":"de-DE","name":"Gürtel"},{"lang":"id-ID","name":"Sabuk"},{"lang":"fr-FR","name":"Ceinture"}]},{"id":0,"name":"bench","transcription":"[bɛntʃ]","nameA":"","image":" ","bg":"transparent","translates":[{"lang":"ru-RU","name":"Скамейка"},{"lang":"vi-VN","name":"Ghế dài"},{"lang":"zh-CN","name":"长凳"},{"lang":"hi-IN","name":"बेंच"},{"lang":"th-TH","name":"ม้านั่ง"},{"lang":"tr-TR","name":"Bank"},{"lang":"pt-BR","name":"Banco"},{"lang":"de-DE","name":"Bank"},{"lang":"id-ID","name":"Bangku"},{"lang":"fr-FR","name":"Banc"}]},{"id":0,"name":"bend","transcription":"[bɛnd]","nameA":"","image":" ","bg":"transparent","translates":[{"lang":"ru-RU","name":"Сгибать"},{"lang":"vi-VN","name":"Uốn cong"},{"lang":"zh-CN","name":"弯曲"},{"lang":"hi-IN","name":"मोड़ना"},{"lang":"th-TH","name":"งอ"},{"lang":"tr-TR","name":"Bükmek"},{"lang":"pt-BR","name":"Dobrar"},{"lang":"de-DE","name":"Biegen"},{"lang":"id-ID","name":"Membungkuk"},{"lang":"fr-FR","name":"Plier"}]},{"id":0,"name":"best","transcription":"[bɛst]","nameA":"","image":" ","bg":"transparent","translates":[{"lang":"ru-RU","name":"Лучший"},{"lang":"vi-VN","name":"Tốt nhất"},{"lang":"zh-CN","name":"最好的"},{"lang":"hi-IN","name":"सर्वश्रेष्ठ"},{"lang":"th-TH","name":"ดีที่สุด"},{"lang":"tr-TR","name":"En iyi"},{"lang":"pt-BR","name":"Melhor"},{"lang":"de-DE","name":"Beste"},{"lang":"id-ID","name":"Terbaik"},{"lang":"fr-FR","name":"Meilleur"}]},{"id":0,"name":"better","transcription":"[ˈbɛtər]","nameA":"","image":" ","bg":"transparent","translates":[{"lang":"ru-RU","name":"Лучше"},{"lang":"vi-VN","name":"Tốt hơn"},{"lang":"zh-CN","name":"更好"},{"lang":"hi-IN","name":"बेहतर"},{"lang":"th-TH","name":"ดีกว่า"},{"lang":"tr-TR","name":"Daha iyi"},{"lang":"pt-BR","name":"Melhor"},{"lang":"de-DE","name":"Besser"},{"lang":"id-ID","name":"Lebih baik"},{"lang":"fr-FR","name":"Mieux"}]},{"id":0,"name":"bicycle","transcription":"[ˈbaɪsɪkəl]","nameA":"","image":" ","bg":"transparent","translates":[{"lang":"ru-RU","name":"Велосипед"},{"lang":"vi-VN","name":"Xe đạp"},{"lang":"zh-CN","name":"自行车"},{"lang":"hi-IN","name":"साइकिल"},{"lang":"th-TH","name":"จักรยาน"},{"lang":"tr-TR","name":"Bisiklet"},{"lang":"pt-BR","name":"Bicicleta"},{"lang":"de-DE","name":"Fahrrad"},{"lang":"id-ID","name":"Sepeda"},{"lang":"fr-FR","name":"Vélo"}]},{"id":0,"name":"big","transcription":"[bɪɡ]","nameA":"","image":" ","bg":"transparent","translates":[{"lang":"ru-RU","name":"Большой"},{"lang":"vi-VN","name":"Lớn"},{"lang":"zh-CN","name":"大的"},{"lang":"hi-IN","name":"बड़ा"},{"lang":"th-TH","name":"ใหญ่"},{"lang":"tr-TR","name":"Büyük"},{"lang":"pt-BR","name":"Grande"},{"lang":"de-DE","name":"Groß"},{"lang":"id-ID","name":"Besar"},{"lang":"fr-FR","name":"Grand"}]},{"id":0,"name":"bin","transcription":"[bɪn]","nameA":"","image":"/img/dict/home/bin.png","bg":"transparent","translates":[{"lang":"ru-RU","name":"Корзина"},{"lang":"vi-VN","name":"Thùng rác"},{"lang":"zh-CN","name":"垃圾桶"},{"lang":"hi-IN","name":"डिब्बा"},{"lang":"th-TH","name":"ถังขยะ"},{"lang":"tr-TR","name":"Çöp kutusu"},{"lang":"pt-BR","name":"Lixeira"},{"lang":"de-DE","name":"Mülleimer"},{"lang":"id-ID","name":"Tempat sampah"},{"lang":"fr-FR","name":"Poubelle"}]},{"id":0,"name":"bird","transcription":"[bɜrd]","nameA":"","image":" ","bg":"transparent","translates":[{"lang":"ru-RU","name":"Птица"},{"lang":"vi-VN","name":"Chim"},{"lang":"zh-CN","name":"鸟"},{"lang":"hi-IN","name":"पक्षी"},{"lang":"th-TH","name":"นก"},{"lang":"tr-TR","name":"Kuş"},{"lang":"pt-BR","name":"Pássaro"},{"lang":"de-DE","name":"Vogel"},{"lang":"id-ID","name":"Burung"},{"lang":"fr-FR","name":"Oiseau"}]},{"id":0,"name":"birthday","transcription":"[ˈbɜrθdeɪ]","nameA":"","image":" ","bg":"transparent","translates":[{"lang":"ru-RU","name":"День рождения"},{"lang":"vi-VN","name":"Sinh nhật"},{"lang":"zh-CN","name":"生日"},{"lang":"hi-IN","name":"जन्मदिन"},{"lang":"th-TH","name":"วันเกิด"},{"lang":"tr-TR","name":"Doğum günü"},{"lang":"pt-BR","name":"Aniversário"},{"lang":"de-DE","name":"Geburtstag"},{"lang":"id-ID","name":"Ulang tahun"},{"lang":"fr-FR","name":"Anniversaire"}]},{"id":0,"name":"biscuit","transcription":"[ˈbɪskɪt]","nameA":"","image":" ","bg":"transparent","translates":[{"lang":"ru-RU","name":"Печенье"},{"lang":"vi-VN","name":"Bánh quy"},{"lang":"zh-CN","name":"饼干"},{"lang":"hi-IN","name":"बिस्कुट"},{"lang":"th-TH","name":"ขนมปังกรอบ"},{"lang":"tr-TR","name":"Bisküvi"},{"lang":"pt-BR","name":"Biscoito"},{"lang":"de-DE","name":"Keks"},{"lang":"id-ID","name":"Biskuit"},{"lang":"fr-FR","name":"Biscuit"}]},{"id":0,"name":"bit","transcription":"[bɪt]","nameA":"","image":" ","bg":"transparent","translates":[{"lang":"ru-RU","name":"Кусочек"},{"lang":"vi-VN","name":"Một chút"},{"lang":"zh-CN","name":"一点"},{"lang":"hi-IN","name":"थोड़ा"},{"lang":"th-TH","name":"นิดหน่อย"},{"lang":"tr-TR","name":"Biraz"},{"lang":"pt-BR","name":"Pouco"},{"lang":"de-DE","name":"Bisschen"},{"lang":"id-ID","name":"Sedikit"},{"lang":"fr-FR","name":"Un peu"}]},{"id":0,"name":"bite","transcription":"[baɪt]","nameA":"","image":" ","bg":"transparent","translates":[{"lang":"ru-RU","name":"Кусать"},{"lang":"vi-VN","name":"Cắn"},{"lang":"zh-CN","name":"咬"},{"lang":"hi-IN","name":"काटना"},{"lang":"th-TH","name":"กัด"},{"lang":"tr-TR","name":"Isırmak"},{"lang":"pt-BR","name":"Morder"},{"lang":"de-DE","name":"Beißen"},{"lang":"id-ID","name":"Menggigit"},{"lang":"fr-FR","name":"Mordre"}]},{"id":0,"name":"blanket","transcription":"[ˈblæŋkɪt]","nameA":"","image":"/img/dict/home/blanket.png","bg":"transparent","translates":[{"lang":"ru-RU","name":"Одеяло"},{"lang":"vi-VN","name":"Chăn"},{"lang":"zh-CN","name":"毯子"},{"lang":"hi-IN","name":"कंबल"},{"lang":"th-TH","name":"ผ้าห่ม"},{"lang":"tr-TR","name":"Battaniye"},{"lang":"pt-BR","name":"Cobertor"},{"lang":"de-DE","name":"Decke"},{"lang":"id-ID","name":"Selimut"},{"lang":"fr-FR","name":"Couverture"}]},{"id":0,"name":"blind","transcription":"[blaɪnd]","nameA":"","image":" ","bg":"transparent","translates":[{"lang":"ru-RU","name":"Слепой"},{"lang":"vi-VN","name":"Mù"},{"lang":"zh-CN","name":"盲的"},{"lang":"hi-IN","name":"अंधा"},{"lang":"th-TH","name":"ตาบอด"},{"lang":"tr-TR","name":"Kör"},{"lang":"pt-BR","name":"Cego"},{"lang":"de-DE","name":"Blind"},{"lang":"id-ID","name":"Buta"},{"lang":"fr-FR","name":"Aveugle"}]},{"id":0,"name":"block","transcription":"[blɑk]","nameA":"","image":" ","bg":"transparent","translates":[{"lang":"ru-RU","name":"Блок"},{"lang":"vi-VN","name":"Khối"},{"lang":"zh-CN","name":"块"},{"lang":"hi-IN","name":"ब्लॉक"},{"lang":"th-TH","name":"บล็อก"},{"lang":"tr-TR","name":"Blok"},{"lang":"pt-BR","name":"Bloco"},{"lang":"de-DE","name":"Block"},{"lang":"id-ID","name":"Blok"},{"lang":"fr-FR","name":"Bloc"}]},{"id":0,"name":"blood","transcription":"[blʌd]","nameA":"","image":" ","bg":"transparent","translates":[{"lang":"ru-RU","name":"Кровь"},{"lang":"vi-VN","name":"Máu"},{"lang":"zh-CN","name":"血液"},{"lang":"hi-IN","name":"खून"},{"lang":"th-TH","name":"เลือด"},{"lang":"tr-TR","name":"Kan"},{"lang":"pt-BR","name":"Sangue"},{"lang":"de-DE","name":"Blut"},{"lang":"id-ID","name":"Darah"},{"lang":"fr-FR","name":"Sang"}]},{"id":0,"name":"blow","transcription":"[bloʊ]","nameA":"","image":" ","bg":"transparent","translates":[{"lang":"ru-RU","name":"Дуть"},{"lang":"vi-VN","name":"Thổi"},{"lang":"zh-CN","name":"吹"},{"lang":"hi-IN","name":"फूंकना"},{"lang":"th-TH","name":"เป่า"},{"lang":"tr-TR","name":"Üflemek"},{"lang":"pt-BR","name":"Soprar"},{"lang":"de-DE","name":"Blasen"},{"lang":"id-ID","name":"Meniup"},{"lang":"fr-FR","name":"Souffler"}]},{"id":0,"name":"blunt","transcription":"[blʌnt]","nameA":"","image":" ","bg":"transparent","translates":[{"lang":"ru-RU","name":"Тупой"},{"lang":"vi-VN","name":"Cùn"},{"lang":"zh-CN","name":"钝的"},{"lang":"hi-IN","name":"कुंद"},{"lang":"th-TH","name":"ทื่อ"},{"lang":"tr-TR","name":"Kör"},{"lang":"pt-BR","name":"Cego"},{"lang":"de-DE","name":"Stumpf"},{"lang":"id-ID","name":"Tumpul"},{"lang":"fr-FR","name":"Émoussé"}]},{"id":0,"name":"boat","transcription":"[boʊt]","nameA":"","image":" ","bg":"transparent","translates":[{"lang":"ru-RU","name":"Лодка"},{"lang":"vi-VN","name":"Thuyền"},{"lang":"zh-CN","name":"船"},{"lang":"hi-IN","name":"नाव"},{"lang":"th-TH","name":"เรือ"},{"lang":"tr-TR","name":"Tekne"},{"lang":"pt-BR","name":"Barco"},{"lang":"de-DE","name":"Boot"},{"lang":"id-ID","name":"Perahu"},{"lang":"fr-FR","name":"Bateau"}]},{"id":0,"name":"body","transcription":"[ˈbɑdi]","nameA":"","image":"/img/dict/body/body.png","bg":"transparent","translates":[{"lang":"ru-RU","name":"Тело"},{"lang":"vi-VN","name":"Cơ thể"},{"lang":"zh-CN","name":"身体"},{"lang":"hi-IN","name":"शरीर"},{"lang":"th-TH","name":"ร่างกาย"},{"lang":"tr-TR","name":"Vücut"},{"lang":"pt-BR","name":"Corpo"},{"lang":"de-DE","name":"Körper"},{"lang":"id-ID","name":"Tubuh"},{"lang":"fr-FR","name":"Corps"}]},{"id":0,"name":"boil","transcription":"[bɔɪl]","nameA":"","image":" ","bg":"transparent","translates":[{"lang":"ru-RU","name":"Кипеть"},{"lang":"vi-VN","name":"Sôi"},{"lang":"zh-CN","name":"煮沸"},{"lang":"hi-IN","name":"उबालना"},{"lang":"th-TH","name":"ต้ม"},{"lang":"tr-TR","name":"Kaynatmak"},{"lang":"pt-BR","name":"Ferver"},{"lang":"de-DE","name":"Kochen"},{"lang":"id-ID","name":"Mendidih"},{"lang":"fr-FR","name":"Bouillir"}]},{"id":0,"name":"bone","transcription":"[boʊn]","nameA":"","image":"/img/dict/animals/bone.png","bg":"transparent","translates":[{"lang":"ru-RU","name":"Кость"},{"lang":"vi-VN","name":"Xương"},{"lang":"zh-CN","name":"骨头"},{"lang":"hi-IN","name":"हड्डी"},{"lang":"th-TH","name":"กระดูก"},{"lang":"tr-TR","name":"Kemik"},{"lang":"pt-BR","name":"Osso"},{"lang":"de-DE","name":"Knochen"},{"lang":"id-ID","name":"Tulang"},{"lang":"fr-FR","name":"Os"}]},{"id":0,"name":"bonfire","transcription":"[ˈbɑnfaɪər]","nameA":"","image":" ","bg":"transparent","translates":[{"lang":"ru-RU","name":"Костер"},{"lang":"vi-VN","name":"Lửa trại"},{"lang":"zh-CN","name":"篝火"},{"lang":"hi-IN","name":"अलाव"},{"lang":"th-TH","name":"กองไฟ"},{"lang":"tr-TR","name":"Kamp ateşi"},{"lang":"pt-BR","name":"Fogueira"},{"lang":"de-DE","name":"Lagerfeuer"},{"lang":"id-ID","name":"Api unggun"},{"lang":"fr-FR","name":"Feu de camp"}]},{"id":0,"name":"book","transcription":"[bʊk]","nameA":"","image":"/img/dict/classroom/book.png","bg":"transparent","translates":[{"lang":"ru-RU","name":"Книга"},{"lang":"vi-VN","name":"Sách"},{"lang":"zh-CN","name":"书"},{"lang":"hi-IN","name":"किताब"},{"lang":"th-TH","name":"หนังสือ"},{"lang":"tr-TR","name":"Kitap"},{"lang":"pt-BR","name":"Livro"},{"lang":"de-DE","name":"Buch"},{"lang":"id-ID","name":"Buku"},{"lang":"fr-FR","name":"Livre"}]},{"id":0,"name":"boot","transcription":"[buːt]","nameA":"","image":" ","bg":"transparent","translates":[{"lang":"ru-RU","name":"Ботинок"},{"lang":"vi-VN","name":"Ủng"},{"lang":"zh-CN","name":"靴子"},{"lang":"hi-IN","name":"जूता"},{"lang":"th-TH","name":"รองเท้าบูท"},{"lang":"tr-TR","name":"Bot"},{"lang":"pt-BR","name":"Bota"},{"lang":"de-DE","name":"Stiefel"},{"lang":"id-ID","name":"Sepatu bot"},{"lang":"fr-FR","name":"Botte"}]},{"id":0,"name":"bore","transcription":"[bɔr]","nameA":"","image":" ","bg":"transparent","translates":[{"lang":"ru-RU","name":"Скучать"},{"lang":"vi-VN","name":"Buồn chán"},{"lang":"zh-CN","name":"无聊"},{"lang":"hi-IN","name":"बोर करना"},{"lang":"th-TH","name":"เบื่อ"},{"lang":"tr-TR","name":"Sıkmak"},{"lang":"pt-BR","name":"Entediar"},{"lang":"de-DE","name":"Langweilen"},{"lang":"id-ID","name":"Membosankan"},{"lang":"fr-FR","name":"Ennuyer"}]},{"id":0,"name":"born","transcription":"[bɔrn]","nameA":"","image":" ","bg":"transparent","translates":[{"lang":"ru-RU","name":"Рожденный"},{"lang":"vi-VN","name":"Sinh ra"},{"lang":"zh-CN","name":"出生"},{"lang":"hi-IN","name":"जन्मा"},{"lang":"th-TH","name":"เกิด"},{"lang":"tr-TR","name":"Doğmak"},{"lang":"pt-BR","name":"Nascido"},{"lang":"de-DE","name":"Geboren"},{"lang":"id-ID","name":"Lahir"},{"lang":"fr-FR","name":"Né"}]},{"id":0,"name":"borrow","transcription":"[ˈbɔroʊ]","nameA":"","image":" ","bg":"transparent","translates":[{"lang":"ru-RU","name":"Одалживать"},{"lang":"vi-VN","name":"Mượn"},{"lang":"zh-CN","name":"借"},{"lang":"hi-IN","name":"उधार लेना"},{"lang":"th-TH","name":"ยืม"},{"lang":"tr-TR","name":"Ödünç almak"},{"lang":"pt-BR","name":"Pegar emprestado"},{"lang":"de-DE","name":"Ausleihen"},{"lang":"id-ID","name":"Meminjam"},{"lang":"fr-FR","name":"Emprunter"}]},{"id":0,"name":"bottle","transcription":"[ˈbɑtəl]","nameA":"","image":"/img/dict/home/bottle.png","bg":"transparent","translates":[{"lang":"ru-RU","name":"Бутылка"},{"lang":"vi-VN","name":"Chai"},{"lang":"zh-CN","name":"瓶子"},{"lang":"hi-IN","name":"बोतल"},{"lang":"th-TH","name":"ขวด"},{"lang":"tr-TR","name":"Şişe"},{"lang":"pt-BR","name":"Garrafa"},{"lang":"de-DE","name":"Flasche"},{"lang":"id-ID","name":"Botol"},{"lang":"fr-FR","name":"Bouteille"}]},{"id":0,"name":"bottom","transcription":"[ˈbɑtəm]","nameA":"","image":" ","bg":"transparent","translates":[{"lang":"ru-RU","name":"Дно"},{"lang":"vi-VN","name":"Đáy"},{"lang":"zh-CN","name":"底部"},{"lang":"hi-IN","name":"तल"},{"lang":"th-TH","name":"ก้น"},{"lang":"tr-TR","name":"Alt"},{"lang":"pt-BR","name":"Fundo"},{"lang":"de-DE","name":"Boden"},{"lang":"id-ID","name":"Bawah"},{"lang":"fr-FR","name":"Fond"}]},{"id":0,"name":"bounce","transcription":"[baʊns]","nameA":"","image":" ","bg":"transparent","translates":[{"lang":"ru-RU","name":"Прыгать"},{"lang":"vi-VN","name":"Nảy"},{"lang":"zh-CN","name":"弹跳"},{"lang":"hi-IN","name":"उछलना"},{"lang":"th-TH","name":"เด้ง"},{"lang":"tr-TR","name":"Zıplamak"},{"lang":"pt-BR","name":"Saltar"},{"lang":"de-DE","name":"Springen"},{"lang":"id-ID","name":"Melambung"},{"lang":"fr-FR","name":"Rebondir"}]},{"id":0,"name":"bow","transcription":"[baʊ]","nameA":"","image":" ","bg":"transparent","translates":[{"lang":"ru-RU","name":"Лук"},{"lang":"vi-VN","name":"Cung"},{"lang":"zh-CN","name":"弓"},{"lang":"hi-IN","name":"धनुष"},{"lang":"th-TH","name":"คันธนู"},{"lang":"tr-TR","name":"Yay"},{"lang":"pt-BR","name":"Arco"},{"lang":"de-DE","name":"Bogen"},{"lang":"id-ID","name":"Busur"},{"lang":"fr-FR","name":"Arc"}]},{"id":0,"name":"bowl","transcription":"[boʊl]","nameA":"","image":"/img/dict/home/bowl.png","bg":"transparent","translates":[{"lang":"ru-RU","name":"Миска"},{"lang":"vi-VN","name":"Tô"},{"lang":"zh-CN","name":"碗"},{"lang":"hi-IN","name":"कटोरा"},{"lang":"th-TH","name":"ชาม"},{"lang":"tr-TR","name":"Kase"},{"lang":"pt-BR","name":"Tigela"},{"lang":"de-DE","name":"Schüssel"},{"lang":"id-ID","name":"Mangkuk"},{"lang":"fr-FR","name":"Bol"}]},{"id":0,"name":"box","transcription":"[bɑks]","nameA":"","image":" ","bg":"transparent","translates":[{"lang":"ru-RU","name":"Коробка"},{"lang":"vi-VN","name":"Hộp"},{"lang":"zh-CN","name":"盒子"},{"lang":"hi-IN","name":"डिब्बा"},{"lang":"th-TH","name":"กล่อง"},{"lang":"tr-TR","name":"Kutu"},{"lang":"pt-BR","name":"Caixa"},{"lang":"de-DE","name":"Kasten"},{"lang":"id-ID","name":"Kotak"},{"lang":"fr-FR","name":"Boîte"}]},{"id":0,"name":"brain","transcription":"[breɪn]","nameA":"","image":" ","bg":"transparent","translates":[{"lang":"ru-RU","name":"Мозг"},{"lang":"vi-VN","name":"Não"},{"lang":"zh-CN","name":"大脑"},{"lang":"hi-IN","name":"दिमाग"},{"lang":"th-TH","name":"สมอง"},{"lang":"tr-TR","name":"Beyin"},{"lang":"pt-BR","name":"Cérebro"},{"lang":"de-DE","name":"Gehirn"},{"lang":"id-ID","name":"Otak"},{"lang":"fr-FR","name":"Cerveau"}]},{"id":0,"name":"branch","transcription":"[bræntʃ]","nameA":"","image":" ","bg":"transparent","translates":[{"lang":"ru-RU","name":"Ветка"},{"lang":"vi-VN","name":"Cành"},{"lang":"zh-CN","name":"树枝"},{"lang":"hi-IN","name":"शाखा"},{"lang":"th-TH","name":"กิ่งไม้"},{"lang":"tr-TR","name":"Dal"},{"lang":"pt-BR","name":"Ramo"},{"lang":"de-DE","name":"Zweig"},{"lang":"id-ID","name":"Cabang"},{"lang":"fr-FR","name":"Branche"}]},{"id":0,"name":"brave","transcription":"[breɪv]","nameA":"","image":" ","bg":"transparent","translates":[{"lang":"ru-RU","name":"Храбрый"},{"lang":"vi-VN","name":"Dũng cảm"},{"lang":"zh-CN","name":"勇敢的"},{"lang":"hi-IN","name":"बहादुर"},{"lang":"th-TH","name":"กล้าหาญ"},{"lang":"tr-TR","name":"Cesur"},{"lang":"pt-BR","name":"Corajoso"},{"lang":"de-DE","name":"Mutig"},{"lang":"id-ID","name":"Berani"},{"lang":"fr-FR","name":"Courageux"}]},{"id":0,"name":"bread","transcription":"[brɛd]","nameA":"","image":"/img/dict/food/bread.png","bg":"transparent","translates":[{"lang":"ru-RU","name":"Хлеб"},{"lang":"vi-VN","name":"Bánh mì"},{"lang":"zh-CN","name":"面包"},{"lang":"hi-IN","name":"रोटी"},{"lang":"th-TH","name":"ขนมปัง"},{"lang":"tr-TR","name":"Ekmek"},{"lang":"pt-BR","name":"Pão"},{"lang":"de-DE","name":"Brot"},{"lang":"id-ID","name":"Roti"},{"lang":"fr-FR","name":"Pain"}]},{"id":0,"name":"break","transcription":"[breɪk]","nameA":"","image":"/img/dict/classroom/break.png","bg":"transparent","translates":[{"lang":"ru-RU","name":"Ломать"},{"lang":"vi-VN","name":"Phá vỡ"},{"lang":"zh-CN","name":"打破"},{"lang":"hi-IN","name":"तोड़ना"},{"lang":"th-TH","name":"ทำลาย"},{"lang":"tr-TR","name":"Kırmak"},{"lang":"pt-BR","name":"Quebrar"},{"lang":"de-DE","name":"Brechen"},{"lang":"id-ID","name":"Memecahkan"},{"lang":"fr-FR","name":"Casser"}]},{"id":0,"name":"breakfast","transcription":"[ˈbrɛkfəst]","nameA":"","image":" ","bg":"transparent","translates":[{"lang":"ru-RU","name":"Завтрак"},{"lang":"vi-VN","name":"Bữa sáng"},{"lang":"zh-CN","name":"早餐"},{"lang":"hi-IN","name":"नाश्ता"},{"lang":"th-TH","name":"อาหารเช้า"},{"lang":"tr-TR","name":"Kahvaltı"},{"lang":"pt-BR","name":"Café da manhã"},{"lang":"de-DE","name":"Frühstück"},{"lang":"id-ID","name":"Sarapan"},{"lang":"fr-FR","name":"Petit déjeuner"}]},{"id":0,"name":"breath","transcription":"[brɛθ]","nameA":"","image":" ","bg":"transparent","translates":[{"lang":"ru-RU","name":"Дыхание"},{"lang":"vi-VN","name":"Hơi thở"},{"lang":"zh-CN","name":"呼吸"},{"lang":"hi-IN","name":"सांस"},{"lang":"th-TH","name":"ลมหายใจ"},{"lang":"tr-TR","name":"Nefes"},{"lang":"pt-BR","name":"Respiração"},{"lang":"de-DE","name":"Atem"},{"lang":"id-ID","name":"Napas"},{"lang":"fr-FR","name":"Souffle"}]},{"id":0,"name":"breathe","transcription":"[briːð]","nameA":"","image":" ","bg":"transparent","translates":[{"lang":"ru-RU","name":"Дышать"},{"lang":"vi-VN","name":"Thở"},{"lang":"zh-CN","name":"呼吸"},{"lang":"hi-IN","name":"सांस लेना"},{"lang":"th-TH","name":"หายใจ"},{"lang":"tr-TR","name":"Nefes almak"},{"lang":"pt-BR","name":"Respirar"},{"lang":"de-DE","name":"Atmen"},{"lang":"id-ID","name":"Bernapas"},{"lang":"fr-FR","name":"Respirer"}]},{"id":0,"name":"brick","transcription":"[brɪk]","nameA":"","image":"/img/dict/home/brick.png","bg":"transparent","translates":[{"lang":"ru-RU","name":"Кирпич"},{"lang":"vi-VN","name":"Gạch"},{"lang":"zh-CN","name":"砖"},{"lang":"hi-IN","name":"ईंट"},{"lang":"th-TH","name":"อิฐ"},{"lang":"tr-TR","name":"Tuğla"},{"lang":"pt-BR","name":"Tijolo"},{"lang":"de-DE","name":"Ziegel"},{"lang":"id-ID","name":"Bata"},{"lang":"fr-FR","name":"Brique"}]},{"id":0,"name":"bridge","transcription":"[brɪdʒ]","nameA":"","image":" ","bg":"transparent","translates":[{"lang":"ru-RU","name":"Мост"},{"lang":"vi-VN","name":"Cầu"},{"lang":"zh-CN","name":"桥"},{"lang":"hi-IN","name":"पुल"},{"lang":"th-TH","name":"สะพาน"},{"lang":"tr-TR","name":"Köprü"},{"lang":"pt-BR","name":"Ponte"},{"lang":"de-DE","name":"Brücke"},{"lang":"id-ID","name":"Jembatan"},{"lang":"fr-FR","name":"Pont"}]},{"id":0,"name":"bright","transcription":"[braɪt]","nameA":"","image":" ","bg":"transparent","translates":[{"lang":"ru-RU","name":"Яркий"},{"lang":"vi-VN","name":"Sáng"},{"lang":"zh-CN","name":"明亮的"},{"lang":"hi-IN","name":"उज्ज्वल"},{"lang":"th-TH","name":"สว่าง"},{"lang":"tr-TR","name":"Parlak"},{"lang":"pt-BR","name":"Brilhante"},{"lang":"de-DE","name":"Hell"},{"lang":"id-ID","name":"Terang"},{"lang":"fr-FR","name":"Brillant"}]},{"id":0,"name":"bring","transcription":"[brɪŋ]","nameA":"","image":" ","bg":"transparent","translates":[{"lang":"ru-RU","name":"Приносить"},{"lang":"vi-VN","name":"Mang lại"},{"lang":"zh-CN","name":"带来"},{"lang":"hi-IN","name":"लाना"},{"lang":"th-TH","name":"นำมา"},{"lang":"tr-TR","name":"Getirmek"},{"lang":"pt-BR","name":"Trazer"},{"lang":"de-DE","name":"Bringen"},{"lang":"id-ID","name":"Membawa"},{"lang":"fr-FR","name":"Apporter"}]},{"id":0,"name":"brochure","transcription":"[broʊˈʃʊr]","nameA":"","image":" ","bg":"transparent","translates":[{"lang":"ru-RU","name":"Брошюра"},{"lang":"vi-VN","name":"Tờ rơi"},{"lang":"zh-CN","name":"小册子"},{"lang":"hi-IN","name":"ब्रोशर"},{"lang":"th-TH","name":"โบรชัวร์"},{"lang":"tr-TR","name":"Broşür"},{"lang":"pt-BR","name":"Brochura"},{"lang":"de-DE","name":"Broschüre"},{"lang":"id-ID","name":"Brosur"},{"lang":"fr-FR","name":"Brochure"}]},{"id":0,"name":"broom","transcription":"[bruːm]","nameA":"","image":" ","bg":"transparent","translates":[{"lang":"ru-RU","name":"Метла"},{"lang":"vi-VN","name":"Chổi"},{"lang":"zh-CN","name":"扫帚"},{"lang":"hi-IN","name":"झाड़ू"},{"lang":"th-TH","name":"ไม้กวาด"},{"lang":"tr-TR","name":"Süpürge"},{"lang":"pt-BR","name":"Vassoura"},{"lang":"de-DE","name":"Besen"},{"lang":"id-ID","name":"Sapu"},{"lang":"fr-FR","name":"Balai"}]},{"id":0,"name":"brother","transcription":"[ˈbrʌðər]","nameA":"","image":"/img/dict/family/brother.png","bg":"transparent","translates":[{"lang":"ru-RU","name":"Брат"},{"lang":"vi-VN","name":"Anh trai"},{"lang":"zh-CN","name":"兄弟"},{"lang":"hi-IN","name":"भाई"},{"lang":"th-TH","name":"พี่ชาย"},{"lang":"tr-TR","name":"Erkek kardeş"},{"lang":"pt-BR","name":"Irmão"},{"lang":"de-DE","name":"Bruder"},{"lang":"id-ID","name":"Saudara laki-laki"},{"lang":"fr-FR","name":"Frère"}]},{"id":0,"name":"brush","transcription":"[brʌʃ]","nameA":"","image":" ","bg":"transparent","translates":[{"lang":"ru-RU","name":"Щетка"},{"lang":"vi-VN","name":"Bàn chải"},{"lang":"zh-CN","name":"刷子"},{"lang":"hi-IN","name":"ब्रश"},{"lang":"th-TH","name":"แปรง"},{"lang":"tr-TR","name":"Fırça"},{"lang":"pt-BR","name":"Escova"},{"lang":"de-DE","name":"Bürste"},{"lang":"id-ID","name":"Sikat"},{"lang":"fr-FR","name":"Brosse"}]},{"id":0,"name":"bucket","transcription":"[ˈbʌkɪt]","nameA":"","image":"/img/dict/home/bucket.png","bg":"transparent","translates":[{"lang":"ru-RU","name":"Ведро"},{"lang":"vi-VN","name":"Xô"},{"lang":"zh-CN","name":"桶"},{"lang":"hi-IN","name":"बाल्टी"},{"lang":"th-TH","name":"ถัง"},{"lang":"tr-TR","name":"Kova"},{"lang":"pt-BR","name":"Balde"},{"lang":"de-DE","name":"Eimer"},{"lang":"id-ID","name":"Ember"},{"lang":"fr-FR","name":"Seau"}]},{"id":0,"name":"bulb","transcription":"[bʌlb]","nameA":"","image":" ","bg":"transparent","translates":[{"lang":"ru-RU","name":"Лампочка"},{"lang":"vi-VN","name":"Bóng đèn"},{"lang":"zh-CN","name":"灯泡"},{"lang":"hi-IN","name":"बल्ब"},{"lang":"th-TH","name":"หลอดไฟ"},{"lang":"tr-TR","name":"Ampul"},{"lang":"pt-BR","name":"Lâmpada"},{"lang":"de-DE","name":"Glühbirne"},{"lang":"id-ID","name":"Bohlam"},{"lang":"fr-FR","name":"Ampoule"}]},{"id":0,"name":"bull","transcription":"[bʊl]","nameA":"","image":" ","bg":"transparent","translates":[{"lang":"ru-RU","name":"Бык"},{"lang":"vi-VN","name":"Bò đực"},{"lang":"zh-CN","name":"公牛"},{"lang":"hi-IN","name":"सांड"},{"lang":"th-TH","name":"วัวตัวผู้"},{"lang":"tr-TR","name":"Boğa"},{"lang":"pt-BR","name":"Touro"},{"lang":"de-DE","name":"Bulle"},{"lang":"id-ID","name":"Banteng"},{"lang":"fr-FR","name":"Taureau"}]},{"id":0,"name":"bump","transcription":"[bʌmp]","nameA":"","image":" ","bg":"transparent","translates":[{"lang":"ru-RU","name":"Удар"},{"lang":"vi-VN","name":"Va chạm"},{"lang":"zh-CN","name":"碰撞"},{"lang":"hi-IN","name":"टक्कर"},{"lang":"th-TH","name":"กระแทก"},{"lang":"tr-TR","name":"Çarpmak"},{"lang":"pt-BR","name":"Colisão"},{"lang":"de-DE","name":"Stoß"},{"lang":"id-ID","name":"Benturan"},{"lang":"fr-FR","name":"Choc"}]},{"id":0,"name":"burst","transcription":"[bɜrst]","nameA":"","image":" ","bg":"transparent","translates":[{"lang":"ru-RU","name":"Взрыв"},{"lang":"vi-VN","name":"Nổ"},{"lang":"zh-CN","name":"爆炸"},{"lang":"hi-IN","name":"विस्फोट"},{"lang":"th-TH","name":"ระเบิด"},{"lang":"tr-TR","name":"Patlama"},{"lang":"pt-BR","name":"Explosão"},{"lang":"de-DE","name":"Explosion"},{"lang":"id-ID","name":"Ledakan"},{"lang":"fr-FR","name":"Explosion"}]},{"id":0,"name":"bus","transcription":"[bʌs]","nameA":"","image":" ","bg":"transparent","translates":[{"lang":"ru-RU","name":"Автобус"},{"lang":"vi-VN","name":"Xe buýt"},{"lang":"zh-CN","name":"公共汽车"},{"lang":"hi-IN","name":"बस"},{"lang":"th-TH","name":"รถบัส"},{"lang":"tr-TR","name":"Otobüs"},{"lang":"pt-BR","name":"Ônibus"},{"lang":"de-DE","name":"Bus"},{"lang":"id-ID","name":"Bus"},{"lang":"fr-FR","name":"Bus"}]},{"id":0,"name":"bush","transcription":"[bʊʃ]","nameA":"","image":" ","bg":"transparent","translates":[{"lang":"ru-RU","name":"Куст"},{"lang":"vi-VN","name":"Bụi cây"},{"lang":"zh-CN","name":"灌木"},{"lang":"hi-IN","name":"झाड़ी"},{"lang":"th-TH","name":"พุ่มไม้"},{"lang":"tr-TR","name":"Çalı"},{"lang":"pt-BR","name":"Arbusto"},{"lang":"de-DE","name":"Busch"},{"lang":"id-ID","name":"Semak"},{"lang":"fr-FR","name":"Buisson"}]},{"id":0,"name":"busy","transcription":"[ˈbɪzi]","nameA":"","image":" ","bg":"transparent","translates":[{"lang":"ru-RU","name":"Занятый"},{"lang":"vi-VN","name":"Bận rộn"},{"lang":"zh-CN","name":"忙碌的"},{"lang":"hi-IN","name":"व्यस्त"},{"lang":"th-TH","name":"ยุ่ง"},{"lang":"tr-TR","name":"Meşgul"},{"lang":"pt-BR","name":"Ocupado"},{"lang":"de-DE","name":"Beschäftigt"},{"lang":"id-ID","name":"Sibuk"},{"lang":"fr-FR","name":"Occupé"}]},{"id":0,"name":"but","transcription":"[bʌt]","nameA":"","image":" ","bg":"transparent","translates":[{"lang":"ru-RU","name":"Но"},{"lang":"vi-VN","name":"Nhưng"},{"lang":"zh-CN","name":"但是"},{"lang":"hi-IN","name":"लेकिन"},{"lang":"th-TH","name":"แต่"},{"lang":"tr-TR","name":"Ama"},{"lang":"pt-BR","name":"Mas"},{"lang":"de-DE","name":"Aber"},{"lang":"id-ID","name":"Tapi"},{"lang":"fr-FR","name":"Mais"}]},{"id":0,"name":"butter","transcription":"[ˈbʌtər]","nameA":"","image":"/img/dict/food/butter.png","bg":"transparent","translates":[{"lang":"ru-RU","name":"Масло"},{"lang":"vi-VN","name":"Bơ"},{"lang":"zh-CN","name":"黄油"},{"lang":"hi-IN","name":"मक्खन"},{"lang":"th-TH","name":"เนย"},{"lang":"tr-TR","name":"Tereyağı"},{"lang":"pt-BR","name":"Manteiga"},{"lang":"de-DE","name":"Butter"},{"lang":"id-ID","name":"Mentega"},{"lang":"fr-FR","name":"Beurre"}]},{"id":0,"name":"butterfly","transcription":"[ˈbʌtərflaɪ]","nameA":"","image":"/img/dict/animals/butterfly.png","bg":"transparent","translates":[{"lang":"ru-RU","name":"Бабочка"},{"lang":"vi-VN","name":"Bươm bướm"},{"lang":"zh-CN","name":"蝴蝶"},{"lang":"hi-IN","name":"तितली"},{"lang":"th-TH","name":"ผีเสื้อ"},{"lang":"tr-TR","name":"Kelebek"},{"lang":"pt-BR","name":"Borboleta"},{"lang":"de-DE","name":"Schmetterling"},{"lang":"id-ID","name":"Kupu-kupu"},{"lang":"fr-FR","name":"Papillon"}]},{"id":0,"name":"button","transcription":"[ˈbʌtən]","nameA":"","image":" ","bg":"transparent","translates":[{"lang":"ru-RU","name":"Кнопка"},{"lang":"vi-VN","name":"Nút"},{"lang":"zh-CN","name":"按钮"},{"lang":"hi-IN","name":"बटन"},{"lang":"th-TH","name":"ปุ่ม"},{"lang":"tr-TR","name":"Düğme"},{"lang":"pt-BR","name":"Botão"},{"lang":"de-DE","name":"Knopf"},{"lang":"id-ID","name":"Tombol"},{"lang":"fr-FR","name":"Bouton"}]},{"id":0,"name":"buzz","transcription":"[bʌz]","nameA":"","image":" ","bg":"transparent","translates":[{"lang":"ru-RU","name":"Жужжать"},{"lang":"vi-VN","name":"Kêu vo ve"},{"lang":"zh-CN","name":"嗡嗡声"},{"lang":"hi-IN","name":"भिनभिनाहट"},{"lang":"th-TH","name":"เสียงหึ่ง"},{"lang":"tr-TR","name":"Vızıltı"},{"lang":"pt-BR","name":"Zumbido"},{"lang":"de-DE","name":"Summen"},{"lang":"id-ID","name":"Berdengung"},{"lang":"fr-FR","name":"Bourdonner"}]},{"id":0,"name":"build","transcription":"[bɪld]","nameA":"","image":" ","bg":"transparent","translates":[{"lang":"ru-RU","name":"Строить"},{"lang":"vi-VN","name":"Xây dựng"},{"lang":"zh-CN","name":"建造"},{"lang":"hi-IN","name":"बनाना"},{"lang":"th-TH","name":"สร้าง"},{"lang":"tr-TR","name":"İnşa etmek"},{"lang":"pt-BR","name":"Construir"},{"lang":"de-DE","name":"Bauen"},{"lang":"id-ID","name":"Membangun"},{"lang":"fr-FR","name":"Construire"}]},{"id":0,"name":"building","transcription":"[ˈbɪldɪŋ]","nameA":"","image":"/img/dict/home/building.png","bg":"transparent","translates":[{"lang":"ru-RU","name":"Здание"},{"lang":"vi-VN","name":"Tòa nhà"},{"lang":"zh-CN","name":"建筑物"},{"lang":"hi-IN","name":"इमारत"},{"lang":"th-TH","name":"อาคาร"},{"lang":"tr-TR","name":"Bina"},{"lang":"pt-BR","name":"Edifício"},{"lang":"de-DE","name":"Gebäude"},{"lang":"id-ID","name":"Bangunan"},{"lang":"fr-FR","name":"Bâtiment"}]},{"id":0,"name":"buoy","transcription":"[bɔɪ]","nameA":"","image":" ","bg":"transparent","translates":[{"lang":"ru-RU","name":"Буй"},{"lang":"vi-VN","name":"Phao"},{"lang":"zh-CN","name":"浮标"},{"lang":"hi-IN","name":"बोया"},{"lang":"th-TH","name":"ทุ่น"},{"lang":"tr-TR","name":"Şamandıra"},{"lang":"pt-BR","name":"Bóia"},{"lang":"de-DE","name":"Boje"},{"lang":"id-ID","name":"Pelampung"},{"lang":"fr-FR","name":"Bouée"}]},{"id":0,"name":"buy","transcription":"[baɪ]","nameA":"","image":" ","bg":"transparent","translates":[{"lang":"ru-RU","name":"Покупать"},{"lang":"vi-VN","name":"Mua"},{"lang":"zh-CN","name":"买"},{"lang":"hi-IN","name":"खरीदना"},{"lang":"th-TH","name":"ซื้อ"},{"lang":"tr-TR","name":"Satın almak"},{"lang":"pt-BR","name":"Comprar"},{"lang":"de-DE","name":"Kaufen"},{"lang":"id-ID","name":"Membeli"},{"lang":"fr-FR","name":"Acheter"}]},{"id":0,"name":"abbey","transcription":"[ˈæbi]","nameA":"","image":" ","bg":"transparent","translates":[{"lang":"ru-RU","name":"Аббатство"},{"lang":"vi-VN","name":"Tu viện"},{"lang":"zh-CN","name":"修道院"},{"lang":"hi-IN","name":"मठ"},{"lang":"th-TH","name":"อาราม"},{"lang":"tr-TR","name":"Manastır"},{"lang":"pt-BR","name":"Abadia"},{"lang":"de-DE","name":"Abtei"},{"lang":"id-ID","name":"Biara"},{"lang":"fr-FR","name":"Abbaye"}]},{"id":0,"name":"bubble","transcription":"[ˈbʌbəl]","nameA":"","image":" ","bg":"transparent","translates":[{"lang":"ru-RU","name":"Пузырь"},{"lang":"vi-VN","name":"Bong bóng"},{"lang":"zh-CN","name":"气泡"},{"lang":"hi-IN","name":"बुलबुला"},{"lang":"th-TH","name":"ฟอง"},{"lang":"tr-TR","name":"Baloncuk"},{"lang":"pt-BR","name":"Bolha"},{"lang":"de-DE","name":"Blase"},{"lang":"id-ID","name":"Gelembung"},{"lang":"fr-FR","name":"Bulle"}]},{"id":0,"name":"dribble","transcription":"[ˈdrɪbəl]","nameA":"","image":" ","bg":"transparent","translates":[{"lang":"ru-RU","name":"Капать"},{"lang":"vi-VN","name":"Nhỏ giọt"},{"lang":"zh-CN","name":"滴下"},{"lang":"hi-IN","name":"टपकना"},{"lang":"th-TH","name":"หยด"},{"lang":"tr-TR","name":"Damlamak"},{"lang":"pt-BR","name":"Gotejar"},{"lang":"de-DE","name":"Tröpfeln"},{"lang":"id-ID","name":"Menetes"},{"lang":"fr-FR","name":"Goutter"}]},{"id":0,"name":"pebble","transcription":"[ˈpɛbəl]","nameA":"","image":" ","bg":"transparent","translates":[{"lang":"ru-RU","name":"Галька"},{"lang":"vi-VN","name":"Sỏi"},{"lang":"zh-CN","name":"鹅卵石"},{"lang":"hi-IN","name":"कंकड़"},{"lang":"th-TH","name":"กรวด"},{"lang":"tr-TR","name":"Çakıl taşı"},{"lang":"pt-BR","name":"Seixo"},{"lang":"de-DE","name":"Kiesel"},{"lang":"id-ID","name":"Kerikil"},{"lang":"fr-FR","name":"Galet"}]},{"id":0,"name":"rabbit","transcription":"[ˈræbɪt]","nameA":"","image":"/img/dict/animals/rabbit.png","bg":"transparent","translates":[{"lang":"ru-RU","name":"Кролик"},{"lang":"vi-VN","name":"Thỏ"},{"lang":"zh-CN","name":"兔子"},{"lang":"hi-IN","name":"खरगोश"},{"lang":"th-TH","name":"กระต่าย"},{"lang":"tr-TR","name":"Tavşan"},{"lang":"pt-BR","name":"Coelho"},{"lang":"de-DE","name":"Hase"},{"lang":"id-ID","name":"Kelinci"},{"lang":"fr-FR","name":"Lapin"}]},{"id":0,"name":"ribbon","transcription":"[ˈrɪbən]","nameA":"","image":" ","bg":"transparent","translates":[{"lang":"ru-RU","name":"Лента"},{"lang":"vi-VN","name":"Ruy băng"},{"lang":"zh-CN","name":"丝带"},{"lang":"hi-IN","name":"रिबन"},{"lang":"th-TH","name":"ริบบิ้น"},{"lang":"tr-TR","name":"Kurdele"},{"lang":"pt-BR","name":"Fita"},{"lang":"de-DE","name":"Band"},{"lang":"id-ID","name":"Pita"},{"lang":"fr-FR","name":"Ruban"}]},{"id":0,"name":"rubber","transcription":"[ˈrʌbər]","nameA":"","image":" ","bg":"transparent","translates":[{"lang":"ru-RU","name":"Резина"},{"lang":"vi-VN","name":"Cao su"},{"lang":"zh-CN","name":"橡胶"},{"lang":"hi-IN","name":"रबर"},{"lang":"th-TH","name":"ยาง"},{"lang":"tr-TR","name":"Lastik"},{"lang":"pt-BR","name":"Borracha"},{"lang":"de-DE","name":"Gummi"},{"lang":"id-ID","name":"Karet"},{"lang":"fr-FR","name":"Caoutchouc"}]},{"id":0,"name":"scribble","transcription":"[ˈskrɪbəl]","nameA":"","image":" ","bg":"transparent","translates":[{"lang":"ru-RU","name":"Калякать"},{"lang":"vi-VN","name":"Nguệch ngoạc"},{"lang":"zh-CN","name":"涂鸦"},{"lang":"hi-IN","name":"कर्कश लिखना"},{"lang":"th-TH","name":"ขีดเขียน"},{"lang":"tr-TR","name":"Karalamak"},{"lang":"pt-BR","name":"Rabiscar"},{"lang":"de-DE","name":"Kritzeln"},{"lang":"id-ID","name":"Coret-coret"},{"lang":"fr-FR","name":"Gribouiller"}]}]}