{"name":"Phonics /yoor/","nameA":"","img":"","isRandom":false,"isBlur":false,"isUpper":true,"isByWords":false,"isForAdult":false,"separator":"","numWords":9,"Translations":[{"lang":"ru-RU","name":"Алфавит","nameA":""},{"lang":"vi-VN","name":"Âm /yoor/","nameA":""},{"lang":"zh-CN","name":"语音 /yoor/","nameA":""},{"lang":"hi-IN","name":"ध्वनि /yoor/","nameA":""},{"lang":"th-TH","name":"เสียง /yoor/","nameA":""},{"lang":"tr-TR","name":"Ses /yoor/","nameA":""},{"lang":"pt-BR","name":"Fonética /yoor/","nameA":""},{"lang":"de-DE","name":"Phonik /yoor/","nameA":""},{"lang":"id-ID","name":"Fonik /yoor/","nameA":""},{"lang":"fr-FR","name":"Phonétique /yoor/","nameA":""}],"items":[{"id":0,"name":"cure","transcription":"[kjʊr]","nameA":"","image":" ","bg":"transparent","nameAnswer":"","translates":[{"lang":"ru-RU","name":"Лечение","nameA":""},{"lang":"vi-VN","name":"Chữa trị","nameA":""},{"lang":"zh-CN","name":"治愈","nameA":""},{"lang":"hi-IN","name":"इलाज","nameA":""},{"lang":"th-TH","name":"รักษา","nameA":""},{"lang":"tr-TR","name":"Tedavi","nameA":""},{"lang":"pt-BR","name":"Cura","nameA":""},{"lang":"de-DE","name":"Heilung","nameA":""},{"lang":"id-ID","name":"Penyembuhan","nameA":""},{"lang":"fr-FR","name":"Guérison","nameA":""}]},{"id":0,"name":"immature","transcription":"[ˌɪməˈtʃʊr]","nameA":"","image":" ","bg":"transparent","nameAnswer":"","translates":[{"lang":"ru-RU","name":"Незрелый","nameA":""},{"lang":"vi-VN","name":"Chưa trưởng thành","nameA":""},{"lang":"zh-CN","name":"不成熟的","nameA":""},{"lang":"hi-IN","name":"अपरिपक्व","nameA":""},{"lang":"th-TH","name":"ยังไม่โตเต็มที่","nameA":""},{"lang":"tr-TR","name":"Olgunlaşmamış","nameA":""},{"lang":"pt-BR","name":"Imaturo","nameA":""},{"lang":"de-DE","name":"Unreif","nameA":""},{"lang":"id-ID","name":"Belum matang","nameA":""},{"lang":"fr-FR","name":"Immature","nameA":""}]},{"id":0,"name":"impure","transcription":"[ɪmˈpjʊr]","nameA":"","image":" ","bg":"transparent","nameAnswer":"","translates":[{"lang":"ru-RU","name":"Нечистый","nameA":""},{"lang":"vi-VN","name":"Không tinh khiết","nameA":""},{"lang":"zh-CN","name":"不纯的","nameA":""},{"lang":"hi-IN","name":"अशुद्ध","nameA":""},{"lang":"th-TH","name":"ไม่บริสุทธิ์","nameA":""},{"lang":"tr-TR","name":"Saf olmayan","nameA":""},{"lang":"pt-BR","name":"Impuro","nameA":""},{"lang":"de-DE","name":"Unrein","nameA":""},{"lang":"id-ID","name":"Tidak murni","nameA":""},{"lang":"fr-FR","name":"Impur","nameA":""}]},{"id":0,"name":"insecure","transcription":"[ˌɪnsɪˈkjʊr]","nameA":"","image":" ","bg":"transparent","nameAnswer":"","translates":[{"lang":"ru-RU","name":"Неуверенный","nameA":""},{"lang":"vi-VN","name":"Không an toàn","nameA":""},{"lang":"zh-CN","name":"不安全的","nameA":""},{"lang":"hi-IN","name":"असुरक्षित","nameA":""},{"lang":"th-TH","name":"ไม่ปลอดภัย","nameA":""},{"lang":"tr-TR","name":"Güvensiz","nameA":""},{"lang":"pt-BR","name":"Inseguro","nameA":""},{"lang":"de-DE","name":"Unsicher","nameA":""},{"lang":"id-ID","name":"Tidak aman","nameA":""},{"lang":"fr-FR","name":"Incertain","nameA":""}]},{"id":0,"name":"pure","transcription":"[pjʊr]","nameA":"","image":" ","bg":"transparent","nameAnswer":"","translates":[{"lang":"ru-RU","name":"Чистый","nameA":""},{"lang":"vi-VN","name":"Tinh khiết","nameA":""},{"lang":"zh-CN","name":"纯净的","nameA":""},{"lang":"hi-IN","name":"शुद्ध","nameA":""},{"lang":"th-TH","name":"บริสุทธิ์","nameA":""},{"lang":"tr-TR","name":"Saf","nameA":""},{"lang":"pt-BR","name":"Puro","nameA":""},{"lang":"de-DE","name":"Rein","nameA":""},{"lang":"id-ID","name":"Murni","nameA":""},{"lang":"fr-FR","name":"Pur","nameA":""}]},{"id":0,"name":"mature","transcription":"[məˈtʃʊr]","nameA":"","image":" ","bg":"transparent","nameAnswer":"","translates":[{"lang":"ru-RU","name":"Зрелый","nameA":""},{"lang":"vi-VN","name":"Trưởng thành","nameA":""},{"lang":"zh-CN","name":"成熟的","nameA":""},{"lang":"hi-IN","name":"परिपक्व","nameA":""},{"lang":"th-TH","name":"โตเต็มที่","nameA":""},{"lang":"tr-TR","name":"Olgun","nameA":""},{"lang":"pt-BR","name":"Maduro","nameA":""},{"lang":"de-DE","name":"Reif","nameA":""},{"lang":"id-ID","name":"Matang","nameA":""},{"lang":"fr-FR","name":"Mûr","nameA":""}]},{"id":0,"name":"obscure","transcription":"[əbˈskjʊr]","nameA":"","image":" ","bg":"transparent","nameAnswer":"","translates":[{"lang":"ru-RU","name":"Неясный","nameA":""},{"lang":"vi-VN","name":"Mờ mịt","nameA":""},{"lang":"zh-CN","name":"模糊的","nameA":""},{"lang":"hi-IN","name":"अस्पष्ट","nameA":""},{"lang":"th-TH","name":"คลุมเครือ","nameA":""},{"lang":"tr-TR","name":"Belirsiz","nameA":""},{"lang":"pt-BR","name":"Obscuro","nameA":""},{"lang":"de-DE","name":"Unklar","nameA":""},{"lang":"id-ID","name":"Samar","nameA":""},{"lang":"fr-FR","name":"Obscur","nameA":""}]},{"id":0,"name":"secure","transcription":"[sɪˈkjʊr]","nameA":"","image":" ","bg":"transparent","nameAnswer":"","translates":[{"lang":"ru-RU","name":"Безопасный","nameA":""},{"lang":"vi-VN","name":"An toàn","nameA":""},{"lang":"zh-CN","name":"安全的","nameA":""},{"lang":"hi-IN","name":"सुरक्षित","nameA":""},{"lang":"th-TH","name":"ปลอดภัย","nameA":""},{"lang":"tr-TR","name":"Güvenli","nameA":""},{"lang":"pt-BR","name":"Seguro","nameA":""},{"lang":"de-DE","name":"Sicher","nameA":""},{"lang":"id-ID","name":"Aman","nameA":""},{"lang":"fr-FR","name":"Sécurisé","nameA":""}]},{"id":0,"name":"nature","transcription":"[ˈneɪtʃər]","nameA":"","image":" ","bg":"transparent","nameAnswer":"","translates":[{"lang":"ru-RU","name":"Природа","nameA":""},{"lang":"vi-VN","name":"Thiên nhiên","nameA":""},{"lang":"zh-CN","name":"自然","nameA":""},{"lang":"hi-IN","name":"प्रकृति","nameA":""},{"lang":"th-TH","name":"ธรรมชาติ","nameA":""},{"lang":"tr-TR","name":"Doğa","nameA":""},{"lang":"pt-BR","name":"Natureza","nameA":""},{"lang":"de-DE","name":"Natur","nameA":""},{"lang":"id-ID","name":"Alam","nameA":""},{"lang":"fr-FR","name":"Nature","nameA":""}]}]}