{"name":"Phonics /r/","isRandom":false,"isBlur":false,"isUpper":true,"isByWords":false,"isForAdult":false,"separator":"","numWords":76,"Translations":[{"lang":"ru-RU","name":"Алфавит"},{"lang":"vi-VN","name":"Âm thanh /r/"},{"lang":"zh-CN","name":"拼音 /r/"},{"lang":"hi-IN","name":"ध्वनि /r/"},{"lang":"th-TH","name":"เสียง /r/"},{"lang":"tr-TR","name":"Ses /r/"},{"lang":"pt-BR","name":"Fonética /r/"},{"lang":"de-DE","name":"Phonik /r/"},{"lang":"id-ID","name":"Fonetik /r/"},{"lang":"fr-FR","name":"Phonétique /r/"}],"items":[{"id":0,"name":"rabbit","transcription":"[ˈræbɪt]","nameA":"","image":"/img/dict/animals/rabbit.png","bg":"transparent","translates":[{"lang":"ru-RU","name":"Кролик"},{"lang":"vi-VN","name":"Con thỏ"},{"lang":"zh-CN","name":"兔子"},{"lang":"hi-IN","name":"खरगोश"},{"lang":"th-TH","name":"กระต่าย"},{"lang":"tr-TR","name":"Tavşan"},{"lang":"pt-BR","name":"Coelho"},{"lang":"de-DE","name":"Hase"},{"lang":"id-ID","name":"Kelinci"},{"lang":"fr-FR","name":"Lapin"}]},{"id":0,"name":"race","transcription":"[reɪs]","nameA":"","image":" ","bg":"transparent","translates":[{"lang":"ru-RU","name":"Гонка"},{"lang":"vi-VN","name":"Cuộc đua"},{"lang":"zh-CN","name":"比赛"},{"lang":"hi-IN","name":"दौड़"},{"lang":"th-TH","name":"การแข่งขัน"},{"lang":"tr-TR","name":"Yarış"},{"lang":"pt-BR","name":"Corrida"},{"lang":"de-DE","name":"Rennen"},{"lang":"id-ID","name":"Balapan"},{"lang":"fr-FR","name":"Course"}]},{"id":0,"name":"radiator","transcription":"[ˈreɪdiˌeɪtər]","nameA":"","image":"/img/dict/home/radiator.png","bg":"transparent","translates":[{"lang":"ru-RU","name":"Радиатор"},{"lang":"vi-VN","name":"Bộ tản nhiệt"},{"lang":"zh-CN","name":"散热器"},{"lang":"hi-IN","name":"रेडिएटर"},{"lang":"th-TH","name":"หม้อน้ำ"},{"lang":"tr-TR","name":"Radyatör"},{"lang":"pt-BR","name":"Radiador"},{"lang":"de-DE","name":"Heizkörper"},{"lang":"id-ID","name":"Radiator"},{"lang":"fr-FR","name":"Radiateur"}]},{"id":0,"name":"radio","transcription":"[ˈreɪdiˌoʊ]","nameA":"","image":" ","bg":"transparent","translates":[{"lang":"ru-RU","name":"Радио"},{"lang":"vi-VN","name":"Đài phát thanh"},{"lang":"zh-CN","name":"收音机"},{"lang":"hi-IN","name":"रेडियो"},{"lang":"th-TH","name":"วิทยุ"},{"lang":"tr-TR","name":"Radyo"},{"lang":"pt-BR","name":"Rádio"},{"lang":"de-DE","name":"Radio"},{"lang":"id-ID","name":"Radio"},{"lang":"fr-FR","name":"Radio"}]},{"id":0,"name":"railway","transcription":"[ˈreɪlweɪ]","nameA":"","image":" ","bg":"transparent","translates":[{"lang":"ru-RU","name":"Железная дорога"},{"lang":"vi-VN","name":"Đường sắt"},{"lang":"zh-CN","name":"铁路"},{"lang":"hi-IN","name":"रेलवे"},{"lang":"th-TH","name":"ทางรถไฟ"},{"lang":"tr-TR","name":"Demiryolu"},{"lang":"pt-BR","name":"Ferrovia"},{"lang":"de-DE","name":"Eisenbahn"},{"lang":"id-ID","name":"Rel kereta api"},{"lang":"fr-FR","name":"Chemin de fer"}]},{"id":0,"name":"rain","transcription":"[reɪn]","nameA":"","image":" ","bg":"transparent","translates":[{"lang":"ru-RU","name":"Дождь"},{"lang":"vi-VN","name":"Mưa"},{"lang":"zh-CN","name":"雨"},{"lang":"hi-IN","name":"बारिश"},{"lang":"th-TH","name":"ฝน"},{"lang":"tr-TR","name":"Yağmur"},{"lang":"pt-BR","name":"Chuva"},{"lang":"de-DE","name":"Regen"},{"lang":"id-ID","name":"Hujan"},{"lang":"fr-FR","name":"Pluie"}]},{"id":0,"name":"rainbow","transcription":"[ˈreɪnˌboʊ]","nameA":"","image":" ","bg":"transparent","translates":[{"lang":"ru-RU","name":"Радуга"},{"lang":"vi-VN","name":"Cầu vồng"},{"lang":"zh-CN","name":"彩虹"},{"lang":"hi-IN","name":"इंद्रधनुष"},{"lang":"th-TH","name":"รุ้ง"},{"lang":"tr-TR","name":"Gökkuşağı"},{"lang":"pt-BR","name":"Arco-íris"},{"lang":"de-DE","name":"Regenbogen"},{"lang":"id-ID","name":"Pelangi"},{"lang":"fr-FR","name":"Arc-en-ciel"}]},{"id":0,"name":"rare","transcription":"[rɛr]","nameA":"","image":" ","bg":"transparent","translates":[{"lang":"ru-RU","name":"Редкий"},{"lang":"vi-VN","name":"Hiếm"},{"lang":"zh-CN","name":"稀有"},{"lang":"hi-IN","name":"दुर्लभ"},{"lang":"th-TH","name":"หายาก"},{"lang":"tr-TR","name":"Nadir"},{"lang":"pt-BR","name":"Raro"},{"lang":"de-DE","name":"Selten"},{"lang":"id-ID","name":"Langka"},{"lang":"fr-FR","name":"Rare"}]},{"id":0,"name":"rat","transcription":"[ræt]","nameA":"","image":"/img/dict/animals/rat.png","bg":"transparent","translates":[{"lang":"ru-RU","name":"Крыса"},{"lang":"vi-VN","name":"Con chuột"},{"lang":"zh-CN","name":"老鼠"},{"lang":"hi-IN","name":"चूहा"},{"lang":"th-TH","name":"หนู"},{"lang":"tr-TR","name":"Sıçan"},{"lang":"pt-BR","name":"Rato"},{"lang":"de-DE","name":"Ratte"},{"lang":"id-ID","name":"Tikus"},{"lang":"fr-FR","name":"Rat"}]},{"id":0,"name":"raw","transcription":"[rɔː]","nameA":"","image":" ","bg":"transparent","translates":[{"lang":"ru-RU","name":"Сырой"},{"lang":"vi-VN","name":"Sống"},{"lang":"zh-CN","name":"生的"},{"lang":"hi-IN","name":"कच्चा"},{"lang":"th-TH","name":"ดิบ"},{"lang":"tr-TR","name":"Çiğ"},{"lang":"pt-BR","name":"Cru"},{"lang":"de-DE","name":"Roh"},{"lang":"id-ID","name":"Mentah"},{"lang":"fr-FR","name":"Cru"}]},{"id":0,"name":"reach","transcription":"[riːtʃ]","nameA":"","image":" ","bg":"transparent","translates":[{"lang":"ru-RU","name":"Достигать"},{"lang":"vi-VN","name":"Đạt đến"},{"lang":"zh-CN","name":"达到"},{"lang":"hi-IN","name":"पहुंचना"},{"lang":"th-TH","name":"ถึง"},{"lang":"tr-TR","name":"Ulaşmak"},{"lang":"pt-BR","name":"Alcançar"},{"lang":"de-DE","name":"Erreichen"},{"lang":"id-ID","name":"Mencapai"},{"lang":"fr-FR","name":"Atteindre"}]},{"id":0,"name":"read","transcription":"[riːd]","nameA":"","image":" ","bg":"transparent","translates":[{"lang":"ru-RU","name":"Читать"},{"lang":"vi-VN","name":"Đọc"},{"lang":"zh-CN","name":"阅读"},{"lang":"hi-IN","name":"पढ़ना"},{"lang":"th-TH","name":"อ่าน"},{"lang":"tr-TR","name":"Okumak"},{"lang":"pt-BR","name":"Ler"},{"lang":"de-DE","name":"Lesen"},{"lang":"id-ID","name":"Membaca"},{"lang":"fr-FR","name":"Lire"}]},{"id":0,"name":"ready","transcription":"[ˈrɛdi]","nameA":"","image":" ","bg":"transparent","translates":[{"lang":"ru-RU","name":"Готовый"},{"lang":"vi-VN","name":"Sẵn sàng"},{"lang":"zh-CN","name":"准备"},{"lang":"hi-IN","name":"तैयार"},{"lang":"th-TH","name":"พร้อม"},{"lang":"tr-TR","name":"Hazır"},{"lang":"pt-BR","name":"Pronto"},{"lang":"de-DE","name":"Bereit"},{"lang":"id-ID","name":"Siap"},{"lang":"fr-FR","name":"Prêt"}]},{"id":0,"name":"real","transcription":"[ˈriːəl]","nameA":"","image":" ","bg":"transparent","translates":[{"lang":"ru-RU","name":"Настоящий"},{"lang":"vi-VN","name":"Thật"},{"lang":"zh-CN","name":"真实"},{"lang":"hi-IN","name":"असली"},{"lang":"th-TH","name":"จริง"},{"lang":"tr-TR","name":"Gerçek"},{"lang":"pt-BR","name":"Real"},{"lang":"de-DE","name":"Echt"},{"lang":"id-ID","name":"Nyata"},{"lang":"fr-FR","name":"Réel"}]},{"id":0,"name":"record","transcription":"[ˈrɛkərd]","nameA":"","image":" ","bg":"transparent","translates":[{"lang":"ru-RU","name":"Запись"},{"lang":"vi-VN","name":"Ghi âm"},{"lang":"zh-CN","name":"记录"},{"lang":"hi-IN","name":"रिकॉर्ड"},{"lang":"th-TH","name":"บันทึก"},{"lang":"tr-TR","name":"Kayıt"},{"lang":"pt-BR","name":"Gravação"},{"lang":"de-DE","name":"Aufnahme"},{"lang":"id-ID","name":"Rekaman"},{"lang":"fr-FR","name":"Enregistrement"}]},{"id":0,"name":"recorder","transcription":"[rɪˈkɔːrdər]","nameA":"","image":" ","bg":"transparent","translates":[{"lang":"ru-RU","name":"Диктофон"},{"lang":"vi-VN","name":"Máy ghi âm"},{"lang":"zh-CN","name":"录音机"},{"lang":"hi-IN","name":"रिकॉर्डर"},{"lang":"th-TH","name":"เครื่องบันทึกเสียง"},{"lang":"tr-TR","name":"Kayıt cihazı"},{"lang":"pt-BR","name":"Gravador"},{"lang":"de-DE","name":"Recorder"},{"lang":"id-ID","name":"Perekam"},{"lang":"fr-FR","name":"Enregistreur"}]},{"id":0,"name":"reflections","transcription":"[rɪˈflɛkʃənz]","nameA":"","image":" ","bg":"transparent","translates":[{"lang":"ru-RU","name":"Отражения"},{"lang":"vi-VN","name":"Phản chiếu"},{"lang":"zh-CN","name":"反射"},{"lang":"hi-IN","name":"प्रतिबिंब"},{"lang":"th-TH","name":"การสะท้อน"},{"lang":"tr-TR","name":"Yansımalar"},{"lang":"pt-BR","name":"Reflexões"},{"lang":"de-DE","name":"Reflexionen"},{"lang":"id-ID","name":"Pantulan"},{"lang":"fr-FR","name":"Réflexions"}]},{"id":0,"name":"remember","transcription":"[rɪˈmɛmbər]","nameA":"","image":" ","bg":"transparent","translates":[{"lang":"ru-RU","name":"Помнить"},{"lang":"vi-VN","name":"Nhớ"},{"lang":"zh-CN","name":"记住"},{"lang":"hi-IN","name":"याद रखना"},{"lang":"th-TH","name":"จำ"},{"lang":"tr-TR","name":"Hatırlamak"},{"lang":"pt-BR","name":"Lembrar"},{"lang":"de-DE","name":"Erinnern"},{"lang":"id-ID","name":"Ingat"},{"lang":"fr-FR","name":"Se souvenir"}]},{"id":0,"name":"remind","transcription":"[rɪˈmaɪnd]","nameA":"","image":" ","bg":"transparent","translates":[{"lang":"ru-RU","name":"Напоминать"},{"lang":"vi-VN","name":"Nhắc nhở"},{"lang":"zh-CN","name":"提醒"},{"lang":"hi-IN","name":"याद दिलाना"},{"lang":"th-TH","name":"เตือน"},{"lang":"tr-TR","name":"Hatırlatmak"},{"lang":"pt-BR","name":"Lembrar"},{"lang":"de-DE","name":"Erinnern"},{"lang":"id-ID","name":"Mengingatkan"},{"lang":"fr-FR","name":"Rappeler"}]},{"id":0,"name":"remove","transcription":"[rɪˈmuːv]","nameA":"","image":" ","bg":"transparent","translates":[{"lang":"ru-RU","name":"Удалять"},{"lang":"vi-VN","name":"Xóa"},{"lang":"zh-CN","name":"移除"},{"lang":"hi-IN","name":"हटाना"},{"lang":"th-TH","name":"ลบ"},{"lang":"tr-TR","name":"Kaldırmak"},{"lang":"pt-BR","name":"Remover"},{"lang":"de-DE","name":"Entfernen"},{"lang":"id-ID","name":"Menghapus"},{"lang":"fr-FR","name":"Supprimer"}]},{"id":0,"name":"recall","transcription":"[rɪˈkɔːl]","nameA":"","image":" ","bg":"transparent","translates":[{"lang":"ru-RU","name":"Вспоминать"},{"lang":"vi-VN","name":"Nhớ lại"},{"lang":"zh-CN","name":"回忆"},{"lang":"hi-IN","name":"याद करना"},{"lang":"th-TH","name":"จำได้"},{"lang":"tr-TR","name":"Hatırlamak"},{"lang":"pt-BR","name":"Recordar"},{"lang":"de-DE","name":"Erinnern"},{"lang":"id-ID","name":"Mengingat"},{"lang":"fr-FR","name":"Se rappeler"}]},{"id":0,"name":"repair","transcription":"[rɪˈpɛr]","nameA":"","image":" ","bg":"transparent","translates":[{"lang":"ru-RU","name":"Ремонтировать"},{"lang":"vi-VN","name":"Sửa chữa"},{"lang":"zh-CN","name":"修理"},{"lang":"hi-IN","name":"मरम्मत"},{"lang":"th-TH","name":"ซ่อมแซม"},{"lang":"tr-TR","name":"Tamir etmek"},{"lang":"pt-BR","name":"Reparar"},{"lang":"de-DE","name":"Reparieren"},{"lang":"id-ID","name":"Memperbaiki"},{"lang":"fr-FR","name":"Réparer"}]},{"id":0,"name":"reply","transcription":"[rɪˈplaɪ]","nameA":"","image":" ","bg":"transparent","translates":[{"lang":"ru-RU","name":"Ответить"},{"lang":"vi-VN","name":"Trả lời"},{"lang":"zh-CN","name":"回复"},{"lang":"hi-IN","name":"जवाब"},{"lang":"th-TH","name":"ตอบ"},{"lang":"tr-TR","name":"Yanıtlamak"},{"lang":"pt-BR","name":"Responder"},{"lang":"de-DE","name":"Antworten"},{"lang":"id-ID","name":"Membalas"},{"lang":"fr-FR","name":"Répondre"}]},{"id":0,"name":"rescue","transcription":"[ˈrɛskjuː]","nameA":"","image":" ","bg":"transparent","translates":[{"lang":"ru-RU","name":"Спасать"},{"lang":"vi-VN","name":"Giải cứu"},{"lang":"zh-CN","name":"救援"},{"lang":"hi-IN","name":"बचाव"},{"lang":"th-TH","name":"ช่วยเหลือ"},{"lang":"tr-TR","name":"Kurtarmak"},{"lang":"pt-BR","name":"Resgatar"},{"lang":"de-DE","name":"Retten"},{"lang":"id-ID","name":"Menyelamatkan"},{"lang":"fr-FR","name":"Sauver"}]},{"id":0,"name":"rest","transcription":"[rɛst]","nameA":"","image":" ","bg":"transparent","translates":[{"lang":"ru-RU","name":"Отдых"},{"lang":"vi-VN","name":"Nghỉ ngơi"},{"lang":"zh-CN","name":"休息"},{"lang":"hi-IN","name":"आराम"},{"lang":"th-TH","name":"พักผ่อน"},{"lang":"tr-TR","name":"Dinlenmek"},{"lang":"pt-BR","name":"Descanso"},{"lang":"de-DE","name":"Ruhe"},{"lang":"id-ID","name":"Istirahat"},{"lang":"fr-FR","name":"Repos"}]},{"id":0,"name":"return","transcription":"[rɪˈtɜːrn]","nameA":"","image":" ","bg":"transparent","translates":[{"lang":"ru-RU","name":"Возвращаться"},{"lang":"vi-VN","name":"Trở lại"},{"lang":"zh-CN","name":"返回"},{"lang":"hi-IN","name":"वापसी"},{"lang":"th-TH","name":"กลับ"},{"lang":"tr-TR","name":"Dönmek"},{"lang":"pt-BR","name":"Retornar"},{"lang":"de-DE","name":"Zurückkehren"},{"lang":"id-ID","name":"Kembali"},{"lang":"fr-FR","name":"Retourner"}]},{"id":0,"name":"reward","transcription":"[rɪˈwɔːrd]","nameA":"","image":" ","bg":"transparent","translates":[{"lang":"ru-RU","name":"Награда"},{"lang":"vi-VN","name":"Phần thưởng"},{"lang":"zh-CN","name":"奖励"},{"lang":"hi-IN","name":"इनाम"},{"lang":"th-TH","name":"รางวัล"},{"lang":"tr-TR","name":"Ödül"},{"lang":"pt-BR","name":"Recompensa"},{"lang":"de-DE","name":"Belohnung"},{"lang":"id-ID","name":"Hadiah"},{"lang":"fr-FR","name":"Récompense"}]},{"id":0,"name":"ribbon","transcription":"[ˈrɪbən]","nameA":"","image":" ","bg":"transparent","translates":[{"lang":"ru-RU","name":"Лента"},{"lang":"vi-VN","name":"Ruy băng"},{"lang":"zh-CN","name":"丝带"},{"lang":"hi-IN","name":"रिबन"},{"lang":"th-TH","name":"ริบบิ้น"},{"lang":"tr-TR","name":"Kurdele"},{"lang":"pt-BR","name":"Fita"},{"lang":"de-DE","name":"Band"},{"lang":"id-ID","name":"Pita"},{"lang":"fr-FR","name":"Ruban"}]},{"id":0,"name":"rice","transcription":"[raɪs]","nameA":"","image":"/img/dict/food/rice.png","bg":"transparent","translates":[{"lang":"ru-RU","name":"Рис"},{"lang":"vi-VN","name":"Gạo"},{"lang":"zh-CN","name":"米饭"},{"lang":"hi-IN","name":"चावल"},{"lang":"th-TH","name":"ข้าว"},{"lang":"tr-TR","name":"Pirinç"},{"lang":"pt-BR","name":"Arroz"},{"lang":"de-DE","name":"Reis"},{"lang":"id-ID","name":"Beras"},{"lang":"fr-FR","name":"Riz"}]},{"id":0,"name":"rich","transcription":"[rɪtʃ]","nameA":"","image":" ","bg":"transparent","translates":[{"lang":"ru-RU","name":"Богатый"},{"lang":"vi-VN","name":"Giàu có"},{"lang":"zh-CN","name":"富有"},{"lang":"hi-IN","name":"अमीर"},{"lang":"th-TH","name":"รวย"},{"lang":"tr-TR","name":"Zengin"},{"lang":"pt-BR","name":"Rico"},{"lang":"de-DE","name":"Reich"},{"lang":"id-ID","name":"Kaya"},{"lang":"fr-FR","name":"Riche"}]},{"id":0,"name":"riddle","transcription":"[ˈrɪdəl]","nameA":"","image":" ","bg":"transparent","translates":[{"lang":"ru-RU","name":"Загадка"},{"lang":"vi-VN","name":"Câu đố"},{"lang":"zh-CN","name":"谜语"},{"lang":"hi-IN","name":"पहेली"},{"lang":"th-TH","name":"ปริศนา"},{"lang":"tr-TR","name":"Bilmece"},{"lang":"pt-BR","name":"Enigma"},{"lang":"de-DE","name":"Rätsel"},{"lang":"id-ID","name":"Teka-teki"},{"lang":"fr-FR","name":"Devinette"}]},{"id":0,"name":"ride","transcription":"[raɪd]","nameA":"","image":" ","bg":"transparent","translates":[{"lang":"ru-RU","name":"Ездить"},{"lang":"vi-VN","name":"Đi xe"},{"lang":"zh-CN","name":"骑"},{"lang":"hi-IN","name":"सवारी"},{"lang":"th-TH","name":"ขี่"},{"lang":"tr-TR","name":"Binmek"},{"lang":"pt-BR","name":"Andar"},{"lang":"de-DE","name":"Fahren"},{"lang":"id-ID","name":"Mengendarai"},{"lang":"fr-FR","name":"Rouler"}]},{"id":0,"name":"right","transcription":"[raɪt]","nameA":"","image":" ","bg":"transparent","translates":[{"lang":"ru-RU","name":"Правильно"},{"lang":"vi-VN","name":"Đúng"},{"lang":"zh-CN","name":"正确"},{"lang":"hi-IN","name":"सही"},{"lang":"th-TH","name":"ถูกต้อง"},{"lang":"tr-TR","name":"Doğru"},{"lang":"pt-BR","name":"Certo"},{"lang":"de-DE","name":"Richtig"},{"lang":"id-ID","name":"Benar"},{"lang":"fr-FR","name":"Droit"}]},{"id":0,"name":"ring","transcription":"[rɪŋ]","nameA":"","image":" ","bg":"transparent","translates":[{"lang":"ru-RU","name":"Кольцо"},{"lang":"vi-VN","name":"Nhẫn"},{"lang":"zh-CN","name":"戒指"},{"lang":"hi-IN","name":"अंगूठी"},{"lang":"th-TH","name":"แหวน"},{"lang":"tr-TR","name":"Yüzük"},{"lang":"pt-BR","name":"Anel"},{"lang":"de-DE","name":"Ring"},{"lang":"id-ID","name":"Cincin"},{"lang":"fr-FR","name":"Anneau"}]},{"id":0,"name":"rise","transcription":"[raɪz]","nameA":"","image":" ","bg":"transparent","translates":[{"lang":"ru-RU","name":"Подниматься"},{"lang":"vi-VN","name":"Tăng lên"},{"lang":"zh-CN","name":"上升"},{"lang":"hi-IN","name":"उठना"},{"lang":"th-TH","name":"ขึ้น"},{"lang":"tr-TR","name":"Yükselmek"},{"lang":"pt-BR","name":"Subir"},{"lang":"de-DE","name":"Steigen"},{"lang":"id-ID","name":"Naik"},{"lang":"fr-FR","name":"Monter"}]},{"id":0,"name":"river","transcription":"[ˈrɪvər]","nameA":"","image":" ","bg":"transparent","translates":[{"lang":"ru-RU","name":"Река"},{"lang":"vi-VN","name":"Sông"},{"lang":"zh-CN","name":"河流"},{"lang":"hi-IN","name":"नदी"},{"lang":"th-TH","name":"แม่น้ำ"},{"lang":"tr-TR","name":"Nehir"},{"lang":"pt-BR","name":"Rio"},{"lang":"de-DE","name":"Fluss"},{"lang":"id-ID","name":"Sungai"},{"lang":"fr-FR","name":"Rivière"}]},{"id":0,"name":"road","transcription":"[roʊd]","nameA":"","image":" ","bg":"transparent","translates":[{"lang":"ru-RU","name":"Дорога"},{"lang":"vi-VN","name":"Đường"},{"lang":"zh-CN","name":"道路"},{"lang":"hi-IN","name":"सड़क"},{"lang":"th-TH","name":"ถนน"},{"lang":"tr-TR","name":"Yol"},{"lang":"pt-BR","name":"Estrada"},{"lang":"de-DE","name":"Straße"},{"lang":"id-ID","name":"Jalan"},{"lang":"fr-FR","name":"Route"}]},{"id":0,"name":"roar","transcription":"[rɔːr]","nameA":"","image":" ","bg":"transparent","translates":[{"lang":"ru-RU","name":"Рев"},{"lang":"vi-VN","name":"Gầm"},{"lang":"zh-CN","name":"咆哮"},{"lang":"hi-IN","name":"गर्जना"},{"lang":"th-TH","name":"คำราม"},{"lang":"tr-TR","name":"Kükremek"},{"lang":"pt-BR","name":"Rugido"},{"lang":"de-DE","name":"Brüllen"},{"lang":"id-ID","name":"Mengaum"},{"lang":"fr-FR","name":"Rugir"}]},{"id":0,"name":"robot","transcription":"[ˈroʊbɑt]","nameA":"","image":"/img/dict/toys/robot.png","bg":"transparent","translates":[{"lang":"ru-RU","name":"Робот"},{"lang":"vi-VN","name":"Người máy"},{"lang":"zh-CN","name":"机器人"},{"lang":"hi-IN","name":"रोबोट"},{"lang":"th-TH","name":"หุ่นยนต์"},{"lang":"tr-TR","name":"Robot"},{"lang":"pt-BR","name":"Robô"},{"lang":"de-DE","name":"Roboter"},{"lang":"id-ID","name":"Robot"},{"lang":"fr-FR","name":"Robot"}]},{"id":0,"name":"rock","transcription":"[rɑk]","nameA":"","image":" ","bg":"transparent","translates":[{"lang":"ru-RU","name":"Скала"},{"lang":"vi-VN","name":"Đá"},{"lang":"zh-CN","name":"岩石"},{"lang":"hi-IN","name":"चट्टान"},{"lang":"th-TH","name":"หิน"},{"lang":"tr-TR","name":"Kaya"},{"lang":"pt-BR","name":"Pedra"},{"lang":"de-DE","name":"Fels"},{"lang":"id-ID","name":"Batu"},{"lang":"fr-FR","name":"Roche"}]},{"id":0,"name":"rocket","transcription":"[ˈrɑkɪt]","nameA":"","image":" ","bg":"transparent","translates":[{"lang":"ru-RU","name":"Ракета"},{"lang":"vi-VN","name":"Tên lửa"},{"lang":"zh-CN","name":"火箭"},{"lang":"hi-IN","name":"रॉकेट"},{"lang":"th-TH","name":"จรวด"},{"lang":"tr-TR","name":"Roket"},{"lang":"pt-BR","name":"Foguete"},{"lang":"de-DE","name":"Rakete"},{"lang":"id-ID","name":"Roket"},{"lang":"fr-FR","name":"Fusée"}]},{"id":0,"name":"roll","transcription":"[roʊl]","nameA":"","image":" ","bg":"transparent","translates":[{"lang":"ru-RU","name":"Катиться"},{"lang":"vi-VN","name":"Lăn"},{"lang":"zh-CN","name":"滚动"},{"lang":"hi-IN","name":"लुढ़कना"},{"lang":"th-TH","name":"กลิ้ง"},{"lang":"tr-TR","name":"Yuvarlanmak"},{"lang":"pt-BR","name":"Rolar"},{"lang":"de-DE","name":"Rollen"},{"lang":"id-ID","name":"Menggulung"},{"lang":"fr-FR","name":"Rouler"}]},{"id":0,"name":"roof","transcription":"[ruːf]","nameA":"","image":"/img/dict/home/roof.png","bg":"transparent","translates":[{"lang":"ru-RU","name":"Крыша"},{"lang":"vi-VN","name":"Mái nhà"},{"lang":"zh-CN","name":"屋顶"},{"lang":"hi-IN","name":"छत"},{"lang":"th-TH","name":"หลังคา"},{"lang":"tr-TR","name":"Çatı"},{"lang":"pt-BR","name":"Telhado"},{"lang":"de-DE","name":"Dach"},{"lang":"id-ID","name":"Atap"},{"lang":"fr-FR","name":"Toit"}]},{"id":0,"name":"room","transcription":"[ruːm]","nameA":"","image":" ","bg":"transparent","translates":[{"lang":"ru-RU","name":"Комната"},{"lang":"vi-VN","name":"Phòng"},{"lang":"zh-CN","name":"房间"},{"lang":"hi-IN","name":"कमरा"},{"lang":"th-TH","name":"ห้อง"},{"lang":"tr-TR","name":"Oda"},{"lang":"pt-BR","name":"Sala"},{"lang":"de-DE","name":"Zimmer"},{"lang":"id-ID","name":"Ruang"},{"lang":"fr-FR","name":"Pièce"}]},{"id":0,"name":"root","transcription":"[ruːt]","nameA":"","image":" ","bg":"transparent","translates":[{"lang":"ru-RU","name":"Корень"},{"lang":"vi-VN","name":"Rễ"},{"lang":"zh-CN","name":"根"},{"lang":"hi-IN","name":"जड़"},{"lang":"th-TH","name":"ราก"},{"lang":"tr-TR","name":"Kök"},{"lang":"pt-BR","name":"Raiz"},{"lang":"de-DE","name":"Wurzel"},{"lang":"id-ID","name":"Akar"},{"lang":"fr-FR","name":"Racine"}]},{"id":0,"name":"rope","transcription":"[roʊp]","nameA":"","image":" ","bg":"transparent","translates":[{"lang":"ru-RU","name":"Веревка"},{"lang":"vi-VN","name":"Dây thừng"},{"lang":"zh-CN","name":"绳子"},{"lang":"hi-IN","name":"रस्सी"},{"lang":"th-TH","name":"เชือก"},{"lang":"tr-TR","name":"İp"},{"lang":"pt-BR","name":"Corda"},{"lang":"de-DE","name":"Seil"},{"lang":"id-ID","name":"Tali"},{"lang":"fr-FR","name":"Corde"}]},{"id":0,"name":"rose","transcription":"[roʊz]","nameA":"","image":" ","bg":"transparent","translates":[{"lang":"ru-RU","name":"Роза"},{"lang":"vi-VN","name":"Hoa hồng"},{"lang":"zh-CN","name":"玫瑰"},{"lang":"hi-IN","name":"गुलाब"},{"lang":"th-TH","name":"กุหลาบ"},{"lang":"tr-TR","name":"Gül"},{"lang":"pt-BR","name":"Rosa"},{"lang":"de-DE","name":"Rose"},{"lang":"id-ID","name":"Mawar"},{"lang":"fr-FR","name":"Rose"}]},{"id":0,"name":"rough","transcription":"[rʌf]","nameA":"","image":" ","bg":"transparent","translates":[{"lang":"ru-RU","name":"Грубый"},{"lang":"vi-VN","name":"Thô ráp"},{"lang":"zh-CN","name":"粗糙"},{"lang":"hi-IN","name":"कठोर"},{"lang":"th-TH","name":"หยาบ"},{"lang":"tr-TR","name":"Kaba"},{"lang":"pt-BR","name":"Áspero"},{"lang":"de-DE","name":"Rau"},{"lang":"id-ID","name":"Kasar"},{"lang":"fr-FR","name":"Rugueux"}]},{"id":0,"name":"round","transcription":"[raʊnd]","nameA":"","image":" ","bg":"transparent","translates":[{"lang":"ru-RU","name":"Круглый"},{"lang":"vi-VN","name":"Tròn"},{"lang":"zh-CN","name":"圆形"},{"lang":"hi-IN","name":"गोल"},{"lang":"th-TH","name":"กลม"},{"lang":"tr-TR","name":"Yuvarlak"},{"lang":"pt-BR","name":"Redondo"},{"lang":"de-DE","name":"Rund"},{"lang":"id-ID","name":"Bulat"},{"lang":"fr-FR","name":"Rond"}]},{"id":0,"name":"row","transcription":"[roʊ]","nameA":"","image":" ","bg":"transparent","translates":[{"lang":"ru-RU","name":"Ряд"},{"lang":"vi-VN","name":"Hàng"},{"lang":"zh-CN","name":"行"},{"lang":"hi-IN","name":"पंक्ति"},{"lang":"th-TH","name":"แถว"},{"lang":"tr-TR","name":"Sıra"},{"lang":"pt-BR","name":"Linha"},{"lang":"de-DE","name":"Reihe"},{"lang":"id-ID","name":"Baris"},{"lang":"fr-FR","name":"Rangée"}]},{"id":0,"name":"rub","transcription":"[rʌb]","nameA":"","image":" ","bg":"transparent","translates":[{"lang":"ru-RU","name":"Тереть"},{"lang":"vi-VN","name":"Chà"},{"lang":"zh-CN","name":"摩擦"},{"lang":"hi-IN","name":"रगड़ना"},{"lang":"th-TH","name":"ถู"},{"lang":"tr-TR","name":"Ovmak"},{"lang":"pt-BR","name":"Esfregar"},{"lang":"de-DE","name":"Reiben"},{"lang":"id-ID","name":"Menggosok"},{"lang":"fr-FR","name":"Frotter"}]},{"id":0,"name":"rubber","transcription":"[ˈrʌbər]","nameA":"","image":" ","bg":"transparent","translates":[{"lang":"ru-RU","name":"Резина"},{"lang":"vi-VN","name":"Cao su"},{"lang":"zh-CN","name":"橡胶"},{"lang":"hi-IN","name":"रबर"},{"lang":"th-TH","name":"ยาง"},{"lang":"tr-TR","name":"Lastik"},{"lang":"pt-BR","name":"Borracha"},{"lang":"de-DE","name":"Gummi"},{"lang":"id-ID","name":"Karet"},{"lang":"fr-FR","name":"Caoutchouc"}]},{"id":0,"name":"rubbish","transcription":"[ˈrʌbɪʃ]","nameA":"","image":" ","bg":"transparent","translates":[{"lang":"ru-RU","name":"Мусор"},{"lang":"vi-VN","name":"Rác"},{"lang":"zh-CN","name":"垃圾"},{"lang":"hi-IN","name":"कचरा"},{"lang":"th-TH","name":"ขยะ"},{"lang":"tr-TR","name":"Çöp"},{"lang":"pt-BR","name":"Lixo"},{"lang":"de-DE","name":"Müll"},{"lang":"id-ID","name":"Sampah"},{"lang":"fr-FR","name":"Déchets"}]},{"id":0,"name":"rude","transcription":"[ruːd]","nameA":"","image":" ","bg":"transparent","translates":[{"lang":"ru-RU","name":"Грубый"},{"lang":"vi-VN","name":"Thô lỗ"},{"lang":"zh-CN","name":"粗鲁"},{"lang":"hi-IN","name":"असभ्य"},{"lang":"th-TH","name":"หยาบคาย"},{"lang":"tr-TR","name":"Kaba"},{"lang":"pt-BR","name":"Rude"},{"lang":"de-DE","name":"Unhöflich"},{"lang":"id-ID","name":"Kasar"},{"lang":"fr-FR","name":"Grossier"}]},{"id":0,"name":"rule","transcription":"[ruːl]","nameA":"","image":" ","bg":"transparent","translates":[{"lang":"ru-RU","name":"Правило"},{"lang":"vi-VN","name":"Quy tắc"},{"lang":"zh-CN","name":"规则"},{"lang":"hi-IN","name":"नियम"},{"lang":"th-TH","name":"กฎ"},{"lang":"tr-TR","name":"Kural"},{"lang":"pt-BR","name":"Regra"},{"lang":"de-DE","name":"Regel"},{"lang":"id-ID","name":"Aturan"},{"lang":"fr-FR","name":"Règle"}]},{"id":0,"name":"ruler","transcription":"[ˈruːlər]","nameA":"","image":"/img/dict/classroom/ruler.png","bg":"transparent","translates":[{"lang":"ru-RU","name":"Линейка"},{"lang":"vi-VN","name":"Thước kẻ"},{"lang":"zh-CN","name":"尺子"},{"lang":"hi-IN","name":"पैमाना"},{"lang":"th-TH","name":"ไม้บรรทัด"},{"lang":"tr-TR","name":"Cetvel"},{"lang":"pt-BR","name":"Régua"},{"lang":"de-DE","name":"Lineal"},{"lang":"id-ID","name":"Penggaris"},{"lang":"fr-FR","name":"Règle"}]},{"id":0,"name":"run","transcription":"[rʌn]","nameA":"","image":" ","bg":"transparent","translates":[{"lang":"ru-RU","name":"Бежать"},{"lang":"vi-VN","name":"Chạy"},{"lang":"zh-CN","name":"跑"},{"lang":"hi-IN","name":"दौड़ना"},{"lang":"th-TH","name":"วิ่ง"},{"lang":"tr-TR","name":"Koşmak"},{"lang":"pt-BR","name":"Correr"},{"lang":"de-DE","name":"Laufen"},{"lang":"id-ID","name":"Lari"},{"lang":"fr-FR","name":"Courir"}]},{"id":0,"name":"rhinoceros","transcription":"[raɪˈnɑːsərəs]","nameA":"","image":" ","bg":"transparent","translates":[{"lang":"ru-RU","name":"Носорог"},{"lang":"vi-VN","name":"Tê giác"},{"lang":"zh-CN","name":"犀牛"},{"lang":"hi-IN","name":"गैंडा"},{"lang":"th-TH","name":"แรด"},{"lang":"tr-TR","name":"Gergedan"},{"lang":"pt-BR","name":"Rinoceronte"},{"lang":"de-DE","name":"Nashorn"},{"lang":"id-ID","name":"Badak"},{"lang":"fr-FR","name":"Rhinocéros"}]},{"id":0,"name":"rhombus","transcription":"[ˈrɑːmbəs]","nameA":"","image":" ","bg":"transparent","translates":[{"lang":"ru-RU","name":"Ромб"},{"lang":"vi-VN","name":"Hình thoi"},{"lang":"zh-CN","name":"菱形"},{"lang":"hi-IN","name":"समचतुर्भुज"},{"lang":"th-TH","name":"รูปสี่เหลี่ยมขนมเปียกปูน"},{"lang":"tr-TR","name":"Eşkenar dörtgen"},{"lang":"pt-BR","name":"Losango"},{"lang":"de-DE","name":"Raute"},{"lang":"id-ID","name":"Belah ketupat"},{"lang":"fr-FR","name":"Losange"}]},{"id":0,"name":"rhubarb","transcription":"[ˈruːbɑːrb]","nameA":"","image":" ","bg":"transparent","translates":[{"lang":"ru-RU","name":"Ревень"},{"lang":"vi-VN","name":"Cây đại hoàng"},{"lang":"zh-CN","name":"大黄"},{"lang":"hi-IN","name":"रूबर्ब"},{"lang":"th-TH","name":"รูบาร์บ"},{"lang":"tr-TR","name":"Ravent"},{"lang":"pt-BR","name":"Ruibarbo"},{"lang":"de-DE","name":"Rhabarber"},{"lang":"id-ID","name":"Rheum"},{"lang":"fr-FR","name":"Rhubarbe"}]},{"id":0,"name":"rhyme","transcription":"[raɪm]","nameA":"","image":" ","bg":"transparent","translates":[{"lang":"ru-RU","name":"Рифма"},{"lang":"vi-VN","name":"Vần"},{"lang":"zh-CN","name":"押韵"},{"lang":"hi-IN","name":"तुक"},{"lang":"th-TH","name":"สัมผัส"},{"lang":"tr-TR","name":"Kafiye"},{"lang":"pt-BR","name":"Rima"},{"lang":"de-DE","name":"Reim"},{"lang":"id-ID","name":"Sajak"},{"lang":"fr-FR","name":"Rime"}]},{"id":0,"name":"rhythm","transcription":"[ˈrɪðəm]","nameA":"","image":" ","bg":"transparent","translates":[{"lang":"ru-RU","name":"Ритм"},{"lang":"vi-VN","name":"Nhịp điệu"},{"lang":"zh-CN","name":"节奏"},{"lang":"hi-IN","name":"ताल"},{"lang":"th-TH","name":"จังหวะ"},{"lang":"tr-TR","name":"Ritim"},{"lang":"pt-BR","name":"Ritmo"},{"lang":"de-DE","name":"Rhythmus"},{"lang":"id-ID","name":"Irama"},{"lang":"fr-FR","name":"Rythme"}]},{"id":0,"name":"wrap","transcription":"[ræp]","nameA":"","image":" ","bg":"transparent","translates":[{"lang":"ru-RU","name":"Заворачивать"},{"lang":"vi-VN","name":"Gói"},{"lang":"zh-CN","name":"包裹"},{"lang":"hi-IN","name":"लपेटना"},{"lang":"th-TH","name":"ห่อ"},{"lang":"tr-TR","name":"Sarmak"},{"lang":"pt-BR","name":"Embrulhar"},{"lang":"de-DE","name":"Einwickeln"},{"lang":"id-ID","name":"Membungkus"},{"lang":"fr-FR","name":"Envelopper"}]},{"id":0,"name":"wriggle","transcription":"[ˈrɪɡəl]","nameA":"","image":" ","bg":"transparent","translates":[{"lang":"ru-RU","name":"Извиваться"},{"lang":"vi-VN","name":"Ngọ nguậy"},{"lang":"zh-CN","name":"扭动"},{"lang":"hi-IN","name":"छटपटाना"},{"lang":"th-TH","name":"ดิ้น"},{"lang":"tr-TR","name":"Kıvranmak"},{"lang":"pt-BR","name":"Contorcer"},{"lang":"de-DE","name":"Windeln"},{"lang":"id-ID","name":"Menggeliat"},{"lang":"fr-FR","name":"Se tortiller"}]},{"id":0,"name":"wrinkle","transcription":"[ˈrɪŋkəl]","nameA":"","image":" ","bg":"transparent","translates":[{"lang":"ru-RU","name":"Морщина"},{"lang":"vi-VN","name":"Nếp nhăn"},{"lang":"zh-CN","name":"皱纹"},{"lang":"hi-IN","name":"झुर्री"},{"lang":"th-TH","name":"รอยย่น"},{"lang":"tr-TR","name":"Kırışıklık"},{"lang":"pt-BR","name":"Rugal"},{"lang":"de-DE","name":"Falte"},{"lang":"id-ID","name":"Kerutan"},{"lang":"fr-FR","name":"Ride"}]},{"id":0,"name":"wrist","transcription":"[rɪst]","nameA":"","image":" ","bg":"transparent","translates":[{"lang":"ru-RU","name":"Запястье"},{"lang":"vi-VN","name":"Cổ tay"},{"lang":"zh-CN","name":"手腕"},{"lang":"hi-IN","name":"कलाई"},{"lang":"th-TH","name":"ข้อมือ"},{"lang":"tr-TR","name":"Bilek"},{"lang":"pt-BR","name":"Pulso"},{"lang":"de-DE","name":"Handgelenk"},{"lang":"id-ID","name":"Pergelangan tangan"},{"lang":"fr-FR","name":"Poignet"}]},{"id":0,"name":"write","transcription":"[raɪt]","nameA":"","image":" ","bg":"transparent","translates":[{"lang":"ru-RU","name":"Писать"},{"lang":"vi-VN","name":"Viết"},{"lang":"zh-CN","name":"写"},{"lang":"hi-IN","name":"लिखना"},{"lang":"th-TH","name":"เขียน"},{"lang":"tr-TR","name":"Yazmak"},{"lang":"pt-BR","name":"Escrever"},{"lang":"de-DE","name":"Schreiben"},{"lang":"id-ID","name":"Menulis"},{"lang":"fr-FR","name":"Écrire"}]},{"id":0,"name":"wrong","transcription":"[rɔːŋ]","nameA":"","image":" ","bg":"transparent","translates":[{"lang":"ru-RU","name":"Неправильный"},{"lang":"vi-VN","name":"Sai"},{"lang":"zh-CN","name":"错误"},{"lang":"hi-IN","name":"गलत"},{"lang":"th-TH","name":"ผิด"},{"lang":"tr-TR","name":"Yanlış"},{"lang":"pt-BR","name":"Errado"},{"lang":"de-DE","name":"Falsch"},{"lang":"id-ID","name":"Salah"},{"lang":"fr-FR","name":"Faux"}]},{"id":0,"name":"arrow","transcription":"[ˈæroʊ]","nameA":"","image":" ","bg":"transparent","translates":[{"lang":"ru-RU","name":"Стрела"},{"lang":"vi-VN","name":"Mũi tên"},{"lang":"zh-CN","name":"箭"},{"lang":"hi-IN","name":"तीर"},{"lang":"th-TH","name":"ลูกศร"},{"lang":"tr-TR","name":"Ok"},{"lang":"pt-BR","name":"Flecha"},{"lang":"de-DE","name":"Pfeil"},{"lang":"id-ID","name":"Panah"},{"lang":"fr-FR","name":"Flèche"}]},{"id":0,"name":"carry","transcription":"[ˈkæri]","nameA":"","image":" ","bg":"transparent","translates":[{"lang":"ru-RU","name":"Нести"},{"lang":"vi-VN","name":"Mang"},{"lang":"zh-CN","name":"携带"},{"lang":"hi-IN","name":"ले जाना"},{"lang":"th-TH","name":"แบก"},{"lang":"tr-TR","name":"Taşımak"},{"lang":"pt-BR","name":"Carregar"},{"lang":"de-DE","name":"Tragen"},{"lang":"id-ID","name":"Membawa"},{"lang":"fr-FR","name":"Porter"}]},{"id":0,"name":"hurry","transcription":"[ˈhɜːri]","nameA":"","image":" ","bg":"transparent","translates":[{"lang":"ru-RU","name":"Торопиться"},{"lang":"vi-VN","name":"Vội vàng"},{"lang":"zh-CN","name":"匆忙"},{"lang":"hi-IN","name":"जल्दी करना"},{"lang":"th-TH","name":"รีบ"},{"lang":"tr-TR","name":"Acele etmek"},{"lang":"pt-BR","name":"Apresse-se"},{"lang":"de-DE","name":"Eilen"},{"lang":"id-ID","name":"Cepat"},{"lang":"fr-FR","name":"Se dépêcher"}]},{"id":0,"name":"lorry","transcription":"[ˈlɔːri]","nameA":"","image":" ","bg":"transparent","translates":[{"lang":"ru-RU","name":"Грузовик"},{"lang":"vi-VN","name":"Xe tải"},{"lang":"zh-CN","name":"卡车"},{"lang":"hi-IN","name":"ट्रक"},{"lang":"th-TH","name":"รถบรรทุก"},{"lang":"tr-TR","name":"Kamyon"},{"lang":"pt-BR","name":"Caminhão"},{"lang":"de-DE","name":"Lastwagen"},{"lang":"id-ID","name":"Truk"},{"lang":"fr-FR","name":"Camion"}]},{"id":0,"name":"marry","transcription":"[ˈmæri]","nameA":"","image":" ","bg":"transparent","translates":[{"lang":"ru-RU","name":"Жениться"},{"lang":"vi-VN","name":"Kết hôn"},{"lang":"zh-CN","name":"结婚"},{"lang":"hi-IN","name":"शादी करना"},{"lang":"th-TH","name":"แต่งงาน"},{"lang":"tr-TR","name":"Evlenmek"},{"lang":"pt-BR","name":"Casar"},{"lang":"de-DE","name":"Heiraten"},{"lang":"id-ID","name":"Menikah"},{"lang":"fr-FR","name":"Se marier"}]},{"id":0,"name":"parrot","transcription":"[ˈpærət]","nameA":"","image":"/img/dict/animals/parrot.png","bg":"transparent","translates":[{"lang":"ru-RU","name":"Попугай"},{"lang":"vi-VN","name":"Con vẹt"},{"lang":"zh-CN","name":"鹦鹉"},{"lang":"hi-IN","name":"तोता"},{"lang":"th-TH","name":"นกแก้ว"},{"lang":"tr-TR","name":"Papağan"},{"lang":"pt-BR","name":"Papagaio"},{"lang":"de-DE","name":"Papagei"},{"lang":"id-ID","name":"Burung beo"},{"lang":"fr-FR","name":"Perroquet"}]},{"id":0,"name":"sorry","transcription":"[ˈsɔːri]","nameA":"","image":" ","bg":"transparent","translates":[{"lang":"ru-RU","name":"Извините"},{"lang":"vi-VN","name":"Xin lỗi"},{"lang":"zh-CN","name":"对不起"},{"lang":"hi-IN","name":"माफ़ कीजिए"},{"lang":"th-TH","name":"ขอโทษ"},{"lang":"tr-TR","name":"Üzgünüm"},{"lang":"pt-BR","name":"Desculpe"},{"lang":"de-DE","name":"Entschuldigung"},{"lang":"id-ID","name":"Maaf"},{"lang":"fr-FR","name":"Désolé"}]},{"id":0,"name":"tomorrow","transcription":"[təˈmɔːroʊ]","nameA":"","image":" ","bg":"transparent","translates":[{"lang":"ru-RU","name":"Завтра"},{"lang":"vi-VN","name":"Ngày mai"},{"lang":"zh-CN","name":"明天"},{"lang":"hi-IN","name":"कल"},{"lang":"th-TH","name":"พรุ่งนี้"},{"lang":"tr-TR","name":"Yarın"},{"lang":"pt-BR","name":"Amanhã"},{"lang":"de-DE","name":"Morgen"},{"lang":"id-ID","name":"Besok"},{"lang":"fr-FR","name":"Demain"}]}]}