{
  "name": "Phonics /h/",
  "nameA": null,
  "img": null,
  "minQuiz": null,
  "isRandom": false,
  "isBlur": false,
  "isUpper": true,
  "isByWords": false,
  "isForAdult": false,
  "separator": "",
  "numWords": 55,
  "tags": null,
  "Translations": [
    {
      "lang": "ru-RU",
      "name": "Алфавит",
      "nameA": null
    }
  ],
  "items": [
    {
      "id": 0,
      "name": "had",
      "transcription": "[hæd]",
      "nameA": "",
      "image": " ",
      "bg": "transparent",
      "nameAnswer": null,
      "translates": [
        {
          "lang": "ru-RU",
          "name": "Имел",
          "nameA": null
        }
      ]
    },
    {
      "id": 0,
      "name": "hair",
      "transcription": "[hɛr]",
      "nameA": "",
      "image": "/img/dict/body/hair.png",
      "bg": "transparent",
      "nameAnswer": null,
      "translates": [
        {
          "lang": "ru-RU",
          "name": "Волосы",
          "nameA": null
        }
      ]
    },
    {
      "id": 0,
      "name": "half",
      "transcription": "[hæf]",
      "nameA": "",
      "image": " ",
      "bg": "transparent",
      "nameAnswer": null,
      "translates": [
        {
          "lang": "ru-RU",
          "name": "Половина",
          "nameA": null
        }
      ]
    },
    {
      "id": 0,
      "name": "hand",
      "transcription": "[hænd]",
      "nameA": "",
      "image": "/img/dict/body/hand.png",
      "bg": "transparent",
      "nameAnswer": null,
      "translates": [
        {
          "lang": "ru-RU",
          "name": "Рука",
          "nameA": null
        }
      ]
    },
    {
      "id": 0,
      "name": "handle",
      "transcription": "[ˈhændl]",
      "nameA": "",
      "image": " ",
      "bg": "transparent",
      "nameAnswer": null,
      "translates": [
        {
          "lang": "ru-RU",
          "name": "Ручка",
          "nameA": null
        }
      ]
    },
    {
      "id": 0,
      "name": "hang",
      "transcription": "[hæŋ]",
      "nameA": "",
      "image": " ",
      "bg": "transparent",
      "nameAnswer": null,
      "translates": [
        {
          "lang": "ru-RU",
          "name": "Вешать",
          "nameA": null
        }
      ]
    },
    {
      "id": 0,
      "name": "happy",
      "transcription": "[ˈhæpi]",
      "nameA": "",
      "image": " ",
      "bg": "transparent",
      "nameAnswer": null,
      "translates": [
        {
          "lang": "ru-RU",
          "name": "Счастливый",
          "nameA": null
        }
      ]
    },
    {
      "id": 0,
      "name": "hard",
      "transcription": "[hɑrd]",
      "nameA": "",
      "image": " ",
      "bg": "transparent",
      "nameAnswer": null,
      "translates": [
        {
          "lang": "ru-RU",
          "name": "Твердый",
          "nameA": null
        }
      ]
    },
    {
      "id": 0,
      "name": "hat",
      "transcription": "[hæt]",
      "nameA": "",
      "image": "/img/dict/clothes/hat.png",
      "bg": "transparent",
      "nameAnswer": null,
      "translates": [
        {
          "lang": "ru-RU",
          "name": "Шляпа",
          "nameA": null
        }
      ]
    },
    {
      "id": 0,
      "name": "hate",
      "transcription": "[heɪt]",
      "nameA": "",
      "image": " ",
      "bg": "transparent",
      "nameAnswer": null,
      "translates": [
        {
          "lang": "ru-RU",
          "name": "Ненавидеть",
          "nameA": null
        }
      ]
    },
    {
      "id": 0,
      "name": "have",
      "transcription": "[hæv]",
      "nameA": "",
      "image": " ",
      "bg": "transparent",
      "nameAnswer": null,
      "translates": [
        {
          "lang": "ru-RU",
          "name": "Иметь",
          "nameA": null
        }
      ]
    },
    {
      "id": 0,
      "name": "hay",
      "transcription": "[heɪ]",
      "nameA": "",
      "image": " ",
      "bg": "transparent",
      "nameAnswer": null,
      "translates": [
        {
          "lang": "ru-RU",
          "name": "Сено",
          "nameA": null
        }
      ]
    },
    {
      "id": 0,
      "name": "head",
      "transcription": "[hɛd]",
      "nameA": "",
      "image": "/img/dict/body/head.png",
      "bg": "transparent",
      "nameAnswer": null,
      "translates": [
        {
          "lang": "ru-RU",
          "name": "Голова",
          "nameA": null
        }
      ]
    },
    {
      "id": 0,
      "name": "healthy",
      "transcription": "[ˈhɛlθi]",
      "nameA": "",
      "image": " ",
      "bg": "transparent",
      "nameAnswer": null,
      "translates": [
        {
          "lang": "ru-RU",
          "name": "Здоровый",
          "nameA": null
        }
      ]
    },
    {
      "id": 0,
      "name": "hear",
      "transcription": "[hɪr]",
      "nameA": "",
      "image": " ",
      "bg": "transparent",
      "nameAnswer": null,
      "translates": [
        {
          "lang": "ru-RU",
          "name": "Слышать",
          "nameA": null
        }
      ]
    },
    {
      "id": 0,
      "name": "heart",
      "transcription": "[hɑrt]",
      "nameA": "",
      "image": "/img/dict/shapes/heart.png",
      "bg": "transparent",
      "nameAnswer": null,
      "translates": [
        {
          "lang": "ru-RU",
          "name": "Сердце",
          "nameA": null
        }
      ]
    },
    {
      "id": 0,
      "name": "heavy",
      "transcription": "[ˈhɛvi]",
      "nameA": "",
      "image": " ",
      "bg": "transparent",
      "nameAnswer": null,
      "translates": [
        {
          "lang": "ru-RU",
          "name": "Тяжелый",
          "nameA": null
        }
      ]
    },
    {
      "id": 0,
      "name": "hedge",
      "transcription": "[hɛdʒ]",
      "nameA": "",
      "image": " ",
      "bg": "transparent",
      "nameAnswer": null,
      "translates": [
        {
          "lang": "ru-RU",
          "name": "Живая изгородь",
          "nameA": null
        }
      ]
    },
    {
      "id": 0,
      "name": "helicopter",
      "transcription": "[ˈhɛlɪkɑptər]",
      "nameA": "",
      "image": " ",
      "bg": "transparent",
      "nameAnswer": null,
      "translates": [
        {
          "lang": "ru-RU",
          "name": "Вертолет",
          "nameA": null
        }
      ]
    },
    {
      "id": 0,
      "name": "helix",
      "transcription": "[ˈhiːlɪks]",
      "nameA": "",
      "image": "/img/dict/shapes/helix.png",
      "bg": "transparent",
      "nameAnswer": null,
      "translates": [
        {
          "lang": "ru-RU",
          "name": "Спираль",
          "nameA": null
        }
      ]
    },
    {
      "id": 0,
      "name": "help",
      "transcription": "[hɛlp]",
      "nameA": "",
      "image": " ",
      "bg": "transparent",
      "nameAnswer": null,
      "translates": [
        {
          "lang": "ru-RU",
          "name": "Помощь",
          "nameA": null
        }
      ]
    },
    {
      "id": 0,
      "name": "hen",
      "transcription": "[hɛn]",
      "nameA": "",
      "image": "/img/dict/animals/hen.png",
      "bg": "transparent",
      "nameAnswer": null,
      "translates": [
        {
          "lang": "ru-RU",
          "name": "Курица",
          "nameA": null
        }
      ]
    },
    {
      "id": 0,
      "name": "hide",
      "transcription": "[haɪd]",
      "nameA": "",
      "image": " ",
      "bg": "transparent",
      "nameAnswer": null,
      "translates": [
        {
          "lang": "ru-RU",
          "name": "Прятать",
          "nameA": null
        }
      ]
    },
    {
      "id": 0,
      "name": "high",
      "transcription": "[haɪ]",
      "nameA": "",
      "image": " ",
      "bg": "transparent",
      "nameAnswer": null,
      "translates": [
        {
          "lang": "ru-RU",
          "name": "Высокий",
          "nameA": null
        }
      ]
    },
    {
      "id": 0,
      "name": "hill",
      "transcription": "[hɪl]",
      "nameA": "",
      "image": " ",
      "bg": "transparent",
      "nameAnswer": null,
      "translates": [
        {
          "lang": "ru-RU",
          "name": "Холм",
          "nameA": null
        }
      ]
    },
    {
      "id": 0,
      "name": "him",
      "transcription": "[hɪm]",
      "nameA": "",
      "image": " ",
      "bg": "transparent",
      "nameAnswer": null,
      "translates": [
        {
          "lang": "ru-RU",
          "name": "Его",
          "nameA": null
        }
      ]
    },
    {
      "id": 0,
      "name": "his",
      "transcription": "[hɪz]",
      "nameA": "",
      "image": " ",
      "bg": "transparent",
      "nameAnswer": null,
      "translates": [
        {
          "lang": "ru-RU",
          "name": "Его",
          "nameA": null
        }
      ]
    },
    {
      "id": 0,
      "name": "history",
      "transcription": "[ˈhɪstəri]",
      "nameA": "",
      "image": " ",
      "bg": "transparent",
      "nameAnswer": null,
      "translates": [
        {
          "lang": "ru-RU",
          "name": "История",
          "nameA": null
        }
      ]
    },
    {
      "id": 0,
      "name": "hit",
      "transcription": "[hɪt]",
      "nameA": "",
      "image": " ",
      "bg": "transparent",
      "nameAnswer": null,
      "translates": [
        {
          "lang": "ru-RU",
          "name": "Удар",
          "nameA": null
        }
      ]
    },
    {
      "id": 0,
      "name": "hold",
      "transcription": "[hoʊld]",
      "nameA": "",
      "image": " ",
      "bg": "transparent",
      "nameAnswer": null,
      "translates": [
        {
          "lang": "ru-RU",
          "name": "Держать",
          "nameA": null
        }
      ]
    },
    {
      "id": 0,
      "name": "hole",
      "transcription": "[hoʊl]",
      "nameA": "",
      "image": " ",
      "bg": "transparent",
      "nameAnswer": null,
      "translates": [
        {
          "lang": "ru-RU",
          "name": "Дыра",
          "nameA": null
        }
      ]
    },
    {
      "id": 0,
      "name": "holiday",
      "transcription": "[ˈhɑlədeɪ]",
      "nameA": "",
      "image": " ",
      "bg": "transparent",
      "nameAnswer": null,
      "translates": [
        {
          "lang": "ru-RU",
          "name": "Праздник",
          "nameA": null
        }
      ]
    },
    {
      "id": 0,
      "name": "hollow",
      "transcription": "[ˈhɑloʊ]",
      "nameA": "",
      "image": " ",
      "bg": "transparent",
      "nameAnswer": null,
      "translates": [
        {
          "lang": "ru-RU",
          "name": "Пустой",
          "nameA": null
        }
      ]
    },
    {
      "id": 0,
      "name": "home",
      "transcription": "[hoʊm]",
      "nameA": "",
      "image": "/img/dict/home/home.png",
      "bg": "transparent",
      "nameAnswer": null,
      "translates": [
        {
          "lang": "ru-RU",
          "name": "Дом",
          "nameA": null
        }
      ]
    },
    {
      "id": 0,
      "name": "honey",
      "transcription": "[ˈhʌni]",
      "nameA": "",
      "image": "/img/dict/food/honey.png",
      "bg": "transparent",
      "nameAnswer": null,
      "translates": [
        {
          "lang": "ru-RU",
          "name": "Мед",
          "nameA": null
        }
      ]
    },
    {
      "id": 0,
      "name": "hoof",
      "transcription": "[hʊf]",
      "nameA": "",
      "image": " ",
      "bg": "transparent",
      "nameAnswer": null,
      "translates": [
        {
          "lang": "ru-RU",
          "name": "Копыто",
          "nameA": null
        }
      ]
    },
    {
      "id": 0,
      "name": "hop",
      "transcription": "[hɑp]",
      "nameA": "",
      "image": " ",
      "bg": "transparent",
      "nameAnswer": null,
      "translates": [
        {
          "lang": "ru-RU",
          "name": "Прыгать",
          "nameA": null
        }
      ]
    },
    {
      "id": 0,
      "name": "hope",
      "transcription": "[hoʊp]",
      "nameA": "",
      "image": " ",
      "bg": "transparent",
      "nameAnswer": null,
      "translates": [
        {
          "lang": "ru-RU",
          "name": "Надеяться",
          "nameA": null
        }
      ]
    },
    {
      "id": 0,
      "name": "horn",
      "transcription": "[hɔrn]",
      "nameA": "",
      "image": " ",
      "bg": "transparent",
      "nameAnswer": null,
      "translates": [
        {
          "lang": "ru-RU",
          "name": "Рог",
          "nameA": null
        }
      ]
    },
    {
      "id": 0,
      "name": "horse",
      "transcription": "[hɔrs]",
      "nameA": "",
      "image": "/img/dict/animals/horse.png",
      "bg": "transparent",
      "nameAnswer": null,
      "translates": [
        {
          "lang": "ru-RU",
          "name": "Лошадь",
          "nameA": null
        }
      ]
    },
    {
      "id": 0,
      "name": "hospital",
      "transcription": "[ˈhɑspɪtəl]",
      "nameA": "",
      "image": " ",
      "bg": "transparent",
      "nameAnswer": null,
      "translates": [
        {
          "lang": "ru-RU",
          "name": "Больница",
          "nameA": null
        }
      ]
    },
    {
      "id": 0,
      "name": "hot",
      "transcription": "[hɑt]",
      "nameA": "",
      "image": " ",
      "bg": "transparent",
      "nameAnswer": null,
      "translates": [
        {
          "lang": "ru-RU",
          "name": "Горячий",
          "nameA": null
        }
      ]
    },
    {
      "id": 0,
      "name": "house",
      "transcription": "[haʊs]",
      "nameA": "",
      "image": "/img/dict/animals/house.png",
      "bg": "transparent",
      "nameAnswer": null,
      "translates": [
        {
          "lang": "ru-RU",
          "name": "Дом",
          "nameA": null
        }
      ]
    },
    {
      "id": 0,
      "name": "hug",
      "transcription": "[hʌɡ]",
      "nameA": "",
      "image": " ",
      "bg": "transparent",
      "nameAnswer": null,
      "translates": [
        {
          "lang": "ru-RU",
          "name": "Обнимать",
          "nameA": null
        }
      ]
    },
    {
      "id": 0,
      "name": "huge",
      "transcription": "[hjuːdʒ]",
      "nameA": "",
      "image": " ",
      "bg": "transparent",
      "nameAnswer": null,
      "translates": [
        {
          "lang": "ru-RU",
          "name": "Огромный",
          "nameA": null
        }
      ]
    },
    {
      "id": 0,
      "name": "human",
      "transcription": "[ˈhjuːmən]",
      "nameA": "",
      "image": " ",
      "bg": "transparent",
      "nameAnswer": null,
      "translates": [
        {
          "lang": "ru-RU",
          "name": "Человек",
          "nameA": null
        }
      ]
    },
    {
      "id": 0,
      "name": "hungry",
      "transcription": "[ˈhʌŋɡri]",
      "nameA": "",
      "image": " ",
      "bg": "transparent",
      "nameAnswer": null,
      "translates": [
        {
          "lang": "ru-RU",
          "name": "Голодный",
          "nameA": null
        }
      ]
    },
    {
      "id": 0,
      "name": "hunt",
      "transcription": "[hʌnt]",
      "nameA": "",
      "image": " ",
      "bg": "transparent",
      "nameAnswer": null,
      "translates": [
        {
          "lang": "ru-RU",
          "name": "Охота",
          "nameA": null
        }
      ]
    },
    {
      "id": 0,
      "name": "hurry",
      "transcription": "[ˈhɜri]",
      "nameA": "",
      "image": " ",
      "bg": "transparent",
      "nameAnswer": null,
      "translates": [
        {
          "lang": "ru-RU",
          "name": "Торопиться",
          "nameA": null
        }
      ]
    },
    {
      "id": 0,
      "name": "hurt",
      "transcription": "[hɜrt]",
      "nameA": "",
      "image": " ",
      "bg": "transparent",
      "nameAnswer": null,
      "translates": [
        {
          "lang": "ru-RU",
          "name": "Болеть",
          "nameA": null
        }
      ]
    },
    {
      "id": 0,
      "name": "hutch",
      "transcription": "[hʌtʃ]",
      "nameA": "",
      "image": " ",
      "bg": "transparent",
      "nameAnswer": null,
      "translates": [
        {
          "lang": "ru-RU",
          "name": "Клетка",
          "nameA": null
        }
      ]
    },
    {
      "id": 0,
      "name": "who",
      "transcription": "[huː]",
      "nameA": "",
      "image": " ",
      "bg": "transparent",
      "nameAnswer": null,
      "translates": [
        {
          "lang": "ru-RU",
          "name": "Кто",
          "nameA": null
        }
      ]
    },
    {
      "id": 0,
      "name": "whole",
      "transcription": "[hoʊl]",
      "nameA": "",
      "image": " ",
      "bg": "transparent",
      "nameAnswer": null,
      "translates": [
        {
          "lang": "ru-RU",
          "name": "Целый",
          "nameA": null
        }
      ]
    },
    {
      "id": 0,
      "name": "whom",
      "transcription": "[huːm]",
      "nameA": "",
      "image": " ",
      "bg": "transparent",
      "nameAnswer": null,
      "translates": [
        {
          "lang": "ru-RU",
          "name": "Кого",
          "nameA": null
        }
      ]
    },
    {
      "id": 0,
      "name": "whose",
      "transcription": "[huːz]",
      "nameA": "",
      "image": " ",
      "bg": "transparent",
      "nameAnswer": null,
      "translates": [
        {
          "lang": "ru-RU",
          "name": "Чей",
          "nameA": null
        }
      ]
    }
  ]
}