{
  "name": "Phonics /i/",
  "nameA": null,
  "img": null,
  "minQuiz": null,
  "isRandom": false,
  "isBlur": false,
  "isUpper": true,
  "isByWords": false,
  "isForAdult": false,
  "separator": "",
  "numWords": 37,
  "tags": null,
  "Translations": [
    {
      "lang": "ru-RU",
      "name": "Алфавит",
      "nameA": null
    }
  ],
  "items": [
    {
      "id": 0,
      "name": "lace",
      "transcription": "[leɪs]",
      "nameA": "",
      "image": " ",
      "bg": "transparent",
      "nameAnswer": null,
      "translates": [
        {
          "lang": "ru-RU",
          "name": "Кружево",
          "nameA": null
        }
      ]
    },
    {
      "id": 0,
      "name": "ladder",
      "transcription": "[ˈlædər]",
      "nameA": "",
      "image": " ",
      "bg": "transparent",
      "nameAnswer": null,
      "translates": [
        {
          "lang": "ru-RU",
          "name": "Лестница",
          "nameA": null
        }
      ]
    },
    {
      "id": 0,
      "name": "lady",
      "transcription": "[ˈleɪdi]",
      "nameA": "",
      "image": " ",
      "bg": "transparent",
      "nameAnswer": null,
      "translates": [
        {
          "lang": "ru-RU",
          "name": "Леди",
          "nameA": null
        }
      ]
    },
    {
      "id": 0,
      "name": "ladybug",
      "transcription": "[ˈleɪdiˌbʌɡ]",
      "nameA": "",
      "image": "/img/dict/animals/ladybug.png",
      "bg": "transparent",
      "nameAnswer": null,
      "translates": [
        {
          "lang": "ru-RU",
          "name": "Божья коровка",
          "nameA": null
        }
      ]
    },
    {
      "id": 0,
      "name": "lake",
      "transcription": "[leɪk]",
      "nameA": "",
      "image": " ",
      "bg": "transparent",
      "nameAnswer": null,
      "translates": [
        {
          "lang": "ru-RU",
          "name": "Озеро",
          "nameA": null
        }
      ]
    },
    {
      "id": 0,
      "name": "lamb",
      "transcription": "[læm]",
      "nameA": "",
      "image": "/img/dict/animals/lamb.png",
      "bg": "transparent",
      "nameAnswer": null,
      "translates": [
        {
          "lang": "ru-RU",
          "name": "Ягненок",
          "nameA": null
        }
      ]
    },
    {
      "id": 0,
      "name": "lamp",
      "transcription": "[læmp]",
      "nameA": "",
      "image": "/img/dict/home/lamp.png",
      "bg": "transparent",
      "nameAnswer": null,
      "translates": [
        {
          "lang": "ru-RU",
          "name": "Лампа",
          "nameA": null
        }
      ]
    },
    {
      "id": 0,
      "name": "land",
      "transcription": "[lænd]",
      "nameA": "",
      "image": " ",
      "bg": "transparent",
      "nameAnswer": null,
      "translates": [
        {
          "lang": "ru-RU",
          "name": "Земля",
          "nameA": null
        }
      ]
    },
    {
      "id": 0,
      "name": "lane",
      "transcription": "[leɪn]",
      "nameA": "",
      "image": " ",
      "bg": "transparent",
      "nameAnswer": null,
      "translates": [
        {
          "lang": "ru-RU",
          "name": "Дорожка",
          "nameA": null
        }
      ]
    },
    {
      "id": 0,
      "name": "language",
      "transcription": "[ˈlæŋɡwɪdʒ]",
      "nameA": "",
      "image": " ",
      "bg": "transparent",
      "nameAnswer": null,
      "translates": [
        {
          "lang": "ru-RU",
          "name": "Язык",
          "nameA": null
        }
      ]
    },
    {
      "id": 0,
      "name": "large",
      "transcription": "[lɑrdʒ]",
      "nameA": "",
      "image": " ",
      "bg": "transparent",
      "nameAnswer": null,
      "translates": [
        {
          "lang": "ru-RU",
          "name": "Большой",
          "nameA": null
        }
      ]
    },
    {
      "id": 0,
      "name": "last",
      "transcription": "[læst]",
      "nameA": "",
      "image": " ",
      "bg": "transparent",
      "nameAnswer": null,
      "translates": [
        {
          "lang": "ru-RU",
          "name": "Последний",
          "nameA": null
        }
      ]
    },
    {
      "id": 0,
      "name": "late",
      "transcription": "[leɪt]",
      "nameA": "",
      "image": " ",
      "bg": "transparent",
      "nameAnswer": null,
      "translates": [
        {
          "lang": "ru-RU",
          "name": "Поздно",
          "nameA": null
        }
      ]
    },
    {
      "id": 0,
      "name": "laugh",
      "transcription": "[læf]",
      "nameA": "",
      "image": " ",
      "bg": "transparent",
      "nameAnswer": null,
      "translates": [
        {
          "lang": "ru-RU",
          "name": "Смех",
          "nameA": null
        }
      ]
    },
    {
      "id": 0,
      "name": "leaf",
      "transcription": "[lif]",
      "nameA": "",
      "image": " ",
      "bg": "transparent",
      "nameAnswer": null,
      "translates": [
        {
          "lang": "ru-RU",
          "name": "Лист",
          "nameA": null
        }
      ]
    },
    {
      "id": 0,
      "name": "leg",
      "transcription": "[lɛɡ]",
      "nameA": "",
      "image": "/img/dict/body/leg.png",
      "bg": "transparent",
      "nameAnswer": null,
      "translates": [
        {
          "lang": "ru-RU",
          "name": "Нога",
          "nameA": null
        }
      ]
    },
    {
      "id": 0,
      "name": "lend",
      "transcription": "[lɛnd]",
      "nameA": "",
      "image": " ",
      "bg": "transparent",
      "nameAnswer": null,
      "translates": [
        {
          "lang": "ru-RU",
          "name": "Давать взаймы",
          "nameA": null
        }
      ]
    },
    {
      "id": 0,
      "name": "lesson",
      "transcription": "[ˈlɛsən]",
      "nameA": "",
      "image": "/img/dict/classroom/lesson.png",
      "bg": "transparent",
      "nameAnswer": null,
      "translates": [
        {
          "lang": "ru-RU",
          "name": "Урок",
          "nameA": null
        }
      ]
    },
    {
      "id": 0,
      "name": "letter",
      "transcription": "[ˈlɛtər]",
      "nameA": "",
      "image": " ",
      "bg": "transparent",
      "nameAnswer": null,
      "translates": [
        {
          "lang": "ru-RU",
          "name": "Письмо",
          "nameA": null
        }
      ]
    },
    {
      "id": 0,
      "name": "lick",
      "transcription": "[lɪk]",
      "nameA": "",
      "image": " ",
      "bg": "transparent",
      "nameAnswer": null,
      "translates": [
        {
          "lang": "ru-RU",
          "name": "Лизать",
          "nameA": null
        }
      ]
    },
    {
      "id": 0,
      "name": "lid",
      "transcription": "[lɪd]",
      "nameA": "",
      "image": "/img/dict/home/lid.png",
      "bg": "transparent",
      "nameAnswer": null,
      "translates": [
        {
          "lang": "ru-RU",
          "name": "Крышка",
          "nameA": null
        }
      ]
    },
    {
      "id": 0,
      "name": "lift",
      "transcription": "[lɪft]",
      "nameA": "",
      "image": " ",
      "bg": "transparent",
      "nameAnswer": null,
      "translates": [
        {
          "lang": "ru-RU",
          "name": "Поднимать",
          "nameA": null
        }
      ]
    },
    {
      "id": 0,
      "name": "lion",
      "transcription": "[ˈlaɪən]",
      "nameA": "",
      "image": "/img/dict/animals/lion.png",
      "bg": "transparent",
      "nameAnswer": null,
      "translates": [
        {
          "lang": "ru-RU",
          "name": "Лев",
          "nameA": null
        }
      ]
    },
    {
      "id": 0,
      "name": "liquid",
      "transcription": "[ˈlɪkwɪd]",
      "nameA": "",
      "image": " ",
      "bg": "transparent",
      "nameAnswer": null,
      "translates": [
        {
          "lang": "ru-RU",
          "name": "Жидкость",
          "nameA": null
        }
      ]
    },
    {
      "id": 0,
      "name": "lizard",
      "transcription": "[ˈlɪzərd]",
      "nameA": "",
      "image": "/img/dict/animals/lizard.png",
      "bg": "transparent",
      "nameAnswer": null,
      "translates": [
        {
          "lang": "ru-RU",
          "name": "Ящерица",
          "nameA": null
        }
      ]
    },
    {
      "id": 0,
      "name": "lorry",
      "transcription": "[ˈlɔri]",
      "nameA": "",
      "image": " ",
      "bg": "transparent",
      "nameAnswer": null,
      "translates": [
        {
          "lang": "ru-RU",
          "name": "Грузовик",
          "nameA": null
        }
      ]
    },
    {
      "id": 0,
      "name": "loud",
      "transcription": "[laʊd]",
      "nameA": "",
      "image": " ",
      "bg": "transparent",
      "nameAnswer": null,
      "translates": [
        {
          "lang": "ru-RU",
          "name": "Громкий",
          "nameA": null
        }
      ]
    },
    {
      "id": 0,
      "name": "lunch",
      "transcription": "[lʌntʃ]",
      "nameA": "",
      "image": " ",
      "bg": "transparent",
      "nameAnswer": null,
      "translates": [
        {
          "lang": "ru-RU",
          "name": "Обед",
          "nameA": null
        }
      ]
    },
    {
      "id": 0,
      "name": "ballerina",
      "transcription": "[ˌbæləˈrinə]",
      "nameA": "",
      "image": " ",
      "bg": "transparent",
      "nameAnswer": null,
      "translates": [
        {
          "lang": "ru-RU",
          "name": "Балерина",
          "nameA": null
        }
      ]
    },
    {
      "id": 0,
      "name": "bell",
      "transcription": "[bɛl]",
      "nameA": "",
      "image": "/img/dict/classroom/bell.png",
      "bg": "transparent",
      "nameAnswer": null,
      "translates": [
        {
          "lang": "ru-RU",
          "name": "Колокол",
          "nameA": null
        }
      ]
    },
    {
      "id": 0,
      "name": "ball",
      "transcription": "[bɔl]",
      "nameA": "",
      "image": "/img/dict/toys/ball.png",
      "bg": "transparent",
      "nameAnswer": null,
      "translates": [
        {
          "lang": "ru-RU",
          "name": "Мяч",
          "nameA": null
        }
      ]
    },
    {
      "id": 0,
      "name": "fell",
      "transcription": "[fɛl]",
      "nameA": "",
      "image": " ",
      "bg": "transparent",
      "nameAnswer": null,
      "translates": [
        {
          "lang": "ru-RU",
          "name": "Упал",
          "nameA": null
        }
      ]
    },
    {
      "id": 0,
      "name": "hill",
      "transcription": "[hɪl]",
      "nameA": "",
      "image": " ",
      "bg": "transparent",
      "nameAnswer": null,
      "translates": [
        {
          "lang": "ru-RU",
          "name": "Холм",
          "nameA": null
        }
      ]
    },
    {
      "id": 0,
      "name": "pillow",
      "transcription": "[ˈpɪloʊ]",
      "nameA": "",
      "image": "/img/dict/home/pillow.png",
      "bg": "transparent",
      "nameAnswer": null,
      "translates": [
        {
          "lang": "ru-RU",
          "name": "Подушка",
          "nameA": null
        }
      ]
    },
    {
      "id": 0,
      "name": "spell",
      "transcription": "[spɛl]",
      "nameA": "",
      "image": " ",
      "bg": "transparent",
      "nameAnswer": null,
      "translates": [
        {
          "lang": "ru-RU",
          "name": "Заклинание",
          "nameA": null
        }
      ]
    },
    {
      "id": 0,
      "name": "swallow",
      "transcription": "[ˈswɑloʊ]",
      "nameA": "",
      "image": "/img/dict/animals/swallow.png",
      "bg": "transparent",
      "nameAnswer": null,
      "translates": [
        {
          "lang": "ru-RU",
          "name": "Ласточка",
          "nameA": null
        }
      ]
    },
    {
      "id": 0,
      "name": "tell",
      "transcription": "[tɛl]",
      "nameA": "",
      "image": " ",
      "bg": "transparent",
      "nameAnswer": null,
      "translates": [
        {
          "lang": "ru-RU",
          "name": "Рассказывать",
          "nameA": null
        }
      ]
    }
  ]
}