{"name":"Phonics /i/","nameA":"","img":"","isRandom":false,"isBlur":false,"isUpper":true,"isByWords":false,"isForAdult":false,"separator":"","numWords":36,"Translations":[{"lang":"ru-RU","name":"Алфавит","nameA":""},{"lang":"vi-VN","name":"Âm thanh /i/","nameA":""},{"lang":"zh-CN","name":"拼音 /i/","nameA":""},{"lang":"hi-IN","name":"ध्वनि /i/","nameA":""},{"lang":"th-TH","name":"เสียง /i/","nameA":""},{"lang":"tr-TR","name":"Ses /i/","nameA":""},{"lang":"pt-BR","name":"Fonética /i/","nameA":""},{"lang":"de-DE","name":"Phonik /i/","nameA":""},{"lang":"id-ID","name":"Fonik /i/","nameA":""},{"lang":"fr-FR","name":"Phonétique /i/","nameA":""}],"items":[{"id":0,"name":"/I/","transcription":"","nameA":"/sound/dict/i.mp3","image":"","bg":"","nameAnswer":"","translates":[{"lang":"ru-RU","name":"","nameA":""},{"lang":"vi-VN","name":"","nameA":""},{"lang":"zh-CN","name":"","nameA":""},{"lang":"hi-IN","name":"","nameA":""},{"lang":"th-TH","name":"","nameA":""},{"lang":"tr-TR","name":"","nameA":""},{"lang":"pt-BR","name":"","nameA":""},{"lang":"de-DE","name":"","nameA":""},{"lang":"id-ID","name":"","nameA":""},{"lang":"fr-FR","name":"","nameA":""}]},{"id":0,"name":"internet","transcription":"[ˈɪntərnet]","nameA":"","image":"/img/dict/technology/internet.png","bg":"transparent","nameAnswer":"","translates":[{"lang":"ru-RU","name":"Интернет","nameA":""},{"lang":"vi-VN","name":"Internet","nameA":""},{"lang":"zh-CN","name":"互联网","nameA":""},{"lang":"hi-IN","name":"इंटरनेट","nameA":""},{"lang":"th-TH","name":"อินเทอร์เน็ต","nameA":""},{"lang":"tr-TR","name":"İnternet","nameA":""},{"lang":"pt-BR","name":"Internet","nameA":""},{"lang":"de-DE","name":"Internet","nameA":""},{"lang":"id-ID","name":"Internet","nameA":""},{"lang":"fr-FR","name":"Internet","nameA":""}]},{"id":0,"name":"Gymnast","transcription":"[ˈdʒɪmnæst]","nameA":"","image":"/img/dict/sports/gymnast.png","bg":"transparent","nameAnswer":"","translates":[{"lang":"ru-RU","name":"Гимнаст","nameA":""},{"lang":"vi-VN","name":"Vận động viên thể dục","nameA":""},{"lang":"zh-CN","name":"体操运动员","nameA":""},{"lang":"hi-IN","name":"जिम्नास्ट","nameA":""},{"lang":"th-TH","name":"นักยิมนาสติก","nameA":""},{"lang":"tr-TR","name":"Jimnastikçi","nameA":""},{"lang":"pt-BR","name":"Ginasta","nameA":""},{"lang":"de-DE","name":"Turner","nameA":""},{"lang":"id-ID","name":"Pesenam","nameA":""},{"lang":"fr-FR","name":"Gymnaste","nameA":""}]},{"id":0,"name":"Engine","transcription":"[ˈendʒɪn]","nameA":"","image":"/img/dict/transport/engine.png","bg":"transparent","nameAnswer":"","translates":[{"lang":"ru-RU","name":"Двигатель","nameA":""},{"lang":"vi-VN","name":"Động cơ","nameA":""},{"lang":"zh-CN","name":"发动机","nameA":""},{"lang":"hi-IN","name":"इंजन","nameA":""},{"lang":"th-TH","name":"เครื่องยนต์","nameA":""},{"lang":"tr-TR","name":"Motor","nameA":""},{"lang":"pt-BR","name":"Motor","nameA":""},{"lang":"de-DE","name":"Motor","nameA":""},{"lang":"id-ID","name":"Mesin","nameA":""},{"lang":"fr-FR","name":"Moteur","nameA":""}]},{"id":0,"name":"Igloo","transcription":"[ˈɪɡluː]","nameA":"","image":"/img/dict/home/igloo.png","bg":"transparent","nameAnswer":"","translates":[{"lang":"ru-RU","name":"Иглу","nameA":""},{"lang":"vi-VN","name":"Lều tuyết","nameA":""},{"lang":"zh-CN","name":"冰屋","nameA":""},{"lang":"hi-IN","name":"इग्लू","nameA":""},{"lang":"th-TH","name":"อิกลู","nameA":""},{"lang":"tr-TR","name":"İglo","nameA":""},{"lang":"pt-BR","name":"Igloo","nameA":""},{"lang":"de-DE","name":"Iglu","nameA":""},{"lang":"id-ID","name":"Iglo","nameA":""},{"lang":"fr-FR","name":"Igloo","nameA":""}]},{"id":0,"name":"ink","transcription":"[ɪŋk]","nameA":"","image":"/img/dict/classroom/ink.png","bg":"transparent","nameAnswer":"","translates":[{"lang":"ru-RU","name":"Чернила","nameA":""},{"lang":"vi-VN","name":"Mực","nameA":""},{"lang":"zh-CN","name":"墨水","nameA":""},{"lang":"hi-IN","name":"स्याही","nameA":""},{"lang":"th-TH","name":"หมึก","nameA":""},{"lang":"tr-TR","name":"Mürekkep","nameA":""},{"lang":"pt-BR","name":"Tinta","nameA":""},{"lang":"de-DE","name":"Tinte","nameA":""},{"lang":"id-ID","name":"Tinta","nameA":""},{"lang":"fr-FR","name":"Encre","nameA":""}]},{"id":0,"name":"pig","transcription":"[pɪɡ]","nameA":"","image":"/img/dict/animals/pig.png","bg":"transparent","nameAnswer":"","translates":[{"lang":"ru-RU","name":"Свинья","nameA":""},{"lang":"vi-VN","name":"Lợn","nameA":""},{"lang":"zh-CN","name":"猪","nameA":""},{"lang":"hi-IN","name":"सुअर","nameA":""},{"lang":"th-TH","name":"หมู","nameA":""},{"lang":"tr-TR","name":"Domuz","nameA":""},{"lang":"pt-BR","name":"Porco","nameA":""},{"lang":"de-DE","name":"Schwein","nameA":""},{"lang":"id-ID","name":"Babi","nameA":""},{"lang":"fr-FR","name":"Cochon","nameA":""}]},{"id":0,"name":"brick","transcription":"[brɪk]","nameA":"","image":"/img/dict/home/brick.png","bg":"transparent","nameAnswer":"","translates":[{"lang":"ru-RU","name":"Кирпич","nameA":""},{"lang":"vi-VN","name":"Gạch","nameA":""},{"lang":"zh-CN","name":"砖","nameA":""},{"lang":"hi-IN","name":"ईंट","nameA":""},{"lang":"th-TH","name":"อิฐ","nameA":""},{"lang":"tr-TR","name":"Tuğla","nameA":""},{"lang":"pt-BR","name":"Tijolo","nameA":""},{"lang":"de-DE","name":"Ziegel","nameA":""},{"lang":"id-ID","name":"Batu bata","nameA":""},{"lang":"fr-FR","name":"Brique","nameA":""}]},{"id":0,"name":"lips","transcription":"[ˈlɪps]","nameA":"","image":"/img/dict/body/lip.png","bg":"transparent","nameAnswer":"","translates":[{"lang":"ru-RU","name":"Губы","nameA":""},{"lang":"vi-VN","name":"Môi","nameA":""},{"lang":"zh-CN","name":"嘴唇","nameA":""},{"lang":"hi-IN","name":"होंठ","nameA":""},{"lang":"th-TH","name":"ริมฝีปาก","nameA":""},{"lang":"tr-TR","name":"Dudaklar","nameA":""},{"lang":"pt-BR","name":"Lábios","nameA":""},{"lang":"de-DE","name":"Lippen","nameA":""},{"lang":"id-ID","name":"Bibir","nameA":""},{"lang":"fr-FR","name":"Lèvres","nameA":""}]},{"id":0,"name":"insect","transcription":"[ˈɪnsekt]","nameA":"","image":"/img/dict/animals/insect.png","bg":"transparent","nameAnswer":"","translates":[{"lang":"ru-RU","name":"Насекомое","nameA":""},{"lang":"vi-VN","name":"Côn trùng","nameA":""},{"lang":"zh-CN","name":"昆虫","nameA":""},{"lang":"hi-IN","name":"कीट","nameA":""},{"lang":"th-TH","name":"แมลง","nameA":""},{"lang":"tr-TR","name":"Böcek","nameA":""},{"lang":"pt-BR","name":"Inseto","nameA":""},{"lang":"de-DE","name":"Insekt","nameA":""},{"lang":"id-ID","name":"Serangga","nameA":""},{"lang":"fr-FR","name":"Insecte","nameA":""}]},{"id":0,"name":"gym","transcription":"[dʒɪm]","nameA":"","image":"/img/dict/city/gym.png","bg":"transparent","nameAnswer":"","translates":[{"lang":"ru-RU","name":"Тренажерный зал","nameA":""},{"lang":"vi-VN","name":"Phòng tập","nameA":""},{"lang":"zh-CN","name":"健身房","nameA":""},{"lang":"hi-IN","name":"जिम","nameA":""},{"lang":"th-TH","name":"ยิม","nameA":""},{"lang":"tr-TR","name":"Spor salonu","nameA":""},{"lang":"pt-BR","name":"Academia","nameA":""},{"lang":"de-DE","name":"Fitnessstudio","nameA":""},{"lang":"id-ID","name":"Gym","nameA":""},{"lang":"fr-FR","name":"Salle de sport","nameA":""}]},{"id":0,"name":"pyramid","transcription":"[ˈpɪrəmɪd]","nameA":"","image":"/img/dict/shapes/pyramid.png","bg":"transparent","nameAnswer":"","translates":[{"lang":"ru-RU","name":"Пирамида","nameA":""},{"lang":"vi-VN","name":"Kim tự tháp","nameA":""},{"lang":"zh-CN","name":"金字塔","nameA":""},{"lang":"hi-IN","name":"पिरामिड","nameA":""},{"lang":"th-TH","name":"พีระมิด","nameA":""},{"lang":"tr-TR","name":"Piramit","nameA":""},{"lang":"pt-BR","name":"Pirâmide","nameA":""},{"lang":"de-DE","name":"Pyramide","nameA":""},{"lang":"id-ID","name":"Piramida","nameA":""},{"lang":"fr-FR","name":"Pyramide","nameA":""}]},{"id":0,"name":"puppy","transcription":"[ˈpʌpɪ]","nameA":"","image":"/img/dict/animals/puppy.png","bg":"transparent","nameAnswer":"","translates":[{"lang":"ru-RU","name":"Щенок","nameA":""},{"lang":"vi-VN","name":"Cún con","nameA":""},{"lang":"zh-CN","name":"小狗","nameA":""},{"lang":"hi-IN","name":"पिल्ला","nameA":""},{"lang":"th-TH","name":"ลูกสุนัข","nameA":""},{"lang":"tr-TR","name":"Yavru köpek","nameA":""},{"lang":"pt-BR","name":"Filhote","nameA":""},{"lang":"de-DE","name":"Welpe","nameA":""},{"lang":"id-ID","name":"Anak anjing","nameA":""},{"lang":"fr-FR","name":"Chiot","nameA":""}]},{"id":0,"name":"body","transcription":"[ˈbɑːdɪ]","nameA":"","image":"/img/dict/body/body.png","bg":"transparent","nameAnswer":"","translates":[{"lang":"ru-RU","name":"Тело","nameA":""},{"lang":"vi-VN","name":"Cơ thể","nameA":""},{"lang":"zh-CN","name":"身体","nameA":""},{"lang":"hi-IN","name":"शरीर","nameA":""},{"lang":"th-TH","name":"ร่างกาย","nameA":""},{"lang":"tr-TR","name":"Vücut","nameA":""},{"lang":"pt-BR","name":"Corpo","nameA":""},{"lang":"de-DE","name":"Körper","nameA":""},{"lang":"id-ID","name":"Tubuh","nameA":""},{"lang":"fr-FR","name":"Corps","nameA":""}]},{"id":0,"name":"ski","transcription":"[skiː]","nameA":"","image":"/img/dict/sports/ski.png","bg":"transparent","nameAnswer":"","translates":[{"lang":"ru-RU","name":"Кататься на лыжах","nameA":""},{"lang":"vi-VN","name":"Trượt tuyết","nameA":""},{"lang":"zh-CN","name":"滑雪","nameA":""},{"lang":"hi-IN","name":"स्की","nameA":""},{"lang":"th-TH","name":"สกี","nameA":""},{"lang":"tr-TR","name":"Kayak","nameA":""},{"lang":"pt-BR","name":"Esquiar","nameA":""},{"lang":"de-DE","name":"Ski","nameA":""},{"lang":"id-ID","name":"Ski","nameA":""},{"lang":"fr-FR","name":"Skier","nameA":""}]},{"id":0,"name":"ladybug","transcription":"[ˈleɪdɪˌbəɡ]","nameA":"","image":"/img/dict/animals/ladybug.png","bg":"transparent","nameAnswer":"","translates":[{"lang":"ru-RU","name":"Божья коровка","nameA":""},{"lang":"vi-VN","name":"Bọ rùa","nameA":""},{"lang":"zh-CN","name":"瓢虫","nameA":""},{"lang":"hi-IN","name":"गुबरैला","nameA":""},{"lang":"th-TH","name":"เต่าทอง","nameA":""},{"lang":"tr-TR","name":"Uğur böceği","nameA":""},{"lang":"pt-BR","name":"Joaninha","nameA":""},{"lang":"de-DE","name":"Marienkäfer","nameA":""},{"lang":"id-ID","name":"Kepik","nameA":""},{"lang":"fr-FR","name":"Coccinelle","nameA":""}]},{"id":0,"name":"iguana","transcription":"[ɪˈɡwɑːnə]","nameA":"","image":"/img/dict/animals/iguana.png","bg":"transparent","nameAnswer":"","translates":[{"lang":"ru-RU","name":"Игуана","nameA":""},{"lang":"vi-VN","name":"Kỳ nhông","nameA":""},{"lang":"zh-CN","name":"鬣蜥","nameA":""},{"lang":"hi-IN","name":"इगुआना","nameA":""},{"lang":"th-TH","name":"อิกัวนา","nameA":""},{"lang":"tr-TR","name":"İguana","nameA":""},{"lang":"pt-BR","name":"Iguana","nameA":""},{"lang":"de-DE","name":"Leguan","nameA":""},{"lang":"id-ID","name":"Iguana","nameA":""},{"lang":"fr-FR","name":"Iguane","nameA":""}]},{"id":0,"name":"if","transcription":"[ɪf]","nameA":"","image":"","bg":"transparent","nameAnswer":"","translates":[{"lang":"ru-RU","name":"Если","nameA":""},{"lang":"vi-VN","name":"Nếu","nameA":""},{"lang":"zh-CN","name":"如果","nameA":""},{"lang":"hi-IN","name":"अगर","nameA":""},{"lang":"th-TH","name":"ถ้า","nameA":""},{"lang":"tr-TR","name":"Eğer","nameA":""},{"lang":"pt-BR","name":"Se","nameA":""},{"lang":"de-DE","name":"Wenn","nameA":""},{"lang":"id-ID","name":"Jika","nameA":""},{"lang":"fr-FR","name":"Si","nameA":""}]},{"id":0,"name":"ill","transcription":"[ɪl]","nameA":"","image":"","bg":"transparent","nameAnswer":"","translates":[{"lang":"ru-RU","name":"Больной","nameA":""},{"lang":"vi-VN","name":"Ốm","nameA":""},{"lang":"zh-CN","name":"生病","nameA":""},{"lang":"hi-IN","name":"बीमार","nameA":""},{"lang":"th-TH","name":"ป่วย","nameA":""},{"lang":"tr-TR","name":"Hasta","nameA":""},{"lang":"pt-BR","name":"Doente","nameA":""},{"lang":"de-DE","name":"Krank","nameA":""},{"lang":"id-ID","name":"Sakit","nameA":""},{"lang":"fr-FR","name":"Malade","nameA":""}]},{"id":0,"name":"immediate","transcription":"[ɪˈmiːdiət]","nameA":"","image":"","bg":"transparent","nameAnswer":"","translates":[{"lang":"ru-RU","name":"Немедленный","nameA":""},{"lang":"vi-VN","name":"Ngay lập tức","nameA":""},{"lang":"zh-CN","name":"立即","nameA":""},{"lang":"hi-IN","name":"तत्काल","nameA":""},{"lang":"th-TH","name":"ทันที","nameA":""},{"lang":"tr-TR","name":"Anında","nameA":""},{"lang":"pt-BR","name":"Imediato","nameA":""},{"lang":"de-DE","name":"Sofort","nameA":""},{"lang":"id-ID","name":"Segera","nameA":""},{"lang":"fr-FR","name":"Immédiat","nameA":""}]},{"id":0,"name":"important","transcription":"[ɪmˈpɔːrtənt]","nameA":"","image":"","bg":"transparent","nameAnswer":"","translates":[{"lang":"ru-RU","name":"Важный","nameA":""},{"lang":"vi-VN","name":"Quan trọng","nameA":""},{"lang":"zh-CN","name":"重要","nameA":""},{"lang":"hi-IN","name":"महत्वपूर्ण","nameA":""},{"lang":"th-TH","name":"สำคัญ","nameA":""},{"lang":"tr-TR","name":"Önemli","nameA":""},{"lang":"pt-BR","name":"Importante","nameA":""},{"lang":"de-DE","name":"Wichtig","nameA":""},{"lang":"id-ID","name":"Penting","nameA":""},{"lang":"fr-FR","name":"Important","nameA":""}]},{"id":0,"name":"impossible","transcription":"[ɪmˈpɑːsəbl]","nameA":"","image":"","bg":"transparent","nameAnswer":"","translates":[{"lang":"ru-RU","name":"Невозможный","nameA":""},{"lang":"vi-VN","name":"Không thể","nameA":""},{"lang":"zh-CN","name":"不可能","nameA":""},{"lang":"hi-IN","name":"असंभव","nameA":""},{"lang":"th-TH","name":"เป็นไปไม่ได้","nameA":""},{"lang":"tr-TR","name":"İmkansız","nameA":""},{"lang":"pt-BR","name":"Impossível","nameA":""},{"lang":"de-DE","name":"Unmöglich","nameA":""},{"lang":"id-ID","name":"Tidak mungkin","nameA":""},{"lang":"fr-FR","name":"Impossible","nameA":""}]},{"id":0,"name":"in","transcription":"[ɪn]","nameA":"","image":"","bg":"transparent","nameAnswer":"","translates":[{"lang":"ru-RU","name":"В","nameA":""},{"lang":"vi-VN","name":"Trong","nameA":""},{"lang":"zh-CN","name":"在...里","nameA":""},{"lang":"hi-IN","name":"में","nameA":""},{"lang":"th-TH","name":"ใน","nameA":""},{"lang":"tr-TR","name":"İçinde","nameA":""},{"lang":"pt-BR","name":"Em","nameA":""},{"lang":"de-DE","name":"In","nameA":""},{"lang":"id-ID","name":"Di dalam","nameA":""},{"lang":"fr-FR","name":"Dans","nameA":""}]},{"id":0,"name":"information","transcription":"[ˌɪnfərˈmeɪʃən]","nameA":"","image":"","bg":"transparent","nameAnswer":"","translates":[{"lang":"ru-RU","name":"Информация","nameA":""},{"lang":"vi-VN","name":"Thông tin","nameA":""},{"lang":"zh-CN","name":"信息","nameA":""},{"lang":"hi-IN","name":"जानकारी","nameA":""},{"lang":"th-TH","name":"ข้อมูล","nameA":""},{"lang":"tr-TR","name":"Bilgi","nameA":""},{"lang":"pt-BR","name":"Informação","nameA":""},{"lang":"de-DE","name":"Information","nameA":""},{"lang":"id-ID","name":"Informasi","nameA":""},{"lang":"fr-FR","name":"Information","nameA":""}]},{"id":0,"name":"instruction","transcription":"[ɪnˈstrʌkʃən]","nameA":"","image":"","bg":"transparent","nameAnswer":"","translates":[{"lang":"ru-RU","name":"Инструкция","nameA":""},{"lang":"vi-VN","name":"Hướng dẫn","nameA":""},{"lang":"zh-CN","name":"说明","nameA":""},{"lang":"hi-IN","name":"निर्देश","nameA":""},{"lang":"th-TH","name":"คำแนะนำ","nameA":""},{"lang":"tr-TR","name":"Talimat","nameA":""},{"lang":"pt-BR","name":"Instrução","nameA":""},{"lang":"de-DE","name":"Anweisung","nameA":""},{"lang":"id-ID","name":"Instruksi","nameA":""},{"lang":"fr-FR","name":"Instruction","nameA":""}]},{"id":0,"name":"instrument","transcription":"[ˈɪnstrəmənt]","nameA":"","image":"","bg":"transparent","nameAnswer":"","translates":[{"lang":"ru-RU","name":"Инструмент","nameA":""},{"lang":"vi-VN","name":"Nhạc cụ","nameA":""},{"lang":"zh-CN","name":"乐器","nameA":""},{"lang":"hi-IN","name":"वाद्य","nameA":""},{"lang":"th-TH","name":"เครื่องดนตรี","nameA":""},{"lang":"tr-TR","name":"Enstrüman","nameA":""},{"lang":"pt-BR","name":"Instrumento","nameA":""},{"lang":"de-DE","name":"Instrument","nameA":""},{"lang":"id-ID","name":"Instrumen","nameA":""},{"lang":"fr-FR","name":"Instrument","nameA":""}]},{"id":0,"name":"into","transcription":"[ˈɪntuː]","nameA":"","image":"","bg":"transparent","nameAnswer":"","translates":[{"lang":"ru-RU","name":"В","nameA":""},{"lang":"vi-VN","name":"Vào","nameA":""},{"lang":"zh-CN","name":"进入","nameA":""},{"lang":"hi-IN","name":"में","nameA":""},{"lang":"th-TH","name":"เข้าไป","nameA":""},{"lang":"tr-TR","name":"İçine","nameA":""},{"lang":"pt-BR","name":"Em","nameA":""},{"lang":"de-DE","name":"In","nameA":""},{"lang":"id-ID","name":"Ke dalam","nameA":""},{"lang":"fr-FR","name":"Dans","nameA":""}]},{"id":0,"name":"invent","transcription":"[ɪnˈvent]","nameA":"","image":"","bg":"transparent","nameAnswer":"","translates":[{"lang":"ru-RU","name":"Изобретать","nameA":""},{"lang":"vi-VN","name":"Phát minh","nameA":""},{"lang":"zh-CN","name":"发明","nameA":""},{"lang":"hi-IN","name":"आविष्कार","nameA":""},{"lang":"th-TH","name":"ประดิษฐ์","nameA":""},{"lang":"tr-TR","name":"İcat etmek","nameA":""},{"lang":"pt-BR","name":"Inventar","nameA":""},{"lang":"de-DE","name":"Erfinden","nameA":""},{"lang":"id-ID","name":"Menemukan","nameA":""},{"lang":"fr-FR","name":"Inventer","nameA":""}]},{"id":0,"name":"invisible","transcription":"[ɪnˈvɪzəbl]","nameA":"","image":"","bg":"transparent","nameAnswer":"","translates":[{"lang":"ru-RU","name":"Невидимый","nameA":""},{"lang":"vi-VN","name":"Vô hình","nameA":""},{"lang":"zh-CN","name":"隐形","nameA":""},{"lang":"hi-IN","name":"अदृश्य","nameA":""},{"lang":"th-TH","name":"มองไม่เห็น","nameA":""},{"lang":"tr-TR","name":"Görünmez","nameA":""},{"lang":"pt-BR","name":"Invisível","nameA":""},{"lang":"de-DE","name":"Unsichtbar","nameA":""},{"lang":"id-ID","name":"Tak terlihat","nameA":""},{"lang":"fr-FR","name":"Invisible","nameA":""}]},{"id":0,"name":"invite","transcription":"[ɪnˈvaɪt]","nameA":"","image":"","bg":"transparent","nameAnswer":"","translates":[{"lang":"ru-RU","name":"Приглашать","nameA":""},{"lang":"vi-VN","name":"Mời","nameA":""},{"lang":"zh-CN","name":"邀请","nameA":""},{"lang":"hi-IN","name":"आमंत्रित","nameA":""},{"lang":"th-TH","name":"เชิญ","nameA":""},{"lang":"tr-TR","name":"Davet etmek","nameA":""},{"lang":"pt-BR","name":"Convidar","nameA":""},{"lang":"de-DE","name":"Einladen","nameA":""},{"lang":"id-ID","name":"Mengundang","nameA":""},{"lang":"fr-FR","name":"Inviter","nameA":""}]},{"id":0,"name":"crystal","transcription":"[ˈkrɪstl]","nameA":"","image":"","bg":"transparent","nameAnswer":"","translates":[{"lang":"ru-RU","name":"Кристалл","nameA":""},{"lang":"vi-VN","name":"Tinh thể","nameA":""},{"lang":"zh-CN","name":"水晶","nameA":""},{"lang":"hi-IN","name":"क्रिस्टल","nameA":""},{"lang":"th-TH","name":"คริสตัล","nameA":""},{"lang":"tr-TR","name":"Kristal","nameA":""},{"lang":"pt-BR","name":"Cristal","nameA":""},{"lang":"de-DE","name":"Kristall","nameA":""},{"lang":"id-ID","name":"Kristal","nameA":""},{"lang":"fr-FR","name":"Cristal","nameA":""}]},{"id":0,"name":"mystery","transcription":"[ˈmɪstəri]","nameA":"","image":"","bg":"transparent","nameAnswer":"","translates":[{"lang":"ru-RU","name":"Тайна","nameA":""},{"lang":"vi-VN","name":"Bí ẩn","nameA":""},{"lang":"zh-CN","name":"神秘","nameA":""},{"lang":"hi-IN","name":"रहस्य","nameA":""},{"lang":"th-TH","name":"ความลึกลับ","nameA":""},{"lang":"tr-TR","name":"Gizem","nameA":""},{"lang":"pt-BR","name":"Mistério","nameA":""},{"lang":"de-DE","name":"Geheimnis","nameA":""},{"lang":"id-ID","name":"Misteri","nameA":""},{"lang":"fr-FR","name":"Mystère","nameA":""}]},{"id":0,"name":"physical","transcription":"[ˈfɪzɪkəl]","nameA":"","image":"","bg":"transparent","nameAnswer":"","translates":[{"lang":"ru-RU","name":"Физический","nameA":""},{"lang":"vi-VN","name":"Vật lý","nameA":""},{"lang":"zh-CN","name":"物理","nameA":""},{"lang":"hi-IN","name":"शारीरिक","nameA":""},{"lang":"th-TH","name":"ทางกายภาพ","nameA":""},{"lang":"tr-TR","name":"Fiziksel","nameA":""},{"lang":"pt-BR","name":"Físico","nameA":""},{"lang":"de-DE","name":"Physisch","nameA":""},{"lang":"id-ID","name":"Fisik","nameA":""},{"lang":"fr-FR","name":"Physique","nameA":""}]},{"id":0,"name":"rhythm","transcription":"[ˈrɪðəm]","nameA":"","image":"","bg":"transparent","nameAnswer":"","translates":[{"lang":"ru-RU","name":"Ритм","nameA":""},{"lang":"vi-VN","name":"Nhịp điệu","nameA":""},{"lang":"zh-CN","name":"节奏","nameA":""},{"lang":"hi-IN","name":"ताल","nameA":""},{"lang":"th-TH","name":"จังหวะ","nameA":""},{"lang":"tr-TR","name":"Ritim","nameA":""},{"lang":"pt-BR","name":"Ritmo","nameA":""},{"lang":"de-DE","name":"Rhythmus","nameA":""},{"lang":"id-ID","name":"Irama","nameA":""},{"lang":"fr-FR","name":"Rythme","nameA":""}]},{"id":0,"name":"symbol","transcription":"[ˈsɪmbəl]","nameA":"","image":"","bg":"transparent","nameAnswer":"","translates":[{"lang":"ru-RU","name":"Символ","nameA":""},{"lang":"vi-VN","name":"Biểu tượng","nameA":""},{"lang":"zh-CN","name":"符号","nameA":""},{"lang":"hi-IN","name":"प्रतीक","nameA":""},{"lang":"th-TH","name":"สัญลักษณ์","nameA":""},{"lang":"tr-TR","name":"Sembol","nameA":""},{"lang":"pt-BR","name":"Símbolo","nameA":""},{"lang":"de-DE","name":"Symbol","nameA":""},{"lang":"id-ID","name":"Simbol","nameA":""},{"lang":"fr-FR","name":"Symbole","nameA":""}]},{"id":0,"name":"system","transcription":"[ˈsɪstəm]","nameA":"","image":"","bg":"transparent","nameAnswer":"","translates":[{"lang":"ru-RU","name":"Система","nameA":""},{"lang":"vi-VN","name":"Hệ thống","nameA":""},{"lang":"zh-CN","name":"系统","nameA":""},{"lang":"hi-IN","name":"प्रणाली","nameA":""},{"lang":"th-TH","name":"ระบบ","nameA":""},{"lang":"tr-TR","name":"Sistem","nameA":""},{"lang":"pt-BR","name":"Sistema","nameA":""},{"lang":"de-DE","name":"System","nameA":""},{"lang":"id-ID","name":"Sistem","nameA":""},{"lang":"fr-FR","name":"Système","nameA":""}]}]}