{"name":"Phonics short /oo/","nameA":"","img":"","isRandom":false,"isBlur":false,"isUpper":true,"isByWords":false,"isForAdult":false,"separator":"","numWords":13,"Translations":[{"lang":"ru-RU","name":"Алфавит","nameA":""},{"lang":"vi-VN","name":"Âm thanh ngắn /oo/","nameA":""},{"lang":"zh-CN","name":"短音 /oo/","nameA":""},{"lang":"hi-IN","name":"लघु ध्वनि /oo/","nameA":""},{"lang":"th-TH","name":"เสียงสั้น /oo/","nameA":""},{"lang":"tr-TR","name":"Kısa ses /oo/","nameA":""},{"lang":"pt-BR","name":"Fonética curta /oo/","nameA":""},{"lang":"de-DE","name":"Kurzer Laut /oo/","nameA":""},{"lang":"id-ID","name":"Fonetik pendek /oo/","nameA":""},{"lang":"fr-FR","name":"Phonétique courte /oo/","nameA":""}],"items":[{"id":0,"name":"book","transcription":"[bʊk]","nameA":"","image":"/img/dict/classroom/book.png","bg":"transparent","nameAnswer":"","translates":[{"lang":"ru-RU","name":"Книга","nameA":""},{"lang":"vi-VN","name":"Sách","nameA":""},{"lang":"zh-CN","name":"书","nameA":""},{"lang":"hi-IN","name":"किताब","nameA":""},{"lang":"th-TH","name":"หนังสือ","nameA":""},{"lang":"tr-TR","name":"Kitap","nameA":""},{"lang":"pt-BR","name":"Livro","nameA":""},{"lang":"de-DE","name":"Buch","nameA":""},{"lang":"id-ID","name":"Buku","nameA":""},{"lang":"fr-FR","name":"Livre","nameA":""}]},{"id":0,"name":"cook","transcription":"[kʊk]","nameA":"","image":" ","bg":"transparent","nameAnswer":"","translates":[{"lang":"ru-RU","name":"Готовить","nameA":""},{"lang":"vi-VN","name":"Nấu ăn","nameA":""},{"lang":"zh-CN","name":"烹饪","nameA":""},{"lang":"hi-IN","name":"पकाना","nameA":""},{"lang":"th-TH","name":"ทำอาหาร","nameA":""},{"lang":"tr-TR","name":"Pişirmek","nameA":""},{"lang":"pt-BR","name":"Cozinhar","nameA":""},{"lang":"de-DE","name":"Kochen","nameA":""},{"lang":"id-ID","name":"Memasak","nameA":""},{"lang":"fr-FR","name":"Cuisiner","nameA":""}]},{"id":0,"name":"foot","transcription":"[fʊt]","nameA":"","image":"/img/dict/body/foot.png","bg":"transparent","nameAnswer":"","translates":[{"lang":"ru-RU","name":"Нога","nameA":""},{"lang":"vi-VN","name":"Chân","nameA":""},{"lang":"zh-CN","name":"脚","nameA":""},{"lang":"hi-IN","name":"पैर","nameA":""},{"lang":"th-TH","name":"เท้า","nameA":""},{"lang":"tr-TR","name":"Ayak","nameA":""},{"lang":"pt-BR","name":"Pé","nameA":""},{"lang":"de-DE","name":"Fuß","nameA":""},{"lang":"id-ID","name":"Kaki","nameA":""},{"lang":"fr-FR","name":"Pied","nameA":""}]},{"id":0,"name":"look","transcription":"[lʊk]","nameA":"","image":" ","bg":"transparent","nameAnswer":"","translates":[{"lang":"ru-RU","name":"Смотреть","nameA":""},{"lang":"vi-VN","name":"Nhìn","nameA":""},{"lang":"zh-CN","name":"看","nameA":""},{"lang":"hi-IN","name":"देखना","nameA":""},{"lang":"th-TH","name":"มอง","nameA":""},{"lang":"tr-TR","name":"Bakmak","nameA":""},{"lang":"pt-BR","name":"Olhar","nameA":""},{"lang":"de-DE","name":"Schauen","nameA":""},{"lang":"id-ID","name":"Melihat","nameA":""},{"lang":"fr-FR","name":"Regarder","nameA":""}]},{"id":0,"name":"rook","transcription":"[rʊk]","nameA":"","image":" ","bg":"transparent","nameAnswer":"","translates":[{"lang":"ru-RU","name":"Ладья","nameA":""},{"lang":"vi-VN","name":"Quân xe","nameA":""},{"lang":"zh-CN","name":"车","nameA":""},{"lang":"hi-IN","name":"हाथी","nameA":""},{"lang":"th-TH","name":"เรือ","nameA":""},{"lang":"tr-TR","name":"Kale","nameA":""},{"lang":"pt-BR","name":"Torre","nameA":""},{"lang":"de-DE","name":"Turm","nameA":""},{"lang":"id-ID","name":"Benteng","nameA":""},{"lang":"fr-FR","name":"Tour","nameA":""}]},{"id":0,"name":"shook","transcription":"[ʃʊk]","nameA":"","image":" ","bg":"transparent","nameAnswer":"","translates":[{"lang":"ru-RU","name":"Потрясенный","nameA":""},{"lang":"vi-VN","name":"Rung động","nameA":""},{"lang":"zh-CN","name":"震惊的","nameA":""},{"lang":"hi-IN","name":"हिला हुआ","nameA":""},{"lang":"th-TH","name":"สั่นสะเทือน","nameA":""},{"lang":"tr-TR","name":"Sarsılmış","nameA":""},{"lang":"pt-BR","name":"Abalado","nameA":""},{"lang":"de-DE","name":"Erschüttert","nameA":""},{"lang":"id-ID","name":"Gemetar","nameA":""},{"lang":"fr-FR","name":"Secoué","nameA":""}]},{"id":0,"name":"took","transcription":"[tʊk]","nameA":"","image":" ","bg":"transparent","nameAnswer":"","translates":[{"lang":"ru-RU","name":"Взял","nameA":""},{"lang":"vi-VN","name":"Lấy","nameA":""},{"lang":"zh-CN","name":"拿了","nameA":""},{"lang":"hi-IN","name":"लिया","nameA":""},{"lang":"th-TH","name":"เอา","nameA":""},{"lang":"tr-TR","name":"Aldı","nameA":""},{"lang":"pt-BR","name":"Pegou","nameA":""},{"lang":"de-DE","name":"Nahm","nameA":""},{"lang":"id-ID","name":"Mengambil","nameA":""},{"lang":"fr-FR","name":"Pris","nameA":""}]},{"id":0,"name":"could","transcription":"[kʊd]","nameA":"","image":" ","bg":"transparent","nameAnswer":"","translates":[{"lang":"ru-RU","name":"Мог","nameA":""},{"lang":"vi-VN","name":"Có thể","nameA":""},{"lang":"zh-CN","name":"可以","nameA":""},{"lang":"hi-IN","name":"सकता था","nameA":""},{"lang":"th-TH","name":"สามารถ","nameA":""},{"lang":"tr-TR","name":"Yapabilirdi","nameA":""},{"lang":"pt-BR","name":"Poderia","nameA":""},{"lang":"de-DE","name":"Könnte","nameA":""},{"lang":"id-ID","name":"Bisa","nameA":""},{"lang":"fr-FR","name":"Pourrait","nameA":""}]},{"id":0,"name":"should","transcription":"[ʃʊd]","nameA":"","image":" ","bg":"transparent","nameAnswer":"","translates":[{"lang":"ru-RU","name":"Должен","nameA":""},{"lang":"vi-VN","name":"Nên","nameA":""},{"lang":"zh-CN","name":"应该","nameA":""},{"lang":"hi-IN","name":"चाहिए","nameA":""},{"lang":"th-TH","name":"ควร","nameA":""},{"lang":"tr-TR","name":"Yapmalı","nameA":""},{"lang":"pt-BR","name":"Deveria","nameA":""},{"lang":"de-DE","name":"Sollte","nameA":""},{"lang":"id-ID","name":"Harus","nameA":""},{"lang":"fr-FR","name":"Devrait","nameA":""}]},{"id":0,"name":"would","transcription":"[wʊd]","nameA":"","image":" ","bg":"transparent","nameAnswer":"","translates":[{"lang":"ru-RU","name":"Был бы","nameA":""},{"lang":"vi-VN","name":"Sẽ","nameA":""},{"lang":"zh-CN","name":"会","nameA":""},{"lang":"hi-IN","name":"होगा","nameA":""},{"lang":"th-TH","name":"จะ","nameA":""},{"lang":"tr-TR","name":"Olurdu","nameA":""},{"lang":"pt-BR","name":"Seria","nameA":""},{"lang":"de-DE","name":"Würde","nameA":""},{"lang":"id-ID","name":"Akan","nameA":""},{"lang":"fr-FR","name":"Serait","nameA":""}]},{"id":0,"name":"pull","transcription":"[pʊl]","nameA":"","image":" ","bg":"transparent","nameAnswer":"","translates":[{"lang":"ru-RU","name":"Тянуть","nameA":""},{"lang":"vi-VN","name":"Kéo","nameA":""},{"lang":"zh-CN","name":"拉","nameA":""},{"lang":"hi-IN","name":"खींचना","nameA":""},{"lang":"th-TH","name":"ดึง","nameA":""},{"lang":"tr-TR","name":"Çekmek","nameA":""},{"lang":"pt-BR","name":"Puxar","nameA":""},{"lang":"de-DE","name":"Ziehen","nameA":""},{"lang":"id-ID","name":"Menarik","nameA":""},{"lang":"fr-FR","name":"Tirer","nameA":""}]},{"id":0,"name":"push","transcription":"[pʊʃ]","nameA":"","image":" ","bg":"transparent","nameAnswer":"","translates":[{"lang":"ru-RU","name":"Толкать","nameA":""},{"lang":"vi-VN","name":"Đẩy","nameA":""},{"lang":"zh-CN","name":"推","nameA":""},{"lang":"hi-IN","name":"धकेलना","nameA":""},{"lang":"th-TH","name":"ผลัก","nameA":""},{"lang":"tr-TR","name":"İtmek","nameA":""},{"lang":"pt-BR","name":"Empurrar","nameA":""},{"lang":"de-DE","name":"Schieben","nameA":""},{"lang":"id-ID","name":"Mendorong","nameA":""},{"lang":"fr-FR","name":"Pousser","nameA":""}]},{"id":0,"name":"put","transcription":"[pʊt]","nameA":"","image":" ","bg":"transparent","nameAnswer":"","translates":[{"lang":"ru-RU","name":"Положить","nameA":""},{"lang":"vi-VN","name":"Đặt","nameA":""},{"lang":"zh-CN","name":"放","nameA":""},{"lang":"hi-IN","name":"रखना","nameA":""},{"lang":"th-TH","name":"วาง","nameA":""},{"lang":"tr-TR","name":"Koymak","nameA":""},{"lang":"pt-BR","name":"Colocar","nameA":""},{"lang":"de-DE","name":"Legen","nameA":""},{"lang":"id-ID","name":"Meletakkan","nameA":""},{"lang":"fr-FR","name":"Mettre","nameA":""}]}]}