{
  "name": "/b/",
  "nameA": null,
  "img": null,
  "minQuiz": null,
  "isRandom": false,
  "isBlur": false,
  "isUpper": true,
  "isByWords": false,
  "isForAdult": false,
  "separator": "",
  "numWords": 110,
  "tags": null,
  "Translations": [
    {
      "lang": "ru-RU",
      "name": "Алфавит",
      "nameA": null
    }
  ],
  "items": [
    {
      "id": 0,
      "name": "baby",
      "transcription": "[ˈbeɪbi]",
      "nameA": "",
      "image": "/img/dict/family/baby.png",
      "bg": "transparent",
      "nameAnswer": null,
      "translates": [
        {
          "lang": "ru-RU",
          "name": "Ребенок",
          "nameA": null
        }
      ]
    },
    {
      "id": 0,
      "name": "back",
      "transcription": "[bæk]",
      "nameA": "",
      "image": "/img/dict/body/back.png",
      "bg": "transparent",
      "nameAnswer": null,
      "translates": [
        {
          "lang": "ru-RU",
          "name": "Спина",
          "nameA": null
        }
      ]
    },
    {
      "id": 0,
      "name": "bed",
      "transcription": "[bɛd]",
      "nameA": "",
      "image": "/img/dict/home/bed.png",
      "bg": "transparent",
      "nameAnswer": null,
      "translates": [
        {
          "lang": "ru-RU",
          "name": "Кровать",
          "nameA": null
        }
      ]
    },
    {
      "id": 0,
      "name": "bag",
      "transcription": "[bæɡ]",
      "nameA": "",
      "image": " ",
      "bg": "transparent",
      "nameAnswer": null,
      "translates": [
        {
          "lang": "ru-RU",
          "name": "Сумка",
          "nameA": null
        }
      ]
    },
    {
      "id": 0,
      "name": "bake",
      "transcription": "[beɪk]",
      "nameA": "",
      "image": " ",
      "bg": "transparent",
      "nameAnswer": null,
      "translates": [
        {
          "lang": "ru-RU",
          "name": "Печь",
          "nameA": null
        }
      ]
    },
    {
      "id": 0,
      "name": "balance",
      "transcription": "[ˈbæləns]",
      "nameA": "",
      "image": " ",
      "bg": "transparent",
      "nameAnswer": null,
      "translates": [
        {
          "lang": "ru-RU",
          "name": "Баланс",
          "nameA": null
        }
      ]
    },
    {
      "id": 0,
      "name": "ball",
      "transcription": "[bɔl]",
      "nameA": "",
      "image": "/img/dict/toys/ball.png",
      "bg": "transparent",
      "nameAnswer": null,
      "translates": [
        {
          "lang": "ru-RU",
          "name": "Мяч",
          "nameA": null
        }
      ]
    },
    {
      "id": 0,
      "name": "balloon",
      "transcription": "[bəˈluːn]",
      "nameA": "",
      "image": " ",
      "bg": "transparent",
      "nameAnswer": null,
      "translates": [
        {
          "lang": "ru-RU",
          "name": "Воздушный шар",
          "nameA": null
        }
      ]
    },
    {
      "id": 0,
      "name": "banana",
      "transcription": "[bəˈnænə]",
      "nameA": "",
      "image": "/img/dict/food/banana.png",
      "bg": "transparent",
      "nameAnswer": null,
      "translates": [
        {
          "lang": "ru-RU",
          "name": "Банан",
          "nameA": null
        }
      ]
    },
    {
      "id": 0,
      "name": "band",
      "transcription": "[bænd]",
      "nameA": "",
      "image": " ",
      "bg": "transparent",
      "nameAnswer": null,
      "translates": [
        {
          "lang": "ru-RU",
          "name": "Группа",
          "nameA": null
        }
      ]
    },
    {
      "id": 0,
      "name": "bank",
      "transcription": "[bæŋk]",
      "nameA": "",
      "image": " ",
      "bg": "transparent",
      "nameAnswer": null,
      "translates": [
        {
          "lang": "ru-RU",
          "name": "Банк",
          "nameA": null
        }
      ]
    },
    {
      "id": 0,
      "name": "bar",
      "transcription": "[bɑr]",
      "nameA": "",
      "image": " ",
      "bg": "transparent",
      "nameAnswer": null,
      "translates": [
        {
          "lang": "ru-RU",
          "name": "Бар",
          "nameA": null
        }
      ]
    },
    {
      "id": 0,
      "name": "bare",
      "transcription": "[bɛr]",
      "nameA": "",
      "image": " ",
      "bg": "transparent",
      "nameAnswer": null,
      "translates": [
        {
          "lang": "ru-RU",
          "name": "Голый",
          "nameA": null
        }
      ]
    },
    {
      "id": 0,
      "name": "bark",
      "transcription": "[bɑrk]",
      "nameA": "",
      "image": " ",
      "bg": "transparent",
      "nameAnswer": null,
      "translates": [
        {
          "lang": "ru-RU",
          "name": "Лаять",
          "nameA": null
        }
      ]
    },
    {
      "id": 0,
      "name": "basket",
      "transcription": "[ˈbæskɪt]",
      "nameA": "",
      "image": " ",
      "bg": "transparent",
      "nameAnswer": null,
      "translates": [
        {
          "lang": "ru-RU",
          "name": "Корзина",
          "nameA": null
        }
      ]
    },
    {
      "id": 0,
      "name": "bat",
      "transcription": "[bæt]",
      "nameA": "",
      "image": "/img/dict/animals/bat.png",
      "bg": "transparent",
      "nameAnswer": null,
      "translates": [
        {
          "lang": "ru-RU",
          "name": "Летучая мышь",
          "nameA": null
        }
      ]
    },
    {
      "id": 0,
      "name": "bath",
      "transcription": "[bæθ]",
      "nameA": "",
      "image": "/img/dict/home/bath.png",
      "bg": "transparent",
      "nameAnswer": null,
      "translates": [
        {
          "lang": "ru-RU",
          "name": "Ванна",
          "nameA": null
        }
      ]
    },
    {
      "id": 0,
      "name": "bathroom",
      "transcription": "[ˈbæθruːm]",
      "nameA": "",
      "image": "/img/dict/home/bathroom.png",
      "bg": "transparent",
      "nameAnswer": null,
      "translates": [
        {
          "lang": "ru-RU",
          "name": "Ванная комната",
          "nameA": null
        }
      ]
    },
    {
      "id": 0,
      "name": "battery",
      "transcription": "[ˈbætəri]",
      "nameA": "",
      "image": " ",
      "bg": "transparent",
      "nameAnswer": null,
      "translates": [
        {
          "lang": "ru-RU",
          "name": "Батарейка",
          "nameA": null
        }
      ]
    },
    {
      "id": 0,
      "name": "beach",
      "transcription": "[biːtʃ]",
      "nameA": "",
      "image": " ",
      "bg": "transparent",
      "nameAnswer": null,
      "translates": [
        {
          "lang": "ru-RU",
          "name": "Пляж",
          "nameA": null
        }
      ]
    },
    {
      "id": 0,
      "name": "beak",
      "transcription": "[biːk]",
      "nameA": "",
      "image": " ",
      "bg": "transparent",
      "nameAnswer": null,
      "translates": [
        {
          "lang": "ru-RU",
          "name": "Клюв",
          "nameA": null
        }
      ]
    },
    {
      "id": 0,
      "name": "bear",
      "transcription": "[bɛr]",
      "nameA": "",
      "image": "/img/dict/animals/bear.png",
      "bg": "transparent",
      "nameAnswer": null,
      "translates": [
        {
          "lang": "ru-RU",
          "name": "Медведь",
          "nameA": null
        }
      ]
    },
    {
      "id": 0,
      "name": "beard",
      "transcription": "[bɪrd]",
      "nameA": "",
      "image": " ",
      "bg": "transparent",
      "nameAnswer": null,
      "translates": [
        {
          "lang": "ru-RU",
          "name": "Борода",
          "nameA": null
        }
      ]
    },
    {
      "id": 0,
      "name": "beat",
      "transcription": "[biːt]",
      "nameA": "",
      "image": " ",
      "bg": "transparent",
      "nameAnswer": null,
      "translates": [
        {
          "lang": "ru-RU",
          "name": "Бить",
          "nameA": null
        }
      ]
    },
    {
      "id": 0,
      "name": "beautiful",
      "transcription": "[ˈbjuːtɪfəl]",
      "nameA": "",
      "image": " ",
      "bg": "transparent",
      "nameAnswer": null,
      "translates": [
        {
          "lang": "ru-RU",
          "name": "Красивый",
          "nameA": null
        }
      ]
    },
    {
      "id": 0,
      "name": "bed",
      "transcription": "[bɛd]",
      "nameA": "",
      "image": "/img/dict/home/bed.png",
      "bg": "transparent",
      "nameAnswer": null,
      "translates": [
        {
          "lang": "ru-RU",
          "name": "Кровать",
          "nameA": null
        }
      ]
    },
    {
      "id": 0,
      "name": "bedroom",
      "transcription": "[ˈbɛdruːm]",
      "nameA": "",
      "image": "/img/dict/home/bedroom.png",
      "bg": "transparent",
      "nameAnswer": null,
      "translates": [
        {
          "lang": "ru-RU",
          "name": "Спальня",
          "nameA": null
        }
      ]
    },
    {
      "id": 0,
      "name": "bee",
      "transcription": "[biː]",
      "nameA": "",
      "image": "/img/dict/animals/bee.png",
      "bg": "transparent",
      "nameAnswer": null,
      "translates": [
        {
          "lang": "ru-RU",
          "name": "Пчела",
          "nameA": null
        }
      ]
    },
    {
      "id": 0,
      "name": "beetle",
      "transcription": "[ˈbiːtəl]",
      "nameA": "",
      "image": " ",
      "bg": "transparent",
      "nameAnswer": null,
      "translates": [
        {
          "lang": "ru-RU",
          "name": "Жук",
          "nameA": null
        }
      ]
    },
    {
      "id": 0,
      "name": "begin",
      "transcription": "[bɪˈɡɪn]",
      "nameA": "",
      "image": " ",
      "bg": "transparent",
      "nameAnswer": null,
      "translates": [
        {
          "lang": "ru-RU",
          "name": "Начинать",
          "nameA": null
        }
      ]
    },
    {
      "id": 0,
      "name": "behave",
      "transcription": "[bɪˈheɪv]",
      "nameA": "",
      "image": " ",
      "bg": "transparent",
      "nameAnswer": null,
      "translates": [
        {
          "lang": "ru-RU",
          "name": "Вести себя",
          "nameA": null
        }
      ]
    },
    {
      "id": 0,
      "name": "believe",
      "transcription": "[bɪˈliːv]",
      "nameA": "",
      "image": " ",
      "bg": "transparent",
      "nameAnswer": null,
      "translates": [
        {
          "lang": "ru-RU",
          "name": "Верить",
          "nameA": null
        }
      ]
    },
    {
      "id": 0,
      "name": "bell",
      "transcription": "[bɛl]",
      "nameA": "",
      "image": "/img/dict/classroom/bell.png",
      "bg": "transparent",
      "nameAnswer": null,
      "translates": [
        {
          "lang": "ru-RU",
          "name": "Колокол",
          "nameA": null
        }
      ]
    },
    {
      "id": 0,
      "name": "belong",
      "transcription": "[bɪˈlɔŋ]",
      "nameA": "",
      "image": " ",
      "bg": "transparent",
      "nameAnswer": null,
      "translates": [
        {
          "lang": "ru-RU",
          "name": "Принадлежать",
          "nameA": null
        }
      ]
    },
    {
      "id": 0,
      "name": "belt",
      "transcription": "[bɛlt]",
      "nameA": "",
      "image": " ",
      "bg": "transparent",
      "nameAnswer": null,
      "translates": [
        {
          "lang": "ru-RU",
          "name": "Ремень",
          "nameA": null
        }
      ]
    },
    {
      "id": 0,
      "name": "bench",
      "transcription": "[bɛntʃ]",
      "nameA": "",
      "image": " ",
      "bg": "transparent",
      "nameAnswer": null,
      "translates": [
        {
          "lang": "ru-RU",
          "name": "Скамейка",
          "nameA": null
        }
      ]
    },
    {
      "id": 0,
      "name": "bend",
      "transcription": "[bɛnd]",
      "nameA": "",
      "image": " ",
      "bg": "transparent",
      "nameAnswer": null,
      "translates": [
        {
          "lang": "ru-RU",
          "name": "Сгибать",
          "nameA": null
        }
      ]
    },
    {
      "id": 0,
      "name": "best",
      "transcription": "[bɛst]",
      "nameA": "",
      "image": " ",
      "bg": "transparent",
      "nameAnswer": null,
      "translates": [
        {
          "lang": "ru-RU",
          "name": "Лучший",
          "nameA": null
        }
      ]
    },
    {
      "id": 0,
      "name": "better",
      "transcription": "[ˈbɛtər]",
      "nameA": "",
      "image": " ",
      "bg": "transparent",
      "nameAnswer": null,
      "translates": [
        {
          "lang": "ru-RU",
          "name": "Лучше",
          "nameA": null
        }
      ]
    },
    {
      "id": 0,
      "name": "bicycle",
      "transcription": "[ˈbaɪsɪkəl]",
      "nameA": "",
      "image": " ",
      "bg": "transparent",
      "nameAnswer": null,
      "translates": [
        {
          "lang": "ru-RU",
          "name": "Велосипед",
          "nameA": null
        }
      ]
    },
    {
      "id": 0,
      "name": "big",
      "transcription": "[bɪɡ]",
      "nameA": "",
      "image": " ",
      "bg": "transparent",
      "nameAnswer": null,
      "translates": [
        {
          "lang": "ru-RU",
          "name": "Большой",
          "nameA": null
        }
      ]
    },
    {
      "id": 0,
      "name": "bin",
      "transcription": "[bɪn]",
      "nameA": "",
      "image": "/img/dict/home/bin.png",
      "bg": "transparent",
      "nameAnswer": null,
      "translates": [
        {
          "lang": "ru-RU",
          "name": "Корзина",
          "nameA": null
        }
      ]
    },
    {
      "id": 0,
      "name": "bird",
      "transcription": "[bɜrd]",
      "nameA": "",
      "image": " ",
      "bg": "transparent",
      "nameAnswer": null,
      "translates": [
        {
          "lang": "ru-RU",
          "name": "Птица",
          "nameA": null
        }
      ]
    },
    {
      "id": 0,
      "name": "birthday",
      "transcription": "[ˈbɜrθdeɪ]",
      "nameA": "",
      "image": " ",
      "bg": "transparent",
      "nameAnswer": null,
      "translates": [
        {
          "lang": "ru-RU",
          "name": "День рождения",
          "nameA": null
        }
      ]
    },
    {
      "id": 0,
      "name": "biscuit",
      "transcription": "[ˈbɪskɪt]",
      "nameA": "",
      "image": " ",
      "bg": "transparent",
      "nameAnswer": null,
      "translates": [
        {
          "lang": "ru-RU",
          "name": "Печенье",
          "nameA": null
        }
      ]
    },
    {
      "id": 0,
      "name": "bit",
      "transcription": "[bɪt]",
      "nameA": "",
      "image": " ",
      "bg": "transparent",
      "nameAnswer": null,
      "translates": [
        {
          "lang": "ru-RU",
          "name": "Кусочек",
          "nameA": null
        }
      ]
    },
    {
      "id": 0,
      "name": "bite",
      "transcription": "[baɪt]",
      "nameA": "",
      "image": " ",
      "bg": "transparent",
      "nameAnswer": null,
      "translates": [
        {
          "lang": "ru-RU",
          "name": "Кусать",
          "nameA": null
        }
      ]
    },
    {
      "id": 0,
      "name": "blanket",
      "transcription": "[ˈblæŋkɪt]",
      "nameA": "",
      "image": "/img/dict/home/blanket.png",
      "bg": "transparent",
      "nameAnswer": null,
      "translates": [
        {
          "lang": "ru-RU",
          "name": "Одеяло",
          "nameA": null
        }
      ]
    },
    {
      "id": 0,
      "name": "blind",
      "transcription": "[blaɪnd]",
      "nameA": "",
      "image": " ",
      "bg": "transparent",
      "nameAnswer": null,
      "translates": [
        {
          "lang": "ru-RU",
          "name": "Слепой",
          "nameA": null
        }
      ]
    },
    {
      "id": 0,
      "name": "block",
      "transcription": "[blɑk]",
      "nameA": "",
      "image": " ",
      "bg": "transparent",
      "nameAnswer": null,
      "translates": [
        {
          "lang": "ru-RU",
          "name": "Блок",
          "nameA": null
        }
      ]
    },
    {
      "id": 0,
      "name": "blood",
      "transcription": "[blʌd]",
      "nameA": "",
      "image": " ",
      "bg": "transparent",
      "nameAnswer": null,
      "translates": [
        {
          "lang": "ru-RU",
          "name": "Кровь",
          "nameA": null
        }
      ]
    },
    {
      "id": 0,
      "name": "blow",
      "transcription": "[bloʊ]",
      "nameA": "",
      "image": " ",
      "bg": "transparent",
      "nameAnswer": null,
      "translates": [
        {
          "lang": "ru-RU",
          "name": "Дуть",
          "nameA": null
        }
      ]
    },
    {
      "id": 0,
      "name": "blunt",
      "transcription": "[blʌnt]",
      "nameA": "",
      "image": " ",
      "bg": "transparent",
      "nameAnswer": null,
      "translates": [
        {
          "lang": "ru-RU",
          "name": "Тупой",
          "nameA": null
        }
      ]
    },
    {
      "id": 0,
      "name": "boat",
      "transcription": "[boʊt]",
      "nameA": "",
      "image": " ",
      "bg": "transparent",
      "nameAnswer": null,
      "translates": [
        {
          "lang": "ru-RU",
          "name": "Лодка",
          "nameA": null
        }
      ]
    },
    {
      "id": 0,
      "name": "body",
      "transcription": "[ˈbɑdi]",
      "nameA": "",
      "image": "/img/dict/body/body.png",
      "bg": "transparent",
      "nameAnswer": null,
      "translates": [
        {
          "lang": "ru-RU",
          "name": "Тело",
          "nameA": null
        }
      ]
    },
    {
      "id": 0,
      "name": "boil",
      "transcription": "[bɔɪl]",
      "nameA": "",
      "image": " ",
      "bg": "transparent",
      "nameAnswer": null,
      "translates": [
        {
          "lang": "ru-RU",
          "name": "Кипеть",
          "nameA": null
        }
      ]
    },
    {
      "id": 0,
      "name": "bone",
      "transcription": "[boʊn]",
      "nameA": "",
      "image": "/img/dict/animals/bone.png",
      "bg": "transparent",
      "nameAnswer": null,
      "translates": [
        {
          "lang": "ru-RU",
          "name": "Кость",
          "nameA": null
        }
      ]
    },
    {
      "id": 0,
      "name": "bonfire",
      "transcription": "[ˈbɑnfaɪər]",
      "nameA": "",
      "image": " ",
      "bg": "transparent",
      "nameAnswer": null,
      "translates": [
        {
          "lang": "ru-RU",
          "name": "Костер",
          "nameA": null
        }
      ]
    },
    {
      "id": 0,
      "name": "book",
      "transcription": "[bʊk]",
      "nameA": "",
      "image": "/img/dict/classroom/book.png",
      "bg": "transparent",
      "nameAnswer": null,
      "translates": [
        {
          "lang": "ru-RU",
          "name": "Книга",
          "nameA": null
        }
      ]
    },
    {
      "id": 0,
      "name": "boot",
      "transcription": "[buːt]",
      "nameA": "",
      "image": " ",
      "bg": "transparent",
      "nameAnswer": null,
      "translates": [
        {
          "lang": "ru-RU",
          "name": "Ботинок",
          "nameA": null
        }
      ]
    },
    {
      "id": 0,
      "name": "bore",
      "transcription": "[bɔr]",
      "nameA": "",
      "image": " ",
      "bg": "transparent",
      "nameAnswer": null,
      "translates": [
        {
          "lang": "ru-RU",
          "name": "Скучать",
          "nameA": null
        }
      ]
    },
    {
      "id": 0,
      "name": "born",
      "transcription": "[bɔrn]",
      "nameA": "",
      "image": " ",
      "bg": "transparent",
      "nameAnswer": null,
      "translates": [
        {
          "lang": "ru-RU",
          "name": "Рожденный",
          "nameA": null
        }
      ]
    },
    {
      "id": 0,
      "name": "borrow",
      "transcription": "[ˈbɔroʊ]",
      "nameA": "",
      "image": " ",
      "bg": "transparent",
      "nameAnswer": null,
      "translates": [
        {
          "lang": "ru-RU",
          "name": "Одалживать",
          "nameA": null
        }
      ]
    },
    {
      "id": 0,
      "name": "bottle",
      "transcription": "[ˈbɑtəl]",
      "nameA": "",
      "image": "/img/dict/home/bottle.png",
      "bg": "transparent",
      "nameAnswer": null,
      "translates": [
        {
          "lang": "ru-RU",
          "name": "Бутылка",
          "nameA": null
        }
      ]
    },
    {
      "id": 0,
      "name": "bottom",
      "transcription": "[ˈbɑtəm]",
      "nameA": "",
      "image": " ",
      "bg": "transparent",
      "nameAnswer": null,
      "translates": [
        {
          "lang": "ru-RU",
          "name": "Дно",
          "nameA": null
        }
      ]
    },
    {
      "id": 0,
      "name": "bounce",
      "transcription": "[baʊns]",
      "nameA": "",
      "image": " ",
      "bg": "transparent",
      "nameAnswer": null,
      "translates": [
        {
          "lang": "ru-RU",
          "name": "Прыгать",
          "nameA": null
        }
      ]
    },
    {
      "id": 0,
      "name": "bow",
      "transcription": "[baʊ]",
      "nameA": "",
      "image": " ",
      "bg": "transparent",
      "nameAnswer": null,
      "translates": [
        {
          "lang": "ru-RU",
          "name": "Лук",
          "nameA": null
        }
      ]
    },
    {
      "id": 0,
      "name": "bowl",
      "transcription": "[boʊl]",
      "nameA": "",
      "image": "/img/dict/home/bowl.png",
      "bg": "transparent",
      "nameAnswer": null,
      "translates": [
        {
          "lang": "ru-RU",
          "name": "Миска",
          "nameA": null
        }
      ]
    },
    {
      "id": 0,
      "name": "box",
      "transcription": "[bɑks]",
      "nameA": "",
      "image": " ",
      "bg": "transparent",
      "nameAnswer": null,
      "translates": [
        {
          "lang": "ru-RU",
          "name": "Коробка",
          "nameA": null
        }
      ]
    },
    {
      "id": 0,
      "name": "brain",
      "transcription": "[breɪn]",
      "nameA": "",
      "image": " ",
      "bg": "transparent",
      "nameAnswer": null,
      "translates": [
        {
          "lang": "ru-RU",
          "name": "Мозг",
          "nameA": null
        }
      ]
    },
    {
      "id": 0,
      "name": "branch",
      "transcription": "[bræntʃ]",
      "nameA": "",
      "image": " ",
      "bg": "transparent",
      "nameAnswer": null,
      "translates": [
        {
          "lang": "ru-RU",
          "name": "Ветка",
          "nameA": null
        }
      ]
    },
    {
      "id": 0,
      "name": "brave",
      "transcription": "[breɪv]",
      "nameA": "",
      "image": " ",
      "bg": "transparent",
      "nameAnswer": null,
      "translates": [
        {
          "lang": "ru-RU",
          "name": "Храбрый",
          "nameA": null
        }
      ]
    },
    {
      "id": 0,
      "name": "bread",
      "transcription": "[brɛd]",
      "nameA": "",
      "image": "/img/dict/food/bread.png",
      "bg": "transparent",
      "nameAnswer": null,
      "translates": [
        {
          "lang": "ru-RU",
          "name": "Хлеб",
          "nameA": null
        }
      ]
    },
    {
      "id": 0,
      "name": "break",
      "transcription": "[breɪk]",
      "nameA": "",
      "image": "/img/dict/classroom/break.png",
      "bg": "transparent",
      "nameAnswer": null,
      "translates": [
        {
          "lang": "ru-RU",
          "name": "Ломать",
          "nameA": null
        }
      ]
    },
    {
      "id": 0,
      "name": "breakfast",
      "transcription": "[ˈbrɛkfəst]",
      "nameA": "",
      "image": " ",
      "bg": "transparent",
      "nameAnswer": null,
      "translates": [
        {
          "lang": "ru-RU",
          "name": "Завтрак",
          "nameA": null
        }
      ]
    },
    {
      "id": 0,
      "name": "breath",
      "transcription": "[brɛθ]",
      "nameA": "",
      "image": " ",
      "bg": "transparent",
      "nameAnswer": null,
      "translates": [
        {
          "lang": "ru-RU",
          "name": "Дыхание",
          "nameA": null
        }
      ]
    },
    {
      "id": 0,
      "name": "breathe",
      "transcription": "[briːð]",
      "nameA": "",
      "image": " ",
      "bg": "transparent",
      "nameAnswer": null,
      "translates": [
        {
          "lang": "ru-RU",
          "name": "Дышать",
          "nameA": null
        }
      ]
    },
    {
      "id": 0,
      "name": "brick",
      "transcription": "[brɪk]",
      "nameA": "",
      "image": "/img/dict/home/brick.png",
      "bg": "transparent",
      "nameAnswer": null,
      "translates": [
        {
          "lang": "ru-RU",
          "name": "Кирпич",
          "nameA": null
        }
      ]
    },
    {
      "id": 0,
      "name": "bridge",
      "transcription": "[brɪdʒ]",
      "nameA": "",
      "image": " ",
      "bg": "transparent",
      "nameAnswer": null,
      "translates": [
        {
          "lang": "ru-RU",
          "name": "Мост",
          "nameA": null
        }
      ]
    },
    {
      "id": 0,
      "name": "bright",
      "transcription": "[braɪt]",
      "nameA": "",
      "image": " ",
      "bg": "transparent",
      "nameAnswer": null,
      "translates": [
        {
          "lang": "ru-RU",
          "name": "Яркий",
          "nameA": null
        }
      ]
    },
    {
      "id": 0,
      "name": "bring",
      "transcription": "[brɪŋ]",
      "nameA": "",
      "image": " ",
      "bg": "transparent",
      "nameAnswer": null,
      "translates": [
        {
          "lang": "ru-RU",
          "name": "Приносить",
          "nameA": null
        }
      ]
    },
    {
      "id": 0,
      "name": "brochure",
      "transcription": "[broʊˈʃʊr]",
      "nameA": "",
      "image": " ",
      "bg": "transparent",
      "nameAnswer": null,
      "translates": [
        {
          "lang": "ru-RU",
          "name": "Брошюра",
          "nameA": null
        }
      ]
    },
    {
      "id": 0,
      "name": "broom",
      "transcription": "[bruːm]",
      "nameA": "",
      "image": " ",
      "bg": "transparent",
      "nameAnswer": null,
      "translates": [
        {
          "lang": "ru-RU",
          "name": "Метла",
          "nameA": null
        }
      ]
    },
    {
      "id": 0,
      "name": "brother",
      "transcription": "[ˈbrʌðər]",
      "nameA": "",
      "image": "/img/dict/family/brother.png",
      "bg": "transparent",
      "nameAnswer": null,
      "translates": [
        {
          "lang": "ru-RU",
          "name": "Брат",
          "nameA": null
        }
      ]
    },
    {
      "id": 0,
      "name": "brush",
      "transcription": "[brʌʃ]",
      "nameA": "",
      "image": " ",
      "bg": "transparent",
      "nameAnswer": null,
      "translates": [
        {
          "lang": "ru-RU",
          "name": "Щетка",
          "nameA": null
        }
      ]
    },
    {
      "id": 0,
      "name": "bucket",
      "transcription": "[ˈbʌkɪt]",
      "nameA": "",
      "image": "/img/dict/home/bucket.png",
      "bg": "transparent",
      "nameAnswer": null,
      "translates": [
        {
          "lang": "ru-RU",
          "name": "Ведро",
          "nameA": null
        }
      ]
    },
    {
      "id": 0,
      "name": "bulb",
      "transcription": "[bʌlb]",
      "nameA": "",
      "image": " ",
      "bg": "transparent",
      "nameAnswer": null,
      "translates": [
        {
          "lang": "ru-RU",
          "name": "Лампочка",
          "nameA": null
        }
      ]
    },
    {
      "id": 0,
      "name": "bull",
      "transcription": "[bʊl]",
      "nameA": "",
      "image": " ",
      "bg": "transparent",
      "nameAnswer": null,
      "translates": [
        {
          "lang": "ru-RU",
          "name": "Бык",
          "nameA": null
        }
      ]
    },
    {
      "id": 0,
      "name": "bump",
      "transcription": "[bʌmp]",
      "nameA": "",
      "image": " ",
      "bg": "transparent",
      "nameAnswer": null,
      "translates": [
        {
          "lang": "ru-RU",
          "name": "Удар",
          "nameA": null
        }
      ]
    },
    {
      "id": 0,
      "name": "burst",
      "transcription": "[bɜrst]",
      "nameA": "",
      "image": " ",
      "bg": "transparent",
      "nameAnswer": null,
      "translates": [
        {
          "lang": "ru-RU",
          "name": "Взрыв",
          "nameA": null
        }
      ]
    },
    {
      "id": 0,
      "name": "bus",
      "transcription": "[bʌs]",
      "nameA": "",
      "image": " ",
      "bg": "transparent",
      "nameAnswer": null,
      "translates": [
        {
          "lang": "ru-RU",
          "name": "Автобус",
          "nameA": null
        }
      ]
    },
    {
      "id": 0,
      "name": "bush",
      "transcription": "[bʊʃ]",
      "nameA": "",
      "image": " ",
      "bg": "transparent",
      "nameAnswer": null,
      "translates": [
        {
          "lang": "ru-RU",
          "name": "Куст",
          "nameA": null
        }
      ]
    },
    {
      "id": 0,
      "name": "busy",
      "transcription": "[ˈbɪzi]",
      "nameA": "",
      "image": " ",
      "bg": "transparent",
      "nameAnswer": null,
      "translates": [
        {
          "lang": "ru-RU",
          "name": "Занятый",
          "nameA": null
        }
      ]
    },
    {
      "id": 0,
      "name": "but",
      "transcription": "[bʌt]",
      "nameA": "",
      "image": " ",
      "bg": "transparent",
      "nameAnswer": null,
      "translates": [
        {
          "lang": "ru-RU",
          "name": "Но",
          "nameA": null
        }
      ]
    },
    {
      "id": 0,
      "name": "butter",
      "transcription": "[ˈbʌtər]",
      "nameA": "",
      "image": "/img/dict/food/butter.png",
      "bg": "transparent",
      "nameAnswer": null,
      "translates": [
        {
          "lang": "ru-RU",
          "name": "Масло",
          "nameA": null
        }
      ]
    },
    {
      "id": 0,
      "name": "butterfly",
      "transcription": "[ˈbʌtərflaɪ]",
      "nameA": "",
      "image": "/img/dict/animals/butterfly.png",
      "bg": "transparent",
      "nameAnswer": null,
      "translates": [
        {
          "lang": "ru-RU",
          "name": "Бабочка",
          "nameA": null
        }
      ]
    },
    {
      "id": 0,
      "name": "button",
      "transcription": "[ˈbʌtən]",
      "nameA": "",
      "image": " ",
      "bg": "transparent",
      "nameAnswer": null,
      "translates": [
        {
          "lang": "ru-RU",
          "name": "Кнопка",
          "nameA": null
        }
      ]
    },
    {
      "id": 0,
      "name": "buzz",
      "transcription": "[bʌz]",
      "nameA": "",
      "image": " ",
      "bg": "transparent",
      "nameAnswer": null,
      "translates": [
        {
          "lang": "ru-RU",
          "name": "Жужжать",
          "nameA": null
        }
      ]
    },
    {
      "id": 0,
      "name": "build",
      "transcription": "[bɪld]",
      "nameA": "",
      "image": " ",
      "bg": "transparent",
      "nameAnswer": null,
      "translates": [
        {
          "lang": "ru-RU",
          "name": "Строить",
          "nameA": null
        }
      ]
    },
    {
      "id": 0,
      "name": "building",
      "transcription": "[ˈbɪldɪŋ]",
      "nameA": "",
      "image": "/img/dict/home/building.png",
      "bg": "transparent",
      "nameAnswer": null,
      "translates": [
        {
          "lang": "ru-RU",
          "name": "Здание",
          "nameA": null
        }
      ]
    },
    {
      "id": 0,
      "name": "buoy",
      "transcription": "[bɔɪ]",
      "nameA": "",
      "image": " ",
      "bg": "transparent",
      "nameAnswer": null,
      "translates": [
        {
          "lang": "ru-RU",
          "name": "Буй",
          "nameA": null
        }
      ]
    },
    {
      "id": 0,
      "name": "buy",
      "transcription": "[baɪ]",
      "nameA": "",
      "image": " ",
      "bg": "transparent",
      "nameAnswer": null,
      "translates": [
        {
          "lang": "ru-RU",
          "name": "Покупать",
          "nameA": null
        }
      ]
    },
    {
      "id": 0,
      "name": "abbey",
      "transcription": "[ˈæbi]",
      "nameA": "",
      "image": " ",
      "bg": "transparent",
      "nameAnswer": null,
      "translates": [
        {
          "lang": "ru-RU",
          "name": "Аббатство",
          "nameA": null
        }
      ]
    },
    {
      "id": 0,
      "name": "bubble",
      "transcription": "[ˈbʌbəl]",
      "nameA": "",
      "image": " ",
      "bg": "transparent",
      "nameAnswer": null,
      "translates": [
        {
          "lang": "ru-RU",
          "name": "Пузырь",
          "nameA": null
        }
      ]
    },
    {
      "id": 0,
      "name": "dribble",
      "transcription": "[ˈdrɪbəl]",
      "nameA": "",
      "image": " ",
      "bg": "transparent",
      "nameAnswer": null,
      "translates": [
        {
          "lang": "ru-RU",
          "name": "Капать",
          "nameA": null
        }
      ]
    },
    {
      "id": 0,
      "name": "pebble",
      "transcription": "[ˈpɛbəl]",
      "nameA": "",
      "image": " ",
      "bg": "transparent",
      "nameAnswer": null,
      "translates": [
        {
          "lang": "ru-RU",
          "name": "Галька",
          "nameA": null
        }
      ]
    },
    {
      "id": 0,
      "name": "rabbit",
      "transcription": "[ˈræbɪt]",
      "nameA": "",
      "image": "/img/dict/animals/rabbit.png",
      "bg": "transparent",
      "nameAnswer": null,
      "translates": [
        {
          "lang": "ru-RU",
          "name": "Кролик",
          "nameA": null
        }
      ]
    },
    {
      "id": 0,
      "name": "ribbon",
      "transcription": "[ˈrɪbən]",
      "nameA": "",
      "image": " ",
      "bg": "transparent",
      "nameAnswer": null,
      "translates": [
        {
          "lang": "ru-RU",
          "name": "Лента",
          "nameA": null
        }
      ]
    },
    {
      "id": 0,
      "name": "rubber",
      "transcription": "[ˈrʌbər]",
      "nameA": "",
      "image": " ",
      "bg": "transparent",
      "nameAnswer": null,
      "translates": [
        {
          "lang": "ru-RU",
          "name": "Резина",
          "nameA": null
        }
      ]
    },
    {
      "id": 0,
      "name": "scribble",
      "transcription": "[ˈskrɪbəl]",
      "nameA": "",
      "image": " ",
      "bg": "transparent",
      "nameAnswer": null,
      "translates": [
        {
          "lang": "ru-RU",
          "name": "Калякать",
          "nameA": null
        }
      ]
    }
  ]
}