{"name":"Phonics /g/","nameA":"","img":"","isRandom":false,"isBlur":false,"isUpper":true,"isByWords":false,"isForAdult":false,"separator":"","numWords":46,"Translations":[{"lang":"ru-RU","name":"Алфавит","nameA":""},{"lang":"vi-VN","name":"Âm thanh /g/","nameA":""},{"lang":"zh-CN","name":"拼音 /g/","nameA":""},{"lang":"hi-IN","name":"ध्वनि /g/","nameA":""},{"lang":"th-TH","name":"เสียง /g/","nameA":""},{"lang":"tr-TR","name":"Ses /g/","nameA":""},{"lang":"pt-BR","name":"Fonética /g/","nameA":""},{"lang":"de-DE","name":"Phonik /g/","nameA":""},{"lang":"id-ID","name":"Fonik /g/","nameA":""},{"lang":"fr-FR","name":"Phonétique /g/","nameA":""}],"items":[{"id":0,"name":"game","transcription":"[ɡeɪm]","nameA":"","image":" ","bg":"transparent","nameAnswer":"","translates":[{"lang":"ru-RU","name":"Игра","nameA":""},{"lang":"vi-VN","name":"Trò chơi","nameA":""},{"lang":"zh-CN","name":"游戏","nameA":""},{"lang":"hi-IN","name":"खेल","nameA":""},{"lang":"th-TH","name":"เกม","nameA":""},{"lang":"tr-TR","name":"Oyun","nameA":""},{"lang":"pt-BR","name":"Jogo","nameA":""},{"lang":"de-DE","name":"Spiel","nameA":""},{"lang":"id-ID","name":"Permainan","nameA":""},{"lang":"fr-FR","name":"Jeu","nameA":""}]},{"id":0,"name":"gap","transcription":"[ɡæp]","nameA":"","image":" ","bg":"transparent","nameAnswer":"","translates":[{"lang":"ru-RU","name":"Промежуток","nameA":""},{"lang":"vi-VN","name":"Khoảng cách","nameA":""},{"lang":"zh-CN","name":"间隙","nameA":""},{"lang":"hi-IN","name":"अंतर","nameA":""},{"lang":"th-TH","name":"ช่องว่าง","nameA":""},{"lang":"tr-TR","name":"Boşluk","nameA":""},{"lang":"pt-BR","name":"Lacuna","nameA":""},{"lang":"de-DE","name":"Lücke","nameA":""},{"lang":"id-ID","name":"Celah","nameA":""},{"lang":"fr-FR","name":"Écart","nameA":""}]},{"id":0,"name":"garage","transcription":"[ɡəˈrɑːʒ]","nameA":"","image":"/img/dict/home/garage.png","bg":"transparent","nameAnswer":"","translates":[{"lang":"ru-RU","name":"Гараж","nameA":""},{"lang":"vi-VN","name":"Nhà để xe","nameA":""},{"lang":"zh-CN","name":"车库","nameA":""},{"lang":"hi-IN","name":"गैराज","nameA":""},{"lang":"th-TH","name":"โรงรถ","nameA":""},{"lang":"tr-TR","name":"Garaj","nameA":""},{"lang":"pt-BR","name":"Garagem","nameA":""},{"lang":"de-DE","name":"Garage","nameA":""},{"lang":"id-ID","name":"Garam","nameA":""},{"lang":"fr-FR","name":"Garage","nameA":""}]},{"id":0,"name":"garden","transcription":"[ˈɡɑːrdn]","nameA":"","image":" ","bg":"transparent","nameAnswer":"","translates":[{"lang":"ru-RU","name":"Сад","nameA":""},{"lang":"vi-VN","name":"Vườn","nameA":""},{"lang":"zh-CN","name":"花园","nameA":""},{"lang":"hi-IN","name":"बगीचा","nameA":""},{"lang":"th-TH","name":"สวน","nameA":""},{"lang":"tr-TR","name":"Bahçe","nameA":""},{"lang":"pt-BR","name":"Jardim","nameA":""},{"lang":"de-DE","name":"Garten","nameA":""},{"lang":"id-ID","name":"Taman","nameA":""},{"lang":"fr-FR","name":"Jardin","nameA":""}]},{"id":0,"name":"gas","transcription":"[ɡæs]","nameA":"","image":"/img/dict/home/gas.png","bg":"transparent","nameAnswer":"","translates":[{"lang":"ru-RU","name":"Газ","nameA":""},{"lang":"vi-VN","name":"Khí","nameA":""},{"lang":"zh-CN","name":"气体","nameA":""},{"lang":"hi-IN","name":"गैस","nameA":""},{"lang":"th-TH","name":"ก๊าซ","nameA":""},{"lang":"tr-TR","name":"Gaz","nameA":""},{"lang":"pt-BR","name":"Gás","nameA":""},{"lang":"de-DE","name":"Gas","nameA":""},{"lang":"id-ID","name":"Gas","nameA":""},{"lang":"fr-FR","name":"Gaz","nameA":""}]},{"id":0,"name":"gate","transcription":"[ɡeɪt]","nameA":"","image":" ","bg":"transparent","nameAnswer":"","translates":[{"lang":"ru-RU","name":"Ворота","nameA":""},{"lang":"vi-VN","name":"Cổng","nameA":""},{"lang":"zh-CN","name":"大门","nameA":""},{"lang":"hi-IN","name":"द्वार","nameA":""},{"lang":"th-TH","name":"ประตู","nameA":""},{"lang":"tr-TR","name":"Kapı","nameA":""},{"lang":"pt-BR","name":"Portão","nameA":""},{"lang":"de-DE","name":"Tor","nameA":""},{"lang":"id-ID","name":"Gerbang","nameA":""},{"lang":"fr-FR","name":"Porte","nameA":""}]},{"id":0,"name":"gaze","transcription":"[ɡeɪz]","nameA":"","image":" ","bg":"transparent","nameAnswer":"","translates":[{"lang":"ru-RU","name":"Взгляд","nameA":""},{"lang":"vi-VN","name":"Ánh nhìn","nameA":""},{"lang":"zh-CN","name":"凝视","nameA":""},{"lang":"hi-IN","name":"टकटकी","nameA":""},{"lang":"th-TH","name":"จ้องมอง","nameA":""},{"lang":"tr-TR","name":"Bakış","nameA":""},{"lang":"pt-BR","name":"Olhar","nameA":""},{"lang":"de-DE","name":"Blick","nameA":""},{"lang":"id-ID","name":"Pandangan","nameA":""},{"lang":"fr-FR","name":"Regard","nameA":""}]},{"id":0,"name":"get","transcription":"[ɡɛt]","nameA":"","image":" ","bg":"transparent","nameAnswer":"","translates":[{"lang":"ru-RU","name":"Получать","nameA":""},{"lang":"vi-VN","name":"Nhận","nameA":""},{"lang":"zh-CN","name":"得到","nameA":""},{"lang":"hi-IN","name":"पाना","nameA":""},{"lang":"th-TH","name":"ได้รับ","nameA":""},{"lang":"tr-TR","name":"Almak","nameA":""},{"lang":"pt-BR","name":"Obter","nameA":""},{"lang":"de-DE","name":"Bekommen","nameA":""},{"lang":"id-ID","name":"Mendapatkan","nameA":""},{"lang":"fr-FR","name":"Obtenir","nameA":""}]},{"id":0,"name":"girl","transcription":"[ɡɜːrl]","nameA":"","image":" ","bg":"transparent","nameAnswer":"","translates":[{"lang":"ru-RU","name":"Девочка","nameA":""},{"lang":"vi-VN","name":"Cô gái","nameA":""},{"lang":"zh-CN","name":"女孩","nameA":""},{"lang":"hi-IN","name":"लड़की","nameA":""},{"lang":"th-TH","name":"เด็กหญิง","nameA":""},{"lang":"tr-TR","name":"Kız","nameA":""},{"lang":"pt-BR","name":"Menina","nameA":""},{"lang":"de-DE","name":"Mädchen","nameA":""},{"lang":"id-ID","name":"Gadis","nameA":""},{"lang":"fr-FR","name":"Fille","nameA":""}]},{"id":0,"name":"give","transcription":"[ɡɪv]","nameA":"","image":" ","bg":"transparent","nameAnswer":"","translates":[{"lang":"ru-RU","name":"Давать","nameA":""},{"lang":"vi-VN","name":"Cho","nameA":""},{"lang":"zh-CN","name":"给","nameA":""},{"lang":"hi-IN","name":"देना","nameA":""},{"lang":"th-TH","name":"ให้","nameA":""},{"lang":"tr-TR","name":"Vermek","nameA":""},{"lang":"pt-BR","name":"Dar","nameA":""},{"lang":"de-DE","name":"Geben","nameA":""},{"lang":"id-ID","name":"Memberi","nameA":""},{"lang":"fr-FR","name":"Donner","nameA":""}]},{"id":0,"name":"glass","transcription":"[ɡlæs]","nameA":"","image":"/img/dict/home/glass.png","bg":"transparent","nameAnswer":"","translates":[{"lang":"ru-RU","name":"Стекло","nameA":""},{"lang":"vi-VN","name":"Kính","nameA":""},{"lang":"zh-CN","name":"玻璃","nameA":""},{"lang":"hi-IN","name":"कांच","nameA":""},{"lang":"th-TH","name":"แก้ว","nameA":""},{"lang":"tr-TR","name":"Cam","nameA":""},{"lang":"pt-BR","name":"Vidro","nameA":""},{"lang":"de-DE","name":"Glas","nameA":""},{"lang":"id-ID","name":"Kaca","nameA":""},{"lang":"fr-FR","name":"Verre","nameA":""}]},{"id":0,"name":"glove","transcription":"[ɡlʌv]","nameA":"","image":" ","bg":"transparent","nameAnswer":"","translates":[{"lang":"ru-RU","name":"Перчатка","nameA":""},{"lang":"vi-VN","name":"Găng tay","nameA":""},{"lang":"zh-CN","name":"手套","nameA":""},{"lang":"hi-IN","name":"दस्ताना","nameA":""},{"lang":"th-TH","name":"ถุงมือ","nameA":""},{"lang":"tr-TR","name":"Eldiven","nameA":""},{"lang":"pt-BR","name":"Luva","nameA":""},{"lang":"de-DE","name":"Handschuh","nameA":""},{"lang":"id-ID","name":"Sarung tangan","nameA":""},{"lang":"fr-FR","name":"Gant","nameA":""}]},{"id":0,"name":"glue","transcription":"[ɡluː]","nameA":"","image":"/img/dict/classroom/glue.png","bg":"transparent","nameAnswer":"","translates":[{"lang":"ru-RU","name":"Клей","nameA":""},{"lang":"vi-VN","name":"Keo","nameA":""},{"lang":"zh-CN","name":"胶水","nameA":""},{"lang":"hi-IN","name":"गोंद","nameA":""},{"lang":"th-TH","name":"กาว","nameA":""},{"lang":"tr-TR","name":"Yapıştırıcı","nameA":""},{"lang":"pt-BR","name":"Cola","nameA":""},{"lang":"de-DE","name":"Kleber","nameA":""},{"lang":"id-ID","name":"Lem","nameA":""},{"lang":"fr-FR","name":"Colle","nameA":""}]},{"id":0,"name":"go","transcription":"[ɡoʊ]","nameA":"","image":" ","bg":"transparent","nameAnswer":"","translates":[{"lang":"ru-RU","name":"Идти","nameA":""},{"lang":"vi-VN","name":"Đi","nameA":""},{"lang":"zh-CN","name":"去","nameA":""},{"lang":"hi-IN","name":"जाना","nameA":""},{"lang":"th-TH","name":"ไป","nameA":""},{"lang":"tr-TR","name":"Gitmek","nameA":""},{"lang":"pt-BR","name":"Ir","nameA":""},{"lang":"de-DE","name":"Gehen","nameA":""},{"lang":"id-ID","name":"Pergi","nameA":""},{"lang":"fr-FR","name":"Aller","nameA":""}]},{"id":0,"name":"goal","transcription":"[ɡoʊl]","nameA":"","image":" ","bg":"transparent","nameAnswer":"","translates":[{"lang":"ru-RU","name":"Цель","nameA":""},{"lang":"vi-VN","name":"Mục tiêu","nameA":""},{"lang":"zh-CN","name":"目标","nameA":""},{"lang":"hi-IN","name":"लक्ष्य","nameA":""},{"lang":"th-TH","name":"เป้าหมาย","nameA":""},{"lang":"tr-TR","name":"Hedef","nameA":""},{"lang":"pt-BR","name":"Objetivo","nameA":""},{"lang":"de-DE","name":"Ziel","nameA":""},{"lang":"id-ID","name":"Tujuan","nameA":""},{"lang":"fr-FR","name":"But","nameA":""}]},{"id":0,"name":"goat","transcription":"[ɡoʊt]","nameA":"","image":"/img/dict/animals/goat.png","bg":"transparent","nameAnswer":"","translates":[{"lang":"ru-RU","name":"Коза","nameA":""},{"lang":"vi-VN","name":"Dê","nameA":""},{"lang":"zh-CN","name":"山羊","nameA":""},{"lang":"hi-IN","name":"बकरी","nameA":""},{"lang":"th-TH","name":"แพะ","nameA":""},{"lang":"tr-TR","name":"Keçi","nameA":""},{"lang":"pt-BR","name":"Cabra","nameA":""},{"lang":"de-DE","name":"Ziege","nameA":""},{"lang":"id-ID","name":"Kambing","nameA":""},{"lang":"fr-FR","name":"Chèvre","nameA":""}]},{"id":0,"name":"gold","transcription":"[ɡoʊld]","nameA":"","image":"/img/dict/colors/gold.png","bg":"transparent","nameAnswer":"","translates":[{"lang":"ru-RU","name":"Золото","nameA":""},{"lang":"vi-VN","name":"Vàng","nameA":""},{"lang":"zh-CN","name":"黄金","nameA":""},{"lang":"hi-IN","name":"सोना","nameA":""},{"lang":"th-TH","name":"ทอง","nameA":""},{"lang":"tr-TR","name":"Altın","nameA":""},{"lang":"pt-BR","name":"Ouro","nameA":""},{"lang":"de-DE","name":"Gold","nameA":""},{"lang":"id-ID","name":"Emas","nameA":""},{"lang":"fr-FR","name":"Or","nameA":""}]},{"id":0,"name":"goldfish","transcription":"[ˈɡoʊldfɪʃ]","nameA":"","image":"/img/dict/animals/goldfish.png","bg":"transparent","nameAnswer":"","translates":[{"lang":"ru-RU","name":"Золотая рыбка","nameA":""},{"lang":"vi-VN","name":"Cá vàng","nameA":""},{"lang":"zh-CN","name":"金鱼","nameA":""},{"lang":"hi-IN","name":"गोल्डफिश","nameA":""},{"lang":"th-TH","name":"ปลาทอง","nameA":""},{"lang":"tr-TR","name":"Japon balığı","nameA":""},{"lang":"pt-BR","name":"Peixe dourado","nameA":""},{"lang":"de-DE","name":"Goldfisch","nameA":""},{"lang":"id-ID","name":"Ikan mas","nameA":""},{"lang":"fr-FR","name":"Poisson rouge","nameA":""}]},{"id":0,"name":"good","transcription":"[ɡʊd]","nameA":"","image":" ","bg":"transparent","nameAnswer":"","translates":[{"lang":"ru-RU","name":"Хороший","nameA":""},{"lang":"vi-VN","name":"Tốt","nameA":""},{"lang":"zh-CN","name":"好","nameA":""},{"lang":"hi-IN","name":"अच्छा","nameA":""},{"lang":"th-TH","name":"ดี","nameA":""},{"lang":"tr-TR","name":"İyi","nameA":""},{"lang":"pt-BR","name":"Bom","nameA":""},{"lang":"de-DE","name":"Gut","nameA":""},{"lang":"id-ID","name":"Baik","nameA":""},{"lang":"fr-FR","name":"Bon","nameA":""}]},{"id":0,"name":"goodbye","transcription":"[ˌɡʊdˈbaɪ]","nameA":"","image":" ","bg":"transparent","nameAnswer":"","translates":[{"lang":"ru-RU","name":"До свидания","nameA":""},{"lang":"vi-VN","name":"Tạm biệt","nameA":""},{"lang":"zh-CN","name":"再见","nameA":""},{"lang":"hi-IN","name":"अलविदा","nameA":""},{"lang":"th-TH","name":"ลาก่อน","nameA":""},{"lang":"tr-TR","name":"Hoşçakal","nameA":""},{"lang":"pt-BR","name":"Adeus","nameA":""},{"lang":"de-DE","name":"Auf Wiedersehen","nameA":""},{"lang":"id-ID","name":"Selamat tinggal","nameA":""},{"lang":"fr-FR","name":"Au revoir","nameA":""}]},{"id":0,"name":"goose","transcription":"[ɡuːs]","nameA":"","image":"/img/dict/animals/goose.png","bg":"transparent","nameAnswer":"","translates":[{"lang":"ru-RU","name":"Гусь","nameA":""},{"lang":"vi-VN","name":"Ngỗng","nameA":""},{"lang":"zh-CN","name":"鹅","nameA":""},{"lang":"hi-IN","name":"हंस","nameA":""},{"lang":"th-TH","name":"ห่าน","nameA":""},{"lang":"tr-TR","name":"Kaz","nameA":""},{"lang":"pt-BR","name":"Ganso","nameA":""},{"lang":"de-DE","name":"Gans","nameA":""},{"lang":"id-ID","name":"Angsa","nameA":""},{"lang":"fr-FR","name":"Oie","nameA":""}]},{"id":0,"name":"grandfather","transcription":"[ˈɡrændˌfɑːðər]","nameA":"","image":"/img/dict/family/grandfather.png","bg":"transparent","nameAnswer":"","translates":[{"lang":"ru-RU","name":"Дедушка","nameA":""},{"lang":"vi-VN","name":"Ông","nameA":""},{"lang":"zh-CN","name":"祖父","nameA":""},{"lang":"hi-IN","name":"दादा","nameA":""},{"lang":"th-TH","name":"ปู่","nameA":""},{"lang":"tr-TR","name":"Dede","nameA":""},{"lang":"pt-BR","name":"Avô","nameA":""},{"lang":"de-DE","name":"Großvater","nameA":""},{"lang":"id-ID","name":"Kakek","nameA":""},{"lang":"fr-FR","name":"Grand-père","nameA":""}]},{"id":0,"name":"grass","transcription":"[ɡræs]","nameA":"","image":"/img/dict/nature/grass.png","bg":"transparent","nameAnswer":"","translates":[{"lang":"ru-RU","name":"Трава","nameA":""},{"lang":"vi-VN","name":"Cỏ","nameA":""},{"lang":"zh-CN","name":"草","nameA":""},{"lang":"hi-IN","name":"घास","nameA":""},{"lang":"th-TH","name":"หญ้า","nameA":""},{"lang":"tr-TR","name":"Çim","nameA":""},{"lang":"pt-BR","name":"Grama","nameA":""},{"lang":"de-DE","name":"Gras","nameA":""},{"lang":"id-ID","name":"Rumput","nameA":""},{"lang":"fr-FR","name":"Herbe","nameA":""}]},{"id":0,"name":"great","transcription":"[ɡreɪt]","nameA":"","image":" ","bg":"transparent","nameAnswer":"","translates":[{"lang":"ru-RU","name":"Великий","nameA":""},{"lang":"vi-VN","name":"Tuyệt vời","nameA":""},{"lang":"zh-CN","name":"伟大的","nameA":""},{"lang":"hi-IN","name":"महान","nameA":""},{"lang":"th-TH","name":"ยอดเยี่ยม","nameA":""},{"lang":"tr-TR","name":"Harika","nameA":""},{"lang":"pt-BR","name":"Ótimo","nameA":""},{"lang":"de-DE","name":"Großartig","nameA":""},{"lang":"id-ID","name":"Hebat","nameA":""},{"lang":"fr-FR","name":"Génial","nameA":""}]},{"id":0,"name":"greedy","transcription":"[ˈɡriːdi]","nameA":"","image":" ","bg":"transparent","nameAnswer":"","translates":[{"lang":"ru-RU","name":"Жадный","nameA":""},{"lang":"vi-VN","name":"Tham lam","nameA":""},{"lang":"zh-CN","name":"贪婪的","nameA":""},{"lang":"hi-IN","name":"लालची","nameA":""},{"lang":"th-TH","name":"โลภ","nameA":""},{"lang":"tr-TR","name":"Açgözlü","nameA":""},{"lang":"pt-BR","name":"Ganancioso","nameA":""},{"lang":"de-DE","name":"Gierig","nameA":""},{"lang":"id-ID","name":"Serakah","nameA":""},{"lang":"fr-FR","name":"Avide","nameA":""}]},{"id":0,"name":"ground","transcription":"[ɡraʊnd]","nameA":"","image":" ","bg":"transparent","nameAnswer":"","translates":[{"lang":"ru-RU","name":"Земля","nameA":""},{"lang":"vi-VN","name":"Mặt đất","nameA":""},{"lang":"zh-CN","name":"地面","nameA":""},{"lang":"hi-IN","name":"जमीन","nameA":""},{"lang":"th-TH","name":"พื้นดิน","nameA":""},{"lang":"tr-TR","name":"Zemin","nameA":""},{"lang":"pt-BR","name":"Chão","nameA":""},{"lang":"de-DE","name":"Boden","nameA":""},{"lang":"id-ID","name":"Tanah","nameA":""},{"lang":"fr-FR","name":"Sol","nameA":""}]},{"id":0,"name":"group","transcription":"[ɡruːp]","nameA":"","image":" ","bg":"transparent","nameAnswer":"","translates":[{"lang":"ru-RU","name":"Группа","nameA":""},{"lang":"vi-VN","name":"Nhóm","nameA":""},{"lang":"zh-CN","name":"组","nameA":""},{"lang":"hi-IN","name":"समूह","nameA":""},{"lang":"th-TH","name":"กลุ่ม","nameA":""},{"lang":"tr-TR","name":"Grup","nameA":""},{"lang":"pt-BR","name":"Grupo","nameA":""},{"lang":"de-DE","name":"Gruppe","nameA":""},{"lang":"id-ID","name":"Kelompok","nameA":""},{"lang":"fr-FR","name":"Groupe","nameA":""}]},{"id":0,"name":"grow","transcription":"[ɡroʊ]","nameA":"","image":" ","bg":"transparent","nameAnswer":"","translates":[{"lang":"ru-RU","name":"Расти","nameA":""},{"lang":"vi-VN","name":"Phát triển","nameA":""},{"lang":"zh-CN","name":"生长","nameA":""},{"lang":"hi-IN","name":"बढ़ना","nameA":""},{"lang":"th-TH","name":"เติบโต","nameA":""},{"lang":"tr-TR","name":"Büyümek","nameA":""},{"lang":"pt-BR","name":"Crescer","nameA":""},{"lang":"de-DE","name":"Wachsen","nameA":""},{"lang":"id-ID","name":"Tumbuh","nameA":""},{"lang":"fr-FR","name":"Grandir","nameA":""}]},{"id":0,"name":"ghastly","transcription":"[ˈɡæstli]","nameA":"","image":" ","bg":"transparent","nameAnswer":"","translates":[{"lang":"ru-RU","name":"Ужасный","nameA":""},{"lang":"vi-VN","name":"Kinh khủng","nameA":""},{"lang":"zh-CN","name":"可怕的","nameA":""},{"lang":"hi-IN","name":"भयानक","nameA":""},{"lang":"th-TH","name":"น่ากลัว","nameA":""},{"lang":"tr-TR","name":"Korkunç","nameA":""},{"lang":"pt-BR","name":"Horrível","nameA":""},{"lang":"de-DE","name":"Schrecklich","nameA":""},{"lang":"id-ID","name":"Mengerikan","nameA":""},{"lang":"fr-FR","name":"Horrible","nameA":""}]},{"id":0,"name":"gherkin","transcription":"[ˈɡɜːrkɪn]","nameA":"","image":" ","bg":"transparent","nameAnswer":"","translates":[{"lang":"ru-RU","name":"Корнишон","nameA":""},{"lang":"vi-VN","name":"Dưa chuột nhỏ","nameA":""},{"lang":"zh-CN","name":"小黄瓜","nameA":""},{"lang":"hi-IN","name":"छोटी खीरा","nameA":""},{"lang":"th-TH","name":"แตงกวาดอง","nameA":""},{"lang":"tr-TR","name":"Kornişon","nameA":""},{"lang":"pt-BR","name":"Pepino pequeno","nameA":""},{"lang":"de-DE","name":"Gewürzgurke","nameA":""},{"lang":"id-ID","name":"Acar","nameA":""},{"lang":"fr-FR","name":"Cornichon","nameA":""}]},{"id":0,"name":"ghost","transcription":"[ɡoʊst]","nameA":"","image":" ","bg":"transparent","nameAnswer":"","translates":[{"lang":"ru-RU","name":"Призрак","nameA":""},{"lang":"vi-VN","name":"Ma","nameA":""},{"lang":"zh-CN","name":"幽灵","nameA":""},{"lang":"hi-IN","name":"भूत","nameA":""},{"lang":"th-TH","name":"ผี","nameA":""},{"lang":"tr-TR","name":"Hayalet","nameA":""},{"lang":"pt-BR","name":"Fantasma","nameA":""},{"lang":"de-DE","name":"Geist","nameA":""},{"lang":"id-ID","name":"Hantu","nameA":""},{"lang":"fr-FR","name":"Fantôme","nameA":""}]},{"id":0,"name":"guard","transcription":"[ɡɑːrd]","nameA":"","image":" ","bg":"transparent","nameAnswer":"","translates":[{"lang":"ru-RU","name":"Охрана","nameA":""},{"lang":"vi-VN","name":"Bảo vệ","nameA":""},{"lang":"zh-CN","name":"警卫","nameA":""},{"lang":"hi-IN","name":"गार्ड","nameA":""},{"lang":"th-TH","name":"ยาม","nameA":""},{"lang":"tr-TR","name":"Muhafız","nameA":""},{"lang":"pt-BR","name":"Guarda","nameA":""},{"lang":"de-DE","name":"Wache","nameA":""},{"lang":"id-ID","name":"Penjaga","nameA":""},{"lang":"fr-FR","name":"Garde","nameA":""}]},{"id":0,"name":"guess","transcription":"[ɡɛs]","nameA":"","image":" ","bg":"transparent","nameAnswer":"","translates":[{"lang":"ru-RU","name":"Догадка","nameA":""},{"lang":"vi-VN","name":"Đoán","nameA":""},{"lang":"zh-CN","name":"猜测","nameA":""},{"lang":"hi-IN","name":"अनुमान","nameA":""},{"lang":"th-TH","name":"เดา","nameA":""},{"lang":"tr-TR","name":"Tahmin","nameA":""},{"lang":"pt-BR","name":"Adivinhar","nameA":""},{"lang":"de-DE","name":"Raten","nameA":""},{"lang":"id-ID","name":"Tebak","nameA":""},{"lang":"fr-FR","name":"Deviner","nameA":""}]},{"id":0,"name":"guest","transcription":"[ɡɛst]","nameA":"","image":" ","bg":"transparent","nameAnswer":"","translates":[{"lang":"ru-RU","name":"Гость","nameA":""},{"lang":"vi-VN","name":"Khách","nameA":""},{"lang":"zh-CN","name":"客人","nameA":""},{"lang":"hi-IN","name":"अतिथि","nameA":""},{"lang":"th-TH","name":"แขก","nameA":""},{"lang":"tr-TR","name":"Misafir","nameA":""},{"lang":"pt-BR","name":"Convidado","nameA":""},{"lang":"de-DE","name":"Gast","nameA":""},{"lang":"id-ID","name":"Tamu","nameA":""},{"lang":"fr-FR","name":"Invité","nameA":""}]},{"id":0,"name":"quest","transcription":"[kwɛst]","nameA":"","image":" ","bg":"transparent","nameAnswer":"","translates":[{"lang":"ru-RU","name":"Квест","nameA":""},{"lang":"vi-VN","name":"Nhiệm vụ","nameA":""},{"lang":"zh-CN","name":"任务","nameA":""},{"lang":"hi-IN","name":"खोज","nameA":""},{"lang":"th-TH","name":"ภารกิจ","nameA":""},{"lang":"tr-TR","name":"Görev","nameA":""},{"lang":"pt-BR","name":"Missão","nameA":""},{"lang":"de-DE","name":"Quest","nameA":""},{"lang":"id-ID","name":"Pencarian","nameA":""},{"lang":"fr-FR","name":"Quête","nameA":""}]},{"id":0,"name":"guide","transcription":"[ɡaɪd]","nameA":"","image":" ","bg":"transparent","nameAnswer":"","translates":[{"lang":"ru-RU","name":"Гид","nameA":""},{"lang":"vi-VN","name":"Hướng dẫn viên","nameA":""},{"lang":"zh-CN","name":"导游","nameA":""},{"lang":"hi-IN","name":"मार्गदर्शक","nameA":""},{"lang":"th-TH","name":"ไกด์","nameA":""},{"lang":"tr-TR","name":"Rehber","nameA":""},{"lang":"pt-BR","name":"Guia","nameA":""},{"lang":"de-DE","name":"Führer","nameA":""},{"lang":"id-ID","name":"Pemandu","nameA":""},{"lang":"fr-FR","name":"Guide","nameA":""}]},{"id":0,"name":"guilty","transcription":"[ˈɡɪlti]","nameA":"","image":" ","bg":"transparent","nameAnswer":"","translates":[{"lang":"ru-RU","name":"Виноватый","nameA":""},{"lang":"vi-VN","name":"Có tội","nameA":""},{"lang":"zh-CN","name":"有罪的","nameA":""},{"lang":"hi-IN","name":"दोषी","nameA":""},{"lang":"th-TH","name":"มีความผิด","nameA":""},{"lang":"tr-TR","name":"Suçlu","nameA":""},{"lang":"pt-BR","name":"Culpado","nameA":""},{"lang":"de-DE","name":"Schuldig","nameA":""},{"lang":"id-ID","name":"Bersalah","nameA":""},{"lang":"fr-FR","name":"Coupable","nameA":""}]},{"id":0,"name":"guitar","transcription":"[ɡɪˈtɑːr]","nameA":"","image":" ","bg":"transparent","nameAnswer":"","translates":[{"lang":"ru-RU","name":"Гитара","nameA":""},{"lang":"vi-VN","name":"Đàn ghi-ta","nameA":""},{"lang":"zh-CN","name":"吉他","nameA":""},{"lang":"hi-IN","name":"गिटार","nameA":""},{"lang":"th-TH","name":"กีตาร์","nameA":""},{"lang":"tr-TR","name":"Gitar","nameA":""},{"lang":"pt-BR","name":"Violão","nameA":""},{"lang":"de-DE","name":"Gitarre","nameA":""},{"lang":"id-ID","name":"Gitar","nameA":""},{"lang":"fr-FR","name":"Guitare","nameA":""}]},{"id":0,"name":"egg","transcription":"[ɛɡ]","nameA":"","image":"/img/dict/food/egg.png","bg":"transparent","nameAnswer":"","translates":[{"lang":"ru-RU","name":"Яйцо","nameA":""},{"lang":"vi-VN","name":"Trứng","nameA":""},{"lang":"zh-CN","name":"鸡蛋","nameA":""},{"lang":"hi-IN","name":"अंडा","nameA":""},{"lang":"th-TH","name":"ไข่","nameA":""},{"lang":"tr-TR","name":"Yumurta","nameA":""},{"lang":"pt-BR","name":"Ovo","nameA":""},{"lang":"de-DE","name":"Ei","nameA":""},{"lang":"id-ID","name":"Telur","nameA":""},{"lang":"fr-FR","name":"Œuf","nameA":""}]},{"id":0,"name":"giggle","transcription":"[ˈɡɪɡəl]","nameA":"","image":" ","bg":"transparent","nameAnswer":"","translates":[{"lang":"ru-RU","name":"Хихикать","nameA":""},{"lang":"vi-VN","name":"Cười khúc khích","nameA":""},{"lang":"zh-CN","name":"咯咯笑","nameA":""},{"lang":"hi-IN","name":"खिसियाना","nameA":""},{"lang":"th-TH","name":"หัวเราะคิกคัก","nameA":""},{"lang":"tr-TR","name":"Kıkırdamak","nameA":""},{"lang":"pt-BR","name":"Rir","nameA":""},{"lang":"de-DE","name":"Kichern","nameA":""},{"lang":"id-ID","name":"Tertawa kecil","nameA":""},{"lang":"fr-FR","name":"Rire","nameA":""}]},{"id":0,"name":"juggle","transcription":"[ˈdʒʌɡəl]","nameA":"","image":" ","bg":"transparent","nameAnswer":"","translates":[{"lang":"ru-RU","name":"Жонглировать","nameA":""},{"lang":"vi-VN","name":"Tung hứng","nameA":""},{"lang":"zh-CN","name":"杂耍","nameA":""},{"lang":"hi-IN","name":"जगल","nameA":""},{"lang":"th-TH","name":"เล่นกล","nameA":""},{"lang":"tr-TR","name":"Hokkabazlık yapmak","nameA":""},{"lang":"pt-BR","name":"Malabarismo","nameA":""},{"lang":"de-DE","name":"Jonglieren","nameA":""},{"lang":"id-ID","name":"Sulap","nameA":""},{"lang":"fr-FR","name":"Jongler","nameA":""}]},{"id":0,"name":"wiggle","transcription":"[ˈwɪɡəl]","nameA":"","image":" ","bg":"transparent","nameAnswer":"","translates":[{"lang":"ru-RU","name":"Шевелить","nameA":""},{"lang":"vi-VN","name":"Lắc lư","nameA":""},{"lang":"zh-CN","name":"摆动","nameA":""},{"lang":"hi-IN","name":"हिलाना","nameA":""},{"lang":"th-TH","name":"กระดิก","nameA":""},{"lang":"tr-TR","name":"Kıpırdatmak","nameA":""},{"lang":"pt-BR","name":"Mexer","nameA":""},{"lang":"de-DE","name":"Wackeln","nameA":""},{"lang":"id-ID","name":"Menggoyang","nameA":""},{"lang":"fr-FR","name":"Remuer","nameA":""}]},{"id":0,"name":"catalogue","transcription":"[ˈkætəlɒɡ]","nameA":"","image":" ","bg":"transparent","nameAnswer":"","translates":[{"lang":"ru-RU","name":"Каталог","nameA":""},{"lang":"vi-VN","name":"Danh mục","nameA":""},{"lang":"zh-CN","name":"目录","nameA":""},{"lang":"hi-IN","name":"सूची","nameA":""},{"lang":"th-TH","name":"แคตตาล็อก","nameA":""},{"lang":"tr-TR","name":"Katalog","nameA":""},{"lang":"pt-BR","name":"Catálogo","nameA":""},{"lang":"de-DE","name":"Katalog","nameA":""},{"lang":"id-ID","name":"Katalog","nameA":""},{"lang":"fr-FR","name":"Catalogue","nameA":""}]},{"id":0,"name":"dialogue","transcription":"[ˈdaɪəlɒɡ]","nameA":"","image":" ","bg":"transparent","nameAnswer":"","translates":[{"lang":"ru-RU","name":"Диалог","nameA":""},{"lang":"vi-VN","name":"Đối thoại","nameA":""},{"lang":"zh-CN","name":"对话","nameA":""},{"lang":"hi-IN","name":"संवाद","nameA":""},{"lang":"th-TH","name":"บทสนทนา","nameA":""},{"lang":"tr-TR","name":"Diyalog","nameA":""},{"lang":"pt-BR","name":"Diálogo","nameA":""},{"lang":"de-DE","name":"Dialog","nameA":""},{"lang":"id-ID","name":"Dialog","nameA":""},{"lang":"fr-FR","name":"Dialogue","nameA":""}]},{"id":0,"name":"intrigue","transcription":"[ɪnˈtriːɡ]","nameA":"","image":" ","bg":"transparent","nameAnswer":"","translates":[{"lang":"ru-RU","name":"Интрига","nameA":""},{"lang":"vi-VN","name":"Âm mưu","nameA":""},{"lang":"zh-CN","name":"阴谋","nameA":""},{"lang":"hi-IN","name":"साजिश","nameA":""},{"lang":"th-TH","name":"แผนการ","nameA":""},{"lang":"tr-TR","name":"Entrika","nameA":""},{"lang":"pt-BR","name":"Intriga","nameA":""},{"lang":"de-DE","name":"Intrige","nameA":""},{"lang":"id-ID","name":"Intrik","nameA":""},{"lang":"fr-FR","name":"Intrigue","nameA":""}]},{"id":0,"name":"monologue","transcription":"[ˈmɒnəlɒɡ]","nameA":"","image":" ","bg":"transparent","nameAnswer":"","translates":[{"lang":"ru-RU","name":"Монолог","nameA":""},{"lang":"vi-VN","name":"Độc thoại","nameA":""},{"lang":"zh-CN","name":"独白","nameA":""},{"lang":"hi-IN","name":"एकालाप","nameA":""},{"lang":"th-TH","name":"การพูดคนเดียว","nameA":""},{"lang":"tr-TR","name":"Monolog","nameA":""},{"lang":"pt-BR","name":"Monólogo","nameA":""},{"lang":"de-DE","name":"Monolog","nameA":""},{"lang":"id-ID","name":"Monolog","nameA":""},{"lang":"fr-FR","name":"Monologue","nameA":""}]}]}