{
  "name": "Phonics /j/",
  "nameA": null,
  "img": null,
  "minQuiz": null,
  "isRandom": false,
  "isBlur": false,
  "isUpper": true,
  "isByWords": false,
  "isForAdult": false,
  "separator": "",
  "numWords": 38,
  "tags": null,
  "Translations": [
    {
      "lang": "ru-RU",
      "name": "Алфавит",
      "nameA": null
    }
  ],
  "items": [
    {
      "id": 0,
      "name": "jacket",
      "transcription": "[ˈdʒækɪt]",
      "nameA": "",
      "image": " ",
      "bg": "transparent",
      "nameAnswer": null,
      "translates": [
        {
          "lang": "ru-RU",
          "name": "Куртка",
          "nameA": null
        }
      ]
    },
    {
      "id": 0,
      "name": "jam",
      "transcription": "[dʒæm]",
      "nameA": "",
      "image": "/img/dict/food/jam.png",
      "bg": "transparent",
      "nameAnswer": null,
      "translates": [
        {
          "lang": "ru-RU",
          "name": "Джем",
          "nameA": null
        }
      ]
    },
    {
      "id": 0,
      "name": "jar",
      "transcription": "[dʒɑr]",
      "nameA": "",
      "image": "/img/dict/home/jar.png",
      "bg": "transparent",
      "nameAnswer": null,
      "translates": [
        {
          "lang": "ru-RU",
          "name": "Банка",
          "nameA": null
        }
      ]
    },
    {
      "id": 0,
      "name": "jaw",
      "transcription": "[dʒɔ]",
      "nameA": "",
      "image": " ",
      "bg": "transparent",
      "nameAnswer": null,
      "translates": [
        {
          "lang": "ru-RU",
          "name": "Челюсть",
          "nameA": null
        }
      ]
    },
    {
      "id": 0,
      "name": "jelly",
      "transcription": "[ˈdʒɛli]",
      "nameA": "",
      "image": "/img/dict/food/jelly.png",
      "bg": "transparent",
      "nameAnswer": null,
      "translates": [
        {
          "lang": "ru-RU",
          "name": "Желе",
          "nameA": null
        }
      ]
    },
    {
      "id": 0,
      "name": "jet",
      "transcription": "[dʒɛt]",
      "nameA": "",
      "image": " ",
      "bg": "transparent",
      "nameAnswer": null,
      "translates": [
        {
          "lang": "ru-RU",
          "name": "Реактивный самолет",
          "nameA": null
        }
      ]
    },
    {
      "id": 0,
      "name": "jewel",
      "transcription": "[ˈdʒuːəl]",
      "nameA": "",
      "image": " ",
      "bg": "transparent",
      "nameAnswer": null,
      "translates": [
        {
          "lang": "ru-RU",
          "name": "Драгоценность",
          "nameA": null
        }
      ]
    },
    {
      "id": 0,
      "name": "jiggle",
      "transcription": "[ˈdʒɪɡəl]",
      "nameA": "",
      "image": " ",
      "bg": "transparent",
      "nameAnswer": null,
      "translates": [
        {
          "lang": "ru-RU",
          "name": "Дрожать",
          "nameA": null
        }
      ]
    },
    {
      "id": 0,
      "name": "jigsaw",
      "transcription": "[ˈdʒɪɡsɔ]",
      "nameA": "",
      "image": " ",
      "bg": "transparent",
      "nameAnswer": null,
      "translates": [
        {
          "lang": "ru-RU",
          "name": "Пазл",
          "nameA": null
        }
      ]
    },
    {
      "id": 0,
      "name": "job",
      "transcription": "[dʒɑb]",
      "nameA": "",
      "image": " ",
      "bg": "transparent",
      "nameAnswer": null,
      "translates": [
        {
          "lang": "ru-RU",
          "name": "Работа",
          "nameA": null
        }
      ]
    },
    {
      "id": 0,
      "name": "join",
      "transcription": "[dʒɔɪn]",
      "nameA": "",
      "image": " ",
      "bg": "transparent",
      "nameAnswer": null,
      "translates": [
        {
          "lang": "ru-RU",
          "name": "Присоединяться",
          "nameA": null
        }
      ]
    },
    {
      "id": 0,
      "name": "joke",
      "transcription": "[dʒoʊk]",
      "nameA": "",
      "image": " ",
      "bg": "transparent",
      "nameAnswer": null,
      "translates": [
        {
          "lang": "ru-RU",
          "name": "Шутка",
          "nameA": null
        }
      ]
    },
    {
      "id": 0,
      "name": "journey",
      "transcription": "[ˈdʒɜrni]",
      "nameA": "",
      "image": " ",
      "bg": "transparent",
      "nameAnswer": null,
      "translates": [
        {
          "lang": "ru-RU",
          "name": "Путешествие",
          "nameA": null
        }
      ]
    },
    {
      "id": 0,
      "name": "jug",
      "transcription": "[dʒʌɡ]",
      "nameA": "",
      "image": "/img/dict/home/jug.png",
      "bg": "transparent",
      "nameAnswer": null,
      "translates": [
        {
          "lang": "ru-RU",
          "name": "Кувшин",
          "nameA": null
        }
      ]
    },
    {
      "id": 0,
      "name": "juice",
      "transcription": "[dʒuːs]",
      "nameA": "",
      "image": "/img/dict/food/juice.png",
      "bg": "transparent",
      "nameAnswer": null,
      "translates": [
        {
          "lang": "ru-RU",
          "name": "Сок",
          "nameA": null
        }
      ]
    },
    {
      "id": 0,
      "name": "jump",
      "transcription": "[dʒʌmp]",
      "nameA": "",
      "image": " ",
      "bg": "transparent",
      "nameAnswer": null,
      "translates": [
        {
          "lang": "ru-RU",
          "name": "Прыгать",
          "nameA": null
        }
      ]
    },
    {
      "id": 0,
      "name": "jumper",
      "transcription": "[ˈdʒʌmpər]",
      "nameA": "",
      "image": " ",
      "bg": "transparent",
      "nameAnswer": null,
      "translates": [
        {
          "lang": "ru-RU",
          "name": "Джемпер",
          "nameA": null
        }
      ]
    },
    {
      "id": 0,
      "name": "jungle",
      "transcription": "[ˈdʒʌŋɡəl]",
      "nameA": "",
      "image": " ",
      "bg": "transparent",
      "nameAnswer": null,
      "translates": [
        {
          "lang": "ru-RU",
          "name": "Джунгли",
          "nameA": null
        }
      ]
    },
    {
      "id": 0,
      "name": "just",
      "transcription": "[dʒʌst]",
      "nameA": "",
      "image": " ",
      "bg": "transparent",
      "nameAnswer": null,
      "translates": [
        {
          "lang": "ru-RU",
          "name": "Просто",
          "nameA": null
        }
      ]
    },
    {
      "id": 0,
      "name": "gem",
      "transcription": "[dʒɛm]",
      "nameA": "",
      "image": " ",
      "bg": "transparent",
      "nameAnswer": null,
      "translates": [
        {
          "lang": "ru-RU",
          "name": "Драгоценный камень",
          "nameA": null
        }
      ]
    },
    {
      "id": 0,
      "name": "general",
      "transcription": "[ˈdʒɛnərəl]",
      "nameA": "",
      "image": " ",
      "bg": "transparent",
      "nameAnswer": null,
      "translates": [
        {
          "lang": "ru-RU",
          "name": "Общий",
          "nameA": null
        }
      ]
    },
    {
      "id": 0,
      "name": "generous",
      "transcription": "[ˈdʒɛnərəs]",
      "nameA": "",
      "image": " ",
      "bg": "transparent",
      "nameAnswer": null,
      "translates": [
        {
          "lang": "ru-RU",
          "name": "Щедрый",
          "nameA": null
        }
      ]
    },
    {
      "id": 0,
      "name": "gentle",
      "transcription": "[ˈdʒɛntl]",
      "nameA": "",
      "image": " ",
      "bg": "transparent",
      "nameAnswer": null,
      "translates": [
        {
          "lang": "ru-RU",
          "name": "Мягкий",
          "nameA": null
        }
      ]
    },
    {
      "id": 0,
      "name": "gentleman",
      "transcription": "[ˈdʒɛntlmən]",
      "nameA": "",
      "image": " ",
      "bg": "transparent",
      "nameAnswer": null,
      "translates": [
        {
          "lang": "ru-RU",
          "name": "Джентльмен",
          "nameA": null
        }
      ]
    },
    {
      "id": 0,
      "name": "giant",
      "transcription": "[ˈdʒaɪənt]",
      "nameA": "",
      "image": " ",
      "bg": "transparent",
      "nameAnswer": null,
      "translates": [
        {
          "lang": "ru-RU",
          "name": "Гигант",
          "nameA": null
        }
      ]
    },
    {
      "id": 0,
      "name": "gigantic",
      "transcription": "[dʒaɪˈɡæntɪk]",
      "nameA": "",
      "image": " ",
      "bg": "transparent",
      "nameAnswer": null,
      "translates": [
        {
          "lang": "ru-RU",
          "name": "Гигантский",
          "nameA": null
        }
      ]
    },
    {
      "id": 0,
      "name": "ginger",
      "transcription": "[ˈdʒɪndʒər]",
      "nameA": "",
      "image": "/img/dict/food/ginger.png",
      "bg": "transparent",
      "nameAnswer": null,
      "translates": [
        {
          "lang": "ru-RU",
          "name": "Имбирь",
          "nameA": null
        }
      ]
    },
    {
      "id": 0,
      "name": "giraffe",
      "transcription": "[dʒəˈræf]",
      "nameA": "",
      "image": "/img/dict/animals/giraffe.png",
      "bg": "transparent",
      "nameAnswer": null,
      "translates": [
        {
          "lang": "ru-RU",
          "name": "Жираф",
          "nameA": null
        }
      ]
    },
    {
      "id": 0,
      "name": "gym",
      "transcription": "[dʒɪm]",
      "nameA": "",
      "image": "/img/dict/city/gym.png",
      "bg": "transparent",
      "nameAnswer": null,
      "translates": [
        {
          "lang": "ru-RU",
          "name": "Спортзал",
          "nameA": null
        }
      ]
    },
    {
      "id": 0,
      "name": "gymnastics",
      "transcription": "[dʒɪmˈnæstɪks]",
      "nameA": "",
      "image": " ",
      "bg": "transparent",
      "nameAnswer": null,
      "translates": [
        {
          "lang": "ru-RU",
          "name": "Гимнастика",
          "nameA": null
        }
      ]
    },
    {
      "id": 0,
      "name": "bridge",
      "transcription": "[brɪdʒ]",
      "nameA": "",
      "image": " ",
      "bg": "transparent",
      "nameAnswer": null,
      "translates": [
        {
          "lang": "ru-RU",
          "name": "Мост",
          "nameA": null
        }
      ]
    },
    {
      "id": 0,
      "name": "hedge",
      "transcription": "[hɛdʒ]",
      "nameA": "",
      "image": " ",
      "bg": "transparent",
      "nameAnswer": null,
      "translates": [
        {
          "lang": "ru-RU",
          "name": "Живая изгородь",
          "nameA": null
        }
      ]
    },
    {
      "id": 0,
      "name": "judge",
      "transcription": "[dʒʌdʒ]",
      "nameA": "",
      "image": " ",
      "bg": "transparent",
      "nameAnswer": null,
      "translates": [
        {
          "lang": "ru-RU",
          "name": "Судья",
          "nameA": null
        }
      ]
    },
    {
      "id": 0,
      "name": "sledge",
      "transcription": "[slɛdʒ]",
      "nameA": "",
      "image": " ",
      "bg": "transparent",
      "nameAnswer": null,
      "translates": [
        {
          "lang": "ru-RU",
          "name": "Санки",
          "nameA": null
        }
      ]
    },
    {
      "id": 0,
      "name": "barge",
      "transcription": "[bɑrdʒ]",
      "nameA": "",
      "image": " ",
      "bg": "transparent",
      "nameAnswer": null,
      "translates": [
        {
          "lang": "ru-RU",
          "name": "Баржа",
          "nameA": null
        }
      ]
    },
    {
      "id": 0,
      "name": "fringe",
      "transcription": "[frɪndʒ]",
      "nameA": "",
      "image": " ",
      "bg": "transparent",
      "nameAnswer": null,
      "translates": [
        {
          "lang": "ru-RU",
          "name": "Бахрома",
          "nameA": null
        }
      ]
    },
    {
      "id": 0,
      "name": "lounge",
      "transcription": "[laʊndʒ]",
      "nameA": "",
      "image": " ",
      "bg": "transparent",
      "nameAnswer": null,
      "translates": [
        {
          "lang": "ru-RU",
          "name": "Гостиная",
          "nameA": null
        }
      ]
    },
    {
      "id": 0,
      "name": "orange",
      "transcription": "[ˈɔrɪndʒ]",
      "nameA": "",
      "image": "/img/dict/colors/orange.png",
      "bg": "transparent",
      "nameAnswer": null,
      "translates": [
        {
          "lang": "ru-RU",
          "name": "Апельсин",
          "nameA": null
        }
      ]
    }
  ]
}