{"name":"Phonics /air/","isRandom":false,"isBlur":false,"isUpper":true,"isByWords":false,"isForAdult":false,"separator":"","numWords":19,"Translations":[{"lang":"ru-RU","name":"Алфавит"},{"lang":"vi-VN","name":"Âm /air/"},{"lang":"zh-CN","name":"拼音 /air/"},{"lang":"hi-IN","name":"ध्वनि /air/"},{"lang":"th-TH","name":"เสียง /air/"},{"lang":"tr-TR","name":"Fonetik /air/"},{"lang":"pt-BR","name":"Fonética /air/"},{"lang":"de-DE","name":"Phonik /air/"},{"lang":"id-ID","name":"Fonik /air/"},{"lang":"fr-FR","name":"Phonétique /air/"}],"items":[{"id":0,"name":"/air/","transcription":"","nameA":"/sound/dict/air.mp3","image":"","bg":"","translates":[{"lang":"ru-RU","name":""},{"lang":"vi-VN","name":""},{"lang":"zh-CN","name":""},{"lang":"hi-IN","name":""},{"lang":"th-TH","name":""},{"lang":"tr-TR","name":""},{"lang":"pt-BR","name":""},{"lang":"de-DE","name":""},{"lang":"id-ID","name":""},{"lang":"fr-FR","name":""}]},{"id":0,"name":"chair","transcription":"[tʃɛr]","nameA":"","image":"/img/dict/classroom/chair.png","bg":"transparent","translates":[{"lang":"ru-RU","name":"Стул"},{"lang":"vi-VN","name":"Ghế"},{"lang":"zh-CN","name":"椅子"},{"lang":"hi-IN","name":"कुर्सी"},{"lang":"th-TH","name":"เก้าอี้"},{"lang":"tr-TR","name":"Sandalye"},{"lang":"pt-BR","name":"Cadeira"},{"lang":"de-DE","name":"Stuhl"},{"lang":"id-ID","name":"Kursi"},{"lang":"fr-FR","name":"Chaise"}]},{"id":0,"name":"fairy","transcription":"[ˈfɛri]","nameA":"","image":" ","bg":"transparent","translates":[{"lang":"ru-RU","name":"Фея"},{"lang":"vi-VN","name":"Tiên"},{"lang":"zh-CN","name":"仙女"},{"lang":"hi-IN","name":"परी"},{"lang":"th-TH","name":"นางฟ้า"},{"lang":"tr-TR","name":"Peri"},{"lang":"pt-BR","name":"Fada"},{"lang":"de-DE","name":"Fee"},{"lang":"id-ID","name":"Peri"},{"lang":"fr-FR","name":"Fée"}]},{"id":0,"name":"hair","transcription":"[hɛr]","nameA":"","image":"/img/dict/body/hair.png","bg":"transparent","translates":[{"lang":"ru-RU","name":"Волосы"},{"lang":"vi-VN","name":"Tóc"},{"lang":"zh-CN","name":"头发"},{"lang":"hi-IN","name":"बाल"},{"lang":"th-TH","name":"ผม"},{"lang":"tr-TR","name":"Saç"},{"lang":"pt-BR","name":"Cabelo"},{"lang":"de-DE","name":"Haar"},{"lang":"id-ID","name":"Rambut"},{"lang":"fr-FR","name":"Cheveux"}]},{"id":0,"name":"pair","transcription":"[pɛr]","nameA":"","image":" ","bg":"transparent","translates":[{"lang":"ru-RU","name":"Пара"},{"lang":"vi-VN","name":"Cặp"},{"lang":"zh-CN","name":"一对"},{"lang":"hi-IN","name":"जोड़ी"},{"lang":"th-TH","name":"คู่"},{"lang":"tr-TR","name":"Çift"},{"lang":"pt-BR","name":"Par"},{"lang":"de-DE","name":"Paar"},{"lang":"id-ID","name":"Pasangan"},{"lang":"fr-FR","name":"Paire"}]},{"id":0,"name":"stair","transcription":"[stɛr]","nameA":"","image":" ","bg":"transparent","translates":[{"lang":"ru-RU","name":"Ступенька"},{"lang":"vi-VN","name":"Bậc thang"},{"lang":"zh-CN","name":"楼梯"},{"lang":"hi-IN","name":"सीढ़ी"},{"lang":"th-TH","name":"ขั้นบันได"},{"lang":"tr-TR","name":"Merdiven"},{"lang":"pt-BR","name":"Degrau"},{"lang":"de-DE","name":"Stufe"},{"lang":"id-ID","name":"Anak tangga"},{"lang":"fr-FR","name":"Marche"}]},{"id":0,"name":"aware","transcription":"[əˈwɛr]","nameA":"","image":" ","bg":"transparent","translates":[{"lang":"ru-RU","name":"Осведомленный"},{"lang":"vi-VN","name":"Nhận thức"},{"lang":"zh-CN","name":"意识到"},{"lang":"hi-IN","name":"जागरूक"},{"lang":"th-TH","name":"ตระหนัก"},{"lang":"tr-TR","name":"Farkında"},{"lang":"pt-BR","name":"Consciente"},{"lang":"de-DE","name":"Bewusst"},{"lang":"id-ID","name":"Sadar"},{"lang":"fr-FR","name":"Conscient"}]},{"id":0,"name":"care","transcription":"[kɛr]","nameA":"","image":" ","bg":"transparent","translates":[{"lang":"ru-RU","name":"Забота"},{"lang":"vi-VN","name":"Chăm sóc"},{"lang":"zh-CN","name":"关心"},{"lang":"hi-IN","name":"देखभाल"},{"lang":"th-TH","name":"การดูแล"},{"lang":"tr-TR","name":"Bakım"},{"lang":"pt-BR","name":"Cuidado"},{"lang":"de-DE","name":"Pflege"},{"lang":"id-ID","name":"Perawatan"},{"lang":"fr-FR","name":"Soin"}]},{"id":0,"name":"scarecrow","transcription":"[ˈskɛrˌkroʊ]","nameA":"","image":" ","bg":"transparent","translates":[{"lang":"ru-RU","name":"Пугало"},{"lang":"vi-VN","name":"Bù nhìn"},{"lang":"zh-CN","name":"稻草人"},{"lang":"hi-IN","name":"बिजूका"},{"lang":"th-TH","name":"หุ่นไล่กา"},{"lang":"tr-TR","name":"Korkuluk"},{"lang":"pt-BR","name":"Espantalho"},{"lang":"de-DE","name":"Vogelscheuche"},{"lang":"id-ID","name":"Orang-orangan sawah"},{"lang":"fr-FR","name":"Épouvantail"}]},{"id":0,"name":"share","transcription":"[ʃɛr]","nameA":"","image":" ","bg":"transparent","translates":[{"lang":"ru-RU","name":"Доля"},{"lang":"vi-VN","name":"Chia sẻ"},{"lang":"zh-CN","name":"分享"},{"lang":"hi-IN","name":"साझा"},{"lang":"th-TH","name":"แบ่งปัน"},{"lang":"tr-TR","name":"Paylaşmak"},{"lang":"pt-BR","name":"Compartilhar"},{"lang":"de-DE","name":"Teilen"},{"lang":"id-ID","name":"Berbagi"},{"lang":"fr-FR","name":"Partager"}]},{"id":0,"name":"spare","transcription":"[spɛr]","nameA":"","image":" ","bg":"transparent","translates":[{"lang":"ru-RU","name":"Запасной"},{"lang":"vi-VN","name":"Dự phòng"},{"lang":"zh-CN","name":"备用的"},{"lang":"hi-IN","name":"अतिरिक्त"},{"lang":"th-TH","name":"สำรอง"},{"lang":"tr-TR","name":"Yedek"},{"lang":"pt-BR","name":"Reserva"},{"lang":"de-DE","name":"Ersatz"},{"lang":"id-ID","name":"Cadangan"},{"lang":"fr-FR","name":"De rechange"}]},{"id":0,"name":"square","transcription":"[skwɛr]","nameA":"","image":"/img/dict/shapes/square.png","bg":"transparent","translates":[{"lang":"ru-RU","name":"Квадрат"},{"lang":"vi-VN","name":"Hình vuông"},{"lang":"zh-CN","name":"正方形"},{"lang":"hi-IN","name":"वर्ग"},{"lang":"th-TH","name":"สี่เหลี่ยม"},{"lang":"tr-TR","name":"Kare"},{"lang":"pt-BR","name":"Quadrado"},{"lang":"de-DE","name":"Quadrat"},{"lang":"id-ID","name":"Persegi"},{"lang":"fr-FR","name":"Carré"}]},{"id":0,"name":"stare","transcription":"[stɛr]","nameA":"","image":" ","bg":"transparent","translates":[{"lang":"ru-RU","name":"Пристальный взгляд"},{"lang":"vi-VN","name":"Nhìn chằm chằm"},{"lang":"zh-CN","name":"凝视"},{"lang":"hi-IN","name":"घूरना"},{"lang":"th-TH","name":"จ้องมอง"},{"lang":"tr-TR","name":"Bakmak"},{"lang":"pt-BR","name":"Olhar fixamente"},{"lang":"de-DE","name":"Starren"},{"lang":"id-ID","name":"Menatap"},{"lang":"fr-FR","name":"Regarder fixement"}]},{"id":0,"name":"bear","transcription":"[bɛr]","nameA":"","image":"/img/dict/animals/bear.png","bg":"transparent","translates":[{"lang":"ru-RU","name":"Медведь"},{"lang":"vi-VN","name":"Gấu"},{"lang":"zh-CN","name":"熊"},{"lang":"hi-IN","name":"भालू"},{"lang":"th-TH","name":"หมี"},{"lang":"tr-TR","name":"Ayı"},{"lang":"pt-BR","name":"Urso"},{"lang":"de-DE","name":"Bär"},{"lang":"id-ID","name":"Beruang"},{"lang":"fr-FR","name":"Ours"}]},{"id":0,"name":"pear","transcription":"[pɛr]","nameA":"","image":"/img/dict/food/pear.png","bg":"transparent","translates":[{"lang":"ru-RU","name":"Груша"},{"lang":"vi-VN","name":"Lê"},{"lang":"zh-CN","name":"梨"},{"lang":"hi-IN","name":"नाशपाती"},{"lang":"th-TH","name":"ลูกแพร์"},{"lang":"tr-TR","name":"Armut"},{"lang":"pt-BR","name":"Pera"},{"lang":"de-DE","name":"Birne"},{"lang":"id-ID","name":"Pir"},{"lang":"fr-FR","name":"Poire"}]},{"id":0,"name":"tear","transcription":"[tɛr]","nameA":"","image":" ","bg":"transparent","translates":[{"lang":"ru-RU","name":"Слеза"},{"lang":"vi-VN","name":"Nước mắt"},{"lang":"zh-CN","name":"眼泪"},{"lang":"hi-IN","name":"आंसू"},{"lang":"th-TH","name":"น้ำตา"},{"lang":"tr-TR","name":"Gözyaşı"},{"lang":"pt-BR","name":"Lágrima"},{"lang":"de-DE","name":"Träne"},{"lang":"id-ID","name":"Air mata"},{"lang":"fr-FR","name":"Larme"}]},{"id":0,"name":"wear","transcription":"[wɛr]","nameA":"","image":" ","bg":"transparent","translates":[{"lang":"ru-RU","name":"Носить"},{"lang":"vi-VN","name":"Mặc"},{"lang":"zh-CN","name":"穿"},{"lang":"hi-IN","name":"पहनना"},{"lang":"th-TH","name":"สวมใส่"},{"lang":"tr-TR","name":"Giyinmek"},{"lang":"pt-BR","name":"Vestir"},{"lang":"de-DE","name":"Tragen"},{"lang":"id-ID","name":"Memakai"},{"lang":"fr-FR","name":"Porter"}]},{"id":0,"name":"there","transcription":"[ðɛr]","nameA":"","image":" ","bg":"transparent","translates":[{"lang":"ru-RU","name":"Там"},{"lang":"vi-VN","name":"Ở đó"},{"lang":"zh-CN","name":"那里"},{"lang":"hi-IN","name":"वहाँ"},{"lang":"th-TH","name":"ที่นั่น"},{"lang":"tr-TR","name":"Orada"},{"lang":"pt-BR","name":"Lá"},{"lang":"de-DE","name":"Dort"},{"lang":"id-ID","name":"Di sana"},{"lang":"fr-FR","name":"Là"}]},{"id":0,"name":"where","transcription":"[wɛr]","nameA":"","image":" ","bg":"transparent","translates":[{"lang":"ru-RU","name":"Где"},{"lang":"vi-VN","name":"Ở đâu"},{"lang":"zh-CN","name":"哪里"},{"lang":"hi-IN","name":"कहाँ"},{"lang":"th-TH","name":"ที่ไหน"},{"lang":"tr-TR","name":"Nerede"},{"lang":"pt-BR","name":"Onde"},{"lang":"de-DE","name":"Wo"},{"lang":"id-ID","name":"Di mana"},{"lang":"fr-FR","name":"Où"}]}]}