{"name":"Phonics /t/","nameA":"","img":"","isRandom":false,"isBlur":false,"isUpper":true,"isByWords":false,"isForAdult":false,"separator":"","numWords":20,"Translations":[{"lang":"ru-RU","name":"Алфавит","nameA":""},{"lang":"vi-VN","name":"Âm thanh /t/","nameA":""},{"lang":"zh-CN","name":"发音 /t/","nameA":""},{"lang":"hi-IN","name":"ध्वनि /t/","nameA":""},{"lang":"th-TH","name":"เสียง /t/","nameA":""},{"lang":"tr-TR","name":"Ses /t/","nameA":""},{"lang":"pt-BR","name":"Fonética /t/","nameA":""},{"lang":"de-DE","name":"Phonik /t/","nameA":""},{"lang":"id-ID","name":"Fonetik /t/","nameA":""},{"lang":"fr-FR","name":"Phonétique /t/","nameA":""}],"items":[{"id":0,"name":"/T/","transcription":"","nameA":"/sound/dict/t.mp3","image":"","bg":"","nameAnswer":"","translates":[{"lang":"ru-RU","name":"","nameA":""},{"lang":"vi-VN","name":"","nameA":""},{"lang":"zh-CN","name":"","nameA":""},{"lang":"hi-IN","name":"","nameA":""},{"lang":"th-TH","name":"","nameA":""},{"lang":"tr-TR","name":"","nameA":""},{"lang":"pt-BR","name":"","nameA":""},{"lang":"de-DE","name":"","nameA":""},{"lang":"id-ID","name":"","nameA":""},{"lang":"fr-FR","name":"","nameA":""}]},{"id":0,"name":"Tiger","transcription":"[ˈtaɪɡər]","nameA":"","image":"/img/dict/animals/tiger.png","bg":"transparent","nameAnswer":"","translates":[{"lang":"ru-RU","name":"Тигр","nameA":""},{"lang":"vi-VN","name":"Hổ","nameA":""},{"lang":"zh-CN","name":"老虎","nameA":""},{"lang":"hi-IN","name":"बाघ","nameA":""},{"lang":"th-TH","name":"เสือ","nameA":""},{"lang":"tr-TR","name":"Kaplan","nameA":""},{"lang":"pt-BR","name":"Tigre","nameA":""},{"lang":"de-DE","name":"Tiger","nameA":""},{"lang":"id-ID","name":"Harimau","nameA":""},{"lang":"fr-FR","name":"Tigre","nameA":""}]},{"id":0,"name":"Test","transcription":"[test]","nameA":"","image":"/img/dict/classroom/test.png","bg":"transparent","nameAnswer":"","translates":[{"lang":"ru-RU","name":"Тест","nameA":""},{"lang":"vi-VN","name":"Bài kiểm tra","nameA":""},{"lang":"zh-CN","name":"测试","nameA":""},{"lang":"hi-IN","name":"परीक्षण","nameA":""},{"lang":"th-TH","name":"การทดสอบ","nameA":""},{"lang":"tr-TR","name":"Test","nameA":""},{"lang":"pt-BR","name":"Teste","nameA":""},{"lang":"de-DE","name":"Test","nameA":""},{"lang":"id-ID","name":"Tes","nameA":""},{"lang":"fr-FR","name":"Test","nameA":""}]},{"id":0,"name":"Toucan","transcription":"[ˈtuːkæn]","nameA":"","image":"/img/dict/animals/toucan.png","bg":"transparent","nameAnswer":"","translates":[{"lang":"ru-RU","name":"Тукан","nameA":""},{"lang":"vi-VN","name":"Chim toucan","nameA":""},{"lang":"zh-CN","name":"巨嘴鸟","nameA":""},{"lang":"hi-IN","name":"टूकेन","nameA":""},{"lang":"th-TH","name":"นกทูแคน","nameA":""},{"lang":"tr-TR","name":"Tukan","nameA":""},{"lang":"pt-BR","name":"Tucano","nameA":""},{"lang":"de-DE","name":"Tukan","nameA":""},{"lang":"id-ID","name":"Toucan","nameA":""},{"lang":"fr-FR","name":"Toucan","nameA":""}]},{"id":0,"name":"Toe","transcription":"[təʊ]","nameA":"","image":"/img/dict/body/toe.png","bg":"transparent","nameAnswer":"","translates":[{"lang":"ru-RU","name":"Палец на ноге","nameA":""},{"lang":"vi-VN","name":"Ngón chân","nameA":""},{"lang":"zh-CN","name":"脚趾","nameA":""},{"lang":"hi-IN","name":"पैर की उंगली","nameA":""},{"lang":"th-TH","name":"นิ้วเท้า","nameA":""},{"lang":"tr-TR","name":"Ayak parmağı","nameA":""},{"lang":"pt-BR","name":"Dedo do pé","nameA":""},{"lang":"de-DE","name":"Zehe","nameA":""},{"lang":"id-ID","name":"Jari kaki","nameA":""},{"lang":"fr-FR","name":"Orteil","nameA":""}]},{"id":0,"name":"Ant","transcription":"[ænt]","nameA":"","image":"/img/dict/animals/ant.png","bg":"transparent","nameAnswer":"","translates":[{"lang":"ru-RU","name":"Муравей","nameA":""},{"lang":"vi-VN","name":"Kiến","nameA":""},{"lang":"zh-CN","name":"蚂蚁","nameA":""},{"lang":"hi-IN","name":"चींटी","nameA":""},{"lang":"th-TH","name":"มด","nameA":""},{"lang":"tr-TR","name":"Karınca","nameA":""},{"lang":"pt-BR","name":"Formiga","nameA":""},{"lang":"de-DE","name":"Ameise","nameA":""},{"lang":"id-ID","name":"Semut","nameA":""},{"lang":"fr-FR","name":"Fourmi","nameA":""}]},{"id":0,"name":"Hat","transcription":"[hæt]","nameA":"","image":"/img/dict/clothes/hat.png","bg":"transparent","nameAnswer":"","translates":[{"lang":"ru-RU","name":"Шляпа","nameA":""},{"lang":"vi-VN","name":"Mũ","nameA":""},{"lang":"zh-CN","name":"帽子","nameA":""},{"lang":"hi-IN","name":"टोपी","nameA":""},{"lang":"th-TH","name":"หมวก","nameA":""},{"lang":"tr-TR","name":"Şapka","nameA":""},{"lang":"pt-BR","name":"Chapéu","nameA":""},{"lang":"de-DE","name":"Hut","nameA":""},{"lang":"id-ID","name":"Topi","nameA":""},{"lang":"fr-FR","name":"Chapeau","nameA":""}]},{"id":0,"name":"Bat","transcription":"[bæt]","nameA":"","image":"/img/dict/animals/bat.png","bg":"transparent","nameAnswer":"","translates":[{"lang":"ru-RU","name":"Летучая мышь","nameA":""},{"lang":"vi-VN","name":"Dơi","nameA":""},{"lang":"zh-CN","name":"蝙蝠","nameA":""},{"lang":"hi-IN","name":"चमगादड़","nameA":""},{"lang":"th-TH","name":"ค้างคาว","nameA":""},{"lang":"tr-TR","name":"Yarasa","nameA":""},{"lang":"pt-BR","name":"Morcego","nameA":""},{"lang":"de-DE","name":"Fledermaus","nameA":""},{"lang":"id-ID","name":"Kelelawar","nameA":""},{"lang":"fr-FR","name":"Chauve-souris","nameA":""}]},{"id":0,"name":"Rat","transcription":"[ræt]","nameA":"","image":"/img/dict/animals/rat.png","bg":"transparent","nameAnswer":"","translates":[{"lang":"ru-RU","name":"Крыса","nameA":""},{"lang":"vi-VN","name":"Chuột","nameA":""},{"lang":"zh-CN","name":"老鼠","nameA":""},{"lang":"hi-IN","name":"चूहा","nameA":""},{"lang":"th-TH","name":"หนู","nameA":""},{"lang":"tr-TR","name":"Sıçan","nameA":""},{"lang":"pt-BR","name":"Rato","nameA":""},{"lang":"de-DE","name":"Ratte","nameA":""},{"lang":"id-ID","name":"Tikus","nameA":""},{"lang":"fr-FR","name":"Rat","nameA":""}]},{"id":0,"name":"Straw","transcription":"[strɔː]","nameA":"","image":"/img/dict/home/straw.png","bg":"transparent","nameAnswer":"","translates":[{"lang":"ru-RU","name":"Соломинка","nameA":""},{"lang":"vi-VN","name":"Ống hút","nameA":""},{"lang":"zh-CN","name":"吸管","nameA":""},{"lang":"hi-IN","name":"पुआल","nameA":""},{"lang":"th-TH","name":"หลอด","nameA":""},{"lang":"tr-TR","name":"Kamış","nameA":""},{"lang":"pt-BR","name":"Canudo","nameA":""},{"lang":"de-DE","name":"Strohhalm","nameA":""},{"lang":"id-ID","name":"Sedotan","nameA":""},{"lang":"fr-FR","name":"Paille","nameA":""}]},{"id":0,"name":"Stamp","transcription":"[stæmp]","nameA":"","image":"/img/dict/travel/stamp.png","bg":"transparent","nameAnswer":"","translates":[{"lang":"ru-RU","name":"Марка","nameA":""},{"lang":"vi-VN","name":"Tem","nameA":""},{"lang":"zh-CN","name":"邮票","nameA":""},{"lang":"hi-IN","name":"टिकट","nameA":""},{"lang":"th-TH","name":"แสตมป์","nameA":""},{"lang":"tr-TR","name":"Pul","nameA":""},{"lang":"pt-BR","name":"Selos","nameA":""},{"lang":"de-DE","name":"Briefmarke","nameA":""},{"lang":"id-ID","name":"Prasangko","nameA":""},{"lang":"fr-FR","name":"Timbre","nameA":""}]},{"id":0,"name":"Poster","transcription":"[ˈpəʊstər]","nameA":"","image":"/img/dict/home/poster.png","bg":"transparent","nameAnswer":"","translates":[{"lang":"ru-RU","name":"Плакат","nameA":""},{"lang":"vi-VN","name":"Áp phích","nameA":""},{"lang":"zh-CN","name":"海报","nameA":""},{"lang":"hi-IN","name":"पोस्टर","nameA":""},{"lang":"th-TH","name":"โปสเตอร์","nameA":""},{"lang":"tr-TR","name":"Poster","nameA":""},{"lang":"pt-BR","name":"Pôster","nameA":""},{"lang":"de-DE","name":"Plakat","nameA":""},{"lang":"id-ID","name":"Poster","nameA":""},{"lang":"fr-FR","name":"Affiche","nameA":""}]},{"id":0,"name":"Butter","transcription":"[ˈbʌtər]","nameA":"","image":"/img/dict/food/butter.png","bg":"transparent","nameAnswer":"","translates":[{"lang":"ru-RU","name":"Масло","nameA":""},{"lang":"vi-VN","name":"Bơ","nameA":""},{"lang":"zh-CN","name":"黄油","nameA":""},{"lang":"hi-IN","name":"मक्खन","nameA":""},{"lang":"th-TH","name":"เนย","nameA":""},{"lang":"tr-TR","name":"Tereyağı","nameA":""},{"lang":"pt-BR","name":"Manteiga","nameA":""},{"lang":"de-DE","name":"Butter","nameA":""},{"lang":"id-ID","name":"Mentega","nameA":""},{"lang":"fr-FR","name":"Beurre","nameA":""}]},{"id":0,"name":"Butterfly","transcription":"[ˈbʌtərflaɪ]","nameA":"","image":"/img/dict/animals/butterfly.png","bg":"transparent","nameAnswer":"","translates":[{"lang":"ru-RU","name":"Бабочка","nameA":""},{"lang":"vi-VN","name":"Bướm","nameA":""},{"lang":"zh-CN","name":"蝴蝶","nameA":""},{"lang":"hi-IN","name":"तितली","nameA":""},{"lang":"th-TH","name":"ผีเสื้อ","nameA":""},{"lang":"tr-TR","name":"Kelebek","nameA":""},{"lang":"pt-BR","name":"Borboleta","nameA":""},{"lang":"de-DE","name":"Schmetterling","nameA":""},{"lang":"id-ID","name":"Kupu-kupu","nameA":""},{"lang":"fr-FR","name":"Papillon","nameA":""}]},{"id":0,"name":"Kettle","transcription":"[ˈketl]","nameA":"","image":"/img/dict/home/kettle.png","bg":"transparent","nameAnswer":"","translates":[{"lang":"ru-RU","name":"Чайник","nameA":""},{"lang":"vi-VN","name":"Ấm đun","nameA":""},{"lang":"zh-CN","name":"水壶","nameA":""},{"lang":"hi-IN","name":"केतली","nameA":""},{"lang":"th-TH","name":"กาต้มน้ำ","nameA":""},{"lang":"tr-TR","name":"Su ısıtıcısı","nameA":""},{"lang":"pt-BR","name":"Chaleira","nameA":""},{"lang":"de-DE","name":"Wasserkocher","nameA":""},{"lang":"id-ID","name":"Ketel","nameA":""},{"lang":"fr-FR","name":"Bouilloire","nameA":""}]},{"id":0,"name":"Rattle","transcription":"[ˈketl]","nameA":"","image":"/img/dict/home/rattle.png","bg":"transparent","nameAnswer":"","translates":[{"lang":"ru-RU","name":"Погремушка","nameA":""},{"lang":"vi-VN","name":"Đồ chơi lúc lắc","nameA":""},{"lang":"zh-CN","name":"拨浪鼓","nameA":""},{"lang":"hi-IN","name":"खड़खड़","nameA":""},{"lang":"th-TH","name":"ของเล่นเขย่า","nameA":""},{"lang":"tr-TR","name":"Çıngırak","nameA":""},{"lang":"pt-BR","name":"Chocalho","nameA":""},{"lang":"de-DE","name":"Rassel","nameA":""},{"lang":"id-ID","name":"Mainan kerincing","nameA":""},{"lang":"fr-FR","name":"Hochet","nameA":""}]},{"id":0,"name":"Dropped","transcription":"[ˈdrɑːpt]","nameA":"","image":" ","bg":"transparent","nameAnswer":"","translates":[{"lang":"ru-RU","name":"упавший","nameA":""},{"lang":"vi-VN","name":"Rơi","nameA":""},{"lang":"zh-CN","name":"掉落","nameA":""},{"lang":"hi-IN","name":"गिरा","nameA":""},{"lang":"th-TH","name":"ตก","nameA":""},{"lang":"tr-TR","name":"Düştü","nameA":""},{"lang":"pt-BR","name":"Caiu","nameA":""},{"lang":"de-DE","name":"Gefallen","nameA":""},{"lang":"id-ID","name":"Jatuh","nameA":""},{"lang":"fr-FR","name":"Tombé","nameA":""}]},{"id":0,"name":"Kicked","transcription":"[ˈkɪkt]","nameA":"","image":" ","bg":"transparent","nameAnswer":"","translates":[{"lang":"ru-RU","name":"Выгнанный","nameA":""},{"lang":"vi-VN","name":"Đá","nameA":""},{"lang":"zh-CN","name":"踢","nameA":""},{"lang":"hi-IN","name":"किक","nameA":""},{"lang":"th-TH","name":"เตะ","nameA":""},{"lang":"tr-TR","name":"Tekme","nameA":""},{"lang":"pt-BR","name":"Chutado","nameA":""},{"lang":"de-DE","name":"Gestoßen","nameA":""},{"lang":"id-ID","name":"Menendang","nameA":""},{"lang":"fr-FR","name":"Frappé","nameA":""}]},{"id":0,"name":"Jumped","transcription":"[ˈdʒəmpt]","nameA":"","image":" ","bg":"transparent","nameAnswer":"","translates":[{"lang":"ru-RU","name":"Прыгнул","nameA":""},{"lang":"vi-VN","name":"Nhảy","nameA":""},{"lang":"zh-CN","name":"跳跃","nameA":""},{"lang":"hi-IN","name":"कूद","nameA":""},{"lang":"th-TH","name":"กระโดด","nameA":""},{"lang":"tr-TR","name":"Zıpladı","nameA":""},{"lang":"pt-BR","name":"Pulou","nameA":""},{"lang":"de-DE","name":"Gesprungen","nameA":""},{"lang":"id-ID","name":"Melompat","nameA":""},{"lang":"fr-FR","name":"Sauté","nameA":""}]},{"id":0,"name":"Stoped","transcription":"[]","nameA":"","image":" ","bg":"transparent","nameAnswer":"","translates":[{"lang":"ru-RU","name":"Остановленный","nameA":""},{"lang":"vi-VN","name":"Dừng lại","nameA":""},{"lang":"zh-CN","name":"停止","nameA":""},{"lang":"hi-IN","name":"रुका","nameA":""},{"lang":"th-TH","name":"หยุด","nameA":""},{"lang":"tr-TR","name":"Durdu","nameA":""},{"lang":"pt-BR","name":"Parou","nameA":""},{"lang":"de-DE","name":"Gestoppt","nameA":""},{"lang":"id-ID","name":"Berhenti","nameA":""},{"lang":"fr-FR","name":"Arrêté","nameA":""}]}]}