{
  "name": "/yoor/ -ure",
  "nameA": null,
  "img": null,
  "minQuiz": null,
  "isRandom": false,
  "isBlur": false,
  "isUpper": true,
  "isByWords": false,
  "isForAdult": false,
  "separator": "",
  "numWords": 9,
  "tags": null,
  "Translations": [
    {
      "lang": "ru-RU",
      "name": "Алфавит",
      "nameA": null
    }
  ],
  "items": [
    {
      "id": 0,
      "name": "cure",
      "transcription": "[kjʊr]",
      "nameA": "",
      "image": " ",
      "bg": "transparent",
      "nameAnswer": null,
      "translates": [
        {
          "lang": "ru-RU",
          "name": "Лечение",
          "nameA": null
        }
      ]
    },
    {
      "id": 0,
      "name": "immature",
      "transcription": "[ˌɪməˈtʃʊr]",
      "nameA": "",
      "image": " ",
      "bg": "transparent",
      "nameAnswer": null,
      "translates": [
        {
          "lang": "ru-RU",
          "name": "Незрелый",
          "nameA": null
        }
      ]
    },
    {
      "id": 0,
      "name": "impure",
      "transcription": "[ɪmˈpjʊr]",
      "nameA": "",
      "image": " ",
      "bg": "transparent",
      "nameAnswer": null,
      "translates": [
        {
          "lang": "ru-RU",
          "name": "Нечистый",
          "nameA": null
        }
      ]
    },
    {
      "id": 0,
      "name": "insecure",
      "transcription": "[ˌɪnsɪˈkjʊr]",
      "nameA": "",
      "image": " ",
      "bg": "transparent",
      "nameAnswer": null,
      "translates": [
        {
          "lang": "ru-RU",
          "name": "Неуверенный",
          "nameA": null
        }
      ]
    },
    {
      "id": 0,
      "name": "pure",
      "transcription": "[pjʊr]",
      "nameA": "",
      "image": " ",
      "bg": "transparent",
      "nameAnswer": null,
      "translates": [
        {
          "lang": "ru-RU",
          "name": "Чистый",
          "nameA": null
        }
      ]
    },
    {
      "id": 0,
      "name": "mature",
      "transcription": "[məˈtʃʊr]",
      "nameA": "",
      "image": " ",
      "bg": "transparent",
      "nameAnswer": null,
      "translates": [
        {
          "lang": "ru-RU",
          "name": "Зрелый",
          "nameA": null
        }
      ]
    },
    {
      "id": 0,
      "name": "obscure",
      "transcription": "[əbˈskjʊr]",
      "nameA": "",
      "image": " ",
      "bg": "transparent",
      "nameAnswer": null,
      "translates": [
        {
          "lang": "ru-RU",
          "name": "Неясный",
          "nameA": null
        }
      ]
    },
    {
      "id": 0,
      "name": "secure",
      "transcription": "[sɪˈkjʊr]",
      "nameA": "",
      "image": " ",
      "bg": "transparent",
      "nameAnswer": null,
      "translates": [
        {
          "lang": "ru-RU",
          "name": "Безопасный",
          "nameA": null
        }
      ]
    },
    {
      "id": 0,
      "name": "nature",
      "transcription": "[ˈneɪtʃər]",
      "nameA": "",
      "image": " ",
      "bg": "transparent",
      "nameAnswer": null,
      "translates": [
        {
          "lang": "ru-RU",
          "name": "Природа",
          "nameA": null
        }
      ]
    }
  ]
}