{"name":"Phonics /ks/","isRandom":true,"isBlur":true,"isUpper":true,"isByWords":false,"isForAdult":false,"separator":"","numWords":19,"Translations":[{"lang":"ru-RU","name":"Алфавит"},{"lang":"vi-VN","name":"Ngữ âm /ks/"},{"lang":"zh-CN","name":"自然拼读 /ks/"},{"lang":"hi-IN","name":"ध्वनि विज्ञान /ks/"},{"lang":"th-TH","name":"โฟนิกส์ /ks/"},{"lang":"tr-TR","name":"Fonetik /ks/"},{"lang":"pt-BR","name":"Fônica /ks/"},{"lang":"de-DE","name":"Phonik /ks/"},{"lang":"id-ID","name":"Fonik /ks/"},{"lang":"fr-FR","name":"Phonétique /ks/"}],"items":[{"id":0,"name":"box","transcription":"[bɑks]","image":" ","translates":[{"lang":"ru-RU","name":"Коробка"},{"lang":"vi-VN","name":"Hộp"},{"lang":"zh-CN","name":"盒子"},{"lang":"hi-IN","name":"डिब्बा"},{"lang":"th-TH","name":"กล่อง"},{"lang":"tr-TR","name":"Kutu"},{"lang":"pt-BR","name":"Caixa"},{"lang":"de-DE","name":"Schachtel"},{"lang":"id-ID","name":"Kotak"},{"lang":"fr-FR","name":"Boîte"}]},{"id":1,"name":"fox","transcription":"[fɑks]","image":"/img/dict/animals/fox.png","translates":[{"lang":"ru-RU","name":"Лиса"},{"lang":"vi-VN","name":"Cáo"},{"lang":"zh-CN","name":"狐狸"},{"lang":"hi-IN","name":"लोमड़ी"},{"lang":"th-TH","name":"สุนัขจิ้งจอก"},{"lang":"tr-TR","name":"Tilki"},{"lang":"pt-BR","name":"Raposa"},{"lang":"de-DE","name":"Fuchs"},{"lang":"id-ID","name":"Rubah"},{"lang":"fr-FR","name":"Renard"}]},{"id":2,"name":"mix","transcription":"[mɪks]","image":" ","translates":[{"lang":"ru-RU","name":"Смешивать"},{"lang":"vi-VN","name":"Trộn"},{"lang":"zh-CN","name":"混合"},{"lang":"hi-IN","name":"मिलाना"},{"lang":"th-TH","name":"ผสม"},{"lang":"tr-TR","name":"Karıştırmak"},{"lang":"pt-BR","name":"Misturar"},{"lang":"de-DE","name":"Mischen"},{"lang":"id-ID","name":"Campur"},{"lang":"fr-FR","name":"Mélanger"}]},{"id":3,"name":"relax","transcription":"[rɪˈlæks]","image":" ","translates":[{"lang":"ru-RU","name":"Расслабляться"},{"lang":"vi-VN","name":"Thư giãn"},{"lang":"zh-CN","name":"放松"},{"lang":"hi-IN","name":"आराम करना"},{"lang":"th-TH","name":"ผ่อนคลาย"},{"lang":"tr-TR","name":"Rahatlamak"},{"lang":"pt-BR","name":"Relaxar"},{"lang":"de-DE","name":"Entspannen"},{"lang":"id-ID","name":"Santai"},{"lang":"fr-FR","name":"Se détendre"}]},{"id":4,"name":"six","transcription":"[sɪks]","image":" ","translates":[{"lang":"ru-RU","name":"Шесть"},{"lang":"vi-VN","name":"Sáu"},{"lang":"zh-CN","name":"六"},{"lang":"hi-IN","name":"छह"},{"lang":"th-TH","name":"หก"},{"lang":"tr-TR","name":"Altı"},{"lang":"pt-BR","name":"Seis"},{"lang":"de-DE","name":"Sechs"},{"lang":"id-ID","name":"Enam"},{"lang":"fr-FR","name":"Six"}]},{"id":5,"name":"taxi","transcription":"[ˈtæksi]","image":" ","translates":[{"lang":"ru-RU","name":"Такси"},{"lang":"vi-VN","name":"Taxi"},{"lang":"zh-CN","name":"出租车"},{"lang":"hi-IN","name":"टैक्सी"},{"lang":"th-TH","name":"แท็กซี่"},{"lang":"tr-TR","name":"Taksi"},{"lang":"pt-BR","name":"Táxi"},{"lang":"de-DE","name":"Taxi"},{"lang":"id-ID","name":"Taksi"},{"lang":"fr-FR","name":"Taxi"}]},{"id":6,"name":"axe","transcription":"[æks]","image":"/img/dict/home/axe.png","translates":[{"lang":"ru-RU","name":"Топор"},{"lang":"vi-VN","name":"Rìu"},{"lang":"zh-CN","name":"斧头"},{"lang":"hi-IN","name":"कुल्हाड़ी"},{"lang":"th-TH","name":"ขวาน"},{"lang":"tr-TR","name":"Balta"},{"lang":"pt-BR","name":"Machado"},{"lang":"de-DE","name":"Axt"},{"lang":"id-ID","name":"Kapak"},{"lang":"fr-FR","name":"Hache"}]},{"id":7,"name":"ox","transcription":"[ɑks]","image":"/img/dict/animals/ox.png","translates":[{"lang":"ru-RU","name":"Бык"},{"lang":"vi-VN","name":"Bò đực"},{"lang":"zh-CN","name":"公牛"},{"lang":"hi-IN","name":"बैल"},{"lang":"th-TH","name":"วัวตัวผู้"},{"lang":"tr-TR","name":"Öküz"},{"lang":"pt-BR","name":"Boi"},{"lang":"de-DE","name":"Ochse"},{"lang":"id-ID","name":"Lembu jantan"},{"lang":"fr-FR","name":"Bœuf"}]},{"id":8,"name":"helix","transcription":"[ˈhiːlɪks]","image":"/img/dict/shapes/helix.png","translates":[{"lang":"ru-RU","name":"Спираль"},{"lang":"vi-VN","name":"Xoắn ốc"},{"lang":"zh-CN","name":"螺旋"},{"lang":"hi-IN","name":"कुंडलित"},{"lang":"th-TH","name":"เกลียว"},{"lang":"tr-TR","name":"Sarmal"},{"lang":"pt-BR","name":"Hélice"},{"lang":"de-DE","name":"Helix"},{"lang":"id-ID","name":"Spiral"},{"lang":"fr-FR","name":"Hélice"}]},{"id":9,"name":"chicks","transcription":"[tʃɪks]","image":" ","translates":[{"lang":"ru-RU","name":"Цыплята"},{"lang":"vi-VN","name":"Gà con"},{"lang":"zh-CN","name":"小鸡"},{"lang":"hi-IN","name":"चूजे"},{"lang":"th-TH","name":"ลูกไก่"},{"lang":"tr-TR","name":"Civcivler"},{"lang":"pt-BR","name":"Pintinhos"},{"lang":"de-DE","name":"Küken"},{"lang":"id-ID","name":"Anak ayam"},{"lang":"fr-FR","name":"Poussins"}]},{"id":10,"name":"clocks","transcription":"[klɑks]","image":" ","translates":[{"lang":"ru-RU","name":"Часы"},{"lang":"vi-VN","name":"Đồng hồ"},{"lang":"zh-CN","name":"时钟"},{"lang":"hi-IN","name":"घड़ियाँ"},{"lang":"th-TH","name":"นาฬิกา"},{"lang":"tr-TR","name":"Saatler"},{"lang":"pt-BR","name":"Relógios"},{"lang":"de-DE","name":"Uhren"},{"lang":"id-ID","name":"Jam"},{"lang":"fr-FR","name":"Horloges"}]},{"id":11,"name":"ducks","transcription":"[dʌks]","image":" ","translates":[{"lang":"ru-RU","name":"Утки"},{"lang":"vi-VN","name":"Vịt"},{"lang":"zh-CN","name":"鸭子"},{"lang":"hi-IN","name":"बत्तखें"},{"lang":"th-TH","name":"เป็ด"},{"lang":"tr-TR","name":"Ördekler"},{"lang":"pt-BR","name":"Patos"},{"lang":"de-DE","name":"Enten"},{"lang":"id-ID","name":"Bebek"},{"lang":"fr-FR","name":"Canards"}]},{"id":12,"name":"socks","transcription":"[sɑks]","image":"/img/dict/clothes/socks.png","translates":[{"lang":"ru-RU","name":"Носки"},{"lang":"vi-VN","name":"Tất"},{"lang":"zh-CN","name":"袜子"},{"lang":"hi-IN","name":"मोज़े"},{"lang":"th-TH","name":"ถุงเท้า"},{"lang":"tr-TR","name":"Çoraplar"},{"lang":"pt-BR","name":"Meias"},{"lang":"de-DE","name":"Socken"},{"lang":"id-ID","name":"Kaus kaki"},{"lang":"fr-FR","name":"Chaussettes"}]},{"id":13,"name":"tricks","transcription":"[trɪks]","image":" ","translates":[{"lang":"ru-RU","name":"Трюки"},{"lang":"vi-VN","name":"Thủ thuật"},{"lang":"zh-CN","name":"技巧"},{"lang":"hi-IN","name":"चालें"},{"lang":"th-TH","name":"กลเม็ด"},{"lang":"tr-TR","name":"Hileler"},{"lang":"pt-BR","name":"Truques"},{"lang":"de-DE","name":"Tricks"},{"lang":"id-ID","name":"Trik"},{"lang":"fr-FR","name":"Trucs"}]},{"id":14,"name":"barks","transcription":"[bɑrks]","image":" ","translates":[{"lang":"ru-RU","name":"Лает"},{"lang":"vi-VN","name":"Sủa"},{"lang":"zh-CN","name":"吠叫"},{"lang":"hi-IN","name":"भौंकता है"},{"lang":"th-TH","name":"เห่า"},{"lang":"tr-TR","name":"Havlar"},{"lang":"pt-BR","name":"Late"},{"lang":"de-DE","name":"Bellt"},{"lang":"id-ID","name":"Menggonggong"},{"lang":"fr-FR","name":"Aboie"}]},{"id":15,"name":"books","transcription":"[bʊks]","image":" ","translates":[{"lang":"ru-RU","name":"Книги"},{"lang":"vi-VN","name":"Sách"},{"lang":"zh-CN","name":"书籍"},{"lang":"hi-IN","name":"किताबें"},{"lang":"th-TH","name":"หนังสือ"},{"lang":"tr-TR","name":"Kitaplar"},{"lang":"pt-BR","name":"Livros"},{"lang":"de-DE","name":"Bücher"},{"lang":"id-ID","name":"Buku"},{"lang":"fr-FR","name":"Livres"}]},{"id":16,"name":"looks","transcription":"[lʊks]","image":" ","translates":[{"lang":"ru-RU","name":"Выглядит"},{"lang":"vi-VN","name":"Trông"},{"lang":"zh-CN","name":"看起来"},{"lang":"hi-IN","name":"दिखता है"},{"lang":"th-TH","name":"ดู"},{"lang":"tr-TR","name":"Görünüyor"},{"lang":"pt-BR","name":"Parece"},{"lang":"de-DE","name":"Sieht aus"},{"lang":"id-ID","name":"Terlihat"},{"lang":"fr-FR","name":"Semble"}]},{"id":17,"name":"blocks","transcription":"[blɑks]","image":"/img/dict/toys/blocks.png","translates":[{"lang":"ru-RU","name":"Блоки"},{"lang":"vi-VN","name":"Khối"},{"lang":"zh-CN","name":"积木"},{"lang":"hi-IN","name":"ब्लॉक"},{"lang":"th-TH","name":"บล็อก"},{"lang":"tr-TR","name":"Bloklar"},{"lang":"pt-BR","name":"Blocos"},{"lang":"de-DE","name":"Blöcke"},{"lang":"id-ID","name":"Balok"},{"lang":"fr-FR","name":"Blocs"}]},{"id":18,"name":"marks","transcription":"[mɑrks]","image":" ","translates":[{"lang":"ru-RU","name":"Отметки"},{"lang":"vi-VN","name":"Điểm"},{"lang":"zh-CN","name":"标记"},{"lang":"hi-IN","name":"निशान"},{"lang":"th-TH","name":"เครื่องหมาย"},{"lang":"tr-TR","name":"İşaretler"},{"lang":"pt-BR","name":"Marcas"},{"lang":"de-DE","name":"Markierungen"},{"lang":"id-ID","name":"Tanda"},{"lang":"fr-FR","name":"Marques"}]}]}