{
  "name": "/ɑːr/ -ar, -al, -a",
  "nameA": null,
  "img": null,
  "minQuiz": null,
  "isRandom": false,
  "isBlur": false,
  "isUpper": true,
  "isByWords": false,
  "isForAdult": false,
  "separator": "",
  "numWords": 16,
  "tags": null,
  "Translations": [
    {
      "lang": "ru-RU",
      "name": "Алфавит",
      "nameA": null
    }
  ],
  "items": [
    {
      "id": 0,
      "name": "arm",
      "transcription": "[ɑːrm]",
      "nameA": "",
      "image": "/img/dict/body/arm.png",
      "bg": "transparent",
      "nameAnswer": null,
      "translates": [
        {
          "lang": "ru-RU",
          "name": "Рука",
          "nameA": null
        }
      ]
    },
    {
      "id": 0,
      "name": "car",
      "transcription": "[kɑːr]",
      "nameA": "",
      "image": "/img/dict/toys/car.png",
      "bg": "transparent",
      "nameAnswer": null,
      "translates": [
        {
          "lang": "ru-RU",
          "name": "Машина",
          "nameA": null
        }
      ]
    },
    {
      "id": 0,
      "name": "farm",
      "transcription": "[fɑːrm]",
      "nameA": "",
      "image": "/img/dict/animals/farm.png",
      "bg": "transparent",
      "nameAnswer": null,
      "translates": [
        {
          "lang": "ru-RU",
          "name": "Ферма",
          "nameA": null
        }
      ]
    },
    {
      "id": 0,
      "name": "garden",
      "transcription": "[ˈɡɑːrdn]",
      "nameA": "",
      "image": " ",
      "bg": "transparent",
      "nameAnswer": null,
      "translates": [
        {
          "lang": "ru-RU",
          "name": "Сад",
          "nameA": null
        }
      ]
    },
    {
      "id": 0,
      "name": "market",
      "transcription": "[ˈmɑːrkɪt]",
      "nameA": "",
      "image": " ",
      "bg": "transparent",
      "nameAnswer": null,
      "translates": [
        {
          "lang": "ru-RU",
          "name": "Рынок",
          "nameA": null
        }
      ]
    },
    {
      "id": 0,
      "name": "park",
      "transcription": "[pɑːrk]",
      "nameA": "",
      "image": " ",
      "bg": "transparent",
      "nameAnswer": null,
      "translates": [
        {
          "lang": "ru-RU",
          "name": "Парк",
          "nameA": null
        }
      ]
    },
    {
      "id": 0,
      "name": "scarf",
      "transcription": "[skɑːrf]",
      "nameA": "",
      "image": " ",
      "bg": "transparent",
      "nameAnswer": null,
      "translates": [
        {
          "lang": "ru-RU",
          "name": "Шарф",
          "nameA": null
        }
      ]
    },
    {
      "id": 0,
      "name": "star",
      "transcription": "[stɑːr]",
      "nameA": "",
      "image": "/img/dict/shapes/star.png",
      "bg": "transparent",
      "nameAnswer": null,
      "translates": [
        {
          "lang": "ru-RU",
          "name": "Звезда",
          "nameA": null
        }
      ]
    },
    {
      "id": 0,
      "name": "cinema",
      "transcription": "[ˈsɪnəmə]",
      "nameA": "",
      "image": "/img/dict/city/cinema.png",
      "bg": "transparent",
      "nameAnswer": null,
      "translates": [
        {
          "lang": "ru-RU",
          "name": "Кино",
          "nameA": null
        }
      ]
    },
    {
      "id": 0,
      "name": "drama",
      "transcription": "[ˈdrɑːmə]",
      "nameA": "",
      "image": " ",
      "bg": "transparent",
      "nameAnswer": null,
      "translates": [
        {
          "lang": "ru-RU",
          "name": "Драма",
          "nameA": null
        }
      ]
    },
    {
      "id": 0,
      "name": "father",
      "transcription": "[ˈfɑːðər]",
      "nameA": "",
      "image": "/img/dict/family/father.png",
      "bg": "transparent",
      "nameAnswer": null,
      "translates": [
        {
          "lang": "ru-RU",
          "name": "Отец",
          "nameA": null
        }
      ]
    },
    {
      "id": 0,
      "name": "rather",
      "transcription": "[ˈrɑːðər]",
      "nameA": "",
      "image": " ",
      "bg": "transparent",
      "nameAnswer": null,
      "translates": [
        {
          "lang": "ru-RU",
          "name": "Скорее",
          "nameA": null
        }
      ]
    },
    {
      "id": 0,
      "name": "calf",
      "transcription": "[kɑːf]",
      "nameA": "",
      "image": "/img/dict/animals/calf.png",
      "bg": "transparent",
      "nameAnswer": null,
      "translates": [
        {
          "lang": "ru-RU",
          "name": "Теленок",
          "nameA": null
        }
      ]
    },
    {
      "id": 0,
      "name": "calm",
      "transcription": "[kɑːm]",
      "nameA": "",
      "image": " ",
      "bg": "transparent",
      "nameAnswer": null,
      "translates": [
        {
          "lang": "ru-RU",
          "name": "Спокойный",
          "nameA": null
        }
      ]
    },
    {
      "id": 0,
      "name": "half",
      "transcription": "[hɑːf]",
      "nameA": "",
      "image": " ",
      "bg": "transparent",
      "nameAnswer": null,
      "translates": [
        {
          "lang": "ru-RU",
          "name": "Половина",
          "nameA": null
        }
      ]
    },
    {
      "id": 0,
      "name": "palm",
      "transcription": "[pɑːm]",
      "nameA": "",
      "image": " ",
      "bg": "transparent",
      "nameAnswer": null,
      "translates": [
        {
          "lang": "ru-RU",
          "name": "Ладонь",
          "nameA": null
        }
      ]
    }
  ]
}