{"name":"Phonics /ur/","nameA":"","img":"","isRandom":false,"isBlur":false,"isUpper":true,"isByWords":false,"isForAdult":false,"separator":"","numWords":35,"Translations":[{"lang":"ru-RU","name":"Алфавит","nameA":""},{"lang":"vi-VN","name":"Ngữ âm /ur/","nameA":""},{"lang":"zh-CN","name":"语音 /ur/","nameA":""},{"lang":"hi-IN","name":"ध्वनि /ur/","nameA":""},{"lang":"th-TH","name":"เสียง /ur/","nameA":""},{"lang":"tr-TR","name":"Fonetik /ur/","nameA":""},{"lang":"pt-BR","name":"Fonética /ur/","nameA":""},{"lang":"de-DE","name":"Phonik /ur/","nameA":""},{"lang":"id-ID","name":"Fonik /ur/","nameA":""},{"lang":"fr-FR","name":"Phonétique /ur/","nameA":""}],"items":[{"id":0,"name":"burn","transcription":"[bɜːrn]","nameA":"","image":" ","bg":"transparent","nameAnswer":"","translates":[{"lang":"ru-RU","name":"Гореть","nameA":""},{"lang":"vi-VN","name":"Cháy","nameA":""},{"lang":"zh-CN","name":"燃烧","nameA":""},{"lang":"hi-IN","name":"जलना","nameA":""},{"lang":"th-TH","name":"ไหม้","nameA":""},{"lang":"tr-TR","name":"Yanmak","nameA":""},{"lang":"pt-BR","name":"Queimar","nameA":""},{"lang":"de-DE","name":"Brennen","nameA":""},{"lang":"id-ID","name":"Membakar","nameA":""},{"lang":"fr-FR","name":"Brûler","nameA":""}]},{"id":0,"name":"curl","transcription":"[kɜːrl]","nameA":"","image":" ","bg":"transparent","nameAnswer":"","translates":[{"lang":"ru-RU","name":"Завиток","nameA":""},{"lang":"vi-VN","name":"Xoăn","nameA":""},{"lang":"zh-CN","name":"卷曲","nameA":""},{"lang":"hi-IN","name":"घुंघराला","nameA":""},{"lang":"th-TH","name":"ม้วน","nameA":""},{"lang":"tr-TR","name":"Kıvrım","nameA":""},{"lang":"pt-BR","name":"Cacho","nameA":""},{"lang":"de-DE","name":"Locke","nameA":""},{"lang":"id-ID","name":"Ikai","nameA":""},{"lang":"fr-FR","name":"Boucle","nameA":""}]},{"id":0,"name":"nurse","transcription":"[nɜːrs]","nameA":"","image":" ","bg":"transparent","nameAnswer":"","translates":[{"lang":"ru-RU","name":"Медсестра","nameA":""},{"lang":"vi-VN","name":"Y tá","nameA":""},{"lang":"zh-CN","name":"护士","nameA":""},{"lang":"hi-IN","name":"नर्स","nameA":""},{"lang":"th-TH","name":"พยาบาล","nameA":""},{"lang":"tr-TR","name":"Hemşire","nameA":""},{"lang":"pt-BR","name":"Enfermeira","nameA":""},{"lang":"de-DE","name":"Krankenschwester","nameA":""},{"lang":"id-ID","name":"Perawat","nameA":""},{"lang":"fr-FR","name":"Infirmière","nameA":""}]},{"id":0,"name":"purse","transcription":"[pɜːrs]","nameA":"","image":" ","bg":"transparent","nameAnswer":"","translates":[{"lang":"ru-RU","name":"Кошелек","nameA":""},{"lang":"vi-VN","name":"Ví","nameA":""},{"lang":"zh-CN","name":"钱包","nameA":""},{"lang":"hi-IN","name":"पर्स","nameA":""},{"lang":"th-TH","name":"กระเป๋าเงิน","nameA":""},{"lang":"tr-TR","name":"Cüzdan","nameA":""},{"lang":"pt-BR","name":"Bolsa","nameA":""},{"lang":"de-DE","name":"Geldbörse","nameA":""},{"lang":"id-ID","name":"Dompet","nameA":""},{"lang":"fr-FR","name":"Portefeuille","nameA":""}]},{"id":0,"name":"turn","transcription":"[tɜːrn]","nameA":"","image":" ","bg":"transparent","nameAnswer":"","translates":[{"lang":"ru-RU","name":"Поворачивать","nameA":""},{"lang":"vi-VN","name":"Quay","nameA":""},{"lang":"zh-CN","name":"转动","nameA":""},{"lang":"hi-IN","name":"मोड़","nameA":""},{"lang":"th-TH","name":"เลี้ยว","nameA":""},{"lang":"tr-TR","name":"Dönmek","nameA":""},{"lang":"pt-BR","name":"Virar","nameA":""},{"lang":"de-DE","name":"Drehen","nameA":""},{"lang":"id-ID","name":"Berputar","nameA":""},{"lang":"fr-FR","name":"Tourner","nameA":""}]},{"id":0,"name":"urn","transcription":"[ɜːrn]","nameA":"","image":" ","bg":"transparent","nameAnswer":"","translates":[{"lang":"ru-RU","name":"Урна","nameA":""},{"lang":"vi-VN","name":"Bình","nameA":""},{"lang":"zh-CN","name":"瓮","nameA":""},{"lang":"hi-IN","name":"कलश","nameA":""},{"lang":"th-TH","name":"โกศ","nameA":""},{"lang":"tr-TR","name":"Vazo","nameA":""},{"lang":"pt-BR","name":"Urna","nameA":""},{"lang":"de-DE","name":"Urne","nameA":""},{"lang":"id-ID","name":"Guci","nameA":""},{"lang":"fr-FR","name":"Urne","nameA":""}]},{"id":0,"name":"fern","transcription":"[fɜːrn]","nameA":"","image":" ","bg":"transparent","nameAnswer":"","translates":[{"lang":"ru-RU","name":"Папоротник","nameA":""},{"lang":"vi-VN","name":"Dương xỉ","nameA":""},{"lang":"zh-CN","name":"蕨类","nameA":""},{"lang":"hi-IN","name":"फर्न","nameA":""},{"lang":"th-TH","name":"เฟิร์น","nameA":""},{"lang":"tr-TR","name":"Eğrelti otu","nameA":""},{"lang":"pt-BR","name":"Samambaia","nameA":""},{"lang":"de-DE","name":"Farn","nameA":""},{"lang":"id-ID","name":"Paku","nameA":""},{"lang":"fr-FR","name":"Fougère","nameA":""}]},{"id":0,"name":"her","transcription":"[hɜːr]","nameA":"","image":" ","bg":"transparent","nameAnswer":"","translates":[{"lang":"ru-RU","name":"Её","nameA":""},{"lang":"vi-VN","name":"Cô ấy","nameA":""},{"lang":"zh-CN","name":"她","nameA":""},{"lang":"hi-IN","name":"उसका","nameA":""},{"lang":"th-TH","name":"เธอ","nameA":""},{"lang":"tr-TR","name":"Onun","nameA":""},{"lang":"pt-BR","name":"Ela","nameA":""},{"lang":"de-DE","name":"Ihr","nameA":""},{"lang":"id-ID","name":"Dia","nameA":""},{"lang":"fr-FR","name":"Elle","nameA":""}]},{"id":0,"name":"herb","transcription":"[ɜːrb]","nameA":"","image":" ","bg":"transparent","nameAnswer":"","translates":[{"lang":"ru-RU","name":"Трава","nameA":""},{"lang":"vi-VN","name":"Thảo mộc","nameA":""},{"lang":"zh-CN","name":"草药","nameA":""},{"lang":"hi-IN","name":"जड़ी बूटी","nameA":""},{"lang":"th-TH","name":"สมุนไพร","nameA":""},{"lang":"tr-TR","name":"Ot","nameA":""},{"lang":"pt-BR","name":"Erva","nameA":""},{"lang":"de-DE","name":"Kraut","nameA":""},{"lang":"id-ID","name":"Tanaman obat","nameA":""},{"lang":"fr-FR","name":"Herbe","nameA":""}]},{"id":0,"name":"kerb","transcription":"[kɜːrb]","nameA":"","image":" ","bg":"transparent","nameAnswer":"","translates":[{"lang":"ru-RU","name":"Бордюр","nameA":""},{"lang":"vi-VN","name":"Lề đường","nameA":""},{"lang":"zh-CN","name":"路缘","nameA":""},{"lang":"hi-IN","name":"कर्ब","nameA":""},{"lang":"th-TH","name":"ขอบถนน","nameA":""},{"lang":"tr-TR","name":"Kaldırım kenarı","nameA":""},{"lang":"pt-BR","name":"Meio-fio","nameA":""},{"lang":"de-DE","name":"Bordstein","nameA":""},{"lang":"id-ID","name":"Trotoar","nameA":""},{"lang":"fr-FR","name":"Bordure","nameA":""}]},{"id":0,"name":"perfect","transcription":"[ˈpɜːrfɪkt]","nameA":"","image":" ","bg":"transparent","nameAnswer":"","translates":[{"lang":"ru-RU","name":"Идеальный","nameA":""},{"lang":"vi-VN","name":"Hoàn hảo","nameA":""},{"lang":"zh-CN","name":"完美","nameA":""},{"lang":"hi-IN","name":"बिल्कुल सही","nameA":""},{"lang":"th-TH","name":"สมบูรณ์แบบ","nameA":""},{"lang":"tr-TR","name":"Mükemmel","nameA":""},{"lang":"pt-BR","name":"Perfeito","nameA":""},{"lang":"de-DE","name":"Perfekt","nameA":""},{"lang":"id-ID","name":"Sempurna","nameA":""},{"lang":"fr-FR","name":"Parfait","nameA":""}]},{"id":0,"name":"stern","transcription":"[stɜːrn]","nameA":"","image":" ","bg":"transparent","nameAnswer":"","translates":[{"lang":"ru-RU","name":"Строгий","nameA":""},{"lang":"vi-VN","name":"Nghiêm khắc","nameA":""},{"lang":"zh-CN","name":"严厉","nameA":""},{"lang":"hi-IN","name":"सख्त","nameA":""},{"lang":"th-TH","name":"เข้มงวด","nameA":""},{"lang":"tr-TR","name":"Sert","nameA":""},{"lang":"pt-BR","name":"Sério","nameA":""},{"lang":"de-DE","name":"Streng","nameA":""},{"lang":"id-ID","name":"Keras","nameA":""},{"lang":"fr-FR","name":"Sévère","nameA":""}]},{"id":0,"name":"bird","transcription":"[bɜːrd]","nameA":"","image":" ","bg":"transparent","nameAnswer":"","translates":[{"lang":"ru-RU","name":"Птица","nameA":""},{"lang":"vi-VN","name":"Chim","nameA":""},{"lang":"zh-CN","name":"鸟","nameA":""},{"lang":"hi-IN","name":"पक्षी","nameA":""},{"lang":"th-TH","name":"นก","nameA":""},{"lang":"tr-TR","name":"Kuş","nameA":""},{"lang":"pt-BR","name":"Pássaro","nameA":""},{"lang":"de-DE","name":"Vogel","nameA":""},{"lang":"id-ID","name":"Burung","nameA":""},{"lang":"fr-FR","name":"Oiseau","nameA":""}]},{"id":0,"name":"birthday","transcription":"[ˈbɜːrθdeɪ]","nameA":"","image":" ","bg":"transparent","nameAnswer":"","translates":[{"lang":"ru-RU","name":"День рождения","nameA":""},{"lang":"vi-VN","name":"Sinh nhật","nameA":""},{"lang":"zh-CN","name":"生日","nameA":""},{"lang":"hi-IN","name":"जन्मदिन","nameA":""},{"lang":"th-TH","name":"วันเกิด","nameA":""},{"lang":"tr-TR","name":"Doğum günü","nameA":""},{"lang":"pt-BR","name":"Aniversário","nameA":""},{"lang":"de-DE","name":"Geburtstag","nameA":""},{"lang":"id-ID","name":"Ulang tahun","nameA":""},{"lang":"fr-FR","name":"Anniversaire","nameA":""}]},{"id":0,"name":"first","transcription":"[fɜːrst]","nameA":"","image":" ","bg":"transparent","nameAnswer":"","translates":[{"lang":"ru-RU","name":"Первый","nameA":""},{"lang":"vi-VN","name":"Đầu tiên","nameA":""},{"lang":"zh-CN","name":"第一","nameA":""},{"lang":"hi-IN","name":"पहला","nameA":""},{"lang":"th-TH","name":"แรก","nameA":""},{"lang":"tr-TR","name":"İlk","nameA":""},{"lang":"pt-BR","name":"Primeiro","nameA":""},{"lang":"de-DE","name":"Erste","nameA":""},{"lang":"id-ID","name":"Pertama","nameA":""},{"lang":"fr-FR","name":"Premier","nameA":""}]},{"id":0,"name":"girl","transcription":"[ɡɜːrl]","nameA":"","image":" ","bg":"transparent","nameAnswer":"","translates":[{"lang":"ru-RU","name":"Девочка","nameA":""},{"lang":"vi-VN","name":"Cô gái","nameA":""},{"lang":"zh-CN","name":"女孩","nameA":""},{"lang":"hi-IN","name":"लड़की","nameA":""},{"lang":"th-TH","name":"เด็กหญิง","nameA":""},{"lang":"tr-TR","name":"Kız","nameA":""},{"lang":"pt-BR","name":"Menina","nameA":""},{"lang":"de-DE","name":"Mädchen","nameA":""},{"lang":"id-ID","name":"Gadis","nameA":""},{"lang":"fr-FR","name":"Fille","nameA":""}]},{"id":0,"name":"shirt","transcription":"[ʃɜːrt]","nameA":"","image":" ","bg":"transparent","nameAnswer":"","translates":[{"lang":"ru-RU","name":"Рубашка","nameA":""},{"lang":"vi-VN","name":"Áo sơ mi","nameA":""},{"lang":"zh-CN","name":"衬衫","nameA":""},{"lang":"hi-IN","name":"कमीज़","nameA":""},{"lang":"th-TH","name":"เสื้อเชิ้ต","nameA":""},{"lang":"tr-TR","name":"Gömlek","nameA":""},{"lang":"pt-BR","name":"Camisa","nameA":""},{"lang":"de-DE","name":"Hemd","nameA":""},{"lang":"id-ID","name":"Kemeja","nameA":""},{"lang":"fr-FR","name":"Chemise","nameA":""}]},{"id":0,"name":"skirt","transcription":"[skɜːrt]","nameA":"","image":" ","bg":"transparent","nameAnswer":"","translates":[{"lang":"ru-RU","name":"Юбка","nameA":""},{"lang":"vi-VN","name":"Váy","nameA":""},{"lang":"zh-CN","name":"裙子","nameA":""},{"lang":"hi-IN","name":"स्कर्ट","nameA":""},{"lang":"th-TH","name":"กระโปรง","nameA":""},{"lang":"tr-TR","name":"Etek","nameA":""},{"lang":"pt-BR","name":"Saia","nameA":""},{"lang":"de-DE","name":"Rock","nameA":""},{"lang":"id-ID","name":"Rok","nameA":""},{"lang":"fr-FR","name":"Jupe","nameA":""}]},{"id":0,"name":"stir","transcription":"[stɜːr]","nameA":"","image":" ","bg":"transparent","nameAnswer":"","translates":[{"lang":"ru-RU","name":"Размешивать","nameA":""},{"lang":"vi-VN","name":"Khuấy","nameA":""},{"lang":"zh-CN","name":"搅拌","nameA":""},{"lang":"hi-IN","name":"हिलाना","nameA":""},{"lang":"th-TH","name":"คน","nameA":""},{"lang":"tr-TR","name":"Karıştırmak","nameA":""},{"lang":"pt-BR","name":"Mexer","nameA":""},{"lang":"de-DE","name":"Rühren","nameA":""},{"lang":"id-ID","name":"Mengaduk","nameA":""},{"lang":"fr-FR","name":"Remuer","nameA":""}]},{"id":0,"name":"thirsty","transcription":"[ˈθɜːrsti]","nameA":"","image":" ","bg":"transparent","nameAnswer":"","translates":[{"lang":"ru-RU","name":"Жаждущий","nameA":""},{"lang":"vi-VN","name":"Khát","nameA":""},{"lang":"zh-CN","name":"口渴","nameA":""},{"lang":"hi-IN","name":"प्यासा","nameA":""},{"lang":"th-TH","name":"กระหาย","nameA":""},{"lang":"tr-TR","name":"Susamış","nameA":""},{"lang":"pt-BR","name":"Sede","nameA":""},{"lang":"de-DE","name":"Durstig","nameA":""},{"lang":"id-ID","name":"Haus","nameA":""},{"lang":"fr-FR","name":"Assoiffé","nameA":""}]},{"id":0,"name":"twirl","transcription":"[twɜːrl]","nameA":"","image":" ","bg":"transparent","nameAnswer":"","translates":[{"lang":"ru-RU","name":"Вращать","nameA":""},{"lang":"vi-VN","name":"Xoay","nameA":""},{"lang":"zh-CN","name":"旋转","nameA":""},{"lang":"hi-IN","name":"घुमाना","nameA":""},{"lang":"th-TH","name":"หมุน","nameA":""},{"lang":"tr-TR","name":"Döndürmek","nameA":""},{"lang":"pt-BR","name":"Girar","nameA":""},{"lang":"de-DE","name":"Wirbeln","nameA":""},{"lang":"id-ID","name":"Memutar","nameA":""},{"lang":"fr-FR","name":"Tourbillonner","nameA":""}]},{"id":0,"name":"early","transcription":"[ˈɜːrli]","nameA":"","image":" ","bg":"transparent","nameAnswer":"","translates":[{"lang":"ru-RU","name":"Ранний","nameA":""},{"lang":"vi-VN","name":"Sớm","nameA":""},{"lang":"zh-CN","name":"早","nameA":""},{"lang":"hi-IN","name":"जल्दी","nameA":""},{"lang":"th-TH","name":"เร็ว","nameA":""},{"lang":"tr-TR","name":"Erken","nameA":""},{"lang":"pt-BR","name":"Cedo","nameA":""},{"lang":"de-DE","name":"Früh","nameA":""},{"lang":"id-ID","name":"Awal","nameA":""},{"lang":"fr-FR","name":"Tôt","nameA":""}]},{"id":0,"name":"earn","transcription":"[ɜːrn]","nameA":"","image":" ","bg":"transparent","nameAnswer":"","translates":[{"lang":"ru-RU","name":"Зарабатывать","nameA":""},{"lang":"vi-VN","name":"Kiếm","nameA":""},{"lang":"zh-CN","name":"赚","nameA":""},{"lang":"hi-IN","name":"कमाना","nameA":""},{"lang":"th-TH","name":"หาเงิน","nameA":""},{"lang":"tr-TR","name":"Kazanmak","nameA":""},{"lang":"pt-BR","name":"Ganhar","nameA":""},{"lang":"de-DE","name":"Verdienen","nameA":""},{"lang":"id-ID","name":"Mendapatkan","nameA":""},{"lang":"fr-FR","name":"Gagner","nameA":""}]},{"id":0,"name":"earth","transcription":"[ɜːrθ]","nameA":"","image":" ","bg":"transparent","nameAnswer":"","translates":[{"lang":"ru-RU","name":"Земля","nameA":""},{"lang":"vi-VN","name":"Trái đất","nameA":""},{"lang":"zh-CN","name":"地球","nameA":""},{"lang":"hi-IN","name":"पृथ्वी","nameA":""},{"lang":"th-TH","name":"โลก","nameA":""},{"lang":"tr-TR","name":"Dünya","nameA":""},{"lang":"pt-BR","name":"Terra","nameA":""},{"lang":"de-DE","name":"Erde","nameA":""},{"lang":"id-ID","name":"Bumi","nameA":""},{"lang":"fr-FR","name":"Terre","nameA":""}]},{"id":0,"name":"heard","transcription":"[hɜːrd]","nameA":"","image":" ","bg":"transparent","nameAnswer":"","translates":[{"lang":"ru-RU","name":"Услышанный","nameA":""},{"lang":"vi-VN","name":"Nghe","nameA":""},{"lang":"zh-CN","name":"听到","nameA":""},{"lang":"hi-IN","name":"सुना","nameA":""},{"lang":"th-TH","name":"ได้ยิน","nameA":""},{"lang":"tr-TR","name":"Duyuldu","nameA":""},{"lang":"pt-BR","name":"Ouvido","nameA":""},{"lang":"de-DE","name":"Gehört","nameA":""},{"lang":"id-ID","name":"Dengar","nameA":""},{"lang":"fr-FR","name":"Entendu","nameA":""}]},{"id":0,"name":"learn","transcription":"[lɜːrn]","nameA":"","image":" ","bg":"transparent","nameAnswer":"","translates":[{"lang":"ru-RU","name":"Учить","nameA":""},{"lang":"vi-VN","name":"Học","nameA":""},{"lang":"zh-CN","name":"学习","nameA":""},{"lang":"hi-IN","name":"सीखना","nameA":""},{"lang":"th-TH","name":"เรียนรู้","nameA":""},{"lang":"tr-TR","name":"Öğrenmek","nameA":""},{"lang":"pt-BR","name":"Aprender","nameA":""},{"lang":"de-DE","name":"Lernen","nameA":""},{"lang":"id-ID","name":"Belajar","nameA":""},{"lang":"fr-FR","name":"Apprendre","nameA":""}]},{"id":0,"name":"pearl","transcription":"[pɜːrl]","nameA":"","image":" ","bg":"transparent","nameAnswer":"","translates":[{"lang":"ru-RU","name":"Жемчуг","nameA":""},{"lang":"vi-VN","name":"Ngọc trai","nameA":""},{"lang":"zh-CN","name":"珍珠","nameA":""},{"lang":"hi-IN","name":"मोती","nameA":""},{"lang":"th-TH","name":"ไข่มุก","nameA":""},{"lang":"tr-TR","name":"İnci","nameA":""},{"lang":"pt-BR","name":"Pérola","nameA":""},{"lang":"de-DE","name":"Perle","nameA":""},{"lang":"id-ID","name":"Mutiara","nameA":""},{"lang":"fr-FR","name":"Perle","nameA":""}]},{"id":0,"name":"search","transcription":"[sɜːrtʃ]","nameA":"","image":" ","bg":"transparent","nameAnswer":"","translates":[{"lang":"ru-RU","name":"Поиск","nameA":""},{"lang":"vi-VN","name":"Tìm kiếm","nameA":""},{"lang":"zh-CN","name":"搜索","nameA":""},{"lang":"hi-IN","name":"खोज","nameA":""},{"lang":"th-TH","name":"ค้นหา","nameA":""},{"lang":"tr-TR","name":"Arama","nameA":""},{"lang":"pt-BR","name":"Pesquisa","nameA":""},{"lang":"de-DE","name":"Suche","nameA":""},{"lang":"id-ID","name":"Pencarian","nameA":""},{"lang":"fr-FR","name":"Recherche","nameA":""}]},{"id":0,"name":"word","transcription":"[wɜːrd]","nameA":"","image":" ","bg":"transparent","nameAnswer":"","translates":[{"lang":"ru-RU","name":"Слово","nameA":""},{"lang":"vi-VN","name":"Từ","nameA":""},{"lang":"zh-CN","name":"单词","nameA":""},{"lang":"hi-IN","name":"शब्द","nameA":""},{"lang":"th-TH","name":"คำ","nameA":""},{"lang":"tr-TR","name":"Kelime","nameA":""},{"lang":"pt-BR","name":"Palavra","nameA":""},{"lang":"de-DE","name":"Wort","nameA":""},{"lang":"id-ID","name":"Kata","nameA":""},{"lang":"fr-FR","name":"Mot","nameA":""}]},{"id":0,"name":"work","transcription":"[wɜːrk]","nameA":"","image":" ","bg":"transparent","nameAnswer":"","translates":[{"lang":"ru-RU","name":"Работа","nameA":""},{"lang":"vi-VN","name":"Làm việc","nameA":""},{"lang":"zh-CN","name":"工作","nameA":""},{"lang":"hi-IN","name":"काम","nameA":""},{"lang":"th-TH","name":"ทำงาน","nameA":""},{"lang":"tr-TR","name":"Çalışmak","nameA":""},{"lang":"pt-BR","name":"Trabalho","nameA":""},{"lang":"de-DE","name":"Arbeit","nameA":""},{"lang":"id-ID","name":"Bekerja","nameA":""},{"lang":"fr-FR","name":"Travail","nameA":""}]},{"id":0,"name":"world","transcription":"[wɜːrld]","nameA":"","image":" ","bg":"transparent","nameAnswer":"","translates":[{"lang":"ru-RU","name":"Мир","nameA":""},{"lang":"vi-VN","name":"Thế giới","nameA":""},{"lang":"zh-CN","name":"世界","nameA":""},{"lang":"hi-IN","name":"दुनिया","nameA":""},{"lang":"th-TH","name":"โลก","nameA":""},{"lang":"tr-TR","name":"Dünya","nameA":""},{"lang":"pt-BR","name":"Mundo","nameA":""},{"lang":"de-DE","name":"Welt","nameA":""},{"lang":"id-ID","name":"Dunia","nameA":""},{"lang":"fr-FR","name":"Monde","nameA":""}]},{"id":0,"name":"worm","transcription":"[wɜːrm]","nameA":"","image":"/img/dict/animals/worm.png","bg":"transparent","nameAnswer":"","translates":[{"lang":"ru-RU","name":"Червь","nameA":""},{"lang":"vi-VN","name":"Giun","nameA":""},{"lang":"zh-CN","name":"蠕虫","nameA":""},{"lang":"hi-IN","name":"कीड़ा","nameA":""},{"lang":"th-TH","name":"หนอน","nameA":""},{"lang":"tr-TR","name":"Solucan","nameA":""},{"lang":"pt-BR","name":"Verme","nameA":""},{"lang":"de-DE","name":"Wurm","nameA":""},{"lang":"id-ID","name":"Cacing","nameA":""},{"lang":"fr-FR","name":"Ver","nameA":""}]},{"id":0,"name":"worse","transcription":"[wɜːrs]","nameA":"","image":" ","bg":"transparent","nameAnswer":"","translates":[{"lang":"ru-RU","name":"Хуже","nameA":""},{"lang":"vi-VN","name":"Tệ hơn","nameA":""},{"lang":"zh-CN","name":"更糟","nameA":""},{"lang":"hi-IN","name":"बदतर","nameA":""},{"lang":"th-TH","name":"แย่ลง","nameA":""},{"lang":"tr-TR","name":"Daha kötü","nameA":""},{"lang":"pt-BR","name":"Pior","nameA":""},{"lang":"de-DE","name":"Schlimmer","nameA":""},{"lang":"id-ID","name":"Lebih buruk","nameA":""},{"lang":"fr-FR","name":"Pire","nameA":""}]},{"id":0,"name":"worst","transcription":"[wɜːrst]","nameA":"","image":" ","bg":"transparent","nameAnswer":"","translates":[{"lang":"ru-RU","name":"Худший","nameA":""},{"lang":"vi-VN","name":"Tệ nhất","nameA":""},{"lang":"zh-CN","name":"最差","nameA":""},{"lang":"hi-IN","name":"सबसे खराब","nameA":""},{"lang":"th-TH","name":"แย่ที่สุด","nameA":""},{"lang":"tr-TR","name":"En kötü","nameA":""},{"lang":"pt-BR","name":"Pior","nameA":""},{"lang":"de-DE","name":"Schlimmste","nameA":""},{"lang":"id-ID","name":"Terburuk","nameA":""},{"lang":"fr-FR","name":"Pire","nameA":""}]},{"id":0,"name":"worth","transcription":"[wɜːrθ]","nameA":"","image":" ","bg":"transparent","nameAnswer":"","translates":[{"lang":"ru-RU","name":"Стоимость","nameA":""},{"lang":"vi-VN","name":"Giá trị","nameA":""},{"lang":"zh-CN","name":"价值","nameA":""},{"lang":"hi-IN","name":"मूल्य","nameA":""},{"lang":"th-TH","name":"มูลค่า","nameA":""},{"lang":"tr-TR","name":"Değer","nameA":""},{"lang":"pt-BR","name":"Valor","nameA":""},{"lang":"de-DE","name":"Wert","nameA":""},{"lang":"id-ID","name":"Nilai","nameA":""},{"lang":"fr-FR","name":"Valeur","nameA":""}]}]}