{"name":"Phonics /y/","nameA":"","img":"","isRandom":false,"isBlur":false,"isUpper":true,"isByWords":false,"isForAdult":false,"separator":"","numWords":15,"Translations":[{"lang":"ru-RU","name":"Алфавит","nameA":""},{"lang":"vi-VN","name":"Âm /y/","nameA":""},{"lang":"zh-CN","name":"语音 /y/","nameA":""},{"lang":"hi-IN","name":"ध्वनि /y/","nameA":""},{"lang":"th-TH","name":"เสียง /y/","nameA":""},{"lang":"tr-TR","name":"Ses /y/","nameA":""},{"lang":"pt-BR","name":"Fonética /y/","nameA":""},{"lang":"de-DE","name":"Phonik /y/","nameA":""},{"lang":"id-ID","name":"Fonik /y/","nameA":""},{"lang":"fr-FR","name":"Phonétique /y/","nameA":""}],"items":[{"id":0,"name":"yacht","transcription":"[jɑt]","nameA":"","image":" ","bg":"transparent","nameAnswer":"","translates":[{"lang":"ru-RU","name":"Яхта","nameA":""},{"lang":"vi-VN","name":"Du thuyền","nameA":""},{"lang":"zh-CN","name":"游艇","nameA":""},{"lang":"hi-IN","name":"नौका","nameA":""},{"lang":"th-TH","name":"เรือยอชต์","nameA":""},{"lang":"tr-TR","name":"Yat","nameA":""},{"lang":"pt-BR","name":"Iate","nameA":""},{"lang":"de-DE","name":"Yacht","nameA":""},{"lang":"id-ID","name":"Kapal pesiar","nameA":""},{"lang":"fr-FR","name":"Yacht","nameA":""}]},{"id":0,"name":"yak","transcription":"[jæk]","nameA":"","image":"/img/dict/animals/yak.png","bg":"transparent","nameAnswer":"","translates":[{"lang":"ru-RU","name":"Як","nameA":""},{"lang":"vi-VN","name":"Bò Tây Tạng","nameA":""},{"lang":"zh-CN","name":"牦牛","nameA":""},{"lang":"hi-IN","name":"याक","nameA":""},{"lang":"th-TH","name":"จามรี","nameA":""},{"lang":"tr-TR","name":"Yak","nameA":""},{"lang":"pt-BR","name":"Yak","nameA":""},{"lang":"de-DE","name":"Yak","nameA":""},{"lang":"id-ID","name":"Yak","nameA":""},{"lang":"fr-FR","name":"Yak","nameA":""}]},{"id":0,"name":"yawn","transcription":"[jɔn]","nameA":"","image":" ","bg":"transparent","nameAnswer":"","translates":[{"lang":"ru-RU","name":"Зевать","nameA":""},{"lang":"vi-VN","name":"Ngáp","nameA":""},{"lang":"zh-CN","name":"打哈欠","nameA":""},{"lang":"hi-IN","name":"जम्हाई","nameA":""},{"lang":"th-TH","name":"หาว","nameA":""},{"lang":"tr-TR","name":"Esnemek","nameA":""},{"lang":"pt-BR","name":"Bocejar","nameA":""},{"lang":"de-DE","name":"Gähnen","nameA":""},{"lang":"id-ID","name":"Menguap","nameA":""},{"lang":"fr-FR","name":"Bâiller","nameA":""}]},{"id":0,"name":"yell","transcription":"[jɛl]","nameA":"","image":" ","bg":"transparent","nameAnswer":"","translates":[{"lang":"ru-RU","name":"Кричать","nameA":""},{"lang":"vi-VN","name":"La hét","nameA":""},{"lang":"zh-CN","name":"大喊","nameA":""},{"lang":"hi-IN","name":"चिल्लाना","nameA":""},{"lang":"th-TH","name":"ตะโกน","nameA":""},{"lang":"tr-TR","name":"Bağırmak","nameA":""},{"lang":"pt-BR","name":"Gritar","nameA":""},{"lang":"de-DE","name":"Schreien","nameA":""},{"lang":"id-ID","name":"Berteriak","nameA":""},{"lang":"fr-FR","name":"Crier","nameA":""}]},{"id":0,"name":"yellow","transcription":"[ˈjɛloʊ]","nameA":"","image":"/img/dict/colors/yellow.png","bg":"transparent","nameAnswer":"","translates":[{"lang":"ru-RU","name":"Желтый","nameA":""},{"lang":"vi-VN","name":"Màu vàng","nameA":""},{"lang":"zh-CN","name":"黄色","nameA":""},{"lang":"hi-IN","name":"पीला","nameA":""},{"lang":"th-TH","name":"สีเหลือง","nameA":""},{"lang":"tr-TR","name":"Sarı","nameA":""},{"lang":"pt-BR","name":"Amarelo","nameA":""},{"lang":"de-DE","name":"Gelb","nameA":""},{"lang":"id-ID","name":"Kuning","nameA":""},{"lang":"fr-FR","name":"Jaune","nameA":""}]},{"id":0,"name":"yes","transcription":"[jɛs]","nameA":"","image":" ","bg":"transparent","nameAnswer":"","translates":[{"lang":"ru-RU","name":"Да","nameA":""},{"lang":"vi-VN","name":"Có","nameA":""},{"lang":"zh-CN","name":"是","nameA":""},{"lang":"hi-IN","name":"हाँ","nameA":""},{"lang":"th-TH","name":"ใช่","nameA":""},{"lang":"tr-TR","name":"Evet","nameA":""},{"lang":"pt-BR","name":"Sim","nameA":""},{"lang":"de-DE","name":"Ja","nameA":""},{"lang":"id-ID","name":"Ya","nameA":""},{"lang":"fr-FR","name":"Oui","nameA":""}]},{"id":0,"name":"yesterday","transcription":"[ˈjɛstərdeɪ]","nameA":"","image":" ","bg":"transparent","nameAnswer":"","translates":[{"lang":"ru-RU","name":"Вчера","nameA":""},{"lang":"vi-VN","name":"Hôm qua","nameA":""},{"lang":"zh-CN","name":"昨天","nameA":""},{"lang":"hi-IN","name":"कल","nameA":""},{"lang":"th-TH","name":"เมื่อวาน","nameA":""},{"lang":"tr-TR","name":"Dün","nameA":""},{"lang":"pt-BR","name":"Ontem","nameA":""},{"lang":"de-DE","name":"Gestern","nameA":""},{"lang":"id-ID","name":"Kemarin","nameA":""},{"lang":"fr-FR","name":"Hier","nameA":""}]},{"id":0,"name":"yet","transcription":"[jɛt]","nameA":"","image":" ","bg":"transparent","nameAnswer":"","translates":[{"lang":"ru-RU","name":"Еще","nameA":""},{"lang":"vi-VN","name":"Vẫn chưa","nameA":""},{"lang":"zh-CN","name":"还","nameA":""},{"lang":"hi-IN","name":"अभी तक","nameA":""},{"lang":"th-TH","name":"ยัง","nameA":""},{"lang":"tr-TR","name":"Henüz","nameA":""},{"lang":"pt-BR","name":"Ainda","nameA":""},{"lang":"de-DE","name":"Noch","nameA":""},{"lang":"id-ID","name":"Belum","nameA":""},{"lang":"fr-FR","name":"Encore","nameA":""}]},{"id":0,"name":"yogurt","transcription":"[ˈjoʊɡərt]","nameA":"","image":" ","bg":"transparent","nameAnswer":"","translates":[{"lang":"ru-RU","name":"Йогурт","nameA":""},{"lang":"vi-VN","name":"Sữa chua","nameA":""},{"lang":"zh-CN","name":"酸奶","nameA":""},{"lang":"hi-IN","name":"दही","nameA":""},{"lang":"th-TH","name":"โยเกิร์ต","nameA":""},{"lang":"tr-TR","name":"Yoğurt","nameA":""},{"lang":"pt-BR","name":"Iogurte","nameA":""},{"lang":"de-DE","name":"Joghurt","nameA":""},{"lang":"id-ID","name":"Yogurt","nameA":""},{"lang":"fr-FR","name":"Yaourt","nameA":""}]},{"id":0,"name":"yolk","transcription":"[joʊk]","nameA":"","image":" ","bg":"transparent","nameAnswer":"","translates":[{"lang":"ru-RU","name":"Желток","nameA":""},{"lang":"vi-VN","name":"Lòng đỏ","nameA":""},{"lang":"zh-CN","name":"蛋黄","nameA":""},{"lang":"hi-IN","name":"जर्दी","nameA":""},{"lang":"th-TH","name":"ไข่แดง","nameA":""},{"lang":"tr-TR","name":"Yumurta sarısı","nameA":""},{"lang":"pt-BR","name":"Gema","nameA":""},{"lang":"de-DE","name":"Eigelb","nameA":""},{"lang":"id-ID","name":"Kuning telur","nameA":""},{"lang":"fr-FR","name":"Jaune d\u0027œuf","nameA":""}]},{"id":0,"name":"you","transcription":"[juː]","nameA":"","image":" ","bg":"transparent","nameAnswer":"","translates":[{"lang":"ru-RU","name":"Ты","nameA":""},{"lang":"vi-VN","name":"Bạn","nameA":""},{"lang":"zh-CN","name":"你","nameA":""},{"lang":"hi-IN","name":"तुम","nameA":""},{"lang":"th-TH","name":"คุณ","nameA":""},{"lang":"tr-TR","name":"Sen","nameA":""},{"lang":"pt-BR","name":"Você","nameA":""},{"lang":"de-DE","name":"Du","nameA":""},{"lang":"id-ID","name":"Kamu","nameA":""},{"lang":"fr-FR","name":"Toi","nameA":""}]},{"id":0,"name":"young","transcription":"[jʌŋ]","nameA":"","image":" ","bg":"transparent","nameAnswer":"","translates":[{"lang":"ru-RU","name":"Молодой","nameA":""},{"lang":"vi-VN","name":"Trẻ","nameA":""},{"lang":"zh-CN","name":"年轻","nameA":""},{"lang":"hi-IN","name":"युवा","nameA":""},{"lang":"th-TH","name":"หนุ่มสาว","nameA":""},{"lang":"tr-TR","name":"Genç","nameA":""},{"lang":"pt-BR","name":"Jovem","nameA":""},{"lang":"de-DE","name":"Jung","nameA":""},{"lang":"id-ID","name":"Muda","nameA":""},{"lang":"fr-FR","name":"Jeune","nameA":""}]},{"id":0,"name":"yo-yo","transcription":"[ˈjoʊjoʊ]","nameA":"","image":" ","bg":"transparent","nameAnswer":"","translates":[{"lang":"ru-RU","name":"Йо-йо","nameA":""},{"lang":"vi-VN","name":"Yo-yo","nameA":""},{"lang":"zh-CN","name":"溜溜球","nameA":""},{"lang":"hi-IN","name":"यो-यो","nameA":""},{"lang":"th-TH","name":"โย-โย่","nameA":""},{"lang":"tr-TR","name":"Yo-yo","nameA":""},{"lang":"pt-BR","name":"Ioiô","nameA":""},{"lang":"de-DE","name":"Jo-Jo","nameA":""},{"lang":"id-ID","name":"Yo-yo","nameA":""},{"lang":"fr-FR","name":"Yo-yo","nameA":""}]},{"id":0,"name":"yuck","transcription":"[jʌk]","nameA":"","image":" ","bg":"transparent","nameAnswer":"","translates":[{"lang":"ru-RU","name":"Фу","nameA":""},{"lang":"vi-VN","name":"Kinh tởm","nameA":""},{"lang":"zh-CN","name":"恶心","nameA":""},{"lang":"hi-IN","name":"छी","nameA":""},{"lang":"th-TH","name":"แหวะ","nameA":""},{"lang":"tr-TR","name":"İğrenç","nameA":""},{"lang":"pt-BR","name":"Eca","nameA":""},{"lang":"de-DE","name":"Igitt","nameA":""},{"lang":"id-ID","name":"Yah","nameA":""},{"lang":"fr-FR","name":"Beurk","nameA":""}]},{"id":0,"name":"yum","transcription":"[jʌm]","nameA":"","image":" ","bg":"transparent","nameAnswer":"","translates":[{"lang":"ru-RU","name":"Вкусно","nameA":""},{"lang":"vi-VN","name":"Ngon","nameA":""},{"lang":"zh-CN","name":"好吃","nameA":""},{"lang":"hi-IN","name":"स्वादिष्ट","nameA":""},{"lang":"th-TH","name":"อร่อย","nameA":""},{"lang":"tr-TR","name":"Lezzetli","nameA":""},{"lang":"pt-BR","name":"Delícia","nameA":""},{"lang":"de-DE","name":"Lecker","nameA":""},{"lang":"id-ID","name":"Enak","nameA":""},{"lang":"fr-FR","name":"Miam","nameA":""}]}]}