{
  "name": "/aɪ/ -igh, -y, -ie, -i, -ind, -ice, -ide, -ile, -ime, -ine, -ite",
  "nameA": null,
  "img": null,
  "minQuiz": null,
  "isRandom": false,
  "isBlur": false,
  "isUpper": true,
  "isByWords": false,
  "isForAdult": false,
  "separator": "",
  "numWords": 45,
  "tags": null,
  "Translations": [
    {
      "lang": "ru-RU",
      "name": "Алфавит",
      "nameA": null
    }
  ],
  "items": [
    {
      "id": 0,
      "name": "bright",
      "transcription": "[braɪt]",
      "nameA": "",
      "image": " ",
      "bg": "transparent",
      "nameAnswer": null,
      "translates": [
        {
          "lang": "ru-RU",
          "name": "Яркий",
          "nameA": null
        }
      ]
    },
    {
      "id": 0,
      "name": "fight",
      "transcription": "[faɪt]",
      "nameA": "",
      "image": " ",
      "bg": "transparent",
      "nameAnswer": null,
      "translates": [
        {
          "lang": "ru-RU",
          "name": "Бороться",
          "nameA": null
        }
      ]
    },
    {
      "id": 0,
      "name": "flight",
      "transcription": "[flaɪt]",
      "nameA": "",
      "image": " ",
      "bg": "transparent",
      "nameAnswer": null,
      "translates": [
        {
          "lang": "ru-RU",
          "name": "Полет",
          "nameA": null
        }
      ]
    },
    {
      "id": 0,
      "name": "fright",
      "transcription": "[fraɪt]",
      "nameA": "",
      "image": " ",
      "bg": "transparent",
      "nameAnswer": null,
      "translates": [
        {
          "lang": "ru-RU",
          "name": "Испуг",
          "nameA": null
        }
      ]
    },
    {
      "id": 0,
      "name": "high",
      "transcription": "[haɪ]",
      "nameA": "",
      "image": " ",
      "bg": "transparent",
      "nameAnswer": null,
      "translates": [
        {
          "lang": "ru-RU",
          "name": "Высокий",
          "nameA": null
        }
      ]
    },
    {
      "id": 0,
      "name": "knight",
      "transcription": "[naɪt]",
      "nameA": "",
      "image": "/img/dict/profs/knight.png",
      "bg": "transparent",
      "nameAnswer": null,
      "translates": [
        {
          "lang": "ru-RU",
          "name": "Рыцарь",
          "nameA": null
        }
      ]
    },
    {
      "id": 0,
      "name": "light",
      "transcription": "[laɪt]",
      "nameA": "",
      "image": " ",
      "bg": "transparent",
      "nameAnswer": null,
      "translates": [
        {
          "lang": "ru-RU",
          "name": "Свет",
          "nameA": null
        }
      ]
    },
    {
      "id": 0,
      "name": "lightening",
      "transcription": "[ˈlaɪtnɪŋ]",
      "nameA": "",
      "image": " ",
      "bg": "transparent",
      "nameAnswer": null,
      "translates": [
        {
          "lang": "ru-RU",
          "name": "Молния",
          "nameA": null
        }
      ]
    },
    {
      "id": 0,
      "name": "might",
      "transcription": "[maɪt]",
      "nameA": "",
      "image": " ",
      "bg": "transparent",
      "nameAnswer": null,
      "translates": [
        {
          "lang": "ru-RU",
          "name": "Мощь",
          "nameA": null
        }
      ]
    },
    {
      "id": 0,
      "name": "night",
      "transcription": "[naɪt]",
      "nameA": "",
      "image": "/img/dict/seasons/night.png",
      "bg": "transparent",
      "nameAnswer": null,
      "translates": [
        {
          "lang": "ru-RU",
          "name": "Ночь",
          "nameA": null
        }
      ]
    },
    {
      "id": 0,
      "name": "sigh",
      "transcription": "[saɪ]",
      "nameA": "",
      "image": " ",
      "bg": "transparent",
      "nameAnswer": null,
      "translates": [
        {
          "lang": "ru-RU",
          "name": "Вздох",
          "nameA": null
        }
      ]
    },
    {
      "id": 0,
      "name": "tight",
      "transcription": "[taɪt]",
      "nameA": "",
      "image": " ",
      "bg": "transparent",
      "nameAnswer": null,
      "translates": [
        {
          "lang": "ru-RU",
          "name": "Тугой",
          "nameA": null
        }
      ]
    },
    {
      "id": 0,
      "name": "by",
      "transcription": "[baɪ]",
      "nameA": "",
      "image": " ",
      "bg": "transparent",
      "nameAnswer": null,
      "translates": [
        {
          "lang": "ru-RU",
          "name": "Рядом",
          "nameA": null
        }
      ]
    },
    {
      "id": 0,
      "name": "cry",
      "transcription": "[kraɪ]",
      "nameA": "",
      "image": "/img/dict/home/cry.png",
      "bg": "transparent",
      "nameAnswer": null,
      "translates": [
        {
          "lang": "ru-RU",
          "name": "Плакать",
          "nameA": null
        }
      ]
    },
    {
      "id": 0,
      "name": "dry",
      "transcription": "[draɪ]",
      "nameA": "",
      "image": "/img/dict/home/dry.png",
      "bg": "transparent",
      "nameAnswer": null,
      "translates": [
        {
          "lang": "ru-RU",
          "name": "Сухой",
          "nameA": null
        }
      ]
    },
    {
      "id": 0,
      "name": "fly",
      "transcription": "[flaɪ]",
      "nameA": "",
      "image": "/img/dict/animals/fly.png",
      "bg": "transparent",
      "nameAnswer": null,
      "translates": [
        {
          "lang": "ru-RU",
          "name": "Летать",
          "nameA": null
        }
      ]
    },
    {
      "id": 0,
      "name": "my",
      "transcription": "[maɪ]",
      "nameA": "",
      "image": " ",
      "bg": "transparent",
      "nameAnswer": null,
      "translates": [
        {
          "lang": "ru-RU",
          "name": "Мой",
          "nameA": null
        }
      ]
    },
    {
      "id": 0,
      "name": "shy",
      "transcription": "[ʃaɪ]",
      "nameA": "",
      "image": " ",
      "bg": "transparent",
      "nameAnswer": null,
      "translates": [
        {
          "lang": "ru-RU",
          "name": "Застенчивый",
          "nameA": null
        }
      ]
    },
    {
      "id": 0,
      "name": "sky",
      "transcription": "[skaɪ]",
      "nameA": "",
      "image": " ",
      "bg": "transparent",
      "nameAnswer": null,
      "translates": [
        {
          "lang": "ru-RU",
          "name": "Небо",
          "nameA": null
        }
      ]
    },
    {
      "id": 0,
      "name": "try",
      "transcription": "[traɪ]",
      "nameA": "",
      "image": " ",
      "bg": "transparent",
      "nameAnswer": null,
      "translates": [
        {
          "lang": "ru-RU",
          "name": "Пробовать",
          "nameA": null
        }
      ]
    },
    {
      "id": 0,
      "name": "why",
      "transcription": "[waɪ]",
      "nameA": "",
      "image": " ",
      "bg": "transparent",
      "nameAnswer": null,
      "translates": [
        {
          "lang": "ru-RU",
          "name": "Почему",
          "nameA": null
        }
      ]
    },
    {
      "id": 0,
      "name": "lie",
      "transcription": "[laɪ]",
      "nameA": "",
      "image": " ",
      "bg": "transparent",
      "nameAnswer": null,
      "translates": [
        {
          "lang": "ru-RU",
          "name": "Ложь",
          "nameA": null
        }
      ]
    },
    {
      "id": 0,
      "name": "pie",
      "transcription": "[paɪ]",
      "nameA": "",
      "image": "/img/dict/food/pie.png",
      "bg": "transparent",
      "nameAnswer": null,
      "translates": [
        {
          "lang": "ru-RU",
          "name": "Пирог",
          "nameA": null
        }
      ]
    },
    {
      "id": 0,
      "name": "tie",
      "transcription": "[taɪ]",
      "nameA": "",
      "image": " ",
      "bg": "transparent",
      "nameAnswer": null,
      "translates": [
        {
          "lang": "ru-RU",
          "name": "Галстук",
          "nameA": null
        }
      ]
    },
    {
      "id": 0,
      "name": "behind",
      "transcription": "[bɪˈhaɪnd]",
      "nameA": "",
      "image": " ",
      "bg": "transparent",
      "nameAnswer": null,
      "translates": [
        {
          "lang": "ru-RU",
          "name": "Позади",
          "nameA": null
        }
      ]
    },
    {
      "id": 0,
      "name": "child",
      "transcription": "[tʃaɪld]",
      "nameA": "",
      "image": " ",
      "bg": "transparent",
      "nameAnswer": null,
      "translates": [
        {
          "lang": "ru-RU",
          "name": "Ребенок",
          "nameA": null
        }
      ]
    },
    {
      "id": 0,
      "name": "find",
      "transcription": "[faɪnd]",
      "nameA": "",
      "image": " ",
      "bg": "transparent",
      "nameAnswer": null,
      "translates": [
        {
          "lang": "ru-RU",
          "name": "Найти",
          "nameA": null
        }
      ]
    },
    {
      "id": 0,
      "name": "mild",
      "transcription": "[maɪld]",
      "nameA": "",
      "image": " ",
      "bg": "transparent",
      "nameAnswer": null,
      "translates": [
        {
          "lang": "ru-RU",
          "name": "Мягкий",
          "nameA": null
        }
      ]
    },
    {
      "id": 0,
      "name": "mind",
      "transcription": "[maɪnd]",
      "nameA": "",
      "image": " ",
      "bg": "transparent",
      "nameAnswer": null,
      "translates": [
        {
          "lang": "ru-RU",
          "name": "Ум",
          "nameA": null
        }
      ]
    },
    {
      "id": 0,
      "name": "minus",
      "transcription": "[ˈmaɪnəs]",
      "nameA": "",
      "image": " ",
      "bg": "transparent",
      "nameAnswer": null,
      "translates": [
        {
          "lang": "ru-RU",
          "name": "Минус",
          "nameA": null
        }
      ]
    },
    {
      "id": 0,
      "name": "rewind",
      "transcription": "[riˈwaɪnd]",
      "nameA": "",
      "image": " ",
      "bg": "transparent",
      "nameAnswer": null,
      "translates": [
        {
          "lang": "ru-RU",
          "name": "Перемотать",
          "nameA": null
        }
      ]
    },
    {
      "id": 0,
      "name": "wild",
      "transcription": "[waɪld]",
      "nameA": "",
      "image": " ",
      "bg": "transparent",
      "nameAnswer": null,
      "translates": [
        {
          "lang": "ru-RU",
          "name": "Дикий",
          "nameA": null
        }
      ]
    },
    {
      "id": 0,
      "name": "ice",
      "transcription": "[aɪs]",
      "nameA": "",
      "image": "/img/dict/weather/ice.png",
      "bg": "transparent",
      "nameAnswer": null,
      "translates": [
        {
          "lang": "ru-RU",
          "name": "Лед",
          "nameA": null
        }
      ]
    },
    {
      "id": 0,
      "name": "drive",
      "transcription": "[draɪv]",
      "nameA": "",
      "image": " ",
      "bg": "transparent",
      "nameAnswer": null,
      "translates": [
        {
          "lang": "ru-RU",
          "name": "Водить",
          "nameA": null
        }
      ]
    },
    {
      "id": 0,
      "name": "mile",
      "transcription": "[maɪl]",
      "nameA": "",
      "image": " ",
      "bg": "transparent",
      "nameAnswer": null,
      "translates": [
        {
          "lang": "ru-RU",
          "name": "Миля",
          "nameA": null
        }
      ]
    },
    {
      "id": 0,
      "name": "mime",
      "transcription": "[maɪm]",
      "nameA": "",
      "image": " ",
      "bg": "transparent",
      "nameAnswer": null,
      "translates": [
        {
          "lang": "ru-RU",
          "name": "Мимика",
          "nameA": null
        }
      ]
    },
    {
      "id": 0,
      "name": "mine",
      "transcription": "[maɪn]",
      "nameA": "",
      "image": " ",
      "bg": "transparent",
      "nameAnswer": null,
      "translates": [
        {
          "lang": "ru-RU",
          "name": "Мой",
          "nameA": null
        }
      ]
    },
    {
      "id": 0,
      "name": "pile",
      "transcription": "[paɪl]",
      "nameA": "",
      "image": " ",
      "bg": "transparent",
      "nameAnswer": null,
      "translates": [
        {
          "lang": "ru-RU",
          "name": "Куча",
          "nameA": null
        }
      ]
    },
    {
      "id": 0,
      "name": "ride",
      "transcription": "[raɪd]",
      "nameA": "",
      "image": " ",
      "bg": "transparent",
      "nameAnswer": null,
      "translates": [
        {
          "lang": "ru-RU",
          "name": "Ездить",
          "nameA": null
        }
      ]
    },
    {
      "id": 0,
      "name": "smile",
      "transcription": "[smaɪl]",
      "nameA": "",
      "image": "/img/dict/emoji/smile.png",
      "bg": "transparent",
      "nameAnswer": null,
      "translates": [
        {
          "lang": "ru-RU",
          "name": "Улыбка",
          "nameA": null
        }
      ]
    },
    {
      "id": 0,
      "name": "tide",
      "transcription": "[taɪd]",
      "nameA": "",
      "image": " ",
      "bg": "transparent",
      "nameAnswer": null,
      "translates": [
        {
          "lang": "ru-RU",
          "name": "Прилив",
          "nameA": null
        }
      ]
    },
    {
      "id": 0,
      "name": "time",
      "transcription": "[taɪm]",
      "nameA": "",
      "image": " ",
      "bg": "transparent",
      "nameAnswer": null,
      "translates": [
        {
          "lang": "ru-RU",
          "name": "Время",
          "nameA": null
        }
      ]
    },
    {
      "id": 0,
      "name": "twice",
      "transcription": "[twaɪs]",
      "nameA": "",
      "image": " ",
      "bg": "transparent",
      "nameAnswer": null,
      "translates": [
        {
          "lang": "ru-RU",
          "name": "Дважды",
          "nameA": null
        }
      ]
    },
    {
      "id": 0,
      "name": "while",
      "transcription": "[waɪl]",
      "nameA": "",
      "image": " ",
      "bg": "transparent",
      "nameAnswer": null,
      "translates": [
        {
          "lang": "ru-RU",
          "name": "Пока",
          "nameA": null
        }
      ]
    },
    {
      "id": 0,
      "name": "white",
      "transcription": "[waɪt]",
      "nameA": "",
      "image": "/img/dict/colors/white.png",
      "bg": "transparent",
      "nameAnswer": null,
      "translates": [
        {
          "lang": "ru-RU",
          "name": "Белый",
          "nameA": null
        }
      ]
    }
  ]
}