{"name":"Phonics /ee/","nameA":"","img":"","isRandom":false,"isBlur":false,"isUpper":true,"isByWords":false,"isForAdult":false,"separator":"","numWords":34,"Translations":[{"lang":"ru-RU","name":"Алфавит","nameA":""},{"lang":"vi-VN","name":"Ngữ âm /ee/","nameA":""},{"lang":"zh-CN","name":"拼音 /ee/","nameA":""},{"lang":"hi-IN","name":"ध्वनि /ee/","nameA":""},{"lang":"th-TH","name":"โฟนิกส์ /ee/","nameA":""},{"lang":"tr-TR","name":"Fonetik /ee/","nameA":""},{"lang":"pt-BR","name":"Fonética /ee/","nameA":""},{"lang":"de-DE","name":"Phonik /ee/","nameA":""},{"lang":"id-ID","name":"Fonik /ee/","nameA":""},{"lang":"fr-FR","name":"Phonétique /ee/","nameA":""}],"items":[{"id":0,"name":"bee","transcription":"[biː]","nameA":"","image":"/img/dict/animals/bee.png","bg":"transparent","nameAnswer":"","translates":[{"lang":"ru-RU","name":"Пчела","nameA":""},{"lang":"vi-VN","name":"Con ong","nameA":""},{"lang":"zh-CN","name":"蜜蜂","nameA":""},{"lang":"hi-IN","name":"मधुमक्खी","nameA":""},{"lang":"th-TH","name":"ผึ้ง","nameA":""},{"lang":"tr-TR","name":"Arı","nameA":""},{"lang":"pt-BR","name":"Abelha","nameA":""},{"lang":"de-DE","name":"Biene","nameA":""},{"lang":"id-ID","name":"Lebah","nameA":""},{"lang":"fr-FR","name":"Abeille","nameA":""}]},{"id":0,"name":"eel","transcription":"[iːl]","nameA":"","image":"/img/dict/animals/eel.png","bg":"transparent","nameAnswer":"","translates":[{"lang":"ru-RU","name":"Угорь","nameA":""},{"lang":"vi-VN","name":"Con lươn","nameA":""},{"lang":"zh-CN","name":"鳗鱼","nameA":""},{"lang":"hi-IN","name":"बाम मछली","nameA":""},{"lang":"th-TH","name":"ปลาไหล","nameA":""},{"lang":"tr-TR","name":"Yılan balığı","nameA":""},{"lang":"pt-BR","name":"Enguia","nameA":""},{"lang":"de-DE","name":"Aal","nameA":""},{"lang":"id-ID","name":"Belut","nameA":""},{"lang":"fr-FR","name":"Anguille","nameA":""}]},{"id":0,"name":"green","transcription":"[ɡriːn]","nameA":"","image":"/img/dict/colors/green.png","bg":"transparent","nameAnswer":"","translates":[{"lang":"ru-RU","name":"Зеленый","nameA":""},{"lang":"vi-VN","name":"Màu xanh lá","nameA":""},{"lang":"zh-CN","name":"绿色","nameA":""},{"lang":"hi-IN","name":"हरा","nameA":""},{"lang":"th-TH","name":"สีเขียว","nameA":""},{"lang":"tr-TR","name":"Yeşil","nameA":""},{"lang":"pt-BR","name":"Verde","nameA":""},{"lang":"de-DE","name":"Grün","nameA":""},{"lang":"id-ID","name":"Hijau","nameA":""},{"lang":"fr-FR","name":"Vert","nameA":""}]},{"id":0,"name":"meet","transcription":"[miːt]","nameA":"","image":" ","bg":"transparent","nameAnswer":"","translates":[{"lang":"ru-RU","name":"Встречать","nameA":""},{"lang":"vi-VN","name":"Gặp gỡ","nameA":""},{"lang":"zh-CN","name":"见面","nameA":""},{"lang":"hi-IN","name":"मिलना","nameA":""},{"lang":"th-TH","name":"พบ","nameA":""},{"lang":"tr-TR","name":"Tanışmak","nameA":""},{"lang":"pt-BR","name":"Conhecer","nameA":""},{"lang":"de-DE","name":"Treffen","nameA":""},{"lang":"id-ID","name":"Bertemu","nameA":""},{"lang":"fr-FR","name":"Rencontrer","nameA":""}]},{"id":0,"name":"see","transcription":"[siː]","nameA":"","image":" ","bg":"transparent","nameAnswer":"","translates":[{"lang":"ru-RU","name":"Видеть","nameA":""},{"lang":"vi-VN","name":"Nhìn thấy","nameA":""},{"lang":"zh-CN","name":"看见","nameA":""},{"lang":"hi-IN","name":"देखना","nameA":""},{"lang":"th-TH","name":"เห็น","nameA":""},{"lang":"tr-TR","name":"Görmek","nameA":""},{"lang":"pt-BR","name":"Ver","nameA":""},{"lang":"de-DE","name":"Sehen","nameA":""},{"lang":"id-ID","name":"Melihat","nameA":""},{"lang":"fr-FR","name":"Voir","nameA":""}]},{"id":0,"name":"sheet","transcription":"[ʃiːt]","nameA":"","image":"/img/dict/home/sheet.png","bg":"transparent","nameAnswer":"","translates":[{"lang":"ru-RU","name":"Лист","nameA":""},{"lang":"vi-VN","name":"Tờ giấy","nameA":""},{"lang":"zh-CN","name":"纸张","nameA":""},{"lang":"hi-IN","name":"चादर","nameA":""},{"lang":"th-TH","name":"แผ่น","nameA":""},{"lang":"tr-TR","name":"Sayfa","nameA":""},{"lang":"pt-BR","name":"Folha","nameA":""},{"lang":"de-DE","name":"Blatt","nameA":""},{"lang":"id-ID","name":"Lembar","nameA":""},{"lang":"fr-FR","name":"Feuille","nameA":""}]},{"id":0,"name":"tree","transcription":"[triː]","nameA":"","image":" ","bg":"transparent","nameAnswer":"","translates":[{"lang":"ru-RU","name":"Дерево","nameA":""},{"lang":"vi-VN","name":"Cây","nameA":""},{"lang":"zh-CN","name":"树","nameA":""},{"lang":"hi-IN","name":"पेड़","nameA":""},{"lang":"th-TH","name":"ต้นไม้","nameA":""},{"lang":"tr-TR","name":"Ağaç","nameA":""},{"lang":"pt-BR","name":"Árvore","nameA":""},{"lang":"de-DE","name":"Baum","nameA":""},{"lang":"id-ID","name":"Pohon","nameA":""},{"lang":"fr-FR","name":"Arbre","nameA":""}]},{"id":0,"name":"funny","transcription":"[ˈfʌni]","nameA":"","image":" ","bg":"transparent","nameAnswer":"","translates":[{"lang":"ru-RU","name":"Смешной","nameA":""},{"lang":"vi-VN","name":"Hài hước","nameA":""},{"lang":"zh-CN","name":"有趣","nameA":""},{"lang":"hi-IN","name":"मज़ेदार","nameA":""},{"lang":"th-TH","name":"ตลก","nameA":""},{"lang":"tr-TR","name":"Komik","nameA":""},{"lang":"pt-BR","name":"Engraçado","nameA":""},{"lang":"de-DE","name":"Lustig","nameA":""},{"lang":"id-ID","name":"Lucu","nameA":""},{"lang":"fr-FR","name":"Drôle","nameA":""}]},{"id":0,"name":"happy","transcription":"[ˈhæpi]","nameA":"","image":" ","bg":"transparent","nameAnswer":"","translates":[{"lang":"ru-RU","name":"Счастливый","nameA":""},{"lang":"vi-VN","name":"Hạnh phúc","nameA":""},{"lang":"zh-CN","name":"快乐","nameA":""},{"lang":"hi-IN","name":"खुश","nameA":""},{"lang":"th-TH","name":"มีความสุข","nameA":""},{"lang":"tr-TR","name":"Mutlu","nameA":""},{"lang":"pt-BR","name":"Feliz","nameA":""},{"lang":"de-DE","name":"Glücklich","nameA":""},{"lang":"id-ID","name":"Bahagia","nameA":""},{"lang":"fr-FR","name":"Heureux","nameA":""}]},{"id":0,"name":"sunny","transcription":"[ˈsʌni]","nameA":"","image":" ","bg":"transparent","nameAnswer":"","translates":[{"lang":"ru-RU","name":"Солнечный","nameA":""},{"lang":"vi-VN","name":"Nắng","nameA":""},{"lang":"zh-CN","name":"晴朗","nameA":""},{"lang":"hi-IN","name":"धूप","nameA":""},{"lang":"th-TH","name":"แดดจ้า","nameA":""},{"lang":"tr-TR","name":"Güneşli","nameA":""},{"lang":"pt-BR","name":"Ensolarado","nameA":""},{"lang":"de-DE","name":"Sonnig","nameA":""},{"lang":"id-ID","name":"Cerah","nameA":""},{"lang":"fr-FR","name":"Ensoleillé","nameA":""}]},{"id":0,"name":"beach","transcription":"[biːtʃ]","nameA":"","image":" ","bg":"transparent","nameAnswer":"","translates":[{"lang":"ru-RU","name":"Пляж","nameA":""},{"lang":"vi-VN","name":"Bãi biển","nameA":""},{"lang":"zh-CN","name":"海滩","nameA":""},{"lang":"hi-IN","name":"समुद्र तट","nameA":""},{"lang":"th-TH","name":"ชายหาด","nameA":""},{"lang":"tr-TR","name":"Plaj","nameA":""},{"lang":"pt-BR","name":"Praia","nameA":""},{"lang":"de-DE","name":"Strand","nameA":""},{"lang":"id-ID","name":"Pantai","nameA":""},{"lang":"fr-FR","name":"Plage","nameA":""}]},{"id":0,"name":"dream","transcription":"[driːm]","nameA":"","image":" ","bg":"transparent","nameAnswer":"","translates":[{"lang":"ru-RU","name":"Мечта","nameA":""},{"lang":"vi-VN","name":"Giấc mơ","nameA":""},{"lang":"zh-CN","name":"梦想","nameA":""},{"lang":"hi-IN","name":"सपना","nameA":""},{"lang":"th-TH","name":"ความฝัน","nameA":""},{"lang":"tr-TR","name":"Rüya","nameA":""},{"lang":"pt-BR","name":"Sonho","nameA":""},{"lang":"de-DE","name":"Traum","nameA":""},{"lang":"id-ID","name":"Mimpi","nameA":""},{"lang":"fr-FR","name":"Rêve","nameA":""}]},{"id":0,"name":"eat","transcription":"[iːt]","nameA":"","image":" ","bg":"transparent","nameAnswer":"","translates":[{"lang":"ru-RU","name":"Есть","nameA":""},{"lang":"vi-VN","name":"Ăn","nameA":""},{"lang":"zh-CN","name":"吃","nameA":""},{"lang":"hi-IN","name":"खाना","nameA":""},{"lang":"th-TH","name":"กิน","nameA":""},{"lang":"tr-TR","name":"Yemek","nameA":""},{"lang":"pt-BR","name":"Comer","nameA":""},{"lang":"de-DE","name":"Essen","nameA":""},{"lang":"id-ID","name":"Makan","nameA":""},{"lang":"fr-FR","name":"Manger","nameA":""}]},{"id":0,"name":"sea","transcription":"[siː]","nameA":"","image":"/img/dict/animals/sea.png","bg":"transparent","nameAnswer":"","translates":[{"lang":"ru-RU","name":"Море","nameA":""},{"lang":"vi-VN","name":"Biển","nameA":""},{"lang":"zh-CN","name":"海","nameA":""},{"lang":"hi-IN","name":"समुद्र","nameA":""},{"lang":"th-TH","name":"ทะเล","nameA":""},{"lang":"tr-TR","name":"Deniz","nameA":""},{"lang":"pt-BR","name":"Mar","nameA":""},{"lang":"de-DE","name":"Meer","nameA":""},{"lang":"id-ID","name":"Laut","nameA":""},{"lang":"fr-FR","name":"Mer","nameA":""}]},{"id":0,"name":"season","transcription":"[ˈsiːzən]","nameA":"","image":" ","bg":"transparent","nameAnswer":"","translates":[{"lang":"ru-RU","name":"Сезон","nameA":""},{"lang":"vi-VN","name":"Mùa","nameA":""},{"lang":"zh-CN","name":"季节","nameA":""},{"lang":"hi-IN","name":"मौसम","nameA":""},{"lang":"th-TH","name":"ฤดู","nameA":""},{"lang":"tr-TR","name":"Mevsim","nameA":""},{"lang":"pt-BR","name":"Estação","nameA":""},{"lang":"de-DE","name":"Jahreszeit","nameA":""},{"lang":"id-ID","name":"Musim","nameA":""},{"lang":"fr-FR","name":"Saison","nameA":""}]},{"id":0,"name":"speak","transcription":"[spiːk]","nameA":"","image":" ","bg":"transparent","nameAnswer":"","translates":[{"lang":"ru-RU","name":"Говорить","nameA":""},{"lang":"vi-VN","name":"Nói","nameA":""},{"lang":"zh-CN","name":"说话","nameA":""},{"lang":"hi-IN","name":"बोलना","nameA":""},{"lang":"th-TH","name":"พูด","nameA":""},{"lang":"tr-TR","name":"Konuşmak","nameA":""},{"lang":"pt-BR","name":"Falar","nameA":""},{"lang":"de-DE","name":"Sprechen","nameA":""},{"lang":"id-ID","name":"Berbicara","nameA":""},{"lang":"fr-FR","name":"Parler","nameA":""}]},{"id":0,"name":"be","transcription":"[biː]","nameA":"","image":" ","bg":"transparent","nameAnswer":"","translates":[{"lang":"ru-RU","name":"Быть","nameA":""},{"lang":"vi-VN","name":"Là","nameA":""},{"lang":"zh-CN","name":"是","nameA":""},{"lang":"hi-IN","name":"होना","nameA":""},{"lang":"th-TH","name":"เป็น","nameA":""},{"lang":"tr-TR","name":"Olmak","nameA":""},{"lang":"pt-BR","name":"Ser","nameA":""},{"lang":"de-DE","name":"Sein","nameA":""},{"lang":"id-ID","name":"Menjadi","nameA":""},{"lang":"fr-FR","name":"Être","nameA":""}]},{"id":0,"name":"he","transcription":"[hiː]","nameA":"","image":" ","bg":"transparent","nameAnswer":"","translates":[{"lang":"ru-RU","name":"Он","nameA":""},{"lang":"vi-VN","name":"Anh ấy","nameA":""},{"lang":"zh-CN","name":"他","nameA":""},{"lang":"hi-IN","name":"वह","nameA":""},{"lang":"th-TH","name":"เขา","nameA":""},{"lang":"tr-TR","name":"O","nameA":""},{"lang":"pt-BR","name":"Ele","nameA":""},{"lang":"de-DE","name":"Er","nameA":""},{"lang":"id-ID","name":"Dia","nameA":""},{"lang":"fr-FR","name":"Il","nameA":""}]},{"id":0,"name":"me","transcription":"[miː]","nameA":"","image":" ","bg":"transparent","nameAnswer":"","translates":[{"lang":"ru-RU","name":"Меня","nameA":""},{"lang":"vi-VN","name":"Tôi","nameA":""},{"lang":"zh-CN","name":"我","nameA":""},{"lang":"hi-IN","name":"मुझे","nameA":""},{"lang":"th-TH","name":"ฉัน","nameA":""},{"lang":"tr-TR","name":"Ben","nameA":""},{"lang":"pt-BR","name":"Eu","nameA":""},{"lang":"de-DE","name":"Mich","nameA":""},{"lang":"id-ID","name":"Saya","nameA":""},{"lang":"fr-FR","name":"Moi","nameA":""}]},{"id":0,"name":"she","transcription":"[ʃiː]","nameA":"","image":" ","bg":"transparent","nameAnswer":"","translates":[{"lang":"ru-RU","name":"Она","nameA":""},{"lang":"vi-VN","name":"Cô ấy","nameA":""},{"lang":"zh-CN","name":"她","nameA":""},{"lang":"hi-IN","name":"वह","nameA":""},{"lang":"th-TH","name":"เธอ","nameA":""},{"lang":"tr-TR","name":"O","nameA":""},{"lang":"pt-BR","name":"Ela","nameA":""},{"lang":"de-DE","name":"Sie","nameA":""},{"lang":"id-ID","name":"Dia","nameA":""},{"lang":"fr-FR","name":"Elle","nameA":""}]},{"id":0,"name":"we","transcription":"[wiː]","nameA":"","image":" ","bg":"transparent","nameAnswer":"","translates":[{"lang":"ru-RU","name":"Мы","nameA":""},{"lang":"vi-VN","name":"Chúng tôi","nameA":""},{"lang":"zh-CN","name":"我们","nameA":""},{"lang":"hi-IN","name":"हम","nameA":""},{"lang":"th-TH","name":"เรา","nameA":""},{"lang":"tr-TR","name":"Biz","nameA":""},{"lang":"pt-BR","name":"Nós","nameA":""},{"lang":"de-DE","name":"Wir","nameA":""},{"lang":"id-ID","name":"Kami","nameA":""},{"lang":"fr-FR","name":"Nous","nameA":""}]},{"id":0,"name":"athlete","transcription":"[ˈæθliːt]","nameA":"","image":" ","bg":"transparent","nameAnswer":"","translates":[{"lang":"ru-RU","name":"Спортсмен","nameA":""},{"lang":"vi-VN","name":"Vận động viên","nameA":""},{"lang":"zh-CN","name":"运动员","nameA":""},{"lang":"hi-IN","name":"एथलीट","nameA":""},{"lang":"th-TH","name":"นักกีฬา","nameA":""},{"lang":"tr-TR","name":"Atlet","nameA":""},{"lang":"pt-BR","name":"Atleta","nameA":""},{"lang":"de-DE","name":"Athlet","nameA":""},{"lang":"id-ID","name":"Atlet","nameA":""},{"lang":"fr-FR","name":"Athlète","nameA":""}]},{"id":0,"name":"complete","transcription":"[kəmˈpliːt]","nameA":"","image":" ","bg":"transparent","nameAnswer":"","translates":[{"lang":"ru-RU","name":"Завершать","nameA":""},{"lang":"vi-VN","name":"Hoàn thành","nameA":""},{"lang":"zh-CN","name":"完成","nameA":""},{"lang":"hi-IN","name":"पूरा करना","nameA":""},{"lang":"th-TH","name":"เสร็จสมบูรณ์","nameA":""},{"lang":"tr-TR","name":"Tamamlamak","nameA":""},{"lang":"pt-BR","name":"Completar","nameA":""},{"lang":"de-DE","name":"Vollenden","nameA":""},{"lang":"id-ID","name":"Menyelesaikan","nameA":""},{"lang":"fr-FR","name":"Compléter","nameA":""}]},{"id":0,"name":"scene","transcription":"[siːn]","nameA":"","image":" ","bg":"transparent","nameAnswer":"","translates":[{"lang":"ru-RU","name":"Сцена","nameA":""},{"lang":"vi-VN","name":"Cảnh","nameA":""},{"lang":"zh-CN","name":"场景","nameA":""},{"lang":"hi-IN","name":"दृश्य","nameA":""},{"lang":"th-TH","name":"ฉาก","nameA":""},{"lang":"tr-TR","name":"Sahne","nameA":""},{"lang":"pt-BR","name":"Cena","nameA":""},{"lang":"de-DE","name":"Szene","nameA":""},{"lang":"id-ID","name":"Adegan","nameA":""},{"lang":"fr-FR","name":"Scène","nameA":""}]},{"id":0,"name":"theme","transcription":"[θiːm]","nameA":"","image":" ","bg":"transparent","nameAnswer":"","translates":[{"lang":"ru-RU","name":"Тема","nameA":""},{"lang":"vi-VN","name":"Chủ đề","nameA":""},{"lang":"zh-CN","name":"主题","nameA":""},{"lang":"hi-IN","name":"विषय","nameA":""},{"lang":"th-TH","name":"ธีม","nameA":""},{"lang":"tr-TR","name":"Tema","nameA":""},{"lang":"pt-BR","name":"Tema","nameA":""},{"lang":"de-DE","name":"Thema","nameA":""},{"lang":"id-ID","name":"Tema","nameA":""},{"lang":"fr-FR","name":"Thème","nameA":""}]},{"id":0,"name":"donkey","transcription":"[ˈdɑŋki]","nameA":"","image":"/img/dict/animals/donkey.png","bg":"transparent","nameAnswer":"","translates":[{"lang":"ru-RU","name":"Осел","nameA":""},{"lang":"vi-VN","name":"Con lừa","nameA":""},{"lang":"zh-CN","name":"驴","nameA":""},{"lang":"hi-IN","name":"गधा","nameA":""},{"lang":"th-TH","name":"ลา","nameA":""},{"lang":"tr-TR","name":"Eşek","nameA":""},{"lang":"pt-BR","name":"Burro","nameA":""},{"lang":"de-DE","name":"Esel","nameA":""},{"lang":"id-ID","name":"Keledai","nameA":""},{"lang":"fr-FR","name":"Âne","nameA":""}]},{"id":0,"name":"key","transcription":"[kiː]","nameA":"","image":" ","bg":"transparent","nameAnswer":"","translates":[{"lang":"ru-RU","name":"Ключ","nameA":""},{"lang":"vi-VN","name":"Chìa khóa","nameA":""},{"lang":"zh-CN","name":"钥匙","nameA":""},{"lang":"hi-IN","name":"चाबी","nameA":""},{"lang":"th-TH","name":"กุญแจ","nameA":""},{"lang":"tr-TR","name":"Anahtar","nameA":""},{"lang":"pt-BR","name":"Chave","nameA":""},{"lang":"de-DE","name":"Schlüssel","nameA":""},{"lang":"id-ID","name":"Kunci","nameA":""},{"lang":"fr-FR","name":"Clé","nameA":""}]},{"id":0,"name":"money","transcription":"[ˈmʌni]","nameA":"","image":" ","bg":"transparent","nameAnswer":"","translates":[{"lang":"ru-RU","name":"Деньги","nameA":""},{"lang":"vi-VN","name":"Tiền","nameA":""},{"lang":"zh-CN","name":"钱","nameA":""},{"lang":"hi-IN","name":"पैसा","nameA":""},{"lang":"th-TH","name":"เงิน","nameA":""},{"lang":"tr-TR","name":"Para","nameA":""},{"lang":"pt-BR","name":"Dinheiro","nameA":""},{"lang":"de-DE","name":"Geld","nameA":""},{"lang":"id-ID","name":"Uang","nameA":""},{"lang":"fr-FR","name":"Argent","nameA":""}]},{"id":0,"name":"trolley","transcription":"[ˈtrɑli]","nameA":"","image":" ","bg":"transparent","nameAnswer":"","translates":[{"lang":"ru-RU","name":"Тележка","nameA":""},{"lang":"vi-VN","name":"Xe đẩy","nameA":""},{"lang":"zh-CN","name":"手推车","nameA":""},{"lang":"hi-IN","name":"ट्रॉली","nameA":""},{"lang":"th-TH","name":"รถเข็น","nameA":""},{"lang":"tr-TR","name":"Tramvay","nameA":""},{"lang":"pt-BR","name":"Carrinho","nameA":""},{"lang":"de-DE","name":"Trolley","nameA":""},{"lang":"id-ID","name":"Kereta dorong","nameA":""},{"lang":"fr-FR","name":"Chariot","nameA":""}]},{"id":0,"name":"belief","transcription":"[bɪˈliːf]","nameA":"","image":" ","bg":"transparent","nameAnswer":"","translates":[{"lang":"ru-RU","name":"Вера","nameA":""},{"lang":"vi-VN","name":"Niềm tin","nameA":""},{"lang":"zh-CN","name":"信仰","nameA":""},{"lang":"hi-IN","name":"विश्वास","nameA":""},{"lang":"th-TH","name":"ความเชื่อ","nameA":""},{"lang":"tr-TR","name":"İnanç","nameA":""},{"lang":"pt-BR","name":"Crença","nameA":""},{"lang":"de-DE","name":"Glaube","nameA":""},{"lang":"id-ID","name":"Keyakinan","nameA":""},{"lang":"fr-FR","name":"Croyance","nameA":""}]},{"id":0,"name":"brief","transcription":"[briːf]","nameA":"","image":" ","bg":"transparent","nameAnswer":"","translates":[{"lang":"ru-RU","name":"Краткий","nameA":""},{"lang":"vi-VN","name":"Ngắn gọn","nameA":""},{"lang":"zh-CN","name":"简短","nameA":""},{"lang":"hi-IN","name":"संक्षिप्त","nameA":""},{"lang":"th-TH","name":"สั้น","nameA":""},{"lang":"tr-TR","name":"Kısa","nameA":""},{"lang":"pt-BR","name":"Breve","nameA":""},{"lang":"de-DE","name":"Kurz","nameA":""},{"lang":"id-ID","name":"Singkat","nameA":""},{"lang":"fr-FR","name":"Bref","nameA":""}]},{"id":0,"name":"shield","transcription":"[ʃiːld]","nameA":"","image":" ","bg":"transparent","nameAnswer":"","translates":[{"lang":"ru-RU","name":"Щит","nameA":""},{"lang":"vi-VN","name":"Khiên","nameA":""},{"lang":"zh-CN","name":"盾牌","nameA":""},{"lang":"hi-IN","name":"ढाल","nameA":""},{"lang":"th-TH","name":"โล่","nameA":""},{"lang":"tr-TR","name":"Kalkan","nameA":""},{"lang":"pt-BR","name":"Escudo","nameA":""},{"lang":"de-DE","name":"Schild","nameA":""},{"lang":"id-ID","name":"Perisai","nameA":""},{"lang":"fr-FR","name":"Bouclier","nameA":""}]},{"id":0,"name":"thief","transcription":"[θiːf]","nameA":"","image":" ","bg":"transparent","nameAnswer":"","translates":[{"lang":"ru-RU","name":"Вор","nameA":""},{"lang":"vi-VN","name":"Kẻ trộm","nameA":""},{"lang":"zh-CN","name":"小偷","nameA":""},{"lang":"hi-IN","name":"चोर","nameA":""},{"lang":"th-TH","name":"ขโมย","nameA":""},{"lang":"tr-TR","name":"Hırsız","nameA":""},{"lang":"pt-BR","name":"Ladrão","nameA":""},{"lang":"de-DE","name":"Dieb","nameA":""},{"lang":"id-ID","name":"Pencuri","nameA":""},{"lang":"fr-FR","name":"Voleur","nameA":""}]},{"id":0,"name":"sardine","transcription":"[sɑrˈdiːn]","nameA":"","image":" ","bg":"transparent","nameAnswer":"","translates":[{"lang":"ru-RU","name":"Сардина","nameA":""},{"lang":"vi-VN","name":"Cá mòi","nameA":""},{"lang":"zh-CN","name":"沙丁鱼","nameA":""},{"lang":"hi-IN","name":"सार्डिन","nameA":""},{"lang":"th-TH","name":"ปลาซาร์ดีน","nameA":""},{"lang":"tr-TR","name":"Sardalya","nameA":""},{"lang":"pt-BR","name":"Sardinha","nameA":""},{"lang":"de-DE","name":"Sardine","nameA":""},{"lang":"id-ID","name":"Sarden","nameA":""},{"lang":"fr-FR","name":"Sardine","nameA":""}]}]}