{"name":"Phonics /igh/","nameA":"","img":"","isRandom":false,"isBlur":false,"isUpper":true,"isByWords":false,"isForAdult":false,"separator":"","numWords":45,"Translations":[{"lang":"ru-RU","name":"Алфавит","nameA":""},{"lang":"vi-VN","name":"Ngữ âm /igh/","nameA":""},{"lang":"zh-CN","name":"语音 /igh/","nameA":""},{"lang":"hi-IN","name":"ध्वनि /igh/","nameA":""},{"lang":"th-TH","name":"เสียง /igh/","nameA":""},{"lang":"tr-TR","name":"Fonetik /igh/","nameA":""},{"lang":"pt-BR","name":"Fonética /igh/","nameA":""},{"lang":"de-DE","name":"Phonik /igh/","nameA":""},{"lang":"id-ID","name":"Fonik /igh/","nameA":""},{"lang":"fr-FR","name":"Phonétique /igh/","nameA":""}],"items":[{"id":0,"name":"bright","transcription":"[braɪt]","nameA":"","image":" ","bg":"transparent","nameAnswer":"","translates":[{"lang":"ru-RU","name":"Яркий","nameA":""},{"lang":"vi-VN","name":"Sáng","nameA":""},{"lang":"zh-CN","name":"明亮","nameA":""},{"lang":"hi-IN","name":"चमकीला","nameA":""},{"lang":"th-TH","name":"สว่าง","nameA":""},{"lang":"tr-TR","name":"Parlak","nameA":""},{"lang":"pt-BR","name":"Brilhante","nameA":""},{"lang":"de-DE","name":"Hell","nameA":""},{"lang":"id-ID","name":"Terang","nameA":""},{"lang":"fr-FR","name":"Brillant","nameA":""}]},{"id":0,"name":"fight","transcription":"[faɪt]","nameA":"","image":" ","bg":"transparent","nameAnswer":"","translates":[{"lang":"ru-RU","name":"Бороться","nameA":""},{"lang":"vi-VN","name":"Chiến đấu","nameA":""},{"lang":"zh-CN","name":"战斗","nameA":""},{"lang":"hi-IN","name":"लड़ाई","nameA":""},{"lang":"th-TH","name":"ต่อสู้","nameA":""},{"lang":"tr-TR","name":"Dövüş","nameA":""},{"lang":"pt-BR","name":"Lutar","nameA":""},{"lang":"de-DE","name":"Kämpfen","nameA":""},{"lang":"id-ID","name":"Bertarung","nameA":""},{"lang":"fr-FR","name":"Combattre","nameA":""}]},{"id":0,"name":"flight","transcription":"[flaɪt]","nameA":"","image":" ","bg":"transparent","nameAnswer":"","translates":[{"lang":"ru-RU","name":"Полет","nameA":""},{"lang":"vi-VN","name":"Chuyến bay","nameA":""},{"lang":"zh-CN","name":"飞行","nameA":""},{"lang":"hi-IN","name":"उड़ान","nameA":""},{"lang":"th-TH","name":"เที่ยวบิน","nameA":""},{"lang":"tr-TR","name":"Uçuş","nameA":""},{"lang":"pt-BR","name":"Voo","nameA":""},{"lang":"de-DE","name":"Flug","nameA":""},{"lang":"id-ID","name":"Penerbangan","nameA":""},{"lang":"fr-FR","name":"Vol","nameA":""}]},{"id":0,"name":"fright","transcription":"[fraɪt]","nameA":"","image":" ","bg":"transparent","nameAnswer":"","translates":[{"lang":"ru-RU","name":"Испуг","nameA":""},{"lang":"vi-VN","name":"Sợ hãi","nameA":""},{"lang":"zh-CN","name":"惊吓","nameA":""},{"lang":"hi-IN","name":"डर","nameA":""},{"lang":"th-TH","name":"ความกลัว","nameA":""},{"lang":"tr-TR","name":"Korku","nameA":""},{"lang":"pt-BR","name":"Susto","nameA":""},{"lang":"de-DE","name":"Schreck","nameA":""},{"lang":"id-ID","name":"Ketakutan","nameA":""},{"lang":"fr-FR","name":"Peur","nameA":""}]},{"id":0,"name":"high","transcription":"[haɪ]","nameA":"","image":" ","bg":"transparent","nameAnswer":"","translates":[{"lang":"ru-RU","name":"Высокий","nameA":""},{"lang":"vi-VN","name":"Cao","nameA":""},{"lang":"zh-CN","name":"高","nameA":""},{"lang":"hi-IN","name":"ऊँचा","nameA":""},{"lang":"th-TH","name":"สูง","nameA":""},{"lang":"tr-TR","name":"Yüksek","nameA":""},{"lang":"pt-BR","name":"Alto","nameA":""},{"lang":"de-DE","name":"Hoch","nameA":""},{"lang":"id-ID","name":"Tinggi","nameA":""},{"lang":"fr-FR","name":"Haut","nameA":""}]},{"id":0,"name":"knight","transcription":"[naɪt]","nameA":"","image":"/img/dict/profs/knight.png","bg":"transparent","nameAnswer":"","translates":[{"lang":"ru-RU","name":"Рыцарь","nameA":""},{"lang":"vi-VN","name":"Hiệp sĩ","nameA":""},{"lang":"zh-CN","name":"骑士","nameA":""},{"lang":"hi-IN","name":"शूरवीर","nameA":""},{"lang":"th-TH","name":"อัศวิน","nameA":""},{"lang":"tr-TR","name":"Şövalye","nameA":""},{"lang":"pt-BR","name":"Cavaleiro","nameA":""},{"lang":"de-DE","name":"Ritter","nameA":""},{"lang":"id-ID","name":"Ksatria","nameA":""},{"lang":"fr-FR","name":"Chevalier","nameA":""}]},{"id":0,"name":"light","transcription":"[laɪt]","nameA":"","image":" ","bg":"transparent","nameAnswer":"","translates":[{"lang":"ru-RU","name":"Свет","nameA":""},{"lang":"vi-VN","name":"Ánh sáng","nameA":""},{"lang":"zh-CN","name":"光","nameA":""},{"lang":"hi-IN","name":"प्रकाश","nameA":""},{"lang":"th-TH","name":"แสง","nameA":""},{"lang":"tr-TR","name":"Işık","nameA":""},{"lang":"pt-BR","name":"Luz","nameA":""},{"lang":"de-DE","name":"Licht","nameA":""},{"lang":"id-ID","name":"Cahaya","nameA":""},{"lang":"fr-FR","name":"Lumière","nameA":""}]},{"id":0,"name":"lightening","transcription":"[ˈlaɪtnɪŋ]","nameA":"","image":" ","bg":"transparent","nameAnswer":"","translates":[{"lang":"ru-RU","name":"Молния","nameA":""},{"lang":"vi-VN","name":"Tia chớp","nameA":""},{"lang":"zh-CN","name":"闪电","nameA":""},{"lang":"hi-IN","name":"बिजली","nameA":""},{"lang":"th-TH","name":"ฟ้าผ่า","nameA":""},{"lang":"tr-TR","name":"Şimşek","nameA":""},{"lang":"pt-BR","name":"Relâmpago","nameA":""},{"lang":"de-DE","name":"Blitz","nameA":""},{"lang":"id-ID","name":"Petir","nameA":""},{"lang":"fr-FR","name":"Éclair","nameA":""}]},{"id":0,"name":"might","transcription":"[maɪt]","nameA":"","image":" ","bg":"transparent","nameAnswer":"","translates":[{"lang":"ru-RU","name":"Мощь","nameA":""},{"lang":"vi-VN","name":"Sức mạnh","nameA":""},{"lang":"zh-CN","name":"力量","nameA":""},{"lang":"hi-IN","name":"शक्ति","nameA":""},{"lang":"th-TH","name":"พลัง","nameA":""},{"lang":"tr-TR","name":"Güç","nameA":""},{"lang":"pt-BR","name":"Poder","nameA":""},{"lang":"de-DE","name":"Macht","nameA":""},{"lang":"id-ID","name":"Kekuatan","nameA":""},{"lang":"fr-FR","name":"Puissance","nameA":""}]},{"id":0,"name":"night","transcription":"[naɪt]","nameA":"","image":"/img/dict/seasons/night.png","bg":"transparent","nameAnswer":"","translates":[{"lang":"ru-RU","name":"Ночь","nameA":""},{"lang":"vi-VN","name":"Đêm","nameA":""},{"lang":"zh-CN","name":"夜晚","nameA":""},{"lang":"hi-IN","name":"रात","nameA":""},{"lang":"th-TH","name":"กลางคืน","nameA":""},{"lang":"tr-TR","name":"Gece","nameA":""},{"lang":"pt-BR","name":"Noite","nameA":""},{"lang":"de-DE","name":"Nacht","nameA":""},{"lang":"id-ID","name":"Malam","nameA":""},{"lang":"fr-FR","name":"Nuit","nameA":""}]},{"id":0,"name":"sigh","transcription":"[saɪ]","nameA":"","image":" ","bg":"transparent","nameAnswer":"","translates":[{"lang":"ru-RU","name":"Вздох","nameA":""},{"lang":"vi-VN","name":"Thở dài","nameA":""},{"lang":"zh-CN","name":"叹息","nameA":""},{"lang":"hi-IN","name":"आह","nameA":""},{"lang":"th-TH","name":"ถอนหายใจ","nameA":""},{"lang":"tr-TR","name":"İç çekiş","nameA":""},{"lang":"pt-BR","name":"Suspiro","nameA":""},{"lang":"de-DE","name":"Seufzer","nameA":""},{"lang":"id-ID","name":"Menghela napas","nameA":""},{"lang":"fr-FR","name":"Soupir","nameA":""}]},{"id":0,"name":"tight","transcription":"[taɪt]","nameA":"","image":" ","bg":"transparent","nameAnswer":"","translates":[{"lang":"ru-RU","name":"Тугой","nameA":""},{"lang":"vi-VN","name":"Chặt","nameA":""},{"lang":"zh-CN","name":"紧","nameA":""},{"lang":"hi-IN","name":"तंग","nameA":""},{"lang":"th-TH","name":"แน่น","nameA":""},{"lang":"tr-TR","name":"Sıkı","nameA":""},{"lang":"pt-BR","name":"Apertado","nameA":""},{"lang":"de-DE","name":"Eng","nameA":""},{"lang":"id-ID","name":"Ketat","nameA":""},{"lang":"fr-FR","name":"Serré","nameA":""}]},{"id":0,"name":"by","transcription":"[baɪ]","nameA":"","image":" ","bg":"transparent","nameAnswer":"","translates":[{"lang":"ru-RU","name":"Рядом","nameA":""},{"lang":"vi-VN","name":"Bên cạnh","nameA":""},{"lang":"zh-CN","name":"旁边","nameA":""},{"lang":"hi-IN","name":"पास","nameA":""},{"lang":"th-TH","name":"ข้างๆ","nameA":""},{"lang":"tr-TR","name":"Yanında","nameA":""},{"lang":"pt-BR","name":"Perto","nameA":""},{"lang":"de-DE","name":"Neben","nameA":""},{"lang":"id-ID","name":"Di samping","nameA":""},{"lang":"fr-FR","name":"À côté","nameA":""}]},{"id":0,"name":"cry","transcription":"[kraɪ]","nameA":"","image":"/img/dict/home/cry.png","bg":"transparent","nameAnswer":"","translates":[{"lang":"ru-RU","name":"Плакать","nameA":""},{"lang":"vi-VN","name":"Khóc","nameA":""},{"lang":"zh-CN","name":"哭","nameA":""},{"lang":"hi-IN","name":"रोना","nameA":""},{"lang":"th-TH","name":"ร้องไห้","nameA":""},{"lang":"tr-TR","name":"Ağlamak","nameA":""},{"lang":"pt-BR","name":"Chorar","nameA":""},{"lang":"de-DE","name":"Weinen","nameA":""},{"lang":"id-ID","name":"Menangis","nameA":""},{"lang":"fr-FR","name":"Pleurer","nameA":""}]},{"id":0,"name":"dry","transcription":"[draɪ]","nameA":"","image":"/img/dict/home/dry.png","bg":"transparent","nameAnswer":"","translates":[{"lang":"ru-RU","name":"Сухой","nameA":""},{"lang":"vi-VN","name":"Khô","nameA":""},{"lang":"zh-CN","name":"干燥","nameA":""},{"lang":"hi-IN","name":"सूखा","nameA":""},{"lang":"th-TH","name":"แห้ง","nameA":""},{"lang":"tr-TR","name":"Kuru","nameA":""},{"lang":"pt-BR","name":"Seco","nameA":""},{"lang":"de-DE","name":"Trocken","nameA":""},{"lang":"id-ID","name":"Kering","nameA":""},{"lang":"fr-FR","name":"Sec","nameA":""}]},{"id":0,"name":"fly","transcription":"[flaɪ]","nameA":"","image":"/img/dict/animals/fly.png","bg":"transparent","nameAnswer":"","translates":[{"lang":"ru-RU","name":"Летать","nameA":""},{"lang":"vi-VN","name":"Bay","nameA":""},{"lang":"zh-CN","name":"飞","nameA":""},{"lang":"hi-IN","name":"उड़ना","nameA":""},{"lang":"th-TH","name":"บิน","nameA":""},{"lang":"tr-TR","name":"Uçmak","nameA":""},{"lang":"pt-BR","name":"Voar","nameA":""},{"lang":"de-DE","name":"Fliegen","nameA":""},{"lang":"id-ID","name":"Terbang","nameA":""},{"lang":"fr-FR","name":"Voler","nameA":""}]},{"id":0,"name":"my","transcription":"[maɪ]","nameA":"","image":" ","bg":"transparent","nameAnswer":"","translates":[{"lang":"ru-RU","name":"Мой","nameA":""},{"lang":"vi-VN","name":"Của tôi","nameA":""},{"lang":"zh-CN","name":"我的","nameA":""},{"lang":"hi-IN","name":"मेरा","nameA":""},{"lang":"th-TH","name":"ของฉัน","nameA":""},{"lang":"tr-TR","name":"Benim","nameA":""},{"lang":"pt-BR","name":"Meu","nameA":""},{"lang":"de-DE","name":"Mein","nameA":""},{"lang":"id-ID","name":"Saya","nameA":""},{"lang":"fr-FR","name":"Mon","nameA":""}]},{"id":0,"name":"shy","transcription":"[ʃaɪ]","nameA":"","image":" ","bg":"transparent","nameAnswer":"","translates":[{"lang":"ru-RU","name":"Застенчивый","nameA":""},{"lang":"vi-VN","name":"Nhút nhát","nameA":""},{"lang":"zh-CN","name":"害羞","nameA":""},{"lang":"hi-IN","name":"शर्मीला","nameA":""},{"lang":"th-TH","name":"ขี้อาย","nameA":""},{"lang":"tr-TR","name":"Utangaç","nameA":""},{"lang":"pt-BR","name":"Tímido","nameA":""},{"lang":"de-DE","name":"Schüchtern","nameA":""},{"lang":"id-ID","name":"Pemalu","nameA":""},{"lang":"fr-FR","name":"Timide","nameA":""}]},{"id":0,"name":"sky","transcription":"[skaɪ]","nameA":"","image":" ","bg":"transparent","nameAnswer":"","translates":[{"lang":"ru-RU","name":"Небо","nameA":""},{"lang":"vi-VN","name":"Bầu trời","nameA":""},{"lang":"zh-CN","name":"天空","nameA":""},{"lang":"hi-IN","name":"आकाश","nameA":""},{"lang":"th-TH","name":"ท้องฟ้า","nameA":""},{"lang":"tr-TR","name":"Gökyüzü","nameA":""},{"lang":"pt-BR","name":"Céu","nameA":""},{"lang":"de-DE","name":"Himmel","nameA":""},{"lang":"id-ID","name":"Langit","nameA":""},{"lang":"fr-FR","name":"Ciel","nameA":""}]},{"id":0,"name":"try","transcription":"[traɪ]","nameA":"","image":" ","bg":"transparent","nameAnswer":"","translates":[{"lang":"ru-RU","name":"Пробовать","nameA":""},{"lang":"vi-VN","name":"Thử","nameA":""},{"lang":"zh-CN","name":"尝试","nameA":""},{"lang":"hi-IN","name":"कोशिश","nameA":""},{"lang":"th-TH","name":"ลอง","nameA":""},{"lang":"tr-TR","name":"Denemek","nameA":""},{"lang":"pt-BR","name":"Tentar","nameA":""},{"lang":"de-DE","name":"Versuchen","nameA":""},{"lang":"id-ID","name":"Mencoba","nameA":""},{"lang":"fr-FR","name":"Essayer","nameA":""}]},{"id":0,"name":"why","transcription":"[waɪ]","nameA":"","image":" ","bg":"transparent","nameAnswer":"","translates":[{"lang":"ru-RU","name":"Почему","nameA":""},{"lang":"vi-VN","name":"Tại sao","nameA":""},{"lang":"zh-CN","name":"为什么","nameA":""},{"lang":"hi-IN","name":"क्यों","nameA":""},{"lang":"th-TH","name":"ทำไม","nameA":""},{"lang":"tr-TR","name":"Neden","nameA":""},{"lang":"pt-BR","name":"Por que","nameA":""},{"lang":"de-DE","name":"Warum","nameA":""},{"lang":"id-ID","name":"Mengapa","nameA":""},{"lang":"fr-FR","name":"Pourquoi","nameA":""}]},{"id":0,"name":"lie","transcription":"[laɪ]","nameA":"","image":" ","bg":"transparent","nameAnswer":"","translates":[{"lang":"ru-RU","name":"Ложь","nameA":""},{"lang":"vi-VN","name":"Nói dối","nameA":""},{"lang":"zh-CN","name":"谎言","nameA":""},{"lang":"hi-IN","name":"झूठ","nameA":""},{"lang":"th-TH","name":"โกหก","nameA":""},{"lang":"tr-TR","name":"Yalan","nameA":""},{"lang":"pt-BR","name":"Mentira","nameA":""},{"lang":"de-DE","name":"Lüge","nameA":""},{"lang":"id-ID","name":"Berbohong","nameA":""},{"lang":"fr-FR","name":"Mensonge","nameA":""}]},{"id":0,"name":"pie","transcription":"[paɪ]","nameA":"","image":"/img/dict/food/pie.png","bg":"transparent","nameAnswer":"","translates":[{"lang":"ru-RU","name":"Пирог","nameA":""},{"lang":"vi-VN","name":"Bánh","nameA":""},{"lang":"zh-CN","name":"馅饼","nameA":""},{"lang":"hi-IN","name":"पाई","nameA":""},{"lang":"th-TH","name":"พาย","nameA":""},{"lang":"tr-TR","name":"Turta","nameA":""},{"lang":"pt-BR","name":"Torta","nameA":""},{"lang":"de-DE","name":"Kuchen","nameA":""},{"lang":"id-ID","name":"Pai","nameA":""},{"lang":"fr-FR","name":"Tarte","nameA":""}]},{"id":0,"name":"tie","transcription":"[taɪ]","nameA":"","image":" ","bg":"transparent","nameAnswer":"","translates":[{"lang":"ru-RU","name":"Галстук","nameA":""},{"lang":"vi-VN","name":"Cà vạt","nameA":""},{"lang":"zh-CN","name":"领带","nameA":""},{"lang":"hi-IN","name":"टाई","nameA":""},{"lang":"th-TH","name":"เนคไท","nameA":""},{"lang":"tr-TR","name":"Kravat","nameA":""},{"lang":"pt-BR","name":"Gravata","nameA":""},{"lang":"de-DE","name":"Krawatte","nameA":""},{"lang":"id-ID","name":"Dasi","nameA":""},{"lang":"fr-FR","name":"Cravate","nameA":""}]},{"id":0,"name":"behind","transcription":"[bɪˈhaɪnd]","nameA":"","image":" ","bg":"transparent","nameAnswer":"","translates":[{"lang":"ru-RU","name":"Позади","nameA":""},{"lang":"vi-VN","name":"Đằng sau","nameA":""},{"lang":"zh-CN","name":"后面","nameA":""},{"lang":"hi-IN","name":"पीछे","nameA":""},{"lang":"th-TH","name":"ข้างหลัง","nameA":""},{"lang":"tr-TR","name":"Arkasında","nameA":""},{"lang":"pt-BR","name":"Atrás","nameA":""},{"lang":"de-DE","name":"Hinter","nameA":""},{"lang":"id-ID","name":"Di belakang","nameA":""},{"lang":"fr-FR","name":"Derrière","nameA":""}]},{"id":0,"name":"child","transcription":"[tʃaɪld]","nameA":"","image":" ","bg":"transparent","nameAnswer":"","translates":[{"lang":"ru-RU","name":"Ребенок","nameA":""},{"lang":"vi-VN","name":"Trẻ em","nameA":""},{"lang":"zh-CN","name":"孩子","nameA":""},{"lang":"hi-IN","name":"बच्चा","nameA":""},{"lang":"th-TH","name":"เด็ก","nameA":""},{"lang":"tr-TR","name":"Çocuk","nameA":""},{"lang":"pt-BR","name":"Criança","nameA":""},{"lang":"de-DE","name":"Kind","nameA":""},{"lang":"id-ID","name":"Anak","nameA":""},{"lang":"fr-FR","name":"Enfant","nameA":""}]},{"id":0,"name":"find","transcription":"[faɪnd]","nameA":"","image":" ","bg":"transparent","nameAnswer":"","translates":[{"lang":"ru-RU","name":"Найти","nameA":""},{"lang":"vi-VN","name":"Tìm","nameA":""},{"lang":"zh-CN","name":"找到","nameA":""},{"lang":"hi-IN","name":"खोज","nameA":""},{"lang":"th-TH","name":"หา","nameA":""},{"lang":"tr-TR","name":"Bulmak","nameA":""},{"lang":"pt-BR","name":"Encontrar","nameA":""},{"lang":"de-DE","name":"Finden","nameA":""},{"lang":"id-ID","name":"Menemukan","nameA":""},{"lang":"fr-FR","name":"Trouver","nameA":""}]},{"id":0,"name":"mild","transcription":"[maɪld]","nameA":"","image":" ","bg":"transparent","nameAnswer":"","translates":[{"lang":"ru-RU","name":"Мягкий","nameA":""},{"lang":"vi-VN","name":"Nhẹ","nameA":""},{"lang":"zh-CN","name":"温和","nameA":""},{"lang":"hi-IN","name":"हल्का","nameA":""},{"lang":"th-TH","name":"อ่อน","nameA":""},{"lang":"tr-TR","name":"Hafif","nameA":""},{"lang":"pt-BR","name":"Suave","nameA":""},{"lang":"de-DE","name":"Mild","nameA":""},{"lang":"id-ID","name":"Ringan","nameA":""},{"lang":"fr-FR","name":"Doux","nameA":""}]},{"id":0,"name":"mind","transcription":"[maɪnd]","nameA":"","image":" ","bg":"transparent","nameAnswer":"","translates":[{"lang":"ru-RU","name":"Ум","nameA":""},{"lang":"vi-VN","name":"Tâm trí","nameA":""},{"lang":"zh-CN","name":"头脑","nameA":""},{"lang":"hi-IN","name":"मन","nameA":""},{"lang":"th-TH","name":"ใจ","nameA":""},{"lang":"tr-TR","name":"Zihin","nameA":""},{"lang":"pt-BR","name":"Mente","nameA":""},{"lang":"de-DE","name":"Geist","nameA":""},{"lang":"id-ID","name":"Pikiran","nameA":""},{"lang":"fr-FR","name":"Esprit","nameA":""}]},{"id":0,"name":"minus","transcription":"[ˈmaɪnəs]","nameA":"","image":" ","bg":"transparent","nameAnswer":"","translates":[{"lang":"ru-RU","name":"Минус","nameA":""},{"lang":"vi-VN","name":"Trừ","nameA":""},{"lang":"zh-CN","name":"减","nameA":""},{"lang":"hi-IN","name":"ऋण","nameA":""},{"lang":"th-TH","name":"ลบ","nameA":""},{"lang":"tr-TR","name":"Eksi","nameA":""},{"lang":"pt-BR","name":"Menos","nameA":""},{"lang":"de-DE","name":"Minus","nameA":""},{"lang":"id-ID","name":"Minus","nameA":""},{"lang":"fr-FR","name":"Moins","nameA":""}]},{"id":0,"name":"rewind","transcription":"[riˈwaɪnd]","nameA":"","image":" ","bg":"transparent","nameAnswer":"","translates":[{"lang":"ru-RU","name":"Перемотать","nameA":""},{"lang":"vi-VN","name":"Tua lại","nameA":""},{"lang":"zh-CN","name":"倒带","nameA":""},{"lang":"hi-IN","name":"रिवाइंड","nameA":""},{"lang":"th-TH","name":"ย้อนกลับ","nameA":""},{"lang":"tr-TR","name":"Geri sarma","nameA":""},{"lang":"pt-BR","name":"Rebobinar","nameA":""},{"lang":"de-DE","name":"Zurückspulen","nameA":""},{"lang":"id-ID","name":"Putar ulang","nameA":""},{"lang":"fr-FR","name":"Rembobiner","nameA":""}]},{"id":0,"name":"wild","transcription":"[waɪld]","nameA":"","image":" ","bg":"transparent","nameAnswer":"","translates":[{"lang":"ru-RU","name":"Дикий","nameA":""},{"lang":"vi-VN","name":"Hoang dã","nameA":""},{"lang":"zh-CN","name":"野生","nameA":""},{"lang":"hi-IN","name":"जंगली","nameA":""},{"lang":"th-TH","name":"ป่า","nameA":""},{"lang":"tr-TR","name":"Vahşi","nameA":""},{"lang":"pt-BR","name":"Selvagem","nameA":""},{"lang":"de-DE","name":"Wild","nameA":""},{"lang":"id-ID","name":"Liar","nameA":""},{"lang":"fr-FR","name":"Sauvage","nameA":""}]},{"id":0,"name":"ice","transcription":"[aɪs]","nameA":"","image":"/img/dict/weather/ice.png","bg":"transparent","nameAnswer":"","translates":[{"lang":"ru-RU","name":"Лед","nameA":""},{"lang":"vi-VN","name":"Băng","nameA":""},{"lang":"zh-CN","name":"冰","nameA":""},{"lang":"hi-IN","name":"बर्फ","nameA":""},{"lang":"th-TH","name":"น้ำแข็ง","nameA":""},{"lang":"tr-TR","name":"Buz","nameA":""},{"lang":"pt-BR","name":"Gelo","nameA":""},{"lang":"de-DE","name":"Eis","nameA":""},{"lang":"id-ID","name":"Es","nameA":""},{"lang":"fr-FR","name":"Glace","nameA":""}]},{"id":0,"name":"drive","transcription":"[draɪv]","nameA":"","image":" ","bg":"transparent","nameAnswer":"","translates":[{"lang":"ru-RU","name":"Водить","nameA":""},{"lang":"vi-VN","name":"Lái xe","nameA":""},{"lang":"zh-CN","name":"驾驶","nameA":""},{"lang":"hi-IN","name":"ड्राइव","nameA":""},{"lang":"th-TH","name":"ขับรถ","nameA":""},{"lang":"tr-TR","name":"Sürmek","nameA":""},{"lang":"pt-BR","name":"Dirigir","nameA":""},{"lang":"de-DE","name":"Fahren","nameA":""},{"lang":"id-ID","name":"Mengemudi","nameA":""},{"lang":"fr-FR","name":"Conduire","nameA":""}]},{"id":0,"name":"mile","transcription":"[maɪl]","nameA":"","image":" ","bg":"transparent","nameAnswer":"","translates":[{"lang":"ru-RU","name":"Миля","nameA":""},{"lang":"vi-VN","name":"Dặm","nameA":""},{"lang":"zh-CN","name":"英里","nameA":""},{"lang":"hi-IN","name":"मील","nameA":""},{"lang":"th-TH","name":"ไมล์","nameA":""},{"lang":"tr-TR","name":"Mil","nameA":""},{"lang":"pt-BR","name":"Milha","nameA":""},{"lang":"de-DE","name":"Meile","nameA":""},{"lang":"id-ID","name":"Mil","nameA":""},{"lang":"fr-FR","name":"Mile","nameA":""}]},{"id":0,"name":"mime","transcription":"[maɪm]","nameA":"","image":" ","bg":"transparent","nameAnswer":"","translates":[{"lang":"ru-RU","name":"Мимика","nameA":""},{"lang":"vi-VN","name":"Diễn xuất","nameA":""},{"lang":"zh-CN","name":"哑剧","nameA":""},{"lang":"hi-IN","name":"माइम","nameA":""},{"lang":"th-TH","name":"การแสดงใบ้","nameA":""},{"lang":"tr-TR","name":"Pandomim","nameA":""},{"lang":"pt-BR","name":"Mímica","nameA":""},{"lang":"de-DE","name":"Mimik","nameA":""},{"lang":"id-ID","name":"Mimik","nameA":""},{"lang":"fr-FR","name":"Mime","nameA":""}]},{"id":0,"name":"mine","transcription":"[maɪn]","nameA":"","image":" ","bg":"transparent","nameAnswer":"","translates":[{"lang":"ru-RU","name":"Мой","nameA":""},{"lang":"vi-VN","name":"Của tôi","nameA":""},{"lang":"zh-CN","name":"我的","nameA":""},{"lang":"hi-IN","name":"मेरा","nameA":""},{"lang":"th-TH","name":"ของฉัน","nameA":""},{"lang":"tr-TR","name":"Benim","nameA":""},{"lang":"pt-BR","name":"Meu","nameA":""},{"lang":"de-DE","name":"Mein","nameA":""},{"lang":"id-ID","name":"Saya","nameA":""},{"lang":"fr-FR","name":"Mien","nameA":""}]},{"id":0,"name":"pile","transcription":"[paɪl]","nameA":"","image":" ","bg":"transparent","nameAnswer":"","translates":[{"lang":"ru-RU","name":"Куча","nameA":""},{"lang":"vi-VN","name":"Đống","nameA":""},{"lang":"zh-CN","name":"堆","nameA":""},{"lang":"hi-IN","name":"ढेर","nameA":""},{"lang":"th-TH","name":"กอง","nameA":""},{"lang":"tr-TR","name":"Yığın","nameA":""},{"lang":"pt-BR","name":"Pilha","nameA":""},{"lang":"de-DE","name":"Haufen","nameA":""},{"lang":"id-ID","name":"Tumpukan","nameA":""},{"lang":"fr-FR","name":"Pile","nameA":""}]},{"id":0,"name":"ride","transcription":"[raɪd]","nameA":"","image":" ","bg":"transparent","nameAnswer":"","translates":[{"lang":"ru-RU","name":"Ездить","nameA":""},{"lang":"vi-VN","name":"Đi xe","nameA":""},{"lang":"zh-CN","name":"骑","nameA":""},{"lang":"hi-IN","name":"सवारी","nameA":""},{"lang":"th-TH","name":"ขี่","nameA":""},{"lang":"tr-TR","name":"Binmek","nameA":""},{"lang":"pt-BR","name":"Andar","nameA":""},{"lang":"de-DE","name":"Reiten","nameA":""},{"lang":"id-ID","name":"Mengendarai","nameA":""},{"lang":"fr-FR","name":"Rouler","nameA":""}]},{"id":0,"name":"smile","transcription":"[smaɪl]","nameA":"","image":"/img/dict/emoji/smile.png","bg":"transparent","nameAnswer":"","translates":[{"lang":"ru-RU","name":"Улыбка","nameA":""},{"lang":"vi-VN","name":"Nụ cười","nameA":""},{"lang":"zh-CN","name":"微笑","nameA":""},{"lang":"hi-IN","name":"मुस्कान","nameA":""},{"lang":"th-TH","name":"ยิ้ม","nameA":""},{"lang":"tr-TR","name":"Gülümseme","nameA":""},{"lang":"pt-BR","name":"Sorriso","nameA":""},{"lang":"de-DE","name":"Lächeln","nameA":""},{"lang":"id-ID","name":"Senyum","nameA":""},{"lang":"fr-FR","name":"Sourire","nameA":""}]},{"id":0,"name":"tide","transcription":"[taɪd]","nameA":"","image":" ","bg":"transparent","nameAnswer":"","translates":[{"lang":"ru-RU","name":"Прилив","nameA":""},{"lang":"vi-VN","name":"Thủy triều","nameA":""},{"lang":"zh-CN","name":"潮汐","nameA":""},{"lang":"hi-IN","name":"ज्वार","nameA":""},{"lang":"th-TH","name":"น้ำขึ้นน้ำลง","nameA":""},{"lang":"tr-TR","name":"Gelgit","nameA":""},{"lang":"pt-BR","name":"Maré","nameA":""},{"lang":"de-DE","name":"Gezeiten","nameA":""},{"lang":"id-ID","name":"Pasang","nameA":""},{"lang":"fr-FR","name":"Marée","nameA":""}]},{"id":0,"name":"time","transcription":"[taɪm]","nameA":"","image":" ","bg":"transparent","nameAnswer":"","translates":[{"lang":"ru-RU","name":"Время","nameA":""},{"lang":"vi-VN","name":"Thời gian","nameA":""},{"lang":"zh-CN","name":"时间","nameA":""},{"lang":"hi-IN","name":"समय","nameA":""},{"lang":"th-TH","name":"เวลา","nameA":""},{"lang":"tr-TR","name":"Zaman","nameA":""},{"lang":"pt-BR","name":"Tempo","nameA":""},{"lang":"de-DE","name":"Zeit","nameA":""},{"lang":"id-ID","name":"Waktu","nameA":""},{"lang":"fr-FR","name":"Temps","nameA":""}]},{"id":0,"name":"twice","transcription":"[twaɪs]","nameA":"","image":" ","bg":"transparent","nameAnswer":"","translates":[{"lang":"ru-RU","name":"Дважды","nameA":""},{"lang":"vi-VN","name":"Hai lần","nameA":""},{"lang":"zh-CN","name":"两次","nameA":""},{"lang":"hi-IN","name":"दो बार","nameA":""},{"lang":"th-TH","name":"สองครั้ง","nameA":""},{"lang":"tr-TR","name":"İki kez","nameA":""},{"lang":"pt-BR","name":"Duas vezes","nameA":""},{"lang":"de-DE","name":"Zweimal","nameA":""},{"lang":"id-ID","name":"Dua kali","nameA":""},{"lang":"fr-FR","name":"Deux fois","nameA":""}]},{"id":0,"name":"while","transcription":"[waɪl]","nameA":"","image":" ","bg":"transparent","nameAnswer":"","translates":[{"lang":"ru-RU","name":"Пока","nameA":""},{"lang":"vi-VN","name":"Trong khi","nameA":""},{"lang":"zh-CN","name":"当","nameA":""},{"lang":"hi-IN","name":"जबकि","nameA":""},{"lang":"th-TH","name":"ในขณะที่","nameA":""},{"lang":"tr-TR","name":"İken","nameA":""},{"lang":"pt-BR","name":"Enquanto","nameA":""},{"lang":"de-DE","name":"Während","nameA":""},{"lang":"id-ID","name":"Sementara","nameA":""},{"lang":"fr-FR","name":"Pendant","nameA":""}]},{"id":0,"name":"white","transcription":"[waɪt]","nameA":"","image":"/img/dict/colors/white.png","bg":"transparent","nameAnswer":"","translates":[{"lang":"ru-RU","name":"Белый","nameA":""},{"lang":"vi-VN","name":"Trắng","nameA":""},{"lang":"zh-CN","name":"白色","nameA":""},{"lang":"hi-IN","name":"सफेद","nameA":""},{"lang":"th-TH","name":"สีขาว","nameA":""},{"lang":"tr-TR","name":"Beyaz","nameA":""},{"lang":"pt-BR","name":"Branco","nameA":""},{"lang":"de-DE","name":"Weiß","nameA":""},{"lang":"id-ID","name":"Putih","nameA":""},{"lang":"fr-FR","name":"Blanc","nameA":""}]}]}