{
  "name": "Phonics /th/ (unvoiced)",
  "nameA": null,
  "img": null,
  "minQuiz": null,
  "isRandom": false,
  "isBlur": false,
  "isUpper": true,
  "isByWords": false,
  "isForAdult": false,
  "separator": "",
  "numWords": 27,
  "tags": null,
  "Translations": [
    {
      "lang": "ru-RU",
      "name": "Алфавит",
      "nameA": null
    }
  ],
  "items": [
    {
      "id": 0,
      "name": "thank",
      "transcription": "[θæŋk]",
      "nameA": "",
      "image": " ",
      "bg": "transparent",
      "nameAnswer": null,
      "translates": [
        {
          "lang": "ru-RU",
          "name": "Благодарить",
          "nameA": null
        }
      ]
    },
    {
      "id": 0,
      "name": "theatre",
      "transcription": "[ˈθiətər]",
      "nameA": "",
      "image": " ",
      "bg": "transparent",
      "nameAnswer": null,
      "translates": [
        {
          "lang": "ru-RU",
          "name": "Театр",
          "nameA": null
        }
      ]
    },
    {
      "id": 0,
      "name": "thick",
      "transcription": "[θɪk]",
      "nameA": "",
      "image": " ",
      "bg": "transparent",
      "nameAnswer": null,
      "translates": [
        {
          "lang": "ru-RU",
          "name": "Толстый",
          "nameA": null
        }
      ]
    },
    {
      "id": 0,
      "name": "thief",
      "transcription": "[θiːf]",
      "nameA": "",
      "image": " ",
      "bg": "transparent",
      "nameAnswer": null,
      "translates": [
        {
          "lang": "ru-RU",
          "name": "Вор",
          "nameA": null
        }
      ]
    },
    {
      "id": 0,
      "name": "thin",
      "transcription": "[θɪn]",
      "nameA": "",
      "image": " ",
      "bg": "transparent",
      "nameAnswer": null,
      "translates": [
        {
          "lang": "ru-RU",
          "name": "Тонкий",
          "nameA": null
        }
      ]
    },
    {
      "id": 0,
      "name": "thing",
      "transcription": "[θɪŋ]",
      "nameA": "",
      "image": " ",
      "bg": "transparent",
      "nameAnswer": null,
      "translates": [
        {
          "lang": "ru-RU",
          "name": "Вещь",
          "nameA": null
        }
      ]
    },
    {
      "id": 0,
      "name": "think",
      "transcription": "[θɪŋk]",
      "nameA": "",
      "image": " ",
      "bg": "transparent",
      "nameAnswer": null,
      "translates": [
        {
          "lang": "ru-RU",
          "name": "Думать",
          "nameA": null
        }
      ]
    },
    {
      "id": 0,
      "name": "third",
      "transcription": "[θɜːrd]",
      "nameA": "",
      "image": " ",
      "bg": "transparent",
      "nameAnswer": null,
      "translates": [
        {
          "lang": "ru-RU",
          "name": "Третий",
          "nameA": null
        }
      ]
    },
    {
      "id": 0,
      "name": "thirsty",
      "transcription": "[ˈθɜːrsti]",
      "nameA": "",
      "image": " ",
      "bg": "transparent",
      "nameAnswer": null,
      "translates": [
        {
          "lang": "ru-RU",
          "name": "Жаждущий",
          "nameA": null
        }
      ]
    },
    {
      "id": 0,
      "name": "thistle",
      "transcription": "[ˈθɪsəl]",
      "nameA": "",
      "image": " ",
      "bg": "transparent",
      "nameAnswer": null,
      "translates": [
        {
          "lang": "ru-RU",
          "name": "Чертополох",
          "nameA": null
        }
      ]
    },
    {
      "id": 0,
      "name": "thorn",
      "transcription": "[θɔːrn]",
      "nameA": "",
      "image": " ",
      "bg": "transparent",
      "nameAnswer": null,
      "translates": [
        {
          "lang": "ru-RU",
          "name": "Шип",
          "nameA": null
        }
      ]
    },
    {
      "id": 0,
      "name": "thought",
      "transcription": "[θɔːt]",
      "nameA": "",
      "image": " ",
      "bg": "transparent",
      "nameAnswer": null,
      "translates": [
        {
          "lang": "ru-RU",
          "name": "Мысль",
          "nameA": null
        }
      ]
    },
    {
      "id": 0,
      "name": "thread",
      "transcription": "[θrɛd]",
      "nameA": "",
      "image": " ",
      "bg": "transparent",
      "nameAnswer": null,
      "translates": [
        {
          "lang": "ru-RU",
          "name": "Нить",
          "nameA": null
        }
      ]
    },
    {
      "id": 0,
      "name": "three",
      "transcription": "[θriː]",
      "nameA": "",
      "image": " ",
      "bg": "transparent",
      "nameAnswer": null,
      "translates": [
        {
          "lang": "ru-RU",
          "name": "Три",
          "nameA": null
        }
      ]
    },
    {
      "id": 0,
      "name": "throat",
      "transcription": "[θroʊt]",
      "nameA": "",
      "image": "/img/dict/body/throat.png",
      "bg": "transparent",
      "nameAnswer": null,
      "translates": [
        {
          "lang": "ru-RU",
          "name": "Горло",
          "nameA": null
        }
      ]
    },
    {
      "id": 0,
      "name": "through",
      "transcription": "[θruː]",
      "nameA": "",
      "image": " ",
      "bg": "transparent",
      "nameAnswer": null,
      "translates": [
        {
          "lang": "ru-RU",
          "name": "Через",
          "nameA": null
        }
      ]
    },
    {
      "id": 0,
      "name": "throw",
      "transcription": "[θroʊ]",
      "nameA": "",
      "image": " ",
      "bg": "transparent",
      "nameAnswer": null,
      "translates": [
        {
          "lang": "ru-RU",
          "name": "Бросать",
          "nameA": null
        }
      ]
    },
    {
      "id": 0,
      "name": "thumb",
      "transcription": "[θʌm]",
      "nameA": "",
      "image": " ",
      "bg": "transparent",
      "nameAnswer": null,
      "translates": [
        {
          "lang": "ru-RU",
          "name": "Большой палец",
          "nameA": null
        }
      ]
    },
    {
      "id": 0,
      "name": "thunder",
      "transcription": "[ˈθʌndər]",
      "nameA": "",
      "image": " ",
      "bg": "transparent",
      "nameAnswer": null,
      "translates": [
        {
          "lang": "ru-RU",
          "name": "Гром",
          "nameA": null
        }
      ]
    },
    {
      "id": 0,
      "name": "bathroom",
      "transcription": "[ˈbæθruːm]",
      "nameA": "",
      "image": "/img/dict/home/bathroom.png",
      "bg": "transparent",
      "nameAnswer": null,
      "translates": [
        {
          "lang": "ru-RU",
          "name": "Ванная",
          "nameA": null
        }
      ]
    },
    {
      "id": 0,
      "name": "bath",
      "transcription": "[bæθ]",
      "nameA": "",
      "image": "/img/dict/home/bath.png",
      "bg": "transparent",
      "nameAnswer": null,
      "translates": [
        {
          "lang": "ru-RU",
          "name": "Ванна",
          "nameA": null
        }
      ]
    },
    {
      "id": 0,
      "name": "breath",
      "transcription": "[brɛθ]",
      "nameA": "",
      "image": " ",
      "bg": "transparent",
      "nameAnswer": null,
      "translates": [
        {
          "lang": "ru-RU",
          "name": "Дыхание",
          "nameA": null
        }
      ]
    },
    {
      "id": 0,
      "name": "math",
      "transcription": "[mæθ]",
      "nameA": "",
      "image": " ",
      "bg": "transparent",
      "nameAnswer": null,
      "translates": [
        {
          "lang": "ru-RU",
          "name": "Математика",
          "nameA": null
        }
      ]
    },
    {
      "id": 0,
      "name": "moth",
      "transcription": "[mɔθ]",
      "nameA": "",
      "image": "/img/dict/animals/moth.png",
      "bg": "transparent",
      "nameAnswer": null,
      "translates": [
        {
          "lang": "ru-RU",
          "name": "Моль",
          "nameA": null
        }
      ]
    },
    {
      "id": 0,
      "name": "north",
      "transcription": "[nɔːrθ]",
      "nameA": "",
      "image": " ",
      "bg": "transparent",
      "nameAnswer": null,
      "translates": [
        {
          "lang": "ru-RU",
          "name": "Север",
          "nameA": null
        }
      ]
    },
    {
      "id": 0,
      "name": "south",
      "transcription": "[saʊθ]",
      "nameA": "",
      "image": " ",
      "bg": "transparent",
      "nameAnswer": null,
      "translates": [
        {
          "lang": "ru-RU",
          "name": "Юг",
          "nameA": null
        }
      ]
    },
    {
      "id": 0,
      "name": "tooth",
      "transcription": "[tuːθ]",
      "nameA": "",
      "image": " ",
      "bg": "transparent",
      "nameAnswer": null,
      "translates": [
        {
          "lang": "ru-RU",
          "name": "Зуб",
          "nameA": null
        }
      ]
    }
  ]
}