{
  "name": "Phonics /ch/",
  "nameA": null,
  "img": null,
  "minQuiz": null,
  "isRandom": false,
  "isBlur": false,
  "isUpper": true,
  "isByWords": false,
  "isForAdult": false,
  "separator": "",
  "numWords": 43,
  "tags": null,
  "Translations": [
    {
      "lang": "ru-RU",
      "name": "Алфавит",
      "nameA": null
    }
  ],
  "items": [
    {
      "id": 0,
      "name": "chain",
      "transcription": "[tʃeɪn]",
      "nameA": "",
      "image": " ",
      "bg": "transparent",
      "nameAnswer": null,
      "translates": [
        {
          "lang": "ru-RU",
          "name": "Цепь",
          "nameA": null
        }
      ]
    },
    {
      "id": 0,
      "name": "chair",
      "transcription": "[tʃɛr]",
      "nameA": "",
      "image": "/img/dict/classroom/chair.png",
      "bg": "transparent",
      "nameAnswer": null,
      "translates": [
        {
          "lang": "ru-RU",
          "name": "Стул",
          "nameA": null
        }
      ]
    },
    {
      "id": 0,
      "name": "chalk",
      "transcription": "[tʃɔk]",
      "nameA": "",
      "image": "/img/dict/classroom/chalk.png",
      "bg": "transparent",
      "nameAnswer": null,
      "translates": [
        {
          "lang": "ru-RU",
          "name": "Мел",
          "nameA": null
        }
      ]
    },
    {
      "id": 0,
      "name": "challenge",
      "transcription": "[ˈtʃæləndʒ]",
      "nameA": "",
      "image": " ",
      "bg": "transparent",
      "nameAnswer": null,
      "translates": [
        {
          "lang": "ru-RU",
          "name": "Вызов",
          "nameA": null
        }
      ]
    },
    {
      "id": 0,
      "name": "change",
      "transcription": "[tʃeɪndʒ]",
      "nameA": "",
      "image": " ",
      "bg": "transparent",
      "nameAnswer": null,
      "translates": [
        {
          "lang": "ru-RU",
          "name": "Менять",
          "nameA": null
        }
      ]
    },
    {
      "id": 0,
      "name": "chapter",
      "transcription": "[ˈtʃæptər]",
      "nameA": "",
      "image": " ",
      "bg": "transparent",
      "nameAnswer": null,
      "translates": [
        {
          "lang": "ru-RU",
          "name": "Глава",
          "nameA": null
        }
      ]
    },
    {
      "id": 0,
      "name": "charge",
      "transcription": "[tʃɑrdʒ]",
      "nameA": "",
      "image": " ",
      "bg": "transparent",
      "nameAnswer": null,
      "translates": [
        {
          "lang": "ru-RU",
          "name": "Заряд",
          "nameA": null
        }
      ]
    },
    {
      "id": 0,
      "name": "chase",
      "transcription": "[tʃeɪs]",
      "nameA": "",
      "image": " ",
      "bg": "transparent",
      "nameAnswer": null,
      "translates": [
        {
          "lang": "ru-RU",
          "name": "Преследовать",
          "nameA": null
        }
      ]
    },
    {
      "id": 0,
      "name": "cheap",
      "transcription": "[tʃiːp]",
      "nameA": "",
      "image": " ",
      "bg": "transparent",
      "nameAnswer": null,
      "translates": [
        {
          "lang": "ru-RU",
          "name": "Дешевый",
          "nameA": null
        }
      ]
    },
    {
      "id": 0,
      "name": "check",
      "transcription": "[tʃɛk]",
      "nameA": "",
      "image": " ",
      "bg": "transparent",
      "nameAnswer": null,
      "translates": [
        {
          "lang": "ru-RU",
          "name": "Проверять",
          "nameA": null
        }
      ]
    },
    {
      "id": 0,
      "name": "cheek",
      "transcription": "[tʃiːk]",
      "nameA": "",
      "image": "/img/dict/body/cheek.png",
      "bg": "transparent",
      "nameAnswer": null,
      "translates": [
        {
          "lang": "ru-RU",
          "name": "Щека",
          "nameA": null
        }
      ]
    },
    {
      "id": 0,
      "name": "cheer",
      "transcription": "[tʃɪr]",
      "nameA": "",
      "image": " ",
      "bg": "transparent",
      "nameAnswer": null,
      "translates": [
        {
          "lang": "ru-RU",
          "name": "Аплодисменты",
          "nameA": null
        }
      ]
    },
    {
      "id": 0,
      "name": "cheese",
      "transcription": "[tʃiːz]",
      "nameA": "",
      "image": "/img/dict/food/cheese.png",
      "bg": "transparent",
      "nameAnswer": null,
      "translates": [
        {
          "lang": "ru-RU",
          "name": "Сыр",
          "nameA": null
        }
      ]
    },
    {
      "id": 0,
      "name": "cherry",
      "transcription": "[ˈtʃɛri]",
      "nameA": "",
      "image": "/img/dict/food/cherry.png",
      "bg": "transparent",
      "nameAnswer": null,
      "translates": [
        {
          "lang": "ru-RU",
          "name": "Вишня",
          "nameA": null
        }
      ]
    },
    {
      "id": 0,
      "name": "chess",
      "transcription": "[tʃɛs]",
      "nameA": "",
      "image": "/img/dict/sports/chess.png",
      "bg": "transparent",
      "nameAnswer": null,
      "translates": [
        {
          "lang": "ru-RU",
          "name": "Шахматы",
          "nameA": null
        }
      ]
    },
    {
      "id": 0,
      "name": "chest",
      "transcription": "[tʃɛst]",
      "nameA": "",
      "image": "/img/dict/home/chest.png",
      "bg": "transparent",
      "nameAnswer": null,
      "translates": [
        {
          "lang": "ru-RU",
          "name": "Грудь",
          "nameA": null
        }
      ]
    },
    {
      "id": 0,
      "name": "chestnut",
      "transcription": "[ˈtʃɛsˌnʌt]",
      "nameA": "",
      "image": "/img/dict/food/chestnut.png",
      "bg": "transparent",
      "nameAnswer": null,
      "translates": [
        {
          "lang": "ru-RU",
          "name": "Каштан",
          "nameA": null
        }
      ]
    },
    {
      "id": 0,
      "name": "chew",
      "transcription": "[tʃuː]",
      "nameA": "",
      "image": " ",
      "bg": "transparent",
      "nameAnswer": null,
      "translates": [
        {
          "lang": "ru-RU",
          "name": "Жевать",
          "nameA": null
        }
      ]
    },
    {
      "id": 0,
      "name": "chick",
      "transcription": "[tʃɪk]",
      "nameA": "",
      "image": " ",
      "bg": "transparent",
      "nameAnswer": null,
      "translates": [
        {
          "lang": "ru-RU",
          "name": "Цыпленок",
          "nameA": null
        }
      ]
    },
    {
      "id": 0,
      "name": "chicken",
      "transcription": "[ˈtʃɪkɪn]",
      "nameA": "",
      "image": "/img/dict/animals/chicken.png",
      "bg": "transparent",
      "nameAnswer": null,
      "translates": [
        {
          "lang": "ru-RU",
          "name": "Курица",
          "nameA": null
        }
      ]
    },
    {
      "id": 0,
      "name": "child",
      "transcription": "[tʃaɪld]",
      "nameA": "",
      "image": " ",
      "bg": "transparent",
      "nameAnswer": null,
      "translates": [
        {
          "lang": "ru-RU",
          "name": "Ребенок",
          "nameA": null
        }
      ]
    },
    {
      "id": 0,
      "name": "chimney",
      "transcription": "[ˈtʃɪmni]",
      "nameA": "",
      "image": "/img/dict/home/chimney.png",
      "bg": "transparent",
      "nameAnswer": null,
      "translates": [
        {
          "lang": "ru-RU",
          "name": "Дымоход",
          "nameA": null
        }
      ]
    },
    {
      "id": 0,
      "name": "chimpanzee",
      "transcription": "[ˌtʃɪmpənˈziː]",
      "nameA": "",
      "image": "/img/dict/animals/chimpanzee.png",
      "bg": "transparent",
      "nameAnswer": null,
      "translates": [
        {
          "lang": "ru-RU",
          "name": "Шимпанзе",
          "nameA": null
        }
      ]
    },
    {
      "id": 0,
      "name": "chin",
      "transcription": "[tʃɪn]",
      "nameA": "",
      "image": "/img/dict/body/chin.png",
      "bg": "transparent",
      "nameAnswer": null,
      "translates": [
        {
          "lang": "ru-RU",
          "name": "Подбородок",
          "nameA": null
        }
      ]
    },
    {
      "id": 0,
      "name": "chip",
      "transcription": "[tʃɪp]",
      "nameA": "",
      "image": " ",
      "bg": "transparent",
      "nameAnswer": null,
      "translates": [
        {
          "lang": "ru-RU",
          "name": "Чип",
          "nameA": null
        }
      ]
    },
    {
      "id": 0,
      "name": "chocolate",
      "transcription": "[ˈtʃɔkəlɪt]",
      "nameA": "",
      "image": "/img/dict/food/chocolate.png",
      "bg": "transparent",
      "nameAnswer": null,
      "translates": [
        {
          "lang": "ru-RU",
          "name": "Шоколад",
          "nameA": null
        }
      ]
    },
    {
      "id": 0,
      "name": "choose",
      "transcription": "[tʃuːz]",
      "nameA": "",
      "image": " ",
      "bg": "transparent",
      "nameAnswer": null,
      "translates": [
        {
          "lang": "ru-RU",
          "name": "Выбирать",
          "nameA": null
        }
      ]
    },
    {
      "id": 0,
      "name": "chop",
      "transcription": "[tʃɑp]",
      "nameA": "",
      "image": " ",
      "bg": "transparent",
      "nameAnswer": null,
      "translates": [
        {
          "lang": "ru-RU",
          "name": "Рубить",
          "nameA": null
        }
      ]
    },
    {
      "id": 0,
      "name": "clutch",
      "transcription": "[klʌtʃ]",
      "nameA": "",
      "image": " ",
      "bg": "transparent",
      "nameAnswer": null,
      "translates": [
        {
          "lang": "ru-RU",
          "name": "Сцепление",
          "nameA": null
        }
      ]
    },
    {
      "id": 0,
      "name": "hatch",
      "transcription": "[hætʃ]",
      "nameA": "",
      "image": " ",
      "bg": "transparent",
      "nameAnswer": null,
      "translates": [
        {
          "lang": "ru-RU",
          "name": "Люк",
          "nameA": null
        }
      ]
    },
    {
      "id": 0,
      "name": "pitch",
      "transcription": "[pɪtʃ]",
      "nameA": "",
      "image": " ",
      "bg": "transparent",
      "nameAnswer": null,
      "translates": [
        {
          "lang": "ru-RU",
          "name": "Подача",
          "nameA": null
        }
      ]
    },
    {
      "id": 0,
      "name": "stitch",
      "transcription": "[stɪtʃ]",
      "nameA": "",
      "image": " ",
      "bg": "transparent",
      "nameAnswer": null,
      "translates": [
        {
          "lang": "ru-RU",
          "name": "Стежок",
          "nameA": null
        }
      ]
    },
    {
      "id": 0,
      "name": "switch",
      "transcription": "[swɪtʃ]",
      "nameA": "",
      "image": " ",
      "bg": "transparent",
      "nameAnswer": null,
      "translates": [
        {
          "lang": "ru-RU",
          "name": "Переключатель",
          "nameA": null
        }
      ]
    },
    {
      "id": 0,
      "name": "much",
      "transcription": "[mʌtʃ]",
      "nameA": "",
      "image": " ",
      "bg": "transparent",
      "nameAnswer": null,
      "translates": [
        {
          "lang": "ru-RU",
          "name": "Много",
          "nameA": null
        }
      ]
    },
    {
      "id": 0,
      "name": "rich",
      "transcription": "[rɪtʃ]",
      "nameA": "",
      "image": " ",
      "bg": "transparent",
      "nameAnswer": null,
      "translates": [
        {
          "lang": "ru-RU",
          "name": "Богатый",
          "nameA": null
        }
      ]
    },
    {
      "id": 0,
      "name": "such",
      "transcription": "[sʌtʃ]",
      "nameA": "",
      "image": " ",
      "bg": "transparent",
      "nameAnswer": null,
      "translates": [
        {
          "lang": "ru-RU",
          "name": "Такой",
          "nameA": null
        }
      ]
    },
    {
      "id": 0,
      "name": "touch",
      "transcription": "[tʌtʃ]",
      "nameA": "",
      "image": " ",
      "bg": "transparent",
      "nameAnswer": null,
      "translates": [
        {
          "lang": "ru-RU",
          "name": "Касаться",
          "nameA": null
        }
      ]
    },
    {
      "id": 0,
      "name": "adventure",
      "transcription": "[ədˈvɛntʃər]",
      "nameA": "",
      "image": " ",
      "bg": "transparent",
      "nameAnswer": null,
      "translates": [
        {
          "lang": "ru-RU",
          "name": "Приключение",
          "nameA": null
        }
      ]
    },
    {
      "id": 0,
      "name": "future",
      "transcription": "[ˈfjuːtʃər]",
      "nameA": "",
      "image": " ",
      "bg": "transparent",
      "nameAnswer": null,
      "translates": [
        {
          "lang": "ru-RU",
          "name": "Будущее",
          "nameA": null
        }
      ]
    },
    {
      "id": 0,
      "name": "mixture",
      "transcription": "[ˈmɪkstʃər]",
      "nameA": "",
      "image": " ",
      "bg": "transparent",
      "nameAnswer": null,
      "translates": [
        {
          "lang": "ru-RU",
          "name": "Смесь",
          "nameA": null
        }
      ]
    },
    {
      "id": 0,
      "name": "picture",
      "transcription": "[ˈpɪktʃər]",
      "nameA": "",
      "image": "/img/dict/home/picture.png",
      "bg": "transparent",
      "nameAnswer": null,
      "translates": [
        {
          "lang": "ru-RU",
          "name": "Картина",
          "nameA": null
        }
      ]
    },
    {
      "id": 0,
      "name": "structure",
      "transcription": "[ˈstrʌktʃər]",
      "nameA": "",
      "image": " ",
      "bg": "transparent",
      "nameAnswer": null,
      "translates": [
        {
          "lang": "ru-RU",
          "name": "Структура",
          "nameA": null
        }
      ]
    },
    {
      "id": 0,
      "name": "furniture",
      "transcription": "[ˈfɜːrnɪtʃər]",
      "nameA": "",
      "image": "/img/dict/home/furniture.png",
      "bg": "transparent",
      "nameAnswer": null,
      "translates": [
        {
          "lang": "ru-RU",
          "name": "Мебель",
          "nameA": null
        }
      ]
    }
  ]
}