{"name":"Phonics /w/","nameA":"","img":"","isRandom":false,"isBlur":false,"isUpper":true,"isByWords":false,"isForAdult":false,"separator":"","numWords":49,"Translations":[{"lang":"ru-RU","name":"Алфавит","nameA":""},{"lang":"vi-VN","name":"Ngữ âm /w/","nameA":""},{"lang":"zh-CN","name":"语音 /w/","nameA":""},{"lang":"hi-IN","name":"ध्वनि /w/","nameA":""},{"lang":"th-TH","name":"เสียง /w/","nameA":""},{"lang":"tr-TR","name":"Fonetik /w/","nameA":""},{"lang":"pt-BR","name":"Fonética /w/","nameA":""},{"lang":"de-DE","name":"Phonik /w/","nameA":""},{"lang":"id-ID","name":"Fonik /w/","nameA":""},{"lang":"fr-FR","name":"Phonétique /w/","nameA":""}],"items":[{"id":0,"name":"wait","transcription":"[weɪt]","nameA":"","image":" ","bg":"transparent","nameAnswer":"","translates":[{"lang":"ru-RU","name":"Ждать","nameA":""},{"lang":"vi-VN","name":"Chờ","nameA":""},{"lang":"zh-CN","name":"等待","nameA":""},{"lang":"hi-IN","name":"इंतज़ार","nameA":""},{"lang":"th-TH","name":"รอ","nameA":""},{"lang":"tr-TR","name":"Beklemek","nameA":""},{"lang":"pt-BR","name":"Esperar","nameA":""},{"lang":"de-DE","name":"Warten","nameA":""},{"lang":"id-ID","name":"Menunggu","nameA":""},{"lang":"fr-FR","name":"Attendre","nameA":""}]},{"id":0,"name":"wake","transcription":"[weɪk]","nameA":"","image":" ","bg":"transparent","nameAnswer":"","translates":[{"lang":"ru-RU","name":"Просыпаться","nameA":""},{"lang":"vi-VN","name":"Thức dậy","nameA":""},{"lang":"zh-CN","name":"醒来","nameA":""},{"lang":"hi-IN","name":"जागना","nameA":""},{"lang":"th-TH","name":"ตื่น","nameA":""},{"lang":"tr-TR","name":"Uyanmak","nameA":""},{"lang":"pt-BR","name":"Acordar","nameA":""},{"lang":"de-DE","name":"Aufwachen","nameA":""},{"lang":"id-ID","name":"Bangun","nameA":""},{"lang":"fr-FR","name":"Réveiller","nameA":""}]},{"id":0,"name":"wall","transcription":"[wɔl]","nameA":"","image":"/img/dict/home/wall.png","bg":"transparent","nameAnswer":"","translates":[{"lang":"ru-RU","name":"Стена","nameA":""},{"lang":"vi-VN","name":"Bức tường","nameA":""},{"lang":"zh-CN","name":"墙","nameA":""},{"lang":"hi-IN","name":"दीवार","nameA":""},{"lang":"th-TH","name":"กำแพง","nameA":""},{"lang":"tr-TR","name":"Duvar","nameA":""},{"lang":"pt-BR","name":"Parede","nameA":""},{"lang":"de-DE","name":"Wand","nameA":""},{"lang":"id-ID","name":"Dinding","nameA":""},{"lang":"fr-FR","name":"Mur","nameA":""}]},{"id":0,"name":"want","transcription":"[wɑnt]","nameA":"","image":" ","bg":"transparent","nameAnswer":"","translates":[{"lang":"ru-RU","name":"Хотеть","nameA":""},{"lang":"vi-VN","name":"Muốn","nameA":""},{"lang":"zh-CN","name":"想要","nameA":""},{"lang":"hi-IN","name":"चाहना","nameA":""},{"lang":"th-TH","name":"ต้องการ","nameA":""},{"lang":"tr-TR","name":"İstemek","nameA":""},{"lang":"pt-BR","name":"Querer","nameA":""},{"lang":"de-DE","name":"Wollen","nameA":""},{"lang":"id-ID","name":"Ingin","nameA":""},{"lang":"fr-FR","name":"Vouloir","nameA":""}]},{"id":0,"name":"wash","transcription":"[wɑʃ]","nameA":"","image":"/img/dict/home/wash.png","bg":"transparent","nameAnswer":"","translates":[{"lang":"ru-RU","name":"Мыть","nameA":""},{"lang":"vi-VN","name":"Rửa","nameA":""},{"lang":"zh-CN","name":"洗","nameA":""},{"lang":"hi-IN","name":"धोना","nameA":""},{"lang":"th-TH","name":"ล้าง","nameA":""},{"lang":"tr-TR","name":"Yıkamak","nameA":""},{"lang":"pt-BR","name":"Lavar","nameA":""},{"lang":"de-DE","name":"Waschen","nameA":""},{"lang":"id-ID","name":"Mencuci","nameA":""},{"lang":"fr-FR","name":"Laver","nameA":""}]},{"id":0,"name":"wasp","transcription":"[wɑsp]","nameA":"","image":"/img/dict/animals/wasp.png","bg":"transparent","nameAnswer":"","translates":[{"lang":"ru-RU","name":"Оса","nameA":""},{"lang":"vi-VN","name":"Ong bắp cày","nameA":""},{"lang":"zh-CN","name":"黄蜂","nameA":""},{"lang":"hi-IN","name":"बर्र","nameA":""},{"lang":"th-TH","name":"ตัวต่อ","nameA":""},{"lang":"tr-TR","name":"Eşek arısı","nameA":""},{"lang":"pt-BR","name":"Vespa","nameA":""},{"lang":"de-DE","name":"Wespe","nameA":""},{"lang":"id-ID","name":"Tawon","nameA":""},{"lang":"fr-FR","name":"Guêpe","nameA":""}]},{"id":0,"name":"waste","transcription":"[weɪst]","nameA":"","image":" ","bg":"transparent","nameAnswer":"","translates":[{"lang":"ru-RU","name":"Отходы","nameA":""},{"lang":"vi-VN","name":"Chất thải","nameA":""},{"lang":"zh-CN","name":"废物","nameA":""},{"lang":"hi-IN","name":"कचरा","nameA":""},{"lang":"th-TH","name":"ขยะ","nameA":""},{"lang":"tr-TR","name":"Atık","nameA":""},{"lang":"pt-BR","name":"Desperdício","nameA":""},{"lang":"de-DE","name":"Abfall","nameA":""},{"lang":"id-ID","name":"Limbah","nameA":""},{"lang":"fr-FR","name":"Déchet","nameA":""}]},{"id":0,"name":"watch","transcription":"[wɑtʃ]","nameA":"","image":" ","bg":"transparent","nameAnswer":"","translates":[{"lang":"ru-RU","name":"Часы","nameA":""},{"lang":"vi-VN","name":"Đồng hồ","nameA":""},{"lang":"zh-CN","name":"手表","nameA":""},{"lang":"hi-IN","name":"घड़ी","nameA":""},{"lang":"th-TH","name":"นาฬิกา","nameA":""},{"lang":"tr-TR","name":"Saat","nameA":""},{"lang":"pt-BR","name":"Relógio","nameA":""},{"lang":"de-DE","name":"Uhr","nameA":""},{"lang":"id-ID","name":"Jam tangan","nameA":""},{"lang":"fr-FR","name":"Montre","nameA":""}]},{"id":0,"name":"wave","transcription":"[weɪv]","nameA":"","image":" ","bg":"transparent","nameAnswer":"","translates":[{"lang":"ru-RU","name":"Волна","nameA":""},{"lang":"vi-VN","name":"Sóng","nameA":""},{"lang":"zh-CN","name":"波浪","nameA":""},{"lang":"hi-IN","name":"लहर","nameA":""},{"lang":"th-TH","name":"คลื่น","nameA":""},{"lang":"tr-TR","name":"Dalga","nameA":""},{"lang":"pt-BR","name":"Onda","nameA":""},{"lang":"de-DE","name":"Welle","nameA":""},{"lang":"id-ID","name":"Gelombang","nameA":""},{"lang":"fr-FR","name":"Vague","nameA":""}]},{"id":0,"name":"way","transcription":"[weɪ]","nameA":"","image":" ","bg":"transparent","nameAnswer":"","translates":[{"lang":"ru-RU","name":"Путь","nameA":""},{"lang":"vi-VN","name":"Con đường","nameA":""},{"lang":"zh-CN","name":"道路","nameA":""},{"lang":"hi-IN","name":"रास्ता","nameA":""},{"lang":"th-TH","name":"ทาง","nameA":""},{"lang":"tr-TR","name":"Yol","nameA":""},{"lang":"pt-BR","name":"Caminho","nameA":""},{"lang":"de-DE","name":"Weg","nameA":""},{"lang":"id-ID","name":"Jalan","nameA":""},{"lang":"fr-FR","name":"Chemin","nameA":""}]},{"id":0,"name":"wear","transcription":"[wɛr]","nameA":"","image":" ","bg":"transparent","nameAnswer":"","translates":[{"lang":"ru-RU","name":"Носить","nameA":""},{"lang":"vi-VN","name":"Mặc","nameA":""},{"lang":"zh-CN","name":"穿","nameA":""},{"lang":"hi-IN","name":"पहनना","nameA":""},{"lang":"th-TH","name":"สวมใส่","nameA":""},{"lang":"tr-TR","name":"Giyinmek","nameA":""},{"lang":"pt-BR","name":"Vestir","nameA":""},{"lang":"de-DE","name":"Tragen","nameA":""},{"lang":"id-ID","name":"Memakai","nameA":""},{"lang":"fr-FR","name":"Porter","nameA":""}]},{"id":0,"name":"weather","transcription":"[ˈwɛðər]","nameA":"","image":" ","bg":"transparent","nameAnswer":"","translates":[{"lang":"ru-RU","name":"Погода","nameA":""},{"lang":"vi-VN","name":"Thời tiết","nameA":""},{"lang":"zh-CN","name":"天气","nameA":""},{"lang":"hi-IN","name":"मौसम","nameA":""},{"lang":"th-TH","name":"อากาศ","nameA":""},{"lang":"tr-TR","name":"Hava","nameA":""},{"lang":"pt-BR","name":"Tempo","nameA":""},{"lang":"de-DE","name":"Wetter","nameA":""},{"lang":"id-ID","name":"Cuaca","nameA":""},{"lang":"fr-FR","name":"Temps","nameA":""}]},{"id":0,"name":"web","transcription":"[wɛb]","nameA":"","image":" ","bg":"transparent","nameAnswer":"","translates":[{"lang":"ru-RU","name":"Паутина","nameA":""},{"lang":"vi-VN","name":"Mạng nhện","nameA":""},{"lang":"zh-CN","name":"网","nameA":""},{"lang":"hi-IN","name":"जाल","nameA":""},{"lang":"th-TH","name":"ใยแมงมุม","nameA":""},{"lang":"tr-TR","name":"Ağ","nameA":""},{"lang":"pt-BR","name":"Teia","nameA":""},{"lang":"de-DE","name":"Netz","nameA":""},{"lang":"id-ID","name":"Jaring","nameA":""},{"lang":"fr-FR","name":"Toile","nameA":""}]},{"id":0,"name":"week","transcription":"[wik]","nameA":"","image":" ","bg":"transparent","nameAnswer":"","translates":[{"lang":"ru-RU","name":"Неделя","nameA":""},{"lang":"vi-VN","name":"Tuần","nameA":""},{"lang":"zh-CN","name":"星期","nameA":""},{"lang":"hi-IN","name":"सप्ताह","nameA":""},{"lang":"th-TH","name":"สัปดาห์","nameA":""},{"lang":"tr-TR","name":"Hafta","nameA":""},{"lang":"pt-BR","name":"Semana","nameA":""},{"lang":"de-DE","name":"Woche","nameA":""},{"lang":"id-ID","name":"Minggu","nameA":""},{"lang":"fr-FR","name":"Semaine","nameA":""}]},{"id":0,"name":"weigh","transcription":"[weɪ]","nameA":"","image":" ","bg":"transparent","nameAnswer":"","translates":[{"lang":"ru-RU","name":"Взвешивать","nameA":""},{"lang":"vi-VN","name":"Cân","nameA":""},{"lang":"zh-CN","name":"称重","nameA":""},{"lang":"hi-IN","name":"तौलना","nameA":""},{"lang":"th-TH","name":"ชั่งน้ำหนัก","nameA":""},{"lang":"tr-TR","name":"Tartmak","nameA":""},{"lang":"pt-BR","name":"Pesar","nameA":""},{"lang":"de-DE","name":"Wiegen","nameA":""},{"lang":"id-ID","name":"Menimbang","nameA":""},{"lang":"fr-FR","name":"Peser","nameA":""}]},{"id":0,"name":"well","transcription":"[wɛl]","nameA":"","image":" ","bg":"transparent","nameAnswer":"","translates":[{"lang":"ru-RU","name":"Хорошо","nameA":""},{"lang":"vi-VN","name":"Tốt","nameA":""},{"lang":"zh-CN","name":"好","nameA":""},{"lang":"hi-IN","name":"अच्छा","nameA":""},{"lang":"th-TH","name":"ดี","nameA":""},{"lang":"tr-TR","name":"İyi","nameA":""},{"lang":"pt-BR","name":"Bem","nameA":""},{"lang":"de-DE","name":"Gut","nameA":""},{"lang":"id-ID","name":"Baik","nameA":""},{"lang":"fr-FR","name":"Bien","nameA":""}]},{"id":0,"name":"wet","transcription":"[wɛt]","nameA":"","image":" ","bg":"transparent","nameAnswer":"","translates":[{"lang":"ru-RU","name":"Мокрый","nameA":""},{"lang":"vi-VN","name":"Ướt","nameA":""},{"lang":"zh-CN","name":"湿的","nameA":""},{"lang":"hi-IN","name":"गीला","nameA":""},{"lang":"th-TH","name":"เปียก","nameA":""},{"lang":"tr-TR","name":"Islak","nameA":""},{"lang":"pt-BR","name":"Molhado","nameA":""},{"lang":"de-DE","name":"Nass","nameA":""},{"lang":"id-ID","name":"Basah","nameA":""},{"lang":"fr-FR","name":"Mouillé","nameA":""}]},{"id":0,"name":"wide","transcription":"[waɪd]","nameA":"","image":" ","bg":"transparent","nameAnswer":"","translates":[{"lang":"ru-RU","name":"Широкий","nameA":""},{"lang":"vi-VN","name":"Rộng","nameA":""},{"lang":"zh-CN","name":"宽的","nameA":""},{"lang":"hi-IN","name":"चौड़ा","nameA":""},{"lang":"th-TH","name":"กว้าง","nameA":""},{"lang":"tr-TR","name":"Geniş","nameA":""},{"lang":"pt-BR","name":"Largo","nameA":""},{"lang":"de-DE","name":"Breit","nameA":""},{"lang":"id-ID","name":"Lebar","nameA":""},{"lang":"fr-FR","name":"Large","nameA":""}]},{"id":0,"name":"wild","transcription":"[waɪld]","nameA":"","image":" ","bg":"transparent","nameAnswer":"","translates":[{"lang":"ru-RU","name":"Дикий","nameA":""},{"lang":"vi-VN","name":"Hoang dã","nameA":""},{"lang":"zh-CN","name":"野生的","nameA":""},{"lang":"hi-IN","name":"जंगली","nameA":""},{"lang":"th-TH","name":"ป่า","nameA":""},{"lang":"tr-TR","name":"Vahşi","nameA":""},{"lang":"pt-BR","name":"Selvagem","nameA":""},{"lang":"de-DE","name":"Wild","nameA":""},{"lang":"id-ID","name":"Liar","nameA":""},{"lang":"fr-FR","name":"Sauvage","nameA":""}]},{"id":0,"name":"will","transcription":"[wɪl]","nameA":"","image":" ","bg":"transparent","nameAnswer":"","translates":[{"lang":"ru-RU","name":"Воля","nameA":""},{"lang":"vi-VN","name":"Ý chí","nameA":""},{"lang":"zh-CN","name":"意志","nameA":""},{"lang":"hi-IN","name":"इच्छा","nameA":""},{"lang":"th-TH","name":"ความตั้งใจ","nameA":""},{"lang":"tr-TR","name":"İrade","nameA":""},{"lang":"pt-BR","name":"Vontade","nameA":""},{"lang":"de-DE","name":"Wille","nameA":""},{"lang":"id-ID","name":"Kemauan","nameA":""},{"lang":"fr-FR","name":"Volonté","nameA":""}]},{"id":0,"name":"win","transcription":"[wɪn]","nameA":"","image":" ","bg":"transparent","nameAnswer":"","translates":[{"lang":"ru-RU","name":"Побеждать","nameA":""},{"lang":"vi-VN","name":"Thắng","nameA":""},{"lang":"zh-CN","name":"赢","nameA":""},{"lang":"hi-IN","name":"जीत","nameA":""},{"lang":"th-TH","name":"ชนะ","nameA":""},{"lang":"tr-TR","name":"Kazanmak","nameA":""},{"lang":"pt-BR","name":"Ganhar","nameA":""},{"lang":"de-DE","name":"Gewinnen","nameA":""},{"lang":"id-ID","name":"Menang","nameA":""},{"lang":"fr-FR","name":"Gagner","nameA":""}]},{"id":0,"name":"wind","transcription":"[wɪnd]","nameA":"","image":" ","bg":"transparent","nameAnswer":"","translates":[{"lang":"ru-RU","name":"Ветер","nameA":""},{"lang":"vi-VN","name":"Gió","nameA":""},{"lang":"zh-CN","name":"风","nameA":""},{"lang":"hi-IN","name":"हवा","nameA":""},{"lang":"th-TH","name":"ลม","nameA":""},{"lang":"tr-TR","name":"Rüzgar","nameA":""},{"lang":"pt-BR","name":"Vento","nameA":""},{"lang":"de-DE","name":"Wind","nameA":""},{"lang":"id-ID","name":"Angin","nameA":""},{"lang":"fr-FR","name":"Vent","nameA":""}]},{"id":0,"name":"window","transcription":"[ˈwɪndoʊ]","nameA":"","image":"/img/dict/home/window.png","bg":"transparent","nameAnswer":"","translates":[{"lang":"ru-RU","name":"Окно","nameA":""},{"lang":"vi-VN","name":"Cửa sổ","nameA":""},{"lang":"zh-CN","name":"窗户","nameA":""},{"lang":"hi-IN","name":"खिड़की","nameA":""},{"lang":"th-TH","name":"หน้าต่าง","nameA":""},{"lang":"tr-TR","name":"Pencere","nameA":""},{"lang":"pt-BR","name":"Janela","nameA":""},{"lang":"de-DE","name":"Fenster","nameA":""},{"lang":"id-ID","name":"Jendela","nameA":""},{"lang":"fr-FR","name":"Fenêtre","nameA":""}]},{"id":0,"name":"wing","transcription":"[wɪŋ]","nameA":"","image":" ","bg":"transparent","nameAnswer":"","translates":[{"lang":"ru-RU","name":"Крыло","nameA":""},{"lang":"vi-VN","name":"Cánh","nameA":""},{"lang":"zh-CN","name":"翅膀","nameA":""},{"lang":"hi-IN","name":"पंख","nameA":""},{"lang":"th-TH","name":"ปีก","nameA":""},{"lang":"tr-TR","name":"Kanat","nameA":""},{"lang":"pt-BR","name":"Asa","nameA":""},{"lang":"de-DE","name":"Flügel","nameA":""},{"lang":"id-ID","name":"Sayap","nameA":""},{"lang":"fr-FR","name":"Aile","nameA":""}]},{"id":0,"name":"winter","transcription":"[ˈwɪntər]","nameA":"","image":" ","bg":"transparent","nameAnswer":"","translates":[{"lang":"ru-RU","name":"Зима","nameA":""},{"lang":"vi-VN","name":"Mùa đông","nameA":""},{"lang":"zh-CN","name":"冬天","nameA":""},{"lang":"hi-IN","name":"सर्दी","nameA":""},{"lang":"th-TH","name":"ฤดูหนาว","nameA":""},{"lang":"tr-TR","name":"Kış","nameA":""},{"lang":"pt-BR","name":"Inverno","nameA":""},{"lang":"de-DE","name":"Winter","nameA":""},{"lang":"id-ID","name":"Musim dingin","nameA":""},{"lang":"fr-FR","name":"Hiver","nameA":""}]},{"id":0,"name":"wire","transcription":"[waɪr]","nameA":"","image":" ","bg":"transparent","nameAnswer":"","translates":[{"lang":"ru-RU","name":"Проволока","nameA":""},{"lang":"vi-VN","name":"Dây điện","nameA":""},{"lang":"zh-CN","name":"电线","nameA":""},{"lang":"hi-IN","name":"तार","nameA":""},{"lang":"th-TH","name":"ลวด","nameA":""},{"lang":"tr-TR","name":"Tel","nameA":""},{"lang":"pt-BR","name":"Fio","nameA":""},{"lang":"de-DE","name":"Draht","nameA":""},{"lang":"id-ID","name":"Kawat","nameA":""},{"lang":"fr-FR","name":"Fil","nameA":""}]},{"id":0,"name":"wish","transcription":"[wɪʃ]","nameA":"","image":" ","bg":"transparent","nameAnswer":"","translates":[{"lang":"ru-RU","name":"Желание","nameA":""},{"lang":"vi-VN","name":"Mong ước","nameA":""},{"lang":"zh-CN","name":"愿望","nameA":""},{"lang":"hi-IN","name":"इच्छा","nameA":""},{"lang":"th-TH","name":"ความปรารถนา","nameA":""},{"lang":"tr-TR","name":"Dilek","nameA":""},{"lang":"pt-BR","name":"Desejo","nameA":""},{"lang":"de-DE","name":"Wunsch","nameA":""},{"lang":"id-ID","name":"Harapan","nameA":""},{"lang":"fr-FR","name":"Souhait","nameA":""}]},{"id":0,"name":"witch","transcription":"[wɪtʃ]","nameA":"","image":" ","bg":"transparent","nameAnswer":"","translates":[{"lang":"ru-RU","name":"Ведьма","nameA":""},{"lang":"vi-VN","name":"Phù thủy","nameA":""},{"lang":"zh-CN","name":"女巫","nameA":""},{"lang":"hi-IN","name":"चुड़ैल","nameA":""},{"lang":"th-TH","name":"แม่มด","nameA":""},{"lang":"tr-TR","name":"Cadı","nameA":""},{"lang":"pt-BR","name":"Bruxa","nameA":""},{"lang":"de-DE","name":"Hexe","nameA":""},{"lang":"id-ID","name":"Penyihir","nameA":""},{"lang":"fr-FR","name":"Sorcière","nameA":""}]},{"id":0,"name":"wizard","transcription":"[ˈwɪzərd]","nameA":"","image":" ","bg":"transparent","nameAnswer":"","translates":[{"lang":"ru-RU","name":"Волшебник","nameA":""},{"lang":"vi-VN","name":"Pháp sư","nameA":""},{"lang":"zh-CN","name":"巫师","nameA":""},{"lang":"hi-IN","name":"जादूगर","nameA":""},{"lang":"th-TH","name":"พ่อมด","nameA":""},{"lang":"tr-TR","name":"Büyücü","nameA":""},{"lang":"pt-BR","name":"Mago","nameA":""},{"lang":"de-DE","name":"Zauberer","nameA":""},{"lang":"id-ID","name":"Penyihir","nameA":""},{"lang":"fr-FR","name":"Magicien","nameA":""}]},{"id":0,"name":"woman","transcription":"[ˈwʊmən]","nameA":"","image":" ","bg":"transparent","nameAnswer":"","translates":[{"lang":"ru-RU","name":"Женщина","nameA":""},{"lang":"vi-VN","name":"Phụ nữ","nameA":""},{"lang":"zh-CN","name":"女人","nameA":""},{"lang":"hi-IN","name":"महिला","nameA":""},{"lang":"th-TH","name":"ผู้หญิง","nameA":""},{"lang":"tr-TR","name":"Kadın","nameA":""},{"lang":"pt-BR","name":"Mulher","nameA":""},{"lang":"de-DE","name":"Frau","nameA":""},{"lang":"id-ID","name":"Wanita","nameA":""},{"lang":"fr-FR","name":"Femme","nameA":""}]},{"id":0,"name":"wood","transcription":"[wʊd]","nameA":"","image":" ","bg":"transparent","nameAnswer":"","translates":[{"lang":"ru-RU","name":"Дерево","nameA":""},{"lang":"vi-VN","name":"Gỗ","nameA":""},{"lang":"zh-CN","name":"木头","nameA":""},{"lang":"hi-IN","name":"लकड़ी","nameA":""},{"lang":"th-TH","name":"ไม้","nameA":""},{"lang":"tr-TR","name":"Odun","nameA":""},{"lang":"pt-BR","name":"Madeira","nameA":""},{"lang":"de-DE","name":"Holz","nameA":""},{"lang":"id-ID","name":"Kayu","nameA":""},{"lang":"fr-FR","name":"Bois","nameA":""}]},{"id":0,"name":"wool","transcription":"[wʊl]","nameA":"","image":" ","bg":"transparent","nameAnswer":"","translates":[{"lang":"ru-RU","name":"Шерсть","nameA":""},{"lang":"vi-VN","name":"Len","nameA":""},{"lang":"zh-CN","name":"羊毛","nameA":""},{"lang":"hi-IN","name":"ऊन","nameA":""},{"lang":"th-TH","name":"ขนสัตว์","nameA":""},{"lang":"tr-TR","name":"Yün","nameA":""},{"lang":"pt-BR","name":"Lã","nameA":""},{"lang":"de-DE","name":"Wolle","nameA":""},{"lang":"id-ID","name":"Wol","nameA":""},{"lang":"fr-FR","name":"Laine","nameA":""}]},{"id":0,"name":"worry","transcription":"[ˈwɜri]","nameA":"","image":" ","bg":"transparent","nameAnswer":"","translates":[{"lang":"ru-RU","name":"Беспокоиться","nameA":""},{"lang":"vi-VN","name":"Lo lắng","nameA":""},{"lang":"zh-CN","name":"担心","nameA":""},{"lang":"hi-IN","name":"चिंता","nameA":""},{"lang":"th-TH","name":"กังวล","nameA":""},{"lang":"tr-TR","name":"Endişelenmek","nameA":""},{"lang":"pt-BR","name":"Preocupar","nameA":""},{"lang":"de-DE","name":"Sorgen","nameA":""},{"lang":"id-ID","name":"Khawatir","nameA":""},{"lang":"fr-FR","name":"Inquiéter","nameA":""}]},{"id":0,"name":"worse","transcription":"[wɜrs]","nameA":"","image":" ","bg":"transparent","nameAnswer":"","translates":[{"lang":"ru-RU","name":"Хуже","nameA":""},{"lang":"vi-VN","name":"Tệ hơn","nameA":""},{"lang":"zh-CN","name":"更糟","nameA":""},{"lang":"hi-IN","name":"बदतर","nameA":""},{"lang":"th-TH","name":"แย่ลง","nameA":""},{"lang":"tr-TR","name":"Daha kötü","nameA":""},{"lang":"pt-BR","name":"Pior","nameA":""},{"lang":"de-DE","name":"Schlimmer","nameA":""},{"lang":"id-ID","name":"Lebih buruk","nameA":""},{"lang":"fr-FR","name":"Pire","nameA":""}]},{"id":0,"name":"worst","transcription":"[wɜrst]","nameA":"","image":" ","bg":"transparent","nameAnswer":"","translates":[{"lang":"ru-RU","name":"Худший","nameA":""},{"lang":"vi-VN","name":"Tệ nhất","nameA":""},{"lang":"zh-CN","name":"最差","nameA":""},{"lang":"hi-IN","name":"सबसे खराब","nameA":""},{"lang":"th-TH","name":"แย่ที่สุด","nameA":""},{"lang":"tr-TR","name":"En kötü","nameA":""},{"lang":"pt-BR","name":"Pior","nameA":""},{"lang":"de-DE","name":"Schlimmste","nameA":""},{"lang":"id-ID","name":"Terburuk","nameA":""},{"lang":"fr-FR","name":"Pire","nameA":""}]},{"id":0,"name":"write","transcription":"[raɪt]","nameA":"","image":" ","bg":"transparent","nameAnswer":"","translates":[{"lang":"ru-RU","name":"Писать","nameA":""},{"lang":"vi-VN","name":"Viết","nameA":""},{"lang":"zh-CN","name":"写","nameA":""},{"lang":"hi-IN","name":"लिखना","nameA":""},{"lang":"th-TH","name":"เขียน","nameA":""},{"lang":"tr-TR","name":"Yazmak","nameA":""},{"lang":"pt-BR","name":"Escrever","nameA":""},{"lang":"de-DE","name":"Schreiben","nameA":""},{"lang":"id-ID","name":"Menulis","nameA":""},{"lang":"fr-FR","name":"Écrire","nameA":""}]},{"id":0,"name":"wrong","transcription":"[rɔŋ]","nameA":"","image":" ","bg":"transparent","nameAnswer":"","translates":[{"lang":"ru-RU","name":"Неправильный","nameA":""},{"lang":"vi-VN","name":"Sai","nameA":""},{"lang":"zh-CN","name":"错误的","nameA":""},{"lang":"hi-IN","name":"गलत","nameA":""},{"lang":"th-TH","name":"ผิด","nameA":""},{"lang":"tr-TR","name":"Yanlış","nameA":""},{"lang":"pt-BR","name":"Errado","nameA":""},{"lang":"de-DE","name":"Falsch","nameA":""},{"lang":"id-ID","name":"Salah","nameA":""},{"lang":"fr-FR","name":"Faux","nameA":""}]},{"id":0,"name":"whale","transcription":"[weɪl]","nameA":"","image":"/img/dict/animals/whale.png","bg":"transparent","nameAnswer":"","translates":[{"lang":"ru-RU","name":"Кит","nameA":""},{"lang":"vi-VN","name":"Cá voi","nameA":""},{"lang":"zh-CN","name":"鲸鱼","nameA":""},{"lang":"hi-IN","name":"व्हेल","nameA":""},{"lang":"th-TH","name":"ปลาวาฬ","nameA":""},{"lang":"tr-TR","name":"Balina","nameA":""},{"lang":"pt-BR","name":"Baleia","nameA":""},{"lang":"de-DE","name":"Wal","nameA":""},{"lang":"id-ID","name":"Paus","nameA":""},{"lang":"fr-FR","name":"Baleine","nameA":""}]},{"id":0,"name":"what","transcription":"[wɑt]","nameA":"","image":" ","bg":"transparent","nameAnswer":"","translates":[{"lang":"ru-RU","name":"Что","nameA":""},{"lang":"vi-VN","name":"Cái gì","nameA":""},{"lang":"zh-CN","name":"什么","nameA":""},{"lang":"hi-IN","name":"क्या","nameA":""},{"lang":"th-TH","name":"อะไร","nameA":""},{"lang":"tr-TR","name":"Ne","nameA":""},{"lang":"pt-BR","name":"O que","nameA":""},{"lang":"de-DE","name":"Was","nameA":""},{"lang":"id-ID","name":"Apa","nameA":""},{"lang":"fr-FR","name":"Quoi","nameA":""}]},{"id":0,"name":"wheel","transcription":"[wiːl]","nameA":"","image":" ","bg":"transparent","nameAnswer":"","translates":[{"lang":"ru-RU","name":"Колесо","nameA":""},{"lang":"vi-VN","name":"Bánh xe","nameA":""},{"lang":"zh-CN","name":"轮子","nameA":""},{"lang":"hi-IN","name":"पहिया","nameA":""},{"lang":"th-TH","name":"ล้อ","nameA":""},{"lang":"tr-TR","name":"Tekerlek","nameA":""},{"lang":"pt-BR","name":"Roda","nameA":""},{"lang":"de-DE","name":"Rad","nameA":""},{"lang":"id-ID","name":"Roda","nameA":""},{"lang":"fr-FR","name":"Roue","nameA":""}]},{"id":0,"name":"wheelchair","transcription":"[ˈwiːltʃɛr]","nameA":"","image":" ","bg":"transparent","nameAnswer":"","translates":[{"lang":"ru-RU","name":"Инвалидная коляска","nameA":""},{"lang":"vi-VN","name":"Xe lăn","nameA":""},{"lang":"zh-CN","name":"轮椅","nameA":""},{"lang":"hi-IN","name":"व्हीलचेयर","nameA":""},{"lang":"th-TH","name":"รถเข็น","nameA":""},{"lang":"tr-TR","name":"Tekerlekli sandalye","nameA":""},{"lang":"pt-BR","name":"Cadeira de rodas","nameA":""},{"lang":"de-DE","name":"Rollstuhl","nameA":""},{"lang":"id-ID","name":"Kursi roda","nameA":""},{"lang":"fr-FR","name":"Fauteuil roulant","nameA":""}]},{"id":0,"name":"when","transcription":"[wɛn]","nameA":"","image":" ","bg":"transparent","nameAnswer":"","translates":[{"lang":"ru-RU","name":"Когда","nameA":""},{"lang":"vi-VN","name":"Khi nào","nameA":""},{"lang":"zh-CN","name":"何时","nameA":""},{"lang":"hi-IN","name":"कब","nameA":""},{"lang":"th-TH","name":"เมื่อไร","nameA":""},{"lang":"tr-TR","name":"Ne zaman","nameA":""},{"lang":"pt-BR","name":"Quando","nameA":""},{"lang":"de-DE","name":"Wann","nameA":""},{"lang":"id-ID","name":"Kapan","nameA":""},{"lang":"fr-FR","name":"Quand","nameA":""}]},{"id":0,"name":"whether","transcription":"[ˈwɛðər]","nameA":"","image":" ","bg":"transparent","nameAnswer":"","translates":[{"lang":"ru-RU","name":"Ли","nameA":""},{"lang":"vi-VN","name":"Liệu","nameA":""},{"lang":"zh-CN","name":"是否","nameA":""},{"lang":"hi-IN","name":"चाहे","nameA":""},{"lang":"th-TH","name":"ไม่ว่า","nameA":""},{"lang":"tr-TR","name":"Olup olmadığını","nameA":""},{"lang":"pt-BR","name":"Se","nameA":""},{"lang":"de-DE","name":"Ob","nameA":""},{"lang":"id-ID","name":"Apakah","nameA":""},{"lang":"fr-FR","name":"Si","nameA":""}]},{"id":0,"name":"whisper","transcription":"[ˈwɪspər]","nameA":"","image":" ","bg":"transparent","nameAnswer":"","translates":[{"lang":"ru-RU","name":"Шептать","nameA":""},{"lang":"vi-VN","name":"Thì thầm","nameA":""},{"lang":"zh-CN","name":"耳语","nameA":""},{"lang":"hi-IN","name":"फुसफुसाना","nameA":""},{"lang":"th-TH","name":"กระซิบ","nameA":""},{"lang":"tr-TR","name":"Fısıldamak","nameA":""},{"lang":"pt-BR","name":"Sussurrar","nameA":""},{"lang":"de-DE","name":"Flüstern","nameA":""},{"lang":"id-ID","name":"Bisikan","nameA":""},{"lang":"fr-FR","name":"Chuchoter","nameA":""}]},{"id":0,"name":"whistle","transcription":"[ˈwɪsəl]","nameA":"","image":"/img/dict/actions/whistle.png","bg":"transparent","nameAnswer":"","translates":[{"lang":"ru-RU","name":"Свистеть","nameA":""},{"lang":"vi-VN","name":"Huýt sáo","nameA":""},{"lang":"zh-CN","name":"吹口哨","nameA":""},{"lang":"hi-IN","name":"सीटी","nameA":""},{"lang":"th-TH","name":"ผิวปาก","nameA":""},{"lang":"tr-TR","name":"Islık çalmak","nameA":""},{"lang":"pt-BR","name":"Assobiar","nameA":""},{"lang":"de-DE","name":"Pfeifen","nameA":""},{"lang":"id-ID","name":"Bersiul","nameA":""},{"lang":"fr-FR","name":"Siffler","nameA":""}]},{"id":0,"name":"white","transcription":"[waɪt]","nameA":"","image":"/img/dict/colors/white.png","bg":"transparent","nameAnswer":"","translates":[{"lang":"ru-RU","name":"Белый","nameA":""},{"lang":"vi-VN","name":"Trắng","nameA":""},{"lang":"zh-CN","name":"白色","nameA":""},{"lang":"hi-IN","name":"सफेद","nameA":""},{"lang":"th-TH","name":"สีขาว","nameA":""},{"lang":"tr-TR","name":"Beyaz","nameA":""},{"lang":"pt-BR","name":"Branco","nameA":""},{"lang":"de-DE","name":"Weiß","nameA":""},{"lang":"id-ID","name":"Putih","nameA":""},{"lang":"fr-FR","name":"Blanc","nameA":""}]},{"id":0,"name":"penguin","transcription":"[ˈpɛŋɡwɪn]","nameA":"","image":"/img/dict/animals/penguin.png","bg":"transparent","nameAnswer":"","translates":[{"lang":"ru-RU","name":"Пингвин","nameA":""},{"lang":"vi-VN","name":"Chim cánh cụt","nameA":""},{"lang":"zh-CN","name":"企鹅","nameA":""},{"lang":"hi-IN","name":"पेंगुइन","nameA":""},{"lang":"th-TH","name":"เพนกวิน","nameA":""},{"lang":"tr-TR","name":"Penguen","nameA":""},{"lang":"pt-BR","name":"Pinguim","nameA":""},{"lang":"de-DE","name":"Pinguin","nameA":""},{"lang":"id-ID","name":"Pinguin","nameA":""},{"lang":"fr-FR","name":"Pingouin","nameA":""}]},{"id":0,"name":"persuade","transcription":"[pərˈsweɪd]","nameA":"","image":" ","bg":"transparent","nameAnswer":"","translates":[{"lang":"ru-RU","name":"Убеждать","nameA":""},{"lang":"vi-VN","name":"Thuyết phục","nameA":""},{"lang":"zh-CN","name":"说服","nameA":""},{"lang":"hi-IN","name":"मनाना","nameA":""},{"lang":"th-TH","name":"โน้มน้าว","nameA":""},{"lang":"tr-TR","name":"İkna etmek","nameA":""},{"lang":"pt-BR","name":"Persuadir","nameA":""},{"lang":"de-DE","name":"Überzeugen","nameA":""},{"lang":"id-ID","name":"Membujuk","nameA":""},{"lang":"fr-FR","name":"Persuader","nameA":""}]},{"id":0,"name":"suede","transcription":"[sweɪd]","nameA":"","image":" ","bg":"transparent","nameAnswer":"","translates":[{"lang":"ru-RU","name":"Замша","nameA":""},{"lang":"vi-VN","name":"Da lộn","nameA":""},{"lang":"zh-CN","name":"麂皮","nameA":""},{"lang":"hi-IN","name":"स्वेड","nameA":""},{"lang":"th-TH","name":"หนังกลับ","nameA":""},{"lang":"tr-TR","name":"Süet","nameA":""},{"lang":"pt-BR","name":"Camurça","nameA":""},{"lang":"de-DE","name":"Wildleder","nameA":""},{"lang":"id-ID","name":"Suede","nameA":""},{"lang":"fr-FR","name":"Daim","nameA":""}]}]}