{"name":"Phonics /s/","isRandom":false,"isBlur":false,"isUpper":true,"isByWords":false,"isForAdult":false,"separator":"","numWords":43,"Translations":[{"lang":"ru-RU","name":"Алфавит"},{"lang":"vi-VN","name":"Âm thanh /s/"},{"lang":"zh-CN","name":"拼音 /s/"},{"lang":"hi-IN","name":"ध्वनि /s/"},{"lang":"th-TH","name":"เสียง /s/"},{"lang":"tr-TR","name":"Ses /s/"},{"lang":"pt-BR","name":"Fonética /s/"},{"lang":"de-DE","name":"Phonik /s/"},{"lang":"id-ID","name":"Fonetik /s/"},{"lang":"fr-FR","name":"Phonétique /s/"}],"items":[{"id":0,"name":"/S/","transcription":"","nameA":"/sound/dict/s.mp3","image":"","bg":"","translates":[{"lang":"ru-RU","name":""},{"lang":"vi-VN","name":""},{"lang":"zh-CN","name":""},{"lang":"hi-IN","name":""},{"lang":"th-TH","name":""},{"lang":"tr-TR","name":""},{"lang":"pt-BR","name":""},{"lang":"de-DE","name":""},{"lang":"id-ID","name":""},{"lang":"fr-FR","name":""}]},{"id":0,"name":"Snake","transcription":"[sneɪk]","nameA":"","image":"/img/dict/animals/snake.png","bg":"transparent","translates":[{"lang":"ru-RU","name":"Змея"},{"lang":"vi-VN","name":"Con rắn"},{"lang":"zh-CN","name":"蛇"},{"lang":"hi-IN","name":"सांप"},{"lang":"th-TH","name":"งู"},{"lang":"tr-TR","name":"Yılan"},{"lang":"pt-BR","name":"Cobra"},{"lang":"de-DE","name":"Schlange"},{"lang":"id-ID","name":"Ular"},{"lang":"fr-FR","name":"Serpent"}]},{"id":0,"name":"Stop","transcription":"[stɑːp]","nameA":"","image":"/img/dict/signs/stop.png","bg":"transparent","translates":[{"lang":"ru-RU","name":"Стоп"},{"lang":"vi-VN","name":"Dừng lại"},{"lang":"zh-CN","name":"停止"},{"lang":"hi-IN","name":"रुकें"},{"lang":"th-TH","name":"หยุด"},{"lang":"tr-TR","name":"Dur"},{"lang":"pt-BR","name":"Pare"},{"lang":"de-DE","name":"Halt"},{"lang":"id-ID","name":"Berhenti"},{"lang":"fr-FR","name":"Arrêt"}]},{"id":0,"name":"Snail","transcription":"[sneɪl]","nameA":"","image":"/img/dict/animals/snail.png","bg":"transparent","translates":[{"lang":"ru-RU","name":"Улитка"},{"lang":"vi-VN","name":"Con ốc sên"},{"lang":"zh-CN","name":"蜗牛"},{"lang":"hi-IN","name":"घोंघा"},{"lang":"th-TH","name":"หอยทาก"},{"lang":"tr-TR","name":"Salyangoz"},{"lang":"pt-BR","name":"Caracol"},{"lang":"de-DE","name":"Schnecke"},{"lang":"id-ID","name":"Siput"},{"lang":"fr-FR","name":"Escargot"}]},{"id":0,"name":"Sun","transcription":"[sʌn]","nameA":"","image":"/img/dict/weather/sun.png","bg":"transparent","translates":[{"lang":"ru-RU","name":"Солнце"},{"lang":"vi-VN","name":"Mặt trời"},{"lang":"zh-CN","name":"太阳"},{"lang":"hi-IN","name":"सूरज"},{"lang":"th-TH","name":"ดวงอาทิตย์"},{"lang":"tr-TR","name":"Güneş"},{"lang":"pt-BR","name":"Sol"},{"lang":"de-DE","name":"Sonne"},{"lang":"id-ID","name":"Matahari"},{"lang":"fr-FR","name":"Soleil"}]},{"id":0,"name":"Star","transcription":"[stɑːr]","nameA":"","image":"/img/dict/shapes/star.png","bg":"transparent","translates":[{"lang":"ru-RU","name":"Звезда"},{"lang":"vi-VN","name":"Ngôi sao"},{"lang":"zh-CN","name":"星星"},{"lang":"hi-IN","name":"तारा"},{"lang":"th-TH","name":"ดาว"},{"lang":"tr-TR","name":"Yıldız"},{"lang":"pt-BR","name":"Estrela"},{"lang":"de-DE","name":"Stern"},{"lang":"id-ID","name":"Bintang"},{"lang":"fr-FR","name":"Étoile"}]},{"id":0,"name":"Socks","transcription":"[ˈsɑːks]","nameA":"","image":"/img/dict/clothes/socks.png","bg":"transparent","translates":[{"lang":"ru-RU","name":"Носки"},{"lang":"vi-VN","name":"Tất"},{"lang":"zh-CN","name":"袜子"},{"lang":"hi-IN","name":"मोज़े"},{"lang":"th-TH","name":"ถุงเท้า"},{"lang":"tr-TR","name":"Çorap"},{"lang":"pt-BR","name":"Meias"},{"lang":"de-DE","name":"Socken"},{"lang":"id-ID","name":"Kaus kaki"},{"lang":"fr-FR","name":"Chaussettes"}]},{"id":0,"name":"Seven","transcription":"[ˈsevn]","nameA":"","image":"/img/dict/numbers/7.png","bg":"transparent","translates":[{"lang":"ru-RU","name":"Семь"},{"lang":"vi-VN","name":"Bảy"},{"lang":"zh-CN","name":"七"},{"lang":"hi-IN","name":"सात"},{"lang":"th-TH","name":"เจ็ด"},{"lang":"tr-TR","name":"Yedi"},{"lang":"pt-BR","name":"Sete"},{"lang":"de-DE","name":"Sieben"},{"lang":"id-ID","name":"Tujuh"},{"lang":"fr-FR","name":"Sept"}]},{"id":0,"name":"Soap","transcription":"[səʊp]","nameA":"","image":"/img/dict/home/soap.png","bg":"transparent","translates":[{"lang":"ru-RU","name":"Мыло"},{"lang":"vi-VN","name":"Xà phòng"},{"lang":"zh-CN","name":"肥皂"},{"lang":"hi-IN","name":"साबुन"},{"lang":"th-TH","name":"สบู่"},{"lang":"tr-TR","name":"Sabun"},{"lang":"pt-BR","name":"Sabão"},{"lang":"de-DE","name":"Seife"},{"lang":"id-ID","name":"Sabun"},{"lang":"fr-FR","name":"Savon"}]},{"id":0,"name":"Seal","transcription":"[siːl]","nameA":"","image":"/img/dict/animals/seal.png","bg":"transparent","translates":[{"lang":"ru-RU","name":"Тюлень"},{"lang":"vi-VN","name":"Hải cẩu"},{"lang":"zh-CN","name":"海豹"},{"lang":"hi-IN","name":"सील"},{"lang":"th-TH","name":"แมวน้ำ"},{"lang":"tr-TR","name":"Fok"},{"lang":"pt-BR","name":"Foca"},{"lang":"de-DE","name":"Robbe"},{"lang":"id-ID","name":"Anjing laut"},{"lang":"fr-FR","name":"Phoque"}]},{"id":0,"name":"Poster","transcription":"[ˈpəʊstər]","nameA":"","image":"/img/dict/home/poster.png","bg":"transparent","translates":[{"lang":"ru-RU","name":"Плакат"},{"lang":"vi-VN","name":"Áp phích"},{"lang":"zh-CN","name":"海报"},{"lang":"hi-IN","name":"पोस्टर"},{"lang":"th-TH","name":"โปสเตอร์"},{"lang":"tr-TR","name":"Poster"},{"lang":"pt-BR","name":"Pôster"},{"lang":"de-DE","name":"Plakat"},{"lang":"id-ID","name":"Poster"},{"lang":"fr-FR","name":"Affiche"}]},{"id":0,"name":"Vest","transcription":"[vest]","nameA":"","image":"/img/dict/clothes/vest.png","bg":"transparent","translates":[{"lang":"ru-RU","name":"Жилет"},{"lang":"vi-VN","name":"Áo vest"},{"lang":"zh-CN","name":"背心"},{"lang":"hi-IN","name":"बनियान"},{"lang":"th-TH","name":"เสื้อกั๊ก"},{"lang":"tr-TR","name":"Yelek"},{"lang":"pt-BR","name":"Colete"},{"lang":"de-DE","name":"Weste"},{"lang":"id-ID","name":"Rompi"},{"lang":"fr-FR","name":"Gilet"}]},{"id":0,"name":"Chest","transcription":"[tʃest]","nameA":"","image":"/img/dict/home/chest.png","bg":"transparent","translates":[{"lang":"ru-RU","name":"Сундук"},{"lang":"vi-VN","name":"Rương"},{"lang":"zh-CN","name":"箱子"},{"lang":"hi-IN","name":"संदूक"},{"lang":"th-TH","name":"หีบ"},{"lang":"tr-TR","name":"Sandık"},{"lang":"pt-BR","name":"Baú"},{"lang":"de-DE","name":"Truhe"},{"lang":"id-ID","name":"Peti"},{"lang":"fr-FR","name":"Coffre"}]},{"id":0,"name":"Kiss","transcription":"[kɪs]","nameA":"","image":"/img/dict/emoji/kiss.png","bg":"transparent","translates":[{"lang":"ru-RU","name":"Поцелуй"},{"lang":"vi-VN","name":"Nụ hôn"},{"lang":"zh-CN","name":"吻"},{"lang":"hi-IN","name":"चुम्बन"},{"lang":"th-TH","name":"จูบ"},{"lang":"tr-TR","name":"Öpücük"},{"lang":"pt-BR","name":"Beijo"},{"lang":"de-DE","name":"Kuss"},{"lang":"id-ID","name":"Ciuman"},{"lang":"fr-FR","name":"Baiser"}]},{"id":0,"name":"Press","transcription":"[pres]","nameA":"","image":"/img/dict/actions/press.png","bg":"transparent","translates":[{"lang":"ru-RU","name":"Нажимать"},{"lang":"vi-VN","name":"Nhấn"},{"lang":"zh-CN","name":"按"},{"lang":"hi-IN","name":"दबाएं"},{"lang":"th-TH","name":"กด"},{"lang":"tr-TR","name":"Basın"},{"lang":"pt-BR","name":"Pressionar"},{"lang":"de-DE","name":"Drücken"},{"lang":"id-ID","name":"Tekan"},{"lang":"fr-FR","name":"Appuyer"}]},{"id":0,"name":"Miss","transcription":"[mɪs]","nameA":"","image":"/img/dict/sports/miss.png","bg":"transparent","translates":[{"lang":"ru-RU","name":"Промах"},{"lang":"vi-VN","name":"Trượt"},{"lang":"zh-CN","name":"错过"},{"lang":"hi-IN","name":"चूक"},{"lang":"th-TH","name":"พลาด"},{"lang":"tr-TR","name":"Kaçırmak"},{"lang":"pt-BR","name":"Errar"},{"lang":"de-DE","name":"Verfehlen"},{"lang":"id-ID","name":"Meleset"},{"lang":"fr-FR","name":"Manquer"}]},{"id":0,"name":"Moss","transcription":"[mɔːs]","nameA":"","image":"/img/dict/nature/moss.png","bg":"transparent","translates":[{"lang":"ru-RU","name":"Мох"},{"lang":"vi-VN","name":"Rêu"},{"lang":"zh-CN","name":"苔藓"},{"lang":"hi-IN","name":"काई"},{"lang":"th-TH","name":"ตะไคร่น้ำ"},{"lang":"tr-TR","name":"Yosun"},{"lang":"pt-BR","name":"Musgo"},{"lang":"de-DE","name":"Moos"},{"lang":"id-ID","name":"Lumut"},{"lang":"fr-FR","name":"Mousse"}]},{"id":0,"name":"Pass","transcription":"[pæs]","nameA":"","image":"/img/dict/travel/pass.png","bg":"transparent","translates":[{"lang":"ru-RU","name":"Пропуск"},{"lang":"vi-VN","name":"Lối đi"},{"lang":"zh-CN","name":"通行证"},{"lang":"hi-IN","name":"पास"},{"lang":"th-TH","name":"ผ่าน"},{"lang":"tr-TR","name":"Geçiş"},{"lang":"pt-BR","name":"Passe"},{"lang":"de-DE","name":"Pass"},{"lang":"id-ID","name":"Lolos"},{"lang":"fr-FR","name":"Passer"}]},{"id":0,"name":"Chess","transcription":"[tʃes]","nameA":"","image":"/img/dict/sports/chess.png","bg":"transparent","translates":[{"lang":"ru-RU","name":"Шахматы"},{"lang":"vi-VN","name":"Cờ vua"},{"lang":"zh-CN","name":"国际象棋"},{"lang":"hi-IN","name":"शतरंज"},{"lang":"th-TH","name":"หมากรุก"},{"lang":"tr-TR","name":"Satranç"},{"lang":"pt-BR","name":"Xadrez"},{"lang":"de-DE","name":"Schach"},{"lang":"id-ID","name":"Catur"},{"lang":"fr-FR","name":"Échecs"}]},{"id":0,"name":"Dress","transcription":"[dres]","nameA":"","image":"/img/dict/clothes/dress.png","bg":"transparent","translates":[{"lang":"ru-RU","name":"Платье"},{"lang":"vi-VN","name":"Váy"},{"lang":"zh-CN","name":"连衣裙"},{"lang":"hi-IN","name":"पोशाक"},{"lang":"th-TH","name":"ชุดกระโปรง"},{"lang":"tr-TR","name":"Elbise"},{"lang":"pt-BR","name":"Vestido"},{"lang":"de-DE","name":"Kleid"},{"lang":"id-ID","name":"Gaun"},{"lang":"fr-FR","name":"Robe"}]},{"id":0,"name":"Glass","transcription":"[ɡlæs]","nameA":"","image":"/img/dict/home/glass.png","bg":"transparent","translates":[{"lang":"ru-RU","name":"Стакан"},{"lang":"vi-VN","name":"Ly"},{"lang":"zh-CN","name":"玻璃杯"},{"lang":"hi-IN","name":"गिलास"},{"lang":"th-TH","name":"แก้ว"},{"lang":"tr-TR","name":"Bardak"},{"lang":"pt-BR","name":"Copo"},{"lang":"de-DE","name":"Glas"},{"lang":"id-ID","name":"Gelas"},{"lang":"fr-FR","name":"Verre"}]},{"id":0,"name":"Floss","transcription":"[flɔːs]","nameA":"","image":"/img/dict/home/floss.png","bg":"transparent","translates":[{"lang":"ru-RU","name":"Зубочистка"},{"lang":"vi-VN","name":"Chỉ nha khoa"},{"lang":"zh-CN","name":"牙线"},{"lang":"hi-IN","name":"दंत सूत्र"},{"lang":"th-TH","name":"ไหมขัดฟัน"},{"lang":"tr-TR","name":"Diş ipi"},{"lang":"pt-BR","name":"Fio dental"},{"lang":"de-DE","name":"Zahnseide"},{"lang":"id-ID","name":"Benang gigi"},{"lang":"fr-FR","name":"Fil dentaire"}]},{"id":0,"name":"Grass","transcription":"[ɡræs]","nameA":"","image":"/img/dict/nature/grass.png","bg":"transparent","translates":[{"lang":"ru-RU","name":"Трава"},{"lang":"vi-VN","name":"Cỏ"},{"lang":"zh-CN","name":"草"},{"lang":"hi-IN","name":"घास"},{"lang":"th-TH","name":"หญ้า"},{"lang":"tr-TR","name":"Çim"},{"lang":"pt-BR","name":"Grama"},{"lang":"de-DE","name":"Gras"},{"lang":"id-ID","name":"Rumput"},{"lang":"fr-FR","name":"Herbe"}]},{"id":0,"name":"Class","transcription":"[klæs]","nameA":"","image":"/img/dict/classroom/class.png","bg":"transparent","translates":[{"lang":"ru-RU","name":"Учебный класс"},{"lang":"vi-VN","name":"Lớp học"},{"lang":"zh-CN","name":"班级"},{"lang":"hi-IN","name":"कक्षा"},{"lang":"th-TH","name":"ชั้นเรียน"},{"lang":"tr-TR","name":"Sınıf"},{"lang":"pt-BR","name":"Aula"},{"lang":"de-DE","name":"Klasse"},{"lang":"id-ID","name":"Kelas"},{"lang":"fr-FR","name":"Classe"}]},{"id":0,"name":"Cellar","transcription":"[ˈselər]","nameA":"","image":"/img/dict/home/cellar.png","bg":"transparent","translates":[{"lang":"ru-RU","name":"Погреб"},{"lang":"vi-VN","name":"Hầm"},{"lang":"zh-CN","name":"地窖"},{"lang":"hi-IN","name":"तहखाना"},{"lang":"th-TH","name":"ห้องใต้ดิน"},{"lang":"tr-TR","name":"Kiler"},{"lang":"pt-BR","name":"Porão"},{"lang":"de-DE","name":"Keller"},{"lang":"id-ID","name":"Gudang bawah tanah"},{"lang":"fr-FR","name":"Cave"}]},{"id":0,"name":"Center","transcription":"[ˈsentər]","nameA":"","image":"/img/dict/shapes/center.png","bg":"transparent","translates":[{"lang":"ru-RU","name":"центр"},{"lang":"vi-VN","name":"Trung tâm"},{"lang":"zh-CN","name":"中心"},{"lang":"hi-IN","name":"केंद्र"},{"lang":"th-TH","name":"ศูนย์กลาง"},{"lang":"tr-TR","name":"Merkez"},{"lang":"pt-BR","name":"Centro"},{"lang":"de-DE","name":"Zentrum"},{"lang":"id-ID","name":"Pusat"},{"lang":"fr-FR","name":"Centre"}]},{"id":0,"name":"Celery","transcription":"[ˈselərɪ]","nameA":"","image":"/img/dict/food/celery.png","bg":"transparent","translates":[{"lang":"ru-RU","name":"Сельдерей"},{"lang":"vi-VN","name":"Cần tây"},{"lang":"zh-CN","name":"芹菜"},{"lang":"hi-IN","name":"अजवाइन"},{"lang":"th-TH","name":"ขึ้นฉ่าย"},{"lang":"tr-TR","name":"Kereviz"},{"lang":"pt-BR","name":"Aipo"},{"lang":"de-DE","name":"Sellerie"},{"lang":"id-ID","name":"Seledri"},{"lang":"fr-FR","name":"Céleri"}]},{"id":0,"name":"Circle","transcription":"[ˈsɜːrkl]","nameA":"","image":"/img/dict/shapes/circle.png","bg":"transparent","translates":[{"lang":"ru-RU","name":"Круг"},{"lang":"vi-VN","name":"Vòng tròn"},{"lang":"zh-CN","name":"圆圈"},{"lang":"hi-IN","name":"वृत्त"},{"lang":"th-TH","name":"วงกลม"},{"lang":"tr-TR","name":"Daire"},{"lang":"pt-BR","name":"Círculo"},{"lang":"de-DE","name":"Kreis"},{"lang":"id-ID","name":"Lingkaran"},{"lang":"fr-FR","name":"Cercle"}]},{"id":0,"name":"Circus","transcription":"[ˈsɜːrkəs]","nameA":"","image":"/img/dict/city/circus.png","bg":"transparent","translates":[{"lang":"ru-RU","name":"Цирк"},{"lang":"vi-VN","name":"Rạp xiếc"},{"lang":"zh-CN","name":"马戏团"},{"lang":"hi-IN","name":"सर्कस"},{"lang":"th-TH","name":"ละครสัตว์"},{"lang":"tr-TR","name":"Sirk"},{"lang":"pt-BR","name":"Circo"},{"lang":"de-DE","name":"Zirkus"},{"lang":"id-ID","name":"Sirkus"},{"lang":"fr-FR","name":"Cirque"}]},{"id":0,"name":"Cinema","transcription":"[ˈsɪnəmə]","nameA":"","image":"/img/dict/city/cinema.png","bg":"transparent","translates":[{"lang":"ru-RU","name":"Кинотеатр"},{"lang":"vi-VN","name":"Rạp chiếu phim"},{"lang":"zh-CN","name":"电影院"},{"lang":"hi-IN","name":"सिनेमा"},{"lang":"th-TH","name":"โรงภาพยนตร์"},{"lang":"tr-TR","name":"Sinema"},{"lang":"pt-BR","name":"Cinema"},{"lang":"de-DE","name":"Kino"},{"lang":"id-ID","name":"Bioskop"},{"lang":"fr-FR","name":"Cinéma"}]},{"id":0,"name":"City","transcription":"[ˈsɪtɪ]","nameA":"","image":"/img/dict/city/city.png","bg":"transparent","translates":[{"lang":"ru-RU","name":"Город, центр"},{"lang":"vi-VN","name":"Thành phố, trung tâm"},{"lang":"zh-CN","name":"城市，中心"},{"lang":"hi-IN","name":"शहर, केंद्र"},{"lang":"th-TH","name":"เมือง, ศูนย์กลาง"},{"lang":"tr-TR","name":"Şehir, merkez"},{"lang":"pt-BR","name":"Cidade, centro"},{"lang":"de-DE","name":"Stadt, Zentrum"},{"lang":"id-ID","name":"Kota, pusat"},{"lang":"fr-FR","name":"Ville, centre"}]},{"id":0,"name":"Cylinder","transcription":"[ˈsɪlɪndər]","nameA":"","image":"/img/dict/shapes/cylinder.png","bg":"transparent","translates":[{"lang":"ru-RU","name":"Цилиндр"},{"lang":"vi-VN","name":"Hình trụ"},{"lang":"zh-CN","name":"圆柱体"},{"lang":"hi-IN","name":"बेलन"},{"lang":"th-TH","name":"ทรงกระบอก"},{"lang":"tr-TR","name":"Silindir"},{"lang":"pt-BR","name":"Cilindro"},{"lang":"de-DE","name":"Zylinder"},{"lang":"id-ID","name":"Silinder"},{"lang":"fr-FR","name":"Cylindre"}]},{"id":0,"name":"Face","transcription":"[feɪs]","nameA":"","image":"/img/dict/body/face.png","bg":"transparent","translates":[{"lang":"ru-RU","name":"Лицо"},{"lang":"vi-VN","name":"Khuôn mặt"},{"lang":"zh-CN","name":"脸"},{"lang":"hi-IN","name":"चेहरा"},{"lang":"th-TH","name":"ใบหน้า"},{"lang":"tr-TR","name":"Yüz"},{"lang":"pt-BR","name":"Rosto"},{"lang":"de-DE","name":"Gesicht"},{"lang":"id-ID","name":"Wajah"},{"lang":"fr-FR","name":"Visage"}]},{"id":0,"name":"Rice","transcription":"[raɪs]","nameA":"","image":"/img/dict/food/rice.png","bg":"transparent","translates":[{"lang":"ru-RU","name":"Рис"},{"lang":"vi-VN","name":"Gạo"},{"lang":"zh-CN","name":"米饭"},{"lang":"hi-IN","name":"चावल"},{"lang":"th-TH","name":"ข้าว"},{"lang":"tr-TR","name":"Pirinç"},{"lang":"pt-BR","name":"Arroz"},{"lang":"de-DE","name":"Reis"},{"lang":"id-ID","name":"Beras"},{"lang":"fr-FR","name":"Riz"}]},{"id":0,"name":"Ice","transcription":"[aɪs]","nameA":"","image":"/img/dict/weather/ice.png","bg":"transparent","translates":[{"lang":"ru-RU","name":"Лед"},{"lang":"vi-VN","name":"Đá"},{"lang":"zh-CN","name":"冰"},{"lang":"hi-IN","name":"बर्फ"},{"lang":"th-TH","name":"น้ำแข็ง"},{"lang":"tr-TR","name":"Buz"},{"lang":"pt-BR","name":"Gelo"},{"lang":"de-DE","name":"Eis"},{"lang":"id-ID","name":"Es"},{"lang":"fr-FR","name":"Glace"}]},{"id":0,"name":"Pencil","transcription":"[ˈpensl]","nameA":"","image":"/img/dict/classroom/pencil.png","bg":"transparent","translates":[{"lang":"ru-RU","name":"Карандаш"},{"lang":"vi-VN","name":"Bút chì"},{"lang":"zh-CN","name":"铅笔"},{"lang":"hi-IN","name":"पेंसिल"},{"lang":"th-TH","name":"ดินสอ"},{"lang":"tr-TR","name":"Kalem"},{"lang":"pt-BR","name":"Lápis"},{"lang":"de-DE","name":"Bleistift"},{"lang":"id-ID","name":"Pensil"},{"lang":"fr-FR","name":"Crayon"}]},{"id":0,"name":"House","transcription":"[haʊs]","nameA":"","image":"/img/dict/home/house.png","bg":"transparent","translates":[{"lang":"ru-RU","name":"Дом"},{"lang":"vi-VN","name":"Nhà"},{"lang":"zh-CN","name":"房子"},{"lang":"hi-IN","name":"घर"},{"lang":"th-TH","name":"บ้าน"},{"lang":"tr-TR","name":"Ev"},{"lang":"pt-BR","name":"Casa"},{"lang":"de-DE","name":"Haus"},{"lang":"id-ID","name":"Rumah"},{"lang":"fr-FR","name":"Maison"}]},{"id":0,"name":"Horse","transcription":"[hɔːrs]","nameA":"","image":"/img/dict/animals/horse.png","bg":"transparent","translates":[{"lang":"ru-RU","name":"Лошадь"},{"lang":"vi-VN","name":"Ngựa"},{"lang":"zh-CN","name":"马"},{"lang":"hi-IN","name":"घोड़ा"},{"lang":"th-TH","name":"ม้า"},{"lang":"tr-TR","name":"At"},{"lang":"pt-BR","name":"Cavalo"},{"lang":"de-DE","name":"Pferd"},{"lang":"id-ID","name":"Kuda"},{"lang":"fr-FR","name":"Cheval"}]},{"id":0,"name":"scissors","transcription":"[ˈsɪzərz]","nameA":"","image":"/img/dict/classroom/scissors.png","bg":"transparent","translates":[{"lang":"ru-RU","name":"Ножницы"},{"lang":"vi-VN","name":"Cái kéo"},{"lang":"zh-CN","name":"剪刀"},{"lang":"hi-IN","name":"कैंची"},{"lang":"th-TH","name":"กรรไกร"},{"lang":"tr-TR","name":"Makas"},{"lang":"pt-BR","name":"Tesoura"},{"lang":"de-DE","name":"Schere"},{"lang":"id-ID","name":"Gunting"},{"lang":"fr-FR","name":"Ciseaux"}]},{"id":0,"name":"Castle","transcription":"[ˈkæsl]","nameA":"","image":"/img/dict/city/castle.png","bg":"transparent","translates":[{"lang":"ru-RU","name":"замок"},{"lang":"vi-VN","name":"Lâu đài"},{"lang":"zh-CN","name":"城堡"},{"lang":"hi-IN","name":"किला"},{"lang":"th-TH","name":"ปราสาท"},{"lang":"tr-TR","name":"Kale"},{"lang":"pt-BR","name":"Castelo"},{"lang":"de-DE","name":"Schloss"},{"lang":"id-ID","name":"Kastil"},{"lang":"fr-FR","name":"Château"}]},{"id":0,"name":"listen","transcription":"[ˈlɪsn]","nameA":"","image":"/img/dict/actions/listen.png","bg":"transparent","translates":[{"lang":"ru-RU","name":"Слушать"},{"lang":"vi-VN","name":"Nghe"},{"lang":"zh-CN","name":"听"},{"lang":"hi-IN","name":"सुनो"},{"lang":"th-TH","name":"ฟัง"},{"lang":"tr-TR","name":"Dinlemek"},{"lang":"pt-BR","name":"Ouvir"},{"lang":"de-DE","name":"Zuhören"},{"lang":"id-ID","name":"Mendengarkan"},{"lang":"fr-FR","name":"Écouter"}]},{"id":0,"name":"whistle","transcription":"[ˈwɪsl]","nameA":"","image":"/img/dict/actions/whistle.png","bg":"transparent","translates":[{"lang":"ru-RU","name":"Свистеть"},{"lang":"vi-VN","name":"Huýt sáo"},{"lang":"zh-CN","name":"吹口哨"},{"lang":"hi-IN","name":"सीटी"},{"lang":"th-TH","name":"ผิวปาก"},{"lang":"tr-TR","name":"Islık çalmak"},{"lang":"pt-BR","name":"Assobiar"},{"lang":"de-DE","name":"Pfeifen"},{"lang":"id-ID","name":"Bersiul"},{"lang":"fr-FR","name":"Siffler"}]},{"id":0,"name":"fasten","transcription":"[ˈfæsn]","nameA":"","image":"/img/dict/actions/fasten.png","bg":"transparent","translates":[{"lang":"ru-RU","name":"Пристегиваться"},{"lang":"vi-VN","name":"Thắt chặt"},{"lang":"zh-CN","name":"系紧"},{"lang":"hi-IN","name":"कसना"},{"lang":"th-TH","name":"รัด"},{"lang":"tr-TR","name":"Bağlamak"},{"lang":"pt-BR","name":"Apertar"},{"lang":"de-DE","name":"Befestigen"},{"lang":"id-ID","name":"Mengikat"},{"lang":"fr-FR","name":"Attacher"}]}]}