{
  "name": "/ɔːr/ -or, -ore, -our, -oar, -oor, -augh, -aw, -au",
  "nameA": null,
  "img": null,
  "minQuiz": null,
  "isRandom": false,
  "isBlur": false,
  "isUpper": true,
  "isByWords": false,
  "isForAdult": false,
  "separator": "",
  "numWords": 54,
  "tags": null,
  "Translations": [
    {
      "lang": "ru-RU",
      "name": "Алфавит",
      "nameA": null
    }
  ],
  "items": [
    {
      "id": 0,
      "name": "born",
      "transcription": "[bɔːrn]",
      "nameA": "",
      "image": " ",
      "bg": "transparent",
      "nameAnswer": null,
      "translates": [
        {
          "lang": "ru-RU",
          "name": "Рожденный",
          "nameA": null
        }
      ]
    },
    {
      "id": 0,
      "name": "for",
      "transcription": "[fɔːr]",
      "nameA": "",
      "image": " ",
      "bg": "transparent",
      "nameAnswer": null,
      "translates": [
        {
          "lang": "ru-RU",
          "name": "Для",
          "nameA": null
        }
      ]
    },
    {
      "id": 0,
      "name": "fork",
      "transcription": "[fɔːrk]",
      "nameA": "",
      "image": "/img/dict/home/fork.png",
      "bg": "transparent",
      "nameAnswer": null,
      "translates": [
        {
          "lang": "ru-RU",
          "name": "Вилка",
          "nameA": null
        }
      ]
    },
    {
      "id": 0,
      "name": "horse",
      "transcription": "[hɔːrs]",
      "nameA": "",
      "image": "/img/dict/animals/horse.png",
      "bg": "transparent",
      "nameAnswer": null,
      "translates": [
        {
          "lang": "ru-RU",
          "name": "Лошадь",
          "nameA": null
        }
      ]
    },
    {
      "id": 0,
      "name": "short",
      "transcription": "[ʃɔːrt]",
      "nameA": "",
      "image": " ",
      "bg": "transparent",
      "nameAnswer": null,
      "translates": [
        {
          "lang": "ru-RU",
          "name": "Короткий",
          "nameA": null
        }
      ]
    },
    {
      "id": 0,
      "name": "sport",
      "transcription": "[spɔːrt]",
      "nameA": "",
      "image": " ",
      "bg": "transparent",
      "nameAnswer": null,
      "translates": [
        {
          "lang": "ru-RU",
          "name": "Спорт",
          "nameA": null
        }
      ]
    },
    {
      "id": 0,
      "name": "awful",
      "transcription": "[ˈɔːfəl]",
      "nameA": "",
      "image": " ",
      "bg": "transparent",
      "nameAnswer": null,
      "translates": [
        {
          "lang": "ru-RU",
          "name": "Ужасный",
          "nameA": null
        }
      ]
    },
    {
      "id": 0,
      "name": "claw",
      "transcription": "[klɔː]",
      "nameA": "",
      "image": " ",
      "bg": "transparent",
      "nameAnswer": null,
      "translates": [
        {
          "lang": "ru-RU",
          "name": "Коготь",
          "nameA": null
        }
      ]
    },
    {
      "id": 0,
      "name": "draw",
      "transcription": "[drɔː]",
      "nameA": "",
      "image": " ",
      "bg": "transparent",
      "nameAnswer": null,
      "translates": [
        {
          "lang": "ru-RU",
          "name": "Рисовать",
          "nameA": null
        }
      ]
    },
    {
      "id": 0,
      "name": "hawk",
      "transcription": "[hɔːk]",
      "nameA": "",
      "image": "/img/dict/animals/hawk.png",
      "bg": "transparent",
      "nameAnswer": null,
      "translates": [
        {
          "lang": "ru-RU",
          "name": "Ястреб",
          "nameA": null
        }
      ]
    },
    {
      "id": 0,
      "name": "lawn",
      "transcription": "[lɔːn]",
      "nameA": "",
      "image": " ",
      "bg": "transparent",
      "nameAnswer": null,
      "translates": [
        {
          "lang": "ru-RU",
          "name": "Газон",
          "nameA": null
        }
      ]
    },
    {
      "id": 0,
      "name": "saw",
      "transcription": "[sɔː]",
      "nameA": "",
      "image": " ",
      "bg": "transparent",
      "nameAnswer": null,
      "translates": [
        {
          "lang": "ru-RU",
          "name": "Пила",
          "nameA": null
        }
      ]
    },
    {
      "id": 0,
      "name": "straw",
      "transcription": "[strɔː]",
      "nameA": "",
      "image": "/img/dict/home/straw.png",
      "bg": "transparent",
      "nameAnswer": null,
      "translates": [
        {
          "lang": "ru-RU",
          "name": "Солома",
          "nameA": null
        }
      ]
    },
    {
      "id": 0,
      "name": "yawn",
      "transcription": "[jɔːn]",
      "nameA": "",
      "image": " ",
      "bg": "transparent",
      "nameAnswer": null,
      "translates": [
        {
          "lang": "ru-RU",
          "name": "Зевать",
          "nameA": null
        }
      ]
    },
    {
      "id": 0,
      "name": "four",
      "transcription": "[fɔːr]",
      "nameA": "",
      "image": " ",
      "bg": "transparent",
      "nameAnswer": null,
      "translates": [
        {
          "lang": "ru-RU",
          "name": "Четыре",
          "nameA": null
        }
      ]
    },
    {
      "id": 0,
      "name": "pour",
      "transcription": "[pɔːr]",
      "nameA": "",
      "image": " ",
      "bg": "transparent",
      "nameAnswer": null,
      "translates": [
        {
          "lang": "ru-RU",
          "name": "Лить",
          "nameA": null
        }
      ]
    },
    {
      "id": 0,
      "name": "tour",
      "transcription": "[tʊr]",
      "nameA": "",
      "image": " ",
      "bg": "transparent",
      "nameAnswer": null,
      "translates": [
        {
          "lang": "ru-RU",
          "name": "Тур",
          "nameA": null
        }
      ]
    },
    {
      "id": 0,
      "name": "your",
      "transcription": "[jɔːr]",
      "nameA": "",
      "image": " ",
      "bg": "transparent",
      "nameAnswer": null,
      "translates": [
        {
          "lang": "ru-RU",
          "name": "Твой",
          "nameA": null
        }
      ]
    },
    {
      "id": 0,
      "name": "auction",
      "transcription": "[ˈɔːkʃən]",
      "nameA": "",
      "image": " ",
      "bg": "transparent",
      "nameAnswer": null,
      "translates": [
        {
          "lang": "ru-RU",
          "name": "Аукцион",
          "nameA": null
        }
      ]
    },
    {
      "id": 0,
      "name": "autumn",
      "transcription": "[ˈɔːtəm]",
      "nameA": "",
      "image": " ",
      "bg": "transparent",
      "nameAnswer": null,
      "translates": [
        {
          "lang": "ru-RU",
          "name": "Осень",
          "nameA": null
        }
      ]
    },
    {
      "id": 0,
      "name": "astronaut",
      "transcription": "[ˈæstrənɔːt]",
      "nameA": "",
      "image": " ",
      "bg": "transparent",
      "nameAnswer": null,
      "translates": [
        {
          "lang": "ru-RU",
          "name": "Астронавт",
          "nameA": null
        }
      ]
    },
    {
      "id": 0,
      "name": "laundry",
      "transcription": "[ˈlɔːndri]",
      "nameA": "",
      "image": "/img/dict/home/laundry.png",
      "bg": "transparent",
      "nameAnswer": null,
      "translates": [
        {
          "lang": "ru-RU",
          "name": "Прачечная",
          "nameA": null
        }
      ]
    },
    {
      "id": 0,
      "name": "saucer",
      "transcription": "[ˈsɔːsər]",
      "nameA": "",
      "image": "/img/dict/home/saucer.png",
      "bg": "transparent",
      "nameAnswer": null,
      "translates": [
        {
          "lang": "ru-RU",
          "name": "Блюдце",
          "nameA": null
        }
      ]
    },
    {
      "id": 0,
      "name": "all",
      "transcription": "[ɔːl]",
      "nameA": "",
      "image": " ",
      "bg": "transparent",
      "nameAnswer": null,
      "translates": [
        {
          "lang": "ru-RU",
          "name": "Все",
          "nameA": null
        }
      ]
    },
    {
      "id": 0,
      "name": "talk",
      "transcription": "[tɔːk]",
      "nameA": "",
      "image": " ",
      "bg": "transparent",
      "nameAnswer": null,
      "translates": [
        {
          "lang": "ru-RU",
          "name": "Разговаривать",
          "nameA": null
        }
      ]
    },
    {
      "id": 0,
      "name": "walk",
      "transcription": "[wɔːk]",
      "nameA": "",
      "image": "/img/dict/home/walk.png",
      "bg": "transparent",
      "nameAnswer": null,
      "translates": [
        {
          "lang": "ru-RU",
          "name": "Гулять",
          "nameA": null
        }
      ]
    },
    {
      "id": 0,
      "name": "aboard",
      "transcription": "[əˈbɔːrd]",
      "nameA": "",
      "image": " ",
      "bg": "transparent",
      "nameAnswer": null,
      "translates": [
        {
          "lang": "ru-RU",
          "name": "На борту",
          "nameA": null
        }
      ]
    },
    {
      "id": 0,
      "name": "board",
      "transcription": "[bɔːrd]",
      "nameA": "",
      "image": " ",
      "bg": "transparent",
      "nameAnswer": null,
      "translates": [
        {
          "lang": "ru-RU",
          "name": "Доска",
          "nameA": null
        }
      ]
    },
    {
      "id": 0,
      "name": "coarse",
      "transcription": "[kɔːrs]",
      "nameA": "",
      "image": " ",
      "bg": "transparent",
      "nameAnswer": null,
      "translates": [
        {
          "lang": "ru-RU",
          "name": "Грубый",
          "nameA": null
        }
      ]
    },
    {
      "id": 0,
      "name": "hoard",
      "transcription": "[hɔːrd]",
      "nameA": "",
      "image": " ",
      "bg": "transparent",
      "nameAnswer": null,
      "translates": [
        {
          "lang": "ru-RU",
          "name": "Запас",
          "nameA": null
        }
      ]
    },
    {
      "id": 0,
      "name": "oar",
      "transcription": "[ɔːr]",
      "nameA": "",
      "image": " ",
      "bg": "transparent",
      "nameAnswer": null,
      "translates": [
        {
          "lang": "ru-RU",
          "name": "Весло",
          "nameA": null
        }
      ]
    },
    {
      "id": 0,
      "name": "roar",
      "transcription": "[rɔːr]",
      "nameA": "",
      "image": " ",
      "bg": "transparent",
      "nameAnswer": null,
      "translates": [
        {
          "lang": "ru-RU",
          "name": "Рев",
          "nameA": null
        }
      ]
    },
    {
      "id": 0,
      "name": "soar",
      "transcription": "[sɔːr]",
      "nameA": "",
      "image": " ",
      "bg": "transparent",
      "nameAnswer": null,
      "translates": [
        {
          "lang": "ru-RU",
          "name": "Парить",
          "nameA": null
        }
      ]
    },
    {
      "id": 0,
      "name": "door",
      "transcription": "[dɔːr]",
      "nameA": "",
      "image": "/img/dict/home/door.png",
      "bg": "transparent",
      "nameAnswer": null,
      "translates": [
        {
          "lang": "ru-RU",
          "name": "Дверь",
          "nameA": null
        }
      ]
    },
    {
      "id": 0,
      "name": "floor",
      "transcription": "[flɔːr]",
      "nameA": "",
      "image": "/img/dict/home/floor.png",
      "bg": "transparent",
      "nameAnswer": null,
      "translates": [
        {
          "lang": "ru-RU",
          "name": "Пол",
          "nameA": null
        }
      ]
    },
    {
      "id": 0,
      "name": "moor",
      "transcription": "[mʊr]",
      "nameA": "",
      "image": " ",
      "bg": "transparent",
      "nameAnswer": null,
      "translates": [
        {
          "lang": "ru-RU",
          "name": "Пустошь",
          "nameA": null
        }
      ]
    },
    {
      "id": 0,
      "name": "poor",
      "transcription": "[pʊr]",
      "nameA": "",
      "image": " ",
      "bg": "transparent",
      "nameAnswer": null,
      "translates": [
        {
          "lang": "ru-RU",
          "name": "Бедный",
          "nameA": null
        }
      ]
    },
    {
      "id": 0,
      "name": "more",
      "transcription": "[mɔːr]",
      "nameA": "",
      "image": " ",
      "bg": "transparent",
      "nameAnswer": null,
      "translates": [
        {
          "lang": "ru-RU",
          "name": "Больше",
          "nameA": null
        }
      ]
    },
    {
      "id": 0,
      "name": "sore",
      "transcription": "[sɔːr]",
      "nameA": "",
      "image": " ",
      "bg": "transparent",
      "nameAnswer": null,
      "translates": [
        {
          "lang": "ru-RU",
          "name": "Больной",
          "nameA": null
        }
      ]
    },
    {
      "id": 0,
      "name": "store",
      "transcription": "[stɔːr]",
      "nameA": "",
      "image": " ",
      "bg": "transparent",
      "nameAnswer": null,
      "translates": [
        {
          "lang": "ru-RU",
          "name": "Магазин",
          "nameA": null
        }
      ]
    },
    {
      "id": 0,
      "name": "tore",
      "transcription": "[tɔːr]",
      "nameA": "",
      "image": " ",
      "bg": "transparent",
      "nameAnswer": null,
      "translates": [
        {
          "lang": "ru-RU",
          "name": "Разорвал",
          "nameA": null
        }
      ]
    },
    {
      "id": 0,
      "name": "caught",
      "transcription": "[kɔːt]",
      "nameA": "",
      "image": " ",
      "bg": "transparent",
      "nameAnswer": null,
      "translates": [
        {
          "lang": "ru-RU",
          "name": "Пойманный",
          "nameA": null
        }
      ]
    },
    {
      "id": 0,
      "name": "daughter",
      "transcription": "[ˈdɔːtər]",
      "nameA": "",
      "image": " ",
      "bg": "transparent",
      "nameAnswer": null,
      "translates": [
        {
          "lang": "ru-RU",
          "name": "Дочь",
          "nameA": null
        }
      ]
    },
    {
      "id": 0,
      "name": "naughty",
      "transcription": "[ˈnɔːti]",
      "nameA": "",
      "image": " ",
      "bg": "transparent",
      "nameAnswer": null,
      "translates": [
        {
          "lang": "ru-RU",
          "name": "Непослушный",
          "nameA": null
        }
      ]
    },
    {
      "id": 0,
      "name": "taught",
      "transcription": "[tɔːt]",
      "nameA": "",
      "image": " ",
      "bg": "transparent",
      "nameAnswer": null,
      "translates": [
        {
          "lang": "ru-RU",
          "name": "Учил",
          "nameA": null
        }
      ]
    },
    {
      "id": 0,
      "name": "bought",
      "transcription": "[bɔːt]",
      "nameA": "",
      "image": " ",
      "bg": "transparent",
      "nameAnswer": null,
      "translates": [
        {
          "lang": "ru-RU",
          "name": "Купленный",
          "nameA": null
        }
      ]
    },
    {
      "id": 0,
      "name": "brought",
      "transcription": "[brɔːt]",
      "nameA": "",
      "image": " ",
      "bg": "transparent",
      "nameAnswer": null,
      "translates": [
        {
          "lang": "ru-RU",
          "name": "Принесенный",
          "nameA": null
        }
      ]
    },
    {
      "id": 0,
      "name": "aught",
      "transcription": "[ɔːt]",
      "nameA": "",
      "image": " ",
      "bg": "transparent",
      "nameAnswer": null,
      "translates": [
        {
          "lang": "ru-RU",
          "name": "Ничто",
          "nameA": null
        }
      ]
    },
    {
      "id": 0,
      "name": "thought",
      "transcription": "[θɔːt]",
      "nameA": "",
      "image": " ",
      "bg": "transparent",
      "nameAnswer": null,
      "translates": [
        {
          "lang": "ru-RU",
          "name": "Мысль",
          "nameA": null
        }
      ]
    },
    {
      "id": 0,
      "name": "wardrobe",
      "transcription": "[ˈwɔːrdroʊb]",
      "nameA": "",
      "image": "/img/dict/home/wardrobe.png",
      "bg": "transparent",
      "nameAnswer": null,
      "translates": [
        {
          "lang": "ru-RU",
          "name": "Гардероб",
          "nameA": null
        }
      ]
    },
    {
      "id": 0,
      "name": "warm",
      "transcription": "[wɔːrm]",
      "nameA": "",
      "image": " ",
      "bg": "transparent",
      "nameAnswer": null,
      "translates": [
        {
          "lang": "ru-RU",
          "name": "Теплый",
          "nameA": null
        }
      ]
    },
    {
      "id": 0,
      "name": "warn",
      "transcription": "[wɔːrn]",
      "nameA": "",
      "image": " ",
      "bg": "transparent",
      "nameAnswer": null,
      "translates": [
        {
          "lang": "ru-RU",
          "name": "Предупреждать",
          "nameA": null
        }
      ]
    },
    {
      "id": 0,
      "name": "quarter",
      "transcription": "[ˈkwɔːrtər]",
      "nameA": "",
      "image": " ",
      "bg": "transparent",
      "nameAnswer": null,
      "translates": [
        {
          "lang": "ru-RU",
          "name": "Четверть",
          "nameA": null
        }
      ]
    },
    {
      "id": 0,
      "name": "water",
      "transcription": "[ˈwɔːtər]",
      "nameA": "",
      "image": "/img/dict/food/water.png",
      "bg": "transparent",
      "nameAnswer": null,
      "translates": [
        {
          "lang": "ru-RU",
          "name": "Вода",
          "nameA": null
        }
      ]
    }
  ]
}