{"name":"Phonics /zh/","nameA":"","img":"","isRandom":false,"isBlur":false,"isUpper":true,"isByWords":false,"isForAdult":false,"separator":"","numWords":14,"Translations":[{"lang":"ru-RU","name":"Алфавит","nameA":""},{"lang":"vi-VN","name":"Âm /zh/","nameA":""},{"lang":"zh-CN","name":"语音 /zh/","nameA":""},{"lang":"hi-IN","name":"ध्वनि /zh/","nameA":""},{"lang":"th-TH","name":"เสียง /zh/","nameA":""},{"lang":"tr-TR","name":"Ses /zh/","nameA":""},{"lang":"pt-BR","name":"Fonética /zh/","nameA":""},{"lang":"de-DE","name":"Phonik /zh/","nameA":""},{"lang":"id-ID","name":"Fonik /zh/","nameA":""},{"lang":"fr-FR","name":"Phonétique /zh/","nameA":""}],"items":[{"id":0,"name":"leisure","transcription":"[ˈliːʒər]","nameA":"","image":" ","bg":"transparent","nameAnswer":"","translates":[{"lang":"ru-RU","name":"Досуг","nameA":""},{"lang":"vi-VN","name":"Thời gian rảnh","nameA":""},{"lang":"zh-CN","name":"闲暇","nameA":""},{"lang":"hi-IN","name":"अवकाश","nameA":""},{"lang":"th-TH","name":"เวลาว่าง","nameA":""},{"lang":"tr-TR","name":"Boş zaman","nameA":""},{"lang":"pt-BR","name":"Lazer","nameA":""},{"lang":"de-DE","name":"Freizeit","nameA":""},{"lang":"id-ID","name":"Waktu luang","nameA":""},{"lang":"fr-FR","name":"Loisir","nameA":""}]},{"id":0,"name":"measure","transcription":"[ˈmɛʒər]","nameA":"","image":" ","bg":"transparent","nameAnswer":"","translates":[{"lang":"ru-RU","name":"Мера","nameA":""},{"lang":"vi-VN","name":"Đo lường","nameA":""},{"lang":"zh-CN","name":"测量","nameA":""},{"lang":"hi-IN","name":"माप","nameA":""},{"lang":"th-TH","name":"การวัด","nameA":""},{"lang":"tr-TR","name":"Ölçü","nameA":""},{"lang":"pt-BR","name":"Medida","nameA":""},{"lang":"de-DE","name":"Maßnahme","nameA":""},{"lang":"id-ID","name":"Ukuran","nameA":""},{"lang":"fr-FR","name":"Mesure","nameA":""}]},{"id":0,"name":"pleasure","transcription":"[ˈplɛʒər]","nameA":"","image":" ","bg":"transparent","nameAnswer":"","translates":[{"lang":"ru-RU","name":"Удовольствие","nameA":""},{"lang":"vi-VN","name":"Niềm vui","nameA":""},{"lang":"zh-CN","name":"快乐","nameA":""},{"lang":"hi-IN","name":"आनंद","nameA":""},{"lang":"th-TH","name":"ความสุข","nameA":""},{"lang":"tr-TR","name":"Zevk","nameA":""},{"lang":"pt-BR","name":"Prazer","nameA":""},{"lang":"de-DE","name":"Vergnügen","nameA":""},{"lang":"id-ID","name":"Kesenangan","nameA":""},{"lang":"fr-FR","name":"Plaisir","nameA":""}]},{"id":0,"name":"treasure","transcription":"[ˈtrɛʒər]","nameA":"","image":" ","bg":"transparent","nameAnswer":"","translates":[{"lang":"ru-RU","name":"Сокровище","nameA":""},{"lang":"vi-VN","name":"Kho báu","nameA":""},{"lang":"zh-CN","name":"宝藏","nameA":""},{"lang":"hi-IN","name":"खजाना","nameA":""},{"lang":"th-TH","name":"สมบัติ","nameA":""},{"lang":"tr-TR","name":"Hazine","nameA":""},{"lang":"pt-BR","name":"Tesouro","nameA":""},{"lang":"de-DE","name":"Schatz","nameA":""},{"lang":"id-ID","name":"Harta karun","nameA":""},{"lang":"fr-FR","name":"Trésor","nameA":""}]},{"id":0,"name":"beige","transcription":"[beɪʒ]","nameA":"","image":" ","bg":"transparent","nameAnswer":"","translates":[{"lang":"ru-RU","name":"Бежевый","nameA":""},{"lang":"vi-VN","name":"Màu be","nameA":""},{"lang":"zh-CN","name":"米色","nameA":""},{"lang":"hi-IN","name":"बेज","nameA":""},{"lang":"th-TH","name":"สีเบจ","nameA":""},{"lang":"tr-TR","name":"Bej","nameA":""},{"lang":"pt-BR","name":"Bege","nameA":""},{"lang":"de-DE","name":"Beige","nameA":""},{"lang":"id-ID","name":"Krem","nameA":""},{"lang":"fr-FR","name":"Beige","nameA":""}]},{"id":0,"name":"collage","transcription":"[kəˈlɑːʒ]","nameA":"","image":" ","bg":"transparent","nameAnswer":"","translates":[{"lang":"ru-RU","name":"Коллаж","nameA":""},{"lang":"vi-VN","name":"Cắt dán","nameA":""},{"lang":"zh-CN","name":"拼贴","nameA":""},{"lang":"hi-IN","name":"कोलाज","nameA":""},{"lang":"th-TH","name":"ภาพตัดแปะ","nameA":""},{"lang":"tr-TR","name":"Kolaj","nameA":""},{"lang":"pt-BR","name":"Colagem","nameA":""},{"lang":"de-DE","name":"Collage","nameA":""},{"lang":"id-ID","name":"Kolase","nameA":""},{"lang":"fr-FR","name":"Collage","nameA":""}]},{"id":0,"name":"montage","transcription":"[mɑːnˈtɑːʒ]","nameA":"","image":" ","bg":"transparent","nameAnswer":"","translates":[{"lang":"ru-RU","name":"Монтаж","nameA":""},{"lang":"vi-VN","name":"Dựng phim","nameA":""},{"lang":"zh-CN","name":"蒙太奇","nameA":""},{"lang":"hi-IN","name":"मोंटाज","nameA":""},{"lang":"th-TH","name":"การตัดต่อ","nameA":""},{"lang":"tr-TR","name":"Montaj","nameA":""},{"lang":"pt-BR","name":"Montagem","nameA":""},{"lang":"de-DE","name":"Montage","nameA":""},{"lang":"id-ID","name":"Montase","nameA":""},{"lang":"fr-FR","name":"Montage","nameA":""}]},{"id":0,"name":"confusion","transcription":"[kənˈfjuːʒən]","nameA":"","image":" ","bg":"transparent","nameAnswer":"","translates":[{"lang":"ru-RU","name":"Путаница","nameA":""},{"lang":"vi-VN","name":"Sự nhầm lẫn","nameA":""},{"lang":"zh-CN","name":"混乱","nameA":""},{"lang":"hi-IN","name":"भ्रम","nameA":""},{"lang":"th-TH","name":"ความสับสน","nameA":""},{"lang":"tr-TR","name":"Karışıklık","nameA":""},{"lang":"pt-BR","name":"Confusão","nameA":""},{"lang":"de-DE","name":"Verwirrung","nameA":""},{"lang":"id-ID","name":"Kebingungan","nameA":""},{"lang":"fr-FR","name":"Confusion","nameA":""}]},{"id":0,"name":"decision","transcription":"[dɪˈsɪʒən]","nameA":"","image":" ","bg":"transparent","nameAnswer":"","translates":[{"lang":"ru-RU","name":"Решение","nameA":""},{"lang":"vi-VN","name":"Quyết định","nameA":""},{"lang":"zh-CN","name":"决定","nameA":""},{"lang":"hi-IN","name":"निर्णय","nameA":""},{"lang":"th-TH","name":"การตัดสินใจ","nameA":""},{"lang":"tr-TR","name":"Karar","nameA":""},{"lang":"pt-BR","name":"Decisão","nameA":""},{"lang":"de-DE","name":"Entscheidung","nameA":""},{"lang":"id-ID","name":"Keputusan","nameA":""},{"lang":"fr-FR","name":"Décision","nameA":""}]},{"id":0,"name":"division","transcription":"[dɪˈvɪʒən]","nameA":"","image":" ","bg":"transparent","nameAnswer":"","translates":[{"lang":"ru-RU","name":"Разделение","nameA":""},{"lang":"vi-VN","name":"Sự phân chia","nameA":""},{"lang":"zh-CN","name":"分割","nameA":""},{"lang":"hi-IN","name":"विभाजन","nameA":""},{"lang":"th-TH","name":"การแบ่งส่วน","nameA":""},{"lang":"tr-TR","name":"Bölünme","nameA":""},{"lang":"pt-BR","name":"Divisão","nameA":""},{"lang":"de-DE","name":"Teilung","nameA":""},{"lang":"id-ID","name":"Pembagian","nameA":""},{"lang":"fr-FR","name":"Division","nameA":""}]},{"id":0,"name":"illusion","transcription":"[ɪˈluːʒən]","nameA":"","image":" ","bg":"transparent","nameAnswer":"","translates":[{"lang":"ru-RU","name":"Иллюзия","nameA":""},{"lang":"vi-VN","name":"Ảo ảnh","nameA":""},{"lang":"zh-CN","name":"幻觉","nameA":""},{"lang":"hi-IN","name":"भ्रम","nameA":""},{"lang":"th-TH","name":"ภาพลวงตา","nameA":""},{"lang":"tr-TR","name":"Yanılsama","nameA":""},{"lang":"pt-BR","name":"Ilusão","nameA":""},{"lang":"de-DE","name":"Illusion","nameA":""},{"lang":"id-ID","name":"Ilusi","nameA":""},{"lang":"fr-FR","name":"Illusion","nameA":""}]},{"id":0,"name":"invasion","transcription":"[ɪnˈveɪʒən]","nameA":"","image":" ","bg":"transparent","nameAnswer":"","translates":[{"lang":"ru-RU","name":"Вторжение","nameA":""},{"lang":"vi-VN","name":"Sự xâm lược","nameA":""},{"lang":"zh-CN","name":"入侵","nameA":""},{"lang":"hi-IN","name":"आक्रमण","nameA":""},{"lang":"th-TH","name":"การรุกราน","nameA":""},{"lang":"tr-TR","name":"İstila","nameA":""},{"lang":"pt-BR","name":"Invasão","nameA":""},{"lang":"de-DE","name":"Invasion","nameA":""},{"lang":"id-ID","name":"Invasi","nameA":""},{"lang":"fr-FR","name":"Invasion","nameA":""}]},{"id":0,"name":"television","transcription":"[ˈtɛləˌvɪʒən]","nameA":"","image":"/img/dict/home/television.png","bg":"transparent","nameAnswer":"","translates":[{"lang":"ru-RU","name":"Телевидение","nameA":""},{"lang":"vi-VN","name":"Truyền hình","nameA":""},{"lang":"zh-CN","name":"电视","nameA":""},{"lang":"hi-IN","name":"टेलीविजन","nameA":""},{"lang":"th-TH","name":"โทรทัศน์","nameA":""},{"lang":"tr-TR","name":"Televizyon","nameA":""},{"lang":"pt-BR","name":"Televisão","nameA":""},{"lang":"de-DE","name":"Fernsehen","nameA":""},{"lang":"id-ID","name":"Televisi","nameA":""},{"lang":"fr-FR","name":"Télévision","nameA":""}]},{"id":0,"name":"vision","transcription":"[ˈvɪʒən]","nameA":"","image":" ","bg":"transparent","nameAnswer":"","translates":[{"lang":"ru-RU","name":"Видение","nameA":""},{"lang":"vi-VN","name":"Tầm nhìn","nameA":""},{"lang":"zh-CN","name":"愿景","nameA":""},{"lang":"hi-IN","name":"दृष्टि","nameA":""},{"lang":"th-TH","name":"วิสัยทัศน์","nameA":""},{"lang":"tr-TR","name":"Vizyon","nameA":""},{"lang":"pt-BR","name":"Visão","nameA":""},{"lang":"de-DE","name":"Vision","nameA":""},{"lang":"id-ID","name":"Visi","nameA":""},{"lang":"fr-FR","name":"Vision","nameA":""}]}]}