{"name":"Phonics /or/","nameA":"","img":"","isRandom":false,"isBlur":false,"isUpper":true,"isByWords":false,"isForAdult":false,"separator":"","numWords":54,"Translations":[{"lang":"ru-RU","name":"Алфавит","nameA":""},{"lang":"vi-VN","name":"Ngữ âm /or/","nameA":""},{"lang":"zh-CN","name":"拼音 /or/","nameA":""},{"lang":"hi-IN","name":"ध्वनि /or/","nameA":""},{"lang":"th-TH","name":"โฟนิกส์ /or/","nameA":""},{"lang":"tr-TR","name":"Fonetik /or/","nameA":""},{"lang":"pt-BR","name":"Fônica /or/","nameA":""},{"lang":"de-DE","name":"Phonik /or/","nameA":""},{"lang":"id-ID","name":"Fonik /or/","nameA":""},{"lang":"fr-FR","name":"Phonétique /or/","nameA":""}],"items":[{"id":0,"name":"born","transcription":"[bɔːrn]","nameA":"","image":" ","bg":"transparent","nameAnswer":"","translates":[{"lang":"ru-RU","name":"Рожденный","nameA":""},{"lang":"vi-VN","name":"Sinh ra","nameA":""},{"lang":"zh-CN","name":"出生","nameA":""},{"lang":"hi-IN","name":"जन्मा","nameA":""},{"lang":"th-TH","name":"เกิด","nameA":""},{"lang":"tr-TR","name":"Doğmuş","nameA":""},{"lang":"pt-BR","name":"Nascido","nameA":""},{"lang":"de-DE","name":"Geboren","nameA":""},{"lang":"id-ID","name":"Lahir","nameA":""},{"lang":"fr-FR","name":"Né","nameA":""}]},{"id":0,"name":"for","transcription":"[fɔːr]","nameA":"","image":" ","bg":"transparent","nameAnswer":"","translates":[{"lang":"ru-RU","name":"Для","nameA":""},{"lang":"vi-VN","name":"Cho","nameA":""},{"lang":"zh-CN","name":"为了","nameA":""},{"lang":"hi-IN","name":"के लिए","nameA":""},{"lang":"th-TH","name":"สำหรับ","nameA":""},{"lang":"tr-TR","name":"İçin","nameA":""},{"lang":"pt-BR","name":"Para","nameA":""},{"lang":"de-DE","name":"Für","nameA":""},{"lang":"id-ID","name":"Untuk","nameA":""},{"lang":"fr-FR","name":"Pour","nameA":""}]},{"id":0,"name":"fork","transcription":"[fɔːrk]","nameA":"","image":"/img/dict/home/fork.png","bg":"transparent","nameAnswer":"","translates":[{"lang":"ru-RU","name":"Вилка","nameA":""},{"lang":"vi-VN","name":"Cái nĩa","nameA":""},{"lang":"zh-CN","name":"叉子","nameA":""},{"lang":"hi-IN","name":"कांटा","nameA":""},{"lang":"th-TH","name":"ส้อม","nameA":""},{"lang":"tr-TR","name":"Çatal","nameA":""},{"lang":"pt-BR","name":"Garfo","nameA":""},{"lang":"de-DE","name":"Gabel","nameA":""},{"lang":"id-ID","name":"Garpu","nameA":""},{"lang":"fr-FR","name":"Fourchette","nameA":""}]},{"id":0,"name":"horse","transcription":"[hɔːrs]","nameA":"","image":"/img/dict/animals/horse.png","bg":"transparent","nameAnswer":"","translates":[{"lang":"ru-RU","name":"Лошадь","nameA":""},{"lang":"vi-VN","name":"Con ngựa","nameA":""},{"lang":"zh-CN","name":"马","nameA":""},{"lang":"hi-IN","name":"घोड़ा","nameA":""},{"lang":"th-TH","name":"ม้า","nameA":""},{"lang":"tr-TR","name":"At","nameA":""},{"lang":"pt-BR","name":"Cavalo","nameA":""},{"lang":"de-DE","name":"Pferd","nameA":""},{"lang":"id-ID","name":"Kuda","nameA":""},{"lang":"fr-FR","name":"Cheval","nameA":""}]},{"id":0,"name":"short","transcription":"[ʃɔːrt]","nameA":"","image":" ","bg":"transparent","nameAnswer":"","translates":[{"lang":"ru-RU","name":"Короткий","nameA":""},{"lang":"vi-VN","name":"Ngắn","nameA":""},{"lang":"zh-CN","name":"短的","nameA":""},{"lang":"hi-IN","name":"छोटा","nameA":""},{"lang":"th-TH","name":"สั้น","nameA":""},{"lang":"tr-TR","name":"Kısa","nameA":""},{"lang":"pt-BR","name":"Curto","nameA":""},{"lang":"de-DE","name":"Kurz","nameA":""},{"lang":"id-ID","name":"Pendek","nameA":""},{"lang":"fr-FR","name":"Court","nameA":""}]},{"id":0,"name":"sport","transcription":"[spɔːrt]","nameA":"","image":" ","bg":"transparent","nameAnswer":"","translates":[{"lang":"ru-RU","name":"Спорт","nameA":""},{"lang":"vi-VN","name":"Thể thao","nameA":""},{"lang":"zh-CN","name":"运动","nameA":""},{"lang":"hi-IN","name":"खेल","nameA":""},{"lang":"th-TH","name":"กีฬา","nameA":""},{"lang":"tr-TR","name":"Spor","nameA":""},{"lang":"pt-BR","name":"Esporte","nameA":""},{"lang":"de-DE","name":"Sport","nameA":""},{"lang":"id-ID","name":"Olahraga","nameA":""},{"lang":"fr-FR","name":"Sport","nameA":""}]},{"id":0,"name":"awful","transcription":"[ˈɔːfəl]","nameA":"","image":" ","bg":"transparent","nameAnswer":"","translates":[{"lang":"ru-RU","name":"Ужасный","nameA":""},{"lang":"vi-VN","name":"Khủng khiếp","nameA":""},{"lang":"zh-CN","name":"可怕的","nameA":""},{"lang":"hi-IN","name":"भयानक","nameA":""},{"lang":"th-TH","name":"แย่มาก","nameA":""},{"lang":"tr-TR","name":"Korkunç","nameA":""},{"lang":"pt-BR","name":"Terrível","nameA":""},{"lang":"de-DE","name":"Schrecklich","nameA":""},{"lang":"id-ID","name":"Mengerikan","nameA":""},{"lang":"fr-FR","name":"Affreux","nameA":""}]},{"id":0,"name":"claw","transcription":"[klɔː]","nameA":"","image":" ","bg":"transparent","nameAnswer":"","translates":[{"lang":"ru-RU","name":"Коготь","nameA":""},{"lang":"vi-VN","name":"Móng vuốt","nameA":""},{"lang":"zh-CN","name":"爪子","nameA":""},{"lang":"hi-IN","name":"पंजा","nameA":""},{"lang":"th-TH","name":"กรงเล็บ","nameA":""},{"lang":"tr-TR","name":"Pencer","nameA":""},{"lang":"pt-BR","name":"Garra","nameA":""},{"lang":"de-DE","name":"Klaue","nameA":""},{"lang":"id-ID","name":"Cakar","nameA":""},{"lang":"fr-FR","name":"Griffe","nameA":""}]},{"id":0,"name":"draw","transcription":"[drɔː]","nameA":"","image":" ","bg":"transparent","nameAnswer":"","translates":[{"lang":"ru-RU","name":"Рисовать","nameA":""},{"lang":"vi-VN","name":"Vẽ","nameA":""},{"lang":"zh-CN","name":"画","nameA":""},{"lang":"hi-IN","name":"चित्र बनाना","nameA":""},{"lang":"th-TH","name":"วาด","nameA":""},{"lang":"tr-TR","name":"Çizmek","nameA":""},{"lang":"pt-BR","name":"Desenhar","nameA":""},{"lang":"de-DE","name":"Zeichnen","nameA":""},{"lang":"id-ID","name":"Menggambar","nameA":""},{"lang":"fr-FR","name":"Dessiner","nameA":""}]},{"id":0,"name":"hawk","transcription":"[hɔːk]","nameA":"","image":"/img/dict/animals/hawk.png","bg":"transparent","nameAnswer":"","translates":[{"lang":"ru-RU","name":"Ястреб","nameA":""},{"lang":"vi-VN","name":"Chim ưng","nameA":""},{"lang":"zh-CN","name":"鹰","nameA":""},{"lang":"hi-IN","name":"बाज","nameA":""},{"lang":"th-TH","name":"เหยี่ยว","nameA":""},{"lang":"tr-TR","name":"Şahin","nameA":""},{"lang":"pt-BR","name":"Falcão","nameA":""},{"lang":"de-DE","name":"Falke","nameA":""},{"lang":"id-ID","name":"Elang","nameA":""},{"lang":"fr-FR","name":"Faucon","nameA":""}]},{"id":0,"name":"lawn","transcription":"[lɔːn]","nameA":"","image":" ","bg":"transparent","nameAnswer":"","translates":[{"lang":"ru-RU","name":"Газон","nameA":""},{"lang":"vi-VN","name":"Bãi cỏ","nameA":""},{"lang":"zh-CN","name":"草坪","nameA":""},{"lang":"hi-IN","name":"लॉन","nameA":""},{"lang":"th-TH","name":"สนามหญ้า","nameA":""},{"lang":"tr-TR","name":"Çim","nameA":""},{"lang":"pt-BR","name":"Gramado","nameA":""},{"lang":"de-DE","name":"Rasen","nameA":""},{"lang":"id-ID","name":"Halaman","nameA":""},{"lang":"fr-FR","name":"Pelouse","nameA":""}]},{"id":0,"name":"saw","transcription":"[sɔː]","nameA":"","image":" ","bg":"transparent","nameAnswer":"","translates":[{"lang":"ru-RU","name":"Пила","nameA":""},{"lang":"vi-VN","name":"Cái cưa","nameA":""},{"lang":"zh-CN","name":"锯子","nameA":""},{"lang":"hi-IN","name":"आरा","nameA":""},{"lang":"th-TH","name":"เลื่อย","nameA":""},{"lang":"tr-TR","name":"Testere","nameA":""},{"lang":"pt-BR","name":"Serra","nameA":""},{"lang":"de-DE","name":"Säge","nameA":""},{"lang":"id-ID","name":"Gergaji","nameA":""},{"lang":"fr-FR","name":"Scie","nameA":""}]},{"id":0,"name":"straw","transcription":"[strɔː]","nameA":"","image":"/img/dict/home/straw.png","bg":"transparent","nameAnswer":"","translates":[{"lang":"ru-RU","name":"Солома","nameA":""},{"lang":"vi-VN","name":"Rơm","nameA":""},{"lang":"zh-CN","name":"稻草","nameA":""},{"lang":"hi-IN","name":"तिनका","nameA":""},{"lang":"th-TH","name":"ฟาง","nameA":""},{"lang":"tr-TR","name":"Saman","nameA":""},{"lang":"pt-BR","name":"Palha","nameA":""},{"lang":"de-DE","name":"Stroh","nameA":""},{"lang":"id-ID","name":"Jerami","nameA":""},{"lang":"fr-FR","name":"Paille","nameA":""}]},{"id":0,"name":"yawn","transcription":"[jɔːn]","nameA":"","image":" ","bg":"transparent","nameAnswer":"","translates":[{"lang":"ru-RU","name":"Зевать","nameA":""},{"lang":"vi-VN","name":"Ngáp","nameA":""},{"lang":"zh-CN","name":"打哈欠","nameA":""},{"lang":"hi-IN","name":"जम्हाई लेना","nameA":""},{"lang":"th-TH","name":"หาว","nameA":""},{"lang":"tr-TR","name":"Esnemek","nameA":""},{"lang":"pt-BR","name":"Bocejar","nameA":""},{"lang":"de-DE","name":"Gähnen","nameA":""},{"lang":"id-ID","name":"Menguap","nameA":""},{"lang":"fr-FR","name":"Bâiller","nameA":""}]},{"id":0,"name":"four","transcription":"[fɔːr]","nameA":"","image":" ","bg":"transparent","nameAnswer":"","translates":[{"lang":"ru-RU","name":"Четыре","nameA":""},{"lang":"vi-VN","name":"Bốn","nameA":""},{"lang":"zh-CN","name":"四","nameA":""},{"lang":"hi-IN","name":"चार","nameA":""},{"lang":"th-TH","name":"สี่","nameA":""},{"lang":"tr-TR","name":"Dört","nameA":""},{"lang":"pt-BR","name":"Quatro","nameA":""},{"lang":"de-DE","name":"Vier","nameA":""},{"lang":"id-ID","name":"Empat","nameA":""},{"lang":"fr-FR","name":"Quatre","nameA":""}]},{"id":0,"name":"pour","transcription":"[pɔːr]","nameA":"","image":" ","bg":"transparent","nameAnswer":"","translates":[{"lang":"ru-RU","name":"Лить","nameA":""},{"lang":"vi-VN","name":"Đổ","nameA":""},{"lang":"zh-CN","name":"倒","nameA":""},{"lang":"hi-IN","name":"डालना","nameA":""},{"lang":"th-TH","name":"เท","nameA":""},{"lang":"tr-TR","name":"Dökmek","nameA":""},{"lang":"pt-BR","name":"Despejar","nameA":""},{"lang":"de-DE","name":"Gießen","nameA":""},{"lang":"id-ID","name":"Menuang","nameA":""},{"lang":"fr-FR","name":"Verser","nameA":""}]},{"id":0,"name":"tour","transcription":"[tʊr]","nameA":"","image":" ","bg":"transparent","nameAnswer":"","translates":[{"lang":"ru-RU","name":"Тур","nameA":""},{"lang":"vi-VN","name":"Chuyến tham quan","nameA":""},{"lang":"zh-CN","name":"旅游","nameA":""},{"lang":"hi-IN","name":"यात्रा","nameA":""},{"lang":"th-TH","name":"ทัวร์","nameA":""},{"lang":"tr-TR","name":"Tur","nameA":""},{"lang":"pt-BR","name":"Passeio","nameA":""},{"lang":"de-DE","name":"Tour","nameA":""},{"lang":"id-ID","name":"Tur","nameA":""},{"lang":"fr-FR","name":"Tour","nameA":""}]},{"id":0,"name":"your","transcription":"[jɔːr]","nameA":"","image":" ","bg":"transparent","nameAnswer":"","translates":[{"lang":"ru-RU","name":"Твой","nameA":""},{"lang":"vi-VN","name":"Của bạn","nameA":""},{"lang":"zh-CN","name":"你的","nameA":""},{"lang":"hi-IN","name":"तुम्हारा","nameA":""},{"lang":"th-TH","name":"ของคุณ","nameA":""},{"lang":"tr-TR","name":"Senin","nameA":""},{"lang":"pt-BR","name":"Seu","nameA":""},{"lang":"de-DE","name":"Dein","nameA":""},{"lang":"id-ID","name":"Milikmu","nameA":""},{"lang":"fr-FR","name":"Ton","nameA":""}]},{"id":0,"name":"auction","transcription":"[ˈɔːkʃən]","nameA":"","image":" ","bg":"transparent","nameAnswer":"","translates":[{"lang":"ru-RU","name":"Аукцион","nameA":""},{"lang":"vi-VN","name":"Cuộc đấu giá","nameA":""},{"lang":"zh-CN","name":"拍卖","nameA":""},{"lang":"hi-IN","name":"नीलामी","nameA":""},{"lang":"th-TH","name":"การประมูล","nameA":""},{"lang":"tr-TR","name":"Müzayede","nameA":""},{"lang":"pt-BR","name":"Leilão","nameA":""},{"lang":"de-DE","name":"Auktion","nameA":""},{"lang":"id-ID","name":"Lelang","nameA":""},{"lang":"fr-FR","name":"Enchère","nameA":""}]},{"id":0,"name":"autumn","transcription":"[ˈɔːtəm]","nameA":"","image":" ","bg":"transparent","nameAnswer":"","translates":[{"lang":"ru-RU","name":"Осень","nameA":""},{"lang":"vi-VN","name":"Mùa thu","nameA":""},{"lang":"zh-CN","name":"秋天","nameA":""},{"lang":"hi-IN","name":"पतझड़","nameA":""},{"lang":"th-TH","name":"ฤดูใบไม้ร่วง","nameA":""},{"lang":"tr-TR","name":"Sonbahar","nameA":""},{"lang":"pt-BR","name":"Outono","nameA":""},{"lang":"de-DE","name":"Herbst","nameA":""},{"lang":"id-ID","name":"Musim gugur","nameA":""},{"lang":"fr-FR","name":"Automne","nameA":""}]},{"id":0,"name":"astronaut","transcription":"[ˈæstrənɔːt]","nameA":"","image":" ","bg":"transparent","nameAnswer":"","translates":[{"lang":"ru-RU","name":"Астронавт","nameA":""},{"lang":"vi-VN","name":"Phi hành gia","nameA":""},{"lang":"zh-CN","name":"宇航员","nameA":""},{"lang":"hi-IN","name":"अंतरिक्ष यात्री","nameA":""},{"lang":"th-TH","name":"นักบินอวกาศ","nameA":""},{"lang":"tr-TR","name":"Astronot","nameA":""},{"lang":"pt-BR","name":"Astronauta","nameA":""},{"lang":"de-DE","name":"Astronaut","nameA":""},{"lang":"id-ID","name":"Astronot","nameA":""},{"lang":"fr-FR","name":"Astronaute","nameA":""}]},{"id":0,"name":"laundry","transcription":"[ˈlɔːndri]","nameA":"","image":"/img/dict/home/laundry.png","bg":"transparent","nameAnswer":"","translates":[{"lang":"ru-RU","name":"Прачечная","nameA":""},{"lang":"vi-VN","name":"Giặt là","nameA":""},{"lang":"zh-CN","name":"洗衣店","nameA":""},{"lang":"hi-IN","name":"धोबी घर","nameA":""},{"lang":"th-TH","name":"ร้านซักรีด","nameA":""},{"lang":"tr-TR","name":"Çamaşırhane","nameA":""},{"lang":"pt-BR","name":"Lavanderia","nameA":""},{"lang":"de-DE","name":"Wäscherei","nameA":""},{"lang":"id-ID","name":"Laundry","nameA":""},{"lang":"fr-FR","name":"Blanchisserie","nameA":""}]},{"id":0,"name":"saucer","transcription":"[ˈsɔːsər]","nameA":"","image":"/img/dict/home/saucer.png","bg":"transparent","nameAnswer":"","translates":[{"lang":"ru-RU","name":"Блюдце","nameA":""},{"lang":"vi-VN","name":"Đĩa lót","nameA":""},{"lang":"zh-CN","name":"茶托","nameA":""},{"lang":"hi-IN","name":"तश्तरी","nameA":""},{"lang":"th-TH","name":"จานรอง","nameA":""},{"lang":"tr-TR","name":"Fincan tabağı","nameA":""},{"lang":"pt-BR","name":"Pires","nameA":""},{"lang":"de-DE","name":"Untertasse","nameA":""},{"lang":"id-ID","name":"Piring kecil","nameA":""},{"lang":"fr-FR","name":"Soucoupe","nameA":""}]},{"id":0,"name":"all","transcription":"[ɔːl]","nameA":"","image":" ","bg":"transparent","nameAnswer":"","translates":[{"lang":"ru-RU","name":"Все","nameA":""},{"lang":"vi-VN","name":"Tất cả","nameA":""},{"lang":"zh-CN","name":"全部","nameA":""},{"lang":"hi-IN","name":"सभी","nameA":""},{"lang":"th-TH","name":"ทั้งหมด","nameA":""},{"lang":"tr-TR","name":"Hepsi","nameA":""},{"lang":"pt-BR","name":"Todos","nameA":""},{"lang":"de-DE","name":"Alle","nameA":""},{"lang":"id-ID","name":"Semua","nameA":""},{"lang":"fr-FR","name":"Tous","nameA":""}]},{"id":0,"name":"talk","transcription":"[tɔːk]","nameA":"","image":" ","bg":"transparent","nameAnswer":"","translates":[{"lang":"ru-RU","name":"Разговаривать","nameA":""},{"lang":"vi-VN","name":"Nói chuyện","nameA":""},{"lang":"zh-CN","name":"谈话","nameA":""},{"lang":"hi-IN","name":"बात करना","nameA":""},{"lang":"th-TH","name":"พูดคุย","nameA":""},{"lang":"tr-TR","name":"Konuşmak","nameA":""},{"lang":"pt-BR","name":"Conversar","nameA":""},{"lang":"de-DE","name":"Sprechen","nameA":""},{"lang":"id-ID","name":"Berbicara","nameA":""},{"lang":"fr-FR","name":"Parler","nameA":""}]},{"id":0,"name":"walk","transcription":"[wɔːk]","nameA":"","image":"/img/dict/home/walk.png","bg":"transparent","nameAnswer":"","translates":[{"lang":"ru-RU","name":"Гулять","nameA":""},{"lang":"vi-VN","name":"Đi bộ","nameA":""},{"lang":"zh-CN","name":"走路","nameA":""},{"lang":"hi-IN","name":"चलना","nameA":""},{"lang":"th-TH","name":"เดิน","nameA":""},{"lang":"tr-TR","name":"Yürümek","nameA":""},{"lang":"pt-BR","name":"Andar","nameA":""},{"lang":"de-DE","name":"Gehen","nameA":""},{"lang":"id-ID","name":"Berjalan","nameA":""},{"lang":"fr-FR","name":"Marcher","nameA":""}]},{"id":0,"name":"aboard","transcription":"[əˈbɔːrd]","nameA":"","image":" ","bg":"transparent","nameAnswer":"","translates":[{"lang":"ru-RU","name":"На борту","nameA":""},{"lang":"vi-VN","name":"Trên tàu","nameA":""},{"lang":"zh-CN","name":"在船上","nameA":""},{"lang":"hi-IN","name":"जहाज़ पर","nameA":""},{"lang":"th-TH","name":"บนเรือ","nameA":""},{"lang":"tr-TR","name":"Gemide","nameA":""},{"lang":"pt-BR","name":"A bordo","nameA":""},{"lang":"de-DE","name":"An Bord","nameA":""},{"lang":"id-ID","name":"Di atas kapal","nameA":""},{"lang":"fr-FR","name":"À bord","nameA":""}]},{"id":0,"name":"board","transcription":"[bɔːrd]","nameA":"","image":" ","bg":"transparent","nameAnswer":"","translates":[{"lang":"ru-RU","name":"Доска","nameA":""},{"lang":"vi-VN","name":"Tấm ván","nameA":""},{"lang":"zh-CN","name":"木板","nameA":""},{"lang":"hi-IN","name":"तख्ता","nameA":""},{"lang":"th-TH","name":"กระดาน","nameA":""},{"lang":"tr-TR","name":"Tahta","nameA":""},{"lang":"pt-BR","name":"Tábua","nameA":""},{"lang":"de-DE","name":"Brett","nameA":""},{"lang":"id-ID","name":"Papan","nameA":""},{"lang":"fr-FR","name":"Planche","nameA":""}]},{"id":0,"name":"coarse","transcription":"[kɔːrs]","nameA":"","image":" ","bg":"transparent","nameAnswer":"","translates":[{"lang":"ru-RU","name":"Грубый","nameA":""},{"lang":"vi-VN","name":"Thô","nameA":""},{"lang":"zh-CN","name":"粗糙的","nameA":""},{"lang":"hi-IN","name":"मोटा","nameA":""},{"lang":"th-TH","name":"หยาบ","nameA":""},{"lang":"tr-TR","name":"Kaba","nameA":""},{"lang":"pt-BR","name":"Grosseiro","nameA":""},{"lang":"de-DE","name":"Grob","nameA":""},{"lang":"id-ID","name":"Kasar","nameA":""},{"lang":"fr-FR","name":"Grossier","nameA":""}]},{"id":0,"name":"hoard","transcription":"[hɔːrd]","nameA":"","image":" ","bg":"transparent","nameAnswer":"","translates":[{"lang":"ru-RU","name":"Запас","nameA":""},{"lang":"vi-VN","name":"Tích trữ","nameA":""},{"lang":"zh-CN","name":"储藏","nameA":""},{"lang":"hi-IN","name":"संचय","nameA":""},{"lang":"th-TH","name":"สะสม","nameA":""},{"lang":"tr-TR","name":"Stok","nameA":""},{"lang":"pt-BR","name":"Estoque","nameA":""},{"lang":"de-DE","name":"Vorrat","nameA":""},{"lang":"id-ID","name":"Persediaan","nameA":""},{"lang":"fr-FR","name":"Réserve","nameA":""}]},{"id":0,"name":"oar","transcription":"[ɔːr]","nameA":"","image":" ","bg":"transparent","nameAnswer":"","translates":[{"lang":"ru-RU","name":"Весло","nameA":""},{"lang":"vi-VN","name":"Mái chèo","nameA":""},{"lang":"zh-CN","name":"桨","nameA":""},{"lang":"hi-IN","name":"चप्पू","nameA":""},{"lang":"th-TH","name":"ไม้พาย","nameA":""},{"lang":"tr-TR","name":"Kürek","nameA":""},{"lang":"pt-BR","name":"Remo","nameA":""},{"lang":"de-DE","name":"Ruder","nameA":""},{"lang":"id-ID","name":"Dayung","nameA":""},{"lang":"fr-FR","name":"Rame","nameA":""}]},{"id":0,"name":"roar","transcription":"[rɔːr]","nameA":"","image":" ","bg":"transparent","nameAnswer":"","translates":[{"lang":"ru-RU","name":"Рев","nameA":""},{"lang":"vi-VN","name":"Gầm","nameA":""},{"lang":"zh-CN","name":"咆哮","nameA":""},{"lang":"hi-IN","name":"गर्जना","nameA":""},{"lang":"th-TH","name":"คำราม","nameA":""},{"lang":"tr-TR","name":"Kükreme","nameA":""},{"lang":"pt-BR","name":"Rugido","nameA":""},{"lang":"de-DE","name":"Brüllen","nameA":""},{"lang":"id-ID","name":"Mengaum","nameA":""},{"lang":"fr-FR","name":"Rugir","nameA":""}]},{"id":0,"name":"soar","transcription":"[sɔːr]","nameA":"","image":" ","bg":"transparent","nameAnswer":"","translates":[{"lang":"ru-RU","name":"Парить","nameA":""},{"lang":"vi-VN","name":"Bay lượn","nameA":""},{"lang":"zh-CN","name":"翱翔","nameA":""},{"lang":"hi-IN","name":"उड़ना","nameA":""},{"lang":"th-TH","name":"บินร่อน","nameA":""},{"lang":"tr-TR","name":"Süzülmek","nameA":""},{"lang":"pt-BR","name":"Voar","nameA":""},{"lang":"de-DE","name":"Schweben","nameA":""},{"lang":"id-ID","name":"Melayang","nameA":""},{"lang":"fr-FR","name":"Planer","nameA":""}]},{"id":0,"name":"door","transcription":"[dɔːr]","nameA":"","image":"/img/dict/home/door.png","bg":"transparent","nameAnswer":"","translates":[{"lang":"ru-RU","name":"Дверь","nameA":""},{"lang":"vi-VN","name":"Cửa","nameA":""},{"lang":"zh-CN","name":"门","nameA":""},{"lang":"hi-IN","name":"दरवाज़ा","nameA":""},{"lang":"th-TH","name":"ประตู","nameA":""},{"lang":"tr-TR","name":"Kapı","nameA":""},{"lang":"pt-BR","name":"Porta","nameA":""},{"lang":"de-DE","name":"Tür","nameA":""},{"lang":"id-ID","name":"Pintu","nameA":""},{"lang":"fr-FR","name":"Porte","nameA":""}]},{"id":0,"name":"floor","transcription":"[flɔːr]","nameA":"","image":"/img/dict/home/floor.png","bg":"transparent","nameAnswer":"","translates":[{"lang":"ru-RU","name":"Пол","nameA":""},{"lang":"vi-VN","name":"Sàn","nameA":""},{"lang":"zh-CN","name":"地板","nameA":""},{"lang":"hi-IN","name":"फर्श","nameA":""},{"lang":"th-TH","name":"พื้น","nameA":""},{"lang":"tr-TR","name":"Zemin","nameA":""},{"lang":"pt-BR","name":"Chão","nameA":""},{"lang":"de-DE","name":"Boden","nameA":""},{"lang":"id-ID","name":"Lantai","nameA":""},{"lang":"fr-FR","name":"Plancher","nameA":""}]},{"id":0,"name":"moor","transcription":"[mʊr]","nameA":"","image":" ","bg":"transparent","nameAnswer":"","translates":[{"lang":"ru-RU","name":"Пустошь","nameA":""},{"lang":"vi-VN","name":"Đồng hoang","nameA":""},{"lang":"zh-CN","name":"荒野","nameA":""},{"lang":"hi-IN","name":"बंजर भूमि","nameA":""},{"lang":"th-TH","name":"ทุ่งโล่ง","nameA":""},{"lang":"tr-TR","name":"Bozkır","nameA":""},{"lang":"pt-BR","name":"Charneca","nameA":""},{"lang":"de-DE","name":"Moor","nameA":""},{"lang":"id-ID","name":"Tanah kosong","nameA":""},{"lang":"fr-FR","name":"Landes","nameA":""}]},{"id":0,"name":"poor","transcription":"[pʊr]","nameA":"","image":" ","bg":"transparent","nameAnswer":"","translates":[{"lang":"ru-RU","name":"Бедный","nameA":""},{"lang":"vi-VN","name":"Nghèo","nameA":""},{"lang":"zh-CN","name":"贫穷的","nameA":""},{"lang":"hi-IN","name":"गरीब","nameA":""},{"lang":"th-TH","name":"ยากจน","nameA":""},{"lang":"tr-TR","name":"Fakir","nameA":""},{"lang":"pt-BR","name":"Pobre","nameA":""},{"lang":"de-DE","name":"Arm","nameA":""},{"lang":"id-ID","name":"Miskin","nameA":""},{"lang":"fr-FR","name":"Pauvre","nameA":""}]},{"id":0,"name":"more","transcription":"[mɔːr]","nameA":"","image":" ","bg":"transparent","nameAnswer":"","translates":[{"lang":"ru-RU","name":"Больше","nameA":""},{"lang":"vi-VN","name":"Hơn","nameA":""},{"lang":"zh-CN","name":"更多","nameA":""},{"lang":"hi-IN","name":"अधिक","nameA":""},{"lang":"th-TH","name":"มากขึ้น","nameA":""},{"lang":"tr-TR","name":"Daha fazla","nameA":""},{"lang":"pt-BR","name":"Mais","nameA":""},{"lang":"de-DE","name":"Mehr","nameA":""},{"lang":"id-ID","name":"Lebih","nameA":""},{"lang":"fr-FR","name":"Plus","nameA":""}]},{"id":0,"name":"sore","transcription":"[sɔːr]","nameA":"","image":" ","bg":"transparent","nameAnswer":"","translates":[{"lang":"ru-RU","name":"Больной","nameA":""},{"lang":"vi-VN","name":"Đau","nameA":""},{"lang":"zh-CN","name":"疼痛的","nameA":""},{"lang":"hi-IN","name":"दर्द","nameA":""},{"lang":"th-TH","name":"เจ็บ","nameA":""},{"lang":"tr-TR","name":"Ağrılı","nameA":""},{"lang":"pt-BR","name":"Dolorido","nameA":""},{"lang":"de-DE","name":"Wund","nameA":""},{"lang":"id-ID","name":"Sakit","nameA":""},{"lang":"fr-FR","name":"Douloureux","nameA":""}]},{"id":0,"name":"store","transcription":"[stɔːr]","nameA":"","image":" ","bg":"transparent","nameAnswer":"","translates":[{"lang":"ru-RU","name":"Магазин","nameA":""},{"lang":"vi-VN","name":"Cửa hàng","nameA":""},{"lang":"zh-CN","name":"商店","nameA":""},{"lang":"hi-IN","name":"दुकान","nameA":""},{"lang":"th-TH","name":"ร้านค้า","nameA":""},{"lang":"tr-TR","name":"Mağaza","nameA":""},{"lang":"pt-BR","name":"Loja","nameA":""},{"lang":"de-DE","name":"Geschäft","nameA":""},{"lang":"id-ID","name":"Toko","nameA":""},{"lang":"fr-FR","name":"Magasin","nameA":""}]},{"id":0,"name":"tore","transcription":"[tɔːr]","nameA":"","image":" ","bg":"transparent","nameAnswer":"","translates":[{"lang":"ru-RU","name":"Разорвал","nameA":""},{"lang":"vi-VN","name":"Xé","nameA":""},{"lang":"zh-CN","name":"撕破","nameA":""},{"lang":"hi-IN","name":"फाड़ दिया","nameA":""},{"lang":"th-TH","name":"ฉีก","nameA":""},{"lang":"tr-TR","name":"Yırtıldı","nameA":""},{"lang":"pt-BR","name":"Rasgou","nameA":""},{"lang":"de-DE","name":"Zerriss","nameA":""},{"lang":"id-ID","name":"Merobek","nameA":""},{"lang":"fr-FR","name":"Déchira","nameA":""}]},{"id":0,"name":"caught","transcription":"[kɔːt]","nameA":"","image":" ","bg":"transparent","nameAnswer":"","translates":[{"lang":"ru-RU","name":"Пойманный","nameA":""},{"lang":"vi-VN","name":"Bắt được","nameA":""},{"lang":"zh-CN","name":"抓住","nameA":""},{"lang":"hi-IN","name":"पकड़ा गया","nameA":""},{"lang":"th-TH","name":"จับได้","nameA":""},{"lang":"tr-TR","name":"Yakalandı","nameA":""},{"lang":"pt-BR","name":"Pegou","nameA":""},{"lang":"de-DE","name":"Gefangen","nameA":""},{"lang":"id-ID","name":"Terjebak","nameA":""},{"lang":"fr-FR","name":"Attrapé","nameA":""}]},{"id":0,"name":"daughter","transcription":"[ˈdɔːtər]","nameA":"","image":" ","bg":"transparent","nameAnswer":"","translates":[{"lang":"ru-RU","name":"Дочь","nameA":""},{"lang":"vi-VN","name":"Con gái","nameA":""},{"lang":"zh-CN","name":"女儿","nameA":""},{"lang":"hi-IN","name":"बेटी","nameA":""},{"lang":"th-TH","name":"ลูกสาว","nameA":""},{"lang":"tr-TR","name":"Kız evlat","nameA":""},{"lang":"pt-BR","name":"Filha","nameA":""},{"lang":"de-DE","name":"Tochter","nameA":""},{"lang":"id-ID","name":"Anak perempuan","nameA":""},{"lang":"fr-FR","name":"Fille","nameA":""}]},{"id":0,"name":"naughty","transcription":"[ˈnɔːti]","nameA":"","image":" ","bg":"transparent","nameAnswer":"","translates":[{"lang":"ru-RU","name":"Непослушный","nameA":""},{"lang":"vi-VN","name":"Nghịch ngợm","nameA":""},{"lang":"zh-CN","name":"顽皮的","nameA":""},{"lang":"hi-IN","name":"शरारती","nameA":""},{"lang":"th-TH","name":"ซน","nameA":""},{"lang":"tr-TR","name":"Yaramaz","nameA":""},{"lang":"pt-BR","name":"Travesso","nameA":""},{"lang":"de-DE","name":"Ungezogen","nameA":""},{"lang":"id-ID","name":"Nakal","nameA":""},{"lang":"fr-FR","name":"Coquin","nameA":""}]},{"id":0,"name":"taught","transcription":"[tɔːt]","nameA":"","image":" ","bg":"transparent","nameAnswer":"","translates":[{"lang":"ru-RU","name":"Учил","nameA":""},{"lang":"vi-VN","name":"Dạy","nameA":""},{"lang":"zh-CN","name":"教","nameA":""},{"lang":"hi-IN","name":"सिखाया","nameA":""},{"lang":"th-TH","name":"สอน","nameA":""},{"lang":"tr-TR","name":"Öğretti","nameA":""},{"lang":"pt-BR","name":"Ensinou","nameA":""},{"lang":"de-DE","name":"Lehrte","nameA":""},{"lang":"id-ID","name":"Mengajar","nameA":""},{"lang":"fr-FR","name":"Enseigna","nameA":""}]},{"id":0,"name":"bought","transcription":"[bɔːt]","nameA":"","image":" ","bg":"transparent","nameAnswer":"","translates":[{"lang":"ru-RU","name":"Купленный","nameA":""},{"lang":"vi-VN","name":"Đã mua","nameA":""},{"lang":"zh-CN","name":"买了","nameA":""},{"lang":"hi-IN","name":"खरीदा","nameA":""},{"lang":"th-TH","name":"ซื้อ","nameA":""},{"lang":"tr-TR","name":"Satın aldı","nameA":""},{"lang":"pt-BR","name":"Comprou","nameA":""},{"lang":"de-DE","name":"Kaufte","nameA":""},{"lang":"id-ID","name":"Membeli","nameA":""},{"lang":"fr-FR","name":"Acheté","nameA":""}]},{"id":0,"name":"brought","transcription":"[brɔːt]","nameA":"","image":" ","bg":"transparent","nameAnswer":"","translates":[{"lang":"ru-RU","name":"Принесенный","nameA":""},{"lang":"vi-VN","name":"Mang đến","nameA":""},{"lang":"zh-CN","name":"带来","nameA":""},{"lang":"hi-IN","name":"लाया","nameA":""},{"lang":"th-TH","name":"นำมา","nameA":""},{"lang":"tr-TR","name":"Getirdi","nameA":""},{"lang":"pt-BR","name":"Trouxe","nameA":""},{"lang":"de-DE","name":"Brachte","nameA":""},{"lang":"id-ID","name":"Membawa","nameA":""},{"lang":"fr-FR","name":"Apporté","nameA":""}]},{"id":0,"name":"aught","transcription":"[ɔːt]","nameA":"","image":" ","bg":"transparent","nameAnswer":"","translates":[{"lang":"ru-RU","name":"Ничто","nameA":""},{"lang":"vi-VN","name":"Không gì","nameA":""},{"lang":"zh-CN","name":"无","nameA":""},{"lang":"hi-IN","name":"कुछ नहीं","nameA":""},{"lang":"th-TH","name":"ไม่มีอะไร","nameA":""},{"lang":"tr-TR","name":"Hiçbir şey","nameA":""},{"lang":"pt-BR","name":"Nada","nameA":""},{"lang":"de-DE","name":"Nichts","nameA":""},{"lang":"id-ID","name":"Tidak ada","nameA":""},{"lang":"fr-FR","name":"Rien","nameA":""}]},{"id":0,"name":"thought","transcription":"[θɔːt]","nameA":"","image":" ","bg":"transparent","nameAnswer":"","translates":[{"lang":"ru-RU","name":"Мысль","nameA":""},{"lang":"vi-VN","name":"Suy nghĩ","nameA":""},{"lang":"zh-CN","name":"想法","nameA":""},{"lang":"hi-IN","name":"विचार","nameA":""},{"lang":"th-TH","name":"ความคิด","nameA":""},{"lang":"tr-TR","name":"Düşünce","nameA":""},{"lang":"pt-BR","name":"Pensamento","nameA":""},{"lang":"de-DE","name":"Gedanke","nameA":""},{"lang":"id-ID","name":"Pikiran","nameA":""},{"lang":"fr-FR","name":"Pensée","nameA":""}]},{"id":0,"name":"wardrobe","transcription":"[ˈwɔːrdroʊb]","nameA":"","image":"/img/dict/home/wardrobe.png","bg":"transparent","nameAnswer":"","translates":[{"lang":"ru-RU","name":"Гардероб","nameA":""},{"lang":"vi-VN","name":"Tủ quần áo","nameA":""},{"lang":"zh-CN","name":"衣柜","nameA":""},{"lang":"hi-IN","name":"अलमारी","nameA":""},{"lang":"th-TH","name":"ตู้เสื้อผ้า","nameA":""},{"lang":"tr-TR","name":"Gardırop","nameA":""},{"lang":"pt-BR","name":"Guarda-roupa","nameA":""},{"lang":"de-DE","name":"Kleiderschrank","nameA":""},{"lang":"id-ID","name":"Lemari pakaian","nameA":""},{"lang":"fr-FR","name":"Garde-robe","nameA":""}]},{"id":0,"name":"warm","transcription":"[wɔːrm]","nameA":"","image":" ","bg":"transparent","nameAnswer":"","translates":[{"lang":"ru-RU","name":"Теплый","nameA":""},{"lang":"vi-VN","name":"Ấm","nameA":""},{"lang":"zh-CN","name":"温暖的","nameA":""},{"lang":"hi-IN","name":"गर्म","nameA":""},{"lang":"th-TH","name":"อุ่น","nameA":""},{"lang":"tr-TR","name":"Sıcak","nameA":""},{"lang":"pt-BR","name":"Quente","nameA":""},{"lang":"de-DE","name":"Warm","nameA":""},{"lang":"id-ID","name":"Hangat","nameA":""},{"lang":"fr-FR","name":"Chaud","nameA":""}]},{"id":0,"name":"warn","transcription":"[wɔːrn]","nameA":"","image":" ","bg":"transparent","nameAnswer":"","translates":[{"lang":"ru-RU","name":"Предупреждать","nameA":""},{"lang":"vi-VN","name":"Cảnh báo","nameA":""},{"lang":"zh-CN","name":"警告","nameA":""},{"lang":"hi-IN","name":"चेतावनी देना","nameA":""},{"lang":"th-TH","name":"เตือน","nameA":""},{"lang":"tr-TR","name":"Uyarmak","nameA":""},{"lang":"pt-BR","name":"Advertir","nameA":""},{"lang":"de-DE","name":"Warnen","nameA":""},{"lang":"id-ID","name":"Memperingatkan","nameA":""},{"lang":"fr-FR","name":"Avertir","nameA":""}]},{"id":0,"name":"quarter","transcription":"[ˈkwɔːrtər]","nameA":"","image":" ","bg":"transparent","nameAnswer":"","translates":[{"lang":"ru-RU","name":"Четверть","nameA":""},{"lang":"vi-VN","name":"Một phần tư","nameA":""},{"lang":"zh-CN","name":"四分之一","nameA":""},{"lang":"hi-IN","name":"चौथाई","nameA":""},{"lang":"th-TH","name":"หนึ่งในสี่","nameA":""},{"lang":"tr-TR","name":"Çeyrek","nameA":""},{"lang":"pt-BR","name":"Quarto","nameA":""},{"lang":"de-DE","name":"Viertel","nameA":""},{"lang":"id-ID","name":"Seperempat","nameA":""},{"lang":"fr-FR","name":"Quart","nameA":""}]},{"id":0,"name":"water","transcription":"[ˈwɔːtər]","nameA":"","image":"/img/dict/food/water.png","bg":"transparent","nameAnswer":"","translates":[{"lang":"ru-RU","name":"Вода","nameA":""},{"lang":"vi-VN","name":"Nước","nameA":""},{"lang":"zh-CN","name":"水","nameA":""},{"lang":"hi-IN","name":"पानी","nameA":""},{"lang":"th-TH","name":"น้ำ","nameA":""},{"lang":"tr-TR","name":"Su","nameA":""},{"lang":"pt-BR","name":"Água","nameA":""},{"lang":"de-DE","name":"Wasser","nameA":""},{"lang":"id-ID","name":"Air","nameA":""},{"lang":"fr-FR","name":"Eau","nameA":""}]}]}