{
  "name": "Phonics /eer/",
  "nameA": null,
  "img": null,
  "minQuiz": null,
  "isRandom": false,
  "isBlur": false,
  "isUpper": true,
  "isByWords": false,
  "isForAdult": false,
  "separator": "",
  "numWords": 17,
  "tags": null,
  "Translations": [
    {
      "lang": "ru-RU",
      "name": "Алфавит",
      "nameA": null
    }
  ],
  "items": [
    {
      "id": 0,
      "name": "ear",
      "transcription": "[ɪr]",
      "nameA": "",
      "image": "/img/dict/body/ear.png",
      "bg": "transparent",
      "nameAnswer": null,
      "translates": [
        {
          "lang": "ru-RU",
          "name": "Ухо",
          "nameA": null
        }
      ]
    },
    {
      "id": 0,
      "name": "dear",
      "transcription": "[dɪr]",
      "nameA": "",
      "image": " ",
      "bg": "transparent",
      "nameAnswer": null,
      "translates": [
        {
          "lang": "ru-RU",
          "name": "Дорогой",
          "nameA": null
        }
      ]
    },
    {
      "id": 0,
      "name": "hear",
      "transcription": "[hɪr]",
      "nameA": "",
      "image": " ",
      "bg": "transparent",
      "nameAnswer": null,
      "translates": [
        {
          "lang": "ru-RU",
          "name": "Слышать",
          "nameA": null
        }
      ]
    },
    {
      "id": 0,
      "name": "near",
      "transcription": "[nɪr]",
      "nameA": "",
      "image": " ",
      "bg": "transparent",
      "nameAnswer": null,
      "translates": [
        {
          "lang": "ru-RU",
          "name": "Близко",
          "nameA": null
        }
      ]
    },
    {
      "id": 0,
      "name": "rear",
      "transcription": "[rɪr]",
      "nameA": "",
      "image": " ",
      "bg": "transparent",
      "nameAnswer": null,
      "translates": [
        {
          "lang": "ru-RU",
          "name": "Задний",
          "nameA": null
        }
      ]
    },
    {
      "id": 0,
      "name": "year",
      "transcription": "[jɪr]",
      "nameA": "",
      "image": " ",
      "bg": "transparent",
      "nameAnswer": null,
      "translates": [
        {
          "lang": "ru-RU",
          "name": "Год",
          "nameA": null
        }
      ]
    },
    {
      "id": 0,
      "name": "cheer",
      "transcription": "[tʃɪr]",
      "nameA": "",
      "image": " ",
      "bg": "transparent",
      "nameAnswer": null,
      "translates": [
        {
          "lang": "ru-RU",
          "name": "Аплодисменты",
          "nameA": null
        }
      ]
    },
    {
      "id": 0,
      "name": "deer",
      "transcription": "[dɪr]",
      "nameA": "",
      "image": "/img/dict/animals/deer.png",
      "bg": "transparent",
      "nameAnswer": null,
      "translates": [
        {
          "lang": "ru-RU",
          "name": "Олень",
          "nameA": null
        }
      ]
    },
    {
      "id": 0,
      "name": "eerie",
      "transcription": "[ˈɪri]",
      "nameA": "",
      "image": " ",
      "bg": "transparent",
      "nameAnswer": null,
      "translates": [
        {
          "lang": "ru-RU",
          "name": "Жуткий",
          "nameA": null
        }
      ]
    },
    {
      "id": 0,
      "name": "peer",
      "transcription": "[pɪr]",
      "nameA": "",
      "image": " ",
      "bg": "transparent",
      "nameAnswer": null,
      "translates": [
        {
          "lang": "ru-RU",
          "name": "Сверстник",
          "nameA": null
        }
      ]
    },
    {
      "id": 0,
      "name": "steer",
      "transcription": "[stɪr]",
      "nameA": "",
      "image": " ",
      "bg": "transparent",
      "nameAnswer": null,
      "translates": [
        {
          "lang": "ru-RU",
          "name": "Управлять",
          "nameA": null
        }
      ]
    },
    {
      "id": 0,
      "name": "here",
      "transcription": "[hɪr]",
      "nameA": "",
      "image": " ",
      "bg": "transparent",
      "nameAnswer": null,
      "translates": [
        {
          "lang": "ru-RU",
          "name": "Здесь",
          "nameA": null
        }
      ]
    },
    {
      "id": 0,
      "name": "severe",
      "transcription": "[sɪˈvɪr]",
      "nameA": "",
      "image": " ",
      "bg": "transparent",
      "nameAnswer": null,
      "translates": [
        {
          "lang": "ru-RU",
          "name": "Серьезный",
          "nameA": null
        }
      ]
    },
    {
      "id": 0,
      "name": "sphere",
      "transcription": "[sfɪr]",
      "nameA": "",
      "image": "/img/dict/shapes/sphere.png",
      "bg": "transparent",
      "nameAnswer": null,
      "translates": [
        {
          "lang": "ru-RU",
          "name": "Сфера",
          "nameA": null
        }
      ]
    },
    {
      "id": 0,
      "name": "pier",
      "transcription": "[pɪr]",
      "nameA": "",
      "image": " ",
      "bg": "transparent",
      "nameAnswer": null,
      "translates": [
        {
          "lang": "ru-RU",
          "name": "Пирс",
          "nameA": null
        }
      ]
    },
    {
      "id": 0,
      "name": "skier",
      "transcription": "[ˈskiːər]",
      "nameA": "",
      "image": " ",
      "bg": "transparent",
      "nameAnswer": null,
      "translates": [
        {
          "lang": "ru-RU",
          "name": "Лыжник",
          "nameA": null
        }
      ]
    },
    {
      "id": 0,
      "name": "tier",
      "transcription": "[tɪr]",
      "nameA": "",
      "image": " ",
      "bg": "transparent",
      "nameAnswer": null,
      "translates": [
        {
          "lang": "ru-RU",
          "name": "Уровень",
          "nameA": null
        }
      ]
    }
  ]
}