{
  "name": "Phonics /k/",
  "nameA": null,
  "img": null,
  "minQuiz": null,
  "isRandom": false,
  "isBlur": false,
  "isUpper": true,
  "isByWords": false,
  "isForAdult": false,
  "separator": "",
  "numWords": 111,
  "tags": null,
  "Translations": [
    {
      "lang": "ru-RU",
      "name": "Алфавит",
      "nameA": null
    }
  ],
  "items": [
    {
      "id": 0,
      "name": "/k/",
      "transcription": "",
      "nameA": "/sound/dict/k.mp3",
      "image": "",
      "bg": "",
      "nameAnswer": null,
      "translates": [
        {
          "lang": "ru-RU",
          "name": "",
          "nameA": null
        }
      ]
    },
    {
      "id": 0,
      "name": "kangaroo",
      "transcription": "[ˌkæŋɡəˈruː]",
      "nameA": "",
      "image": "/img/dict/animals/kangaroo.png",
      "bg": "transparent",
      "nameAnswer": null,
      "translates": [
        {
          "lang": "ru-RU",
          "name": "Кенгуру",
          "nameA": null
        }
      ]
    },
    {
      "id": 0,
      "name": "keep",
      "transcription": "[kiːp]",
      "nameA": "",
      "image": " ",
      "bg": "transparent",
      "nameAnswer": null,
      "translates": [
        {
          "lang": "ru-RU",
          "name": "Держать",
          "nameA": null
        }
      ]
    },
    {
      "id": 0,
      "name": "kettle",
      "transcription": "[ˈkɛtəl]",
      "nameA": "",
      "image": "/img/dict/home/kettle.png",
      "bg": "transparent",
      "nameAnswer": null,
      "translates": [
        {
          "lang": "ru-RU",
          "name": "Чайник",
          "nameA": null
        }
      ]
    },
    {
      "id": 0,
      "name": "key",
      "transcription": "[kiː]",
      "nameA": "",
      "image": " ",
      "bg": "transparent",
      "nameAnswer": null,
      "translates": [
        {
          "lang": "ru-RU",
          "name": "Ключ",
          "nameA": null
        }
      ]
    },
    {
      "id": 0,
      "name": "kick",
      "transcription": "[kɪk]",
      "nameA": "",
      "image": " ",
      "bg": "transparent",
      "nameAnswer": null,
      "translates": [
        {
          "lang": "ru-RU",
          "name": "Пинать",
          "nameA": null
        }
      ]
    },
    {
      "id": 0,
      "name": "kill",
      "transcription": "[kɪl]",
      "nameA": "",
      "image": " ",
      "bg": "transparent",
      "nameAnswer": null,
      "translates": [
        {
          "lang": "ru-RU",
          "name": "Убивать",
          "nameA": null
        }
      ]
    },
    {
      "id": 0,
      "name": "kind",
      "transcription": "[kaɪnd]",
      "nameA": "",
      "image": " ",
      "bg": "transparent",
      "nameAnswer": null,
      "translates": [
        {
          "lang": "ru-RU",
          "name": "Добрый",
          "nameA": null
        }
      ]
    },
    {
      "id": 0,
      "name": "king",
      "transcription": "[kɪŋ]",
      "nameA": "",
      "image": " ",
      "bg": "transparent",
      "nameAnswer": null,
      "translates": [
        {
          "lang": "ru-RU",
          "name": "Король",
          "nameA": null
        }
      ]
    },
    {
      "id": 0,
      "name": "kiss",
      "transcription": "[kɪs]",
      "nameA": "",
      "image": "/img/dict/emoji/kiss.png",
      "bg": "transparent",
      "nameAnswer": null,
      "translates": [
        {
          "lang": "ru-RU",
          "name": "Поцелуй",
          "nameA": null
        }
      ]
    },
    {
      "id": 0,
      "name": "kitchen",
      "transcription": "[ˈkɪtʃən]",
      "nameA": "",
      "image": "/img/dict/home/kitchen.png",
      "bg": "transparent",
      "nameAnswer": null,
      "translates": [
        {
          "lang": "ru-RU",
          "name": "Кухня",
          "nameA": null
        }
      ]
    },
    {
      "id": 0,
      "name": "cage",
      "transcription": "[keɪdʒ]",
      "nameA": "",
      "image": "/img/dict/animals/cage.png",
      "bg": "transparent",
      "nameAnswer": null,
      "translates": [
        {
          "lang": "ru-RU",
          "name": "Клетка",
          "nameA": null
        }
      ]
    },
    {
      "id": 0,
      "name": "calculator",
      "transcription": "[ˈkælkjəˌleɪtər]",
      "nameA": "",
      "image": "/img/dict/classroom/calculator.png",
      "bg": "transparent",
      "nameAnswer": null,
      "translates": [
        {
          "lang": "ru-RU",
          "name": "Калькулятор",
          "nameA": null
        }
      ]
    },
    {
      "id": 0,
      "name": "calendar",
      "transcription": "[ˈkæləndər]",
      "nameA": "",
      "image": " ",
      "bg": "transparent",
      "nameAnswer": null,
      "translates": [
        {
          "lang": "ru-RU",
          "name": "Календарь",
          "nameA": null
        }
      ]
    },
    {
      "id": 0,
      "name": "call",
      "transcription": "[kɔːl]",
      "nameA": "",
      "image": " ",
      "bg": "transparent",
      "nameAnswer": null,
      "translates": [
        {
          "lang": "ru-RU",
          "name": "Звонить",
          "nameA": null
        }
      ]
    },
    {
      "id": 0,
      "name": "camera",
      "transcription": "[ˈkæmərə]",
      "nameA": "",
      "image": " ",
      "bg": "transparent",
      "nameAnswer": null,
      "translates": [
        {
          "lang": "ru-RU",
          "name": "Камера",
          "nameA": null
        }
      ]
    },
    {
      "id": 0,
      "name": "camp",
      "transcription": "[kæmp]",
      "nameA": "",
      "image": " ",
      "bg": "transparent",
      "nameAnswer": null,
      "translates": [
        {
          "lang": "ru-RU",
          "name": "Лагерь",
          "nameA": null
        }
      ]
    },
    {
      "id": 0,
      "name": "can",
      "transcription": "[kæn]",
      "nameA": "",
      "image": " ",
      "bg": "transparent",
      "nameAnswer": null,
      "translates": [
        {
          "lang": "ru-RU",
          "name": "Мочь",
          "nameA": null
        }
      ]
    },
    {
      "id": 0,
      "name": "candle",
      "transcription": "[ˈkændəl]",
      "nameA": "",
      "image": "/img/dict/home/candle.png",
      "bg": "transparent",
      "nameAnswer": null,
      "translates": [
        {
          "lang": "ru-RU",
          "name": "Свеча",
          "nameA": null
        }
      ]
    },
    {
      "id": 0,
      "name": "card",
      "transcription": "[kɑːrd]",
      "nameA": "",
      "image": " ",
      "bg": "transparent",
      "nameAnswer": null,
      "translates": [
        {
          "lang": "ru-RU",
          "name": "Карта",
          "nameA": null
        }
      ]
    },
    {
      "id": 0,
      "name": "cardboard",
      "transcription": "[ˈkɑːrdbɔːrd]",
      "nameA": "",
      "image": " ",
      "bg": "transparent",
      "nameAnswer": null,
      "translates": [
        {
          "lang": "ru-RU",
          "name": "Картон",
          "nameA": null
        }
      ]
    },
    {
      "id": 0,
      "name": "careful",
      "transcription": "[ˈkɛrfəl]",
      "nameA": "",
      "image": " ",
      "bg": "transparent",
      "nameAnswer": null,
      "translates": [
        {
          "lang": "ru-RU",
          "name": "Осторожный",
          "nameA": null
        }
      ]
    },
    {
      "id": 0,
      "name": "carpet",
      "transcription": "[ˈkɑːrpɪt]",
      "nameA": "",
      "image": "/img/dict/home/carpet.png",
      "bg": "transparent",
      "nameAnswer": null,
      "translates": [
        {
          "lang": "ru-RU",
          "name": "Ковер",
          "nameA": null
        }
      ]
    },
    {
      "id": 0,
      "name": "carry",
      "transcription": "[ˈkæri]",
      "nameA": "",
      "image": " ",
      "bg": "transparent",
      "nameAnswer": null,
      "translates": [
        {
          "lang": "ru-RU",
          "name": "Нести",
          "nameA": null
        }
      ]
    },
    {
      "id": 0,
      "name": "cartoon",
      "transcription": "[kɑːrˈtuːn]",
      "nameA": "",
      "image": " ",
      "bg": "transparent",
      "nameAnswer": null,
      "translates": [
        {
          "lang": "ru-RU",
          "name": "Мультфильм",
          "nameA": null
        }
      ]
    },
    {
      "id": 0,
      "name": "castle",
      "transcription": "[ˈkæsəl]",
      "nameA": "",
      "image": "/img/dict/city/castle.png",
      "bg": "transparent",
      "nameAnswer": null,
      "translates": [
        {
          "lang": "ru-RU",
          "name": "Замок",
          "nameA": null
        }
      ]
    },
    {
      "id": 0,
      "name": "cat",
      "transcription": "[kæt]",
      "nameA": "",
      "image": "/img/dict/animals/cat.png",
      "bg": "transparent",
      "nameAnswer": null,
      "translates": [
        {
          "lang": "ru-RU",
          "name": "Кошка",
          "nameA": null
        }
      ]
    },
    {
      "id": 0,
      "name": "catch",
      "transcription": "[kætʃ]",
      "nameA": "",
      "image": " ",
      "bg": "transparent",
      "nameAnswer": null,
      "translates": [
        {
          "lang": "ru-RU",
          "name": "Ловить",
          "nameA": null
        }
      ]
    },
    {
      "id": 0,
      "name": "caterpillar",
      "transcription": "[ˈkætərˌpɪlər]",
      "nameA": "",
      "image": "/img/dict/animals/caterpillar.png",
      "bg": "transparent",
      "nameAnswer": null,
      "translates": [
        {
          "lang": "ru-RU",
          "name": "Гусеница",
          "nameA": null
        }
      ]
    },
    {
      "id": 0,
      "name": "cave",
      "transcription": "[keɪv]",
      "nameA": "",
      "image": " ",
      "bg": "transparent",
      "nameAnswer": null,
      "translates": [
        {
          "lang": "ru-RU",
          "name": "Пещера",
          "nameA": null
        }
      ]
    },
    {
      "id": 0,
      "name": "clap",
      "transcription": "[klæp]",
      "nameA": "",
      "image": " ",
      "bg": "transparent",
      "nameAnswer": null,
      "translates": [
        {
          "lang": "ru-RU",
          "name": "Хлопать",
          "nameA": null
        }
      ]
    },
    {
      "id": 0,
      "name": "class",
      "transcription": "[klæs]",
      "nameA": "",
      "image": "/img/dict/classroom/class.png",
      "bg": "transparent",
      "nameAnswer": null,
      "translates": [
        {
          "lang": "ru-RU",
          "name": "Класс",
          "nameA": null
        }
      ]
    },
    {
      "id": 0,
      "name": "clamp",
      "transcription": "[klæmp]",
      "nameA": "",
      "image": "/img/dict/classroom/clamp.png",
      "bg": "transparent",
      "nameAnswer": null,
      "translates": [
        {
          "lang": "ru-RU",
          "name": "Зажим",
          "nameA": null
        }
      ]
    },
    {
      "id": 0,
      "name": "camel",
      "transcription": "[ˈkæməl]",
      "nameA": "",
      "image": "/img/dict/animals/camel.png",
      "bg": "transparent",
      "nameAnswer": null,
      "translates": [
        {
          "lang": "ru-RU",
          "name": "Верблюд",
          "nameA": null
        }
      ]
    },
    {
      "id": 0,
      "name": "clean",
      "transcription": "[kliːn]",
      "nameA": "",
      "image": " ",
      "bg": "transparent",
      "nameAnswer": null,
      "translates": [
        {
          "lang": "ru-RU",
          "name": "Чистый",
          "nameA": null
        }
      ]
    },
    {
      "id": 0,
      "name": "clear",
      "transcription": "[klɪr]",
      "nameA": "",
      "image": " ",
      "bg": "transparent",
      "nameAnswer": null,
      "translates": [
        {
          "lang": "ru-RU",
          "name": "Ясный",
          "nameA": null
        }
      ]
    },
    {
      "id": 0,
      "name": "clever",
      "transcription": "[ˈklɛvər]",
      "nameA": "",
      "image": " ",
      "bg": "transparent",
      "nameAnswer": null,
      "translates": [
        {
          "lang": "ru-RU",
          "name": "Умный",
          "nameA": null
        }
      ]
    },
    {
      "id": 0,
      "name": "cliff",
      "transcription": "[klɪf]",
      "nameA": "",
      "image": " ",
      "bg": "transparent",
      "nameAnswer": null,
      "translates": [
        {
          "lang": "ru-RU",
          "name": "Скала",
          "nameA": null
        }
      ]
    },
    {
      "id": 0,
      "name": "climb",
      "transcription": "[klaɪm]",
      "nameA": "",
      "image": " ",
      "bg": "transparent",
      "nameAnswer": null,
      "translates": [
        {
          "lang": "ru-RU",
          "name": "Лазить",
          "nameA": null
        }
      ]
    },
    {
      "id": 0,
      "name": "clock",
      "transcription": "[klɑk]",
      "nameA": "",
      "image": "/img/dict/home/clock.png",
      "bg": "transparent",
      "nameAnswer": null,
      "translates": [
        {
          "lang": "ru-RU",
          "name": "Часы",
          "nameA": null
        }
      ]
    },
    {
      "id": 0,
      "name": "close",
      "transcription": "[kloʊs]",
      "nameA": "",
      "image": " ",
      "bg": "transparent",
      "nameAnswer": null,
      "translates": [
        {
          "lang": "ru-RU",
          "name": "Закрывать",
          "nameA": null
        }
      ]
    },
    {
      "id": 0,
      "name": "cloth",
      "transcription": "[klɔθ]",
      "nameA": "",
      "image": " ",
      "bg": "transparent",
      "nameAnswer": null,
      "translates": [
        {
          "lang": "ru-RU",
          "name": "Ткань",
          "nameA": null
        }
      ]
    },
    {
      "id": 0,
      "name": "clothes",
      "transcription": "[kloʊðz]",
      "nameA": "",
      "image": " ",
      "bg": "transparent",
      "nameAnswer": null,
      "translates": [
        {
          "lang": "ru-RU",
          "name": "Одежда",
          "nameA": null
        }
      ]
    },
    {
      "id": 0,
      "name": "cloud",
      "transcription": "[klaʊd]",
      "nameA": "",
      "image": "/img/dict/shapes/cloud.png",
      "bg": "transparent",
      "nameAnswer": null,
      "translates": [
        {
          "lang": "ru-RU",
          "name": "Облако",
          "nameA": null
        }
      ]
    },
    {
      "id": 0,
      "name": "clown",
      "transcription": "[klaʊn]",
      "nameA": "",
      "image": " ",
      "bg": "transparent",
      "nameAnswer": null,
      "translates": [
        {
          "lang": "ru-RU",
          "name": "Клоун",
          "nameA": null
        }
      ]
    },
    {
      "id": 0,
      "name": "coat",
      "transcription": "[koʊt]",
      "nameA": "",
      "image": " ",
      "bg": "transparent",
      "nameAnswer": null,
      "translates": [
        {
          "lang": "ru-RU",
          "name": "Пальто",
          "nameA": null
        }
      ]
    },
    {
      "id": 0,
      "name": "coin",
      "transcription": "[kɔɪn]",
      "nameA": "",
      "image": " ",
      "bg": "transparent",
      "nameAnswer": null,
      "translates": [
        {
          "lang": "ru-RU",
          "name": "Монета",
          "nameA": null
        }
      ]
    },
    {
      "id": 0,
      "name": "cold",
      "transcription": "[koʊld]",
      "nameA": "",
      "image": " ",
      "bg": "transparent",
      "nameAnswer": null,
      "translates": [
        {
          "lang": "ru-RU",
          "name": "Холодный",
          "nameA": null
        }
      ]
    },
    {
      "id": 0,
      "name": "collar",
      "transcription": "[ˈkɑlər]",
      "nameA": "",
      "image": "/img/dict/animals/collar.png",
      "bg": "transparent",
      "nameAnswer": null,
      "translates": [
        {
          "lang": "ru-RU",
          "name": "Воротник",
          "nameA": null
        }
      ]
    },
    {
      "id": 0,
      "name": "come",
      "transcription": "[kʌm]",
      "nameA": "",
      "image": " ",
      "bg": "transparent",
      "nameAnswer": null,
      "translates": [
        {
          "lang": "ru-RU",
          "name": "Приходить",
          "nameA": null
        }
      ]
    },
    {
      "id": 0,
      "name": "comfortable",
      "transcription": "[ˈkʌmfərtəbəl]",
      "nameA": "",
      "image": " ",
      "bg": "transparent",
      "nameAnswer": null,
      "translates": [
        {
          "lang": "ru-RU",
          "name": "Удобный",
          "nameA": null
        }
      ]
    },
    {
      "id": 0,
      "name": "comic",
      "transcription": "[ˈkɑmɪk]",
      "nameA": "",
      "image": " ",
      "bg": "transparent",
      "nameAnswer": null,
      "translates": [
        {
          "lang": "ru-RU",
          "name": "Комикс",
          "nameA": null
        }
      ]
    },
    {
      "id": 0,
      "name": "computer",
      "transcription": "[kəmˈpjuːtər]",
      "nameA": "",
      "image": " ",
      "bg": "transparent",
      "nameAnswer": null,
      "translates": [
        {
          "lang": "ru-RU",
          "name": "Компьютер",
          "nameA": null
        }
      ]
    },
    {
      "id": 0,
      "name": "connect",
      "transcription": "[kəˈnɛkt]",
      "nameA": "",
      "image": " ",
      "bg": "transparent",
      "nameAnswer": null,
      "translates": [
        {
          "lang": "ru-RU",
          "name": "Соединять",
          "nameA": null
        }
      ]
    },
    {
      "id": 0,
      "name": "control",
      "transcription": "[kənˈtroʊl]",
      "nameA": "",
      "image": " ",
      "bg": "transparent",
      "nameAnswer": null,
      "translates": [
        {
          "lang": "ru-RU",
          "name": "Контроль",
          "nameA": null
        }
      ]
    },
    {
      "id": 0,
      "name": "cooker",
      "transcription": "[ˈkʊkər]",
      "nameA": "",
      "image": " ",
      "bg": "transparent",
      "nameAnswer": null,
      "translates": [
        {
          "lang": "ru-RU",
          "name": "Плита",
          "nameA": null
        }
      ]
    },
    {
      "id": 0,
      "name": "cool",
      "transcription": "[kuːl]",
      "nameA": "",
      "image": " ",
      "bg": "transparent",
      "nameAnswer": null,
      "translates": [
        {
          "lang": "ru-RU",
          "name": "Прохладный",
          "nameA": null
        }
      ]
    },
    {
      "id": 0,
      "name": "copy",
      "transcription": "[ˈkɑpi]",
      "nameA": "",
      "image": " ",
      "bg": "transparent",
      "nameAnswer": null,
      "translates": [
        {
          "lang": "ru-RU",
          "name": "Копировать",
          "nameA": null
        }
      ]
    },
    {
      "id": 0,
      "name": "corner",
      "transcription": "[ˈkɔrnər]",
      "nameA": "",
      "image": " ",
      "bg": "transparent",
      "nameAnswer": null,
      "translates": [
        {
          "lang": "ru-RU",
          "name": "Угол",
          "nameA": null
        }
      ]
    },
    {
      "id": 0,
      "name": "cost",
      "transcription": "[kɔst]",
      "nameA": "",
      "image": " ",
      "bg": "transparent",
      "nameAnswer": null,
      "translates": [
        {
          "lang": "ru-RU",
          "name": "Стоимость",
          "nameA": null
        }
      ]
    },
    {
      "id": 0,
      "name": "coast",
      "transcription": "[koʊst]",
      "nameA": "",
      "image": " ",
      "bg": "transparent",
      "nameAnswer": null,
      "translates": [
        {
          "lang": "ru-RU",
          "name": "Побережье",
          "nameA": null
        }
      ]
    },
    {
      "id": 0,
      "name": "cough",
      "transcription": "[kɔf]",
      "nameA": "",
      "image": " ",
      "bg": "transparent",
      "nameAnswer": null,
      "translates": [
        {
          "lang": "ru-RU",
          "name": "Кашель",
          "nameA": null
        }
      ]
    },
    {
      "id": 0,
      "name": "count",
      "transcription": "[kaʊnt]",
      "nameA": "",
      "image": " ",
      "bg": "transparent",
      "nameAnswer": null,
      "translates": [
        {
          "lang": "ru-RU",
          "name": "Считать",
          "nameA": null
        }
      ]
    },
    {
      "id": 0,
      "name": "country",
      "transcription": "[ˈkʌntri]",
      "nameA": "",
      "image": " ",
      "bg": "transparent",
      "nameAnswer": null,
      "translates": [
        {
          "lang": "ru-RU",
          "name": "Страна",
          "nameA": null
        }
      ]
    },
    {
      "id": 0,
      "name": "cousin",
      "transcription": "[ˈkʌzən]",
      "nameA": "",
      "image": " ",
      "bg": "transparent",
      "nameAnswer": null,
      "translates": [
        {
          "lang": "ru-RU",
          "name": "Двоюродный брат/сестра",
          "nameA": null
        }
      ]
    },
    {
      "id": 0,
      "name": "cover",
      "transcription": "[ˈkʌvər]",
      "nameA": "",
      "image": " ",
      "bg": "transparent",
      "nameAnswer": null,
      "translates": [
        {
          "lang": "ru-RU",
          "name": "Накрывать",
          "nameA": null
        }
      ]
    },
    {
      "id": 0,
      "name": "cow",
      "transcription": "[kaʊ]",
      "nameA": "",
      "image": "/img/dict/animals/cow.png",
      "bg": "transparent",
      "nameAnswer": null,
      "translates": [
        {
          "lang": "ru-RU",
          "name": "Корова",
          "nameA": null
        }
      ]
    },
    {
      "id": 0,
      "name": "crack",
      "transcription": "[kræk]",
      "nameA": "",
      "image": " ",
      "bg": "transparent",
      "nameAnswer": null,
      "translates": [
        {
          "lang": "ru-RU",
          "name": "Трещина",
          "nameA": null
        }
      ]
    },
    {
      "id": 0,
      "name": "cracker",
      "transcription": "[ˈkrækər]",
      "nameA": "",
      "image": "/img/dict/food/cracker.png",
      "bg": "transparent",
      "nameAnswer": null,
      "translates": [
        {
          "lang": "ru-RU",
          "name": "Крекер",
          "nameA": null
        }
      ]
    },
    {
      "id": 0,
      "name": "crane",
      "transcription": "[kreɪn]",
      "nameA": "",
      "image": "/img/dict/animals/crane.png",
      "bg": "transparent",
      "nameAnswer": null,
      "translates": [
        {
          "lang": "ru-RU",
          "name": "Журавль",
          "nameA": null
        }
      ]
    },
    {
      "id": 0,
      "name": "crash",
      "transcription": "[kræʃ]",
      "nameA": "",
      "image": " ",
      "bg": "transparent",
      "nameAnswer": null,
      "translates": [
        {
          "lang": "ru-RU",
          "name": "Авария",
          "nameA": null
        }
      ]
    },
    {
      "id": 0,
      "name": "crawl",
      "transcription": "[krɔːl]",
      "nameA": "",
      "image": "/img/dict/home/crawl.png",
      "bg": "transparent",
      "nameAnswer": null,
      "translates": [
        {
          "lang": "ru-RU",
          "name": "Ползать",
          "nameA": null
        }
      ]
    },
    {
      "id": 0,
      "name": "cream",
      "transcription": "[kriːm]",
      "nameA": "",
      "image": " ",
      "bg": "transparent",
      "nameAnswer": null,
      "translates": [
        {
          "lang": "ru-RU",
          "name": "Крем",
          "nameA": null
        }
      ]
    },
    {
      "id": 0,
      "name": "creature",
      "transcription": "[ˈkriːtʃər]",
      "nameA": "",
      "image": " ",
      "bg": "transparent",
      "nameAnswer": null,
      "translates": [
        {
          "lang": "ru-RU",
          "name": "Существо",
          "nameA": null
        }
      ]
    },
    {
      "id": 0,
      "name": "creep",
      "transcription": "[kriːp]",
      "nameA": "",
      "image": " ",
      "bg": "transparent",
      "nameAnswer": null,
      "translates": [
        {
          "lang": "ru-RU",
          "name": "Ползти",
          "nameA": null
        }
      ]
    },
    {
      "id": 0,
      "name": "crocodile",
      "transcription": "[ˈkrɑkəˌdaɪl]",
      "nameA": "",
      "image": " ",
      "bg": "transparent",
      "nameAnswer": null,
      "translates": [
        {
          "lang": "ru-RU",
          "name": "Крокодил",
          "nameA": null
        }
      ]
    },
    {
      "id": 0,
      "name": "cross",
      "transcription": "[krɔːs]",
      "nameA": "",
      "image": " ",
      "bg": "transparent",
      "nameAnswer": null,
      "translates": [
        {
          "lang": "ru-RU",
          "name": "Пересекать",
          "nameA": null
        }
      ]
    },
    {
      "id": 0,
      "name": "crowd",
      "transcription": "[kraʊd]",
      "nameA": "",
      "image": " ",
      "bg": "transparent",
      "nameAnswer": null,
      "translates": [
        {
          "lang": "ru-RU",
          "name": "Толпа",
          "nameA": null
        }
      ]
    },
    {
      "id": 0,
      "name": "crown",
      "transcription": "[kraʊn]",
      "nameA": "",
      "image": " ",
      "bg": "transparent",
      "nameAnswer": null,
      "translates": [
        {
          "lang": "ru-RU",
          "name": "Корона",
          "nameA": null
        }
      ]
    },
    {
      "id": 0,
      "name": "crust",
      "transcription": "[krʌst]",
      "nameA": "",
      "image": " ",
      "bg": "transparent",
      "nameAnswer": null,
      "translates": [
        {
          "lang": "ru-RU",
          "name": "Корочка",
          "nameA": null
        }
      ]
    },
    {
      "id": 0,
      "name": "cuddle",
      "transcription": "[ˈkʌdəl]",
      "nameA": "",
      "image": " ",
      "bg": "transparent",
      "nameAnswer": null,
      "translates": [
        {
          "lang": "ru-RU",
          "name": "Обнимать",
          "nameA": null
        }
      ]
    },
    {
      "id": 0,
      "name": "cup",
      "transcription": "[kʌp]",
      "nameA": "",
      "image": "/img/dict/home/cup.png",
      "bg": "transparent",
      "nameAnswer": null,
      "translates": [
        {
          "lang": "ru-RU",
          "name": "Чашка",
          "nameA": null
        }
      ]
    },
    {
      "id": 0,
      "name": "cupboard",
      "transcription": "[ˈkʌbərd]",
      "nameA": "",
      "image": "/img/dict/home/cupboard.png",
      "bg": "transparent",
      "nameAnswer": null,
      "translates": [
        {
          "lang": "ru-RU",
          "name": "Шкаф",
          "nameA": null
        }
      ]
    },
    {
      "id": 0,
      "name": "curl",
      "transcription": "[kɜːrl]",
      "nameA": "",
      "image": " ",
      "bg": "transparent",
      "nameAnswer": null,
      "translates": [
        {
          "lang": "ru-RU",
          "name": "Завиток",
          "nameA": null
        }
      ]
    },
    {
      "id": 0,
      "name": "curtain",
      "transcription": "[ˈkɜːrtən]",
      "nameA": "",
      "image": " ",
      "bg": "transparent",
      "nameAnswer": null,
      "translates": [
        {
          "lang": "ru-RU",
          "name": "Штора",
          "nameA": null
        }
      ]
    },
    {
      "id": 0,
      "name": "curved",
      "transcription": "[kɜːrvd]",
      "nameA": "",
      "image": " ",
      "bg": "transparent",
      "nameAnswer": null,
      "translates": [
        {
          "lang": "ru-RU",
          "name": "Изогнутый",
          "nameA": null
        }
      ]
    },
    {
      "id": 0,
      "name": "cut",
      "transcription": "[kʌt]",
      "nameA": "",
      "image": " ",
      "bg": "transparent",
      "nameAnswer": null,
      "translates": [
        {
          "lang": "ru-RU",
          "name": "Резать",
          "nameA": null
        }
      ]
    },
    {
      "id": 0,
      "name": "chameleon",
      "transcription": "[kəˈmiːliən]",
      "nameA": "",
      "image": "/img/dict/animals/chameleon.png",
      "bg": "transparent",
      "nameAnswer": null,
      "translates": [
        {
          "lang": "ru-RU",
          "name": "Хамелеон",
          "nameA": null
        }
      ]
    },
    {
      "id": 0,
      "name": "chaos",
      "transcription": "[ˈkeɪɑːs]",
      "nameA": "",
      "image": " ",
      "bg": "transparent",
      "nameAnswer": null,
      "translates": [
        {
          "lang": "ru-RU",
          "name": "Хаос",
          "nameA": null
        }
      ]
    },
    {
      "id": 0,
      "name": "character",
      "transcription": "[ˈkærɪktər]",
      "nameA": "",
      "image": " ",
      "bg": "transparent",
      "nameAnswer": null,
      "translates": [
        {
          "lang": "ru-RU",
          "name": "Персонаж",
          "nameA": null
        }
      ]
    },
    {
      "id": 0,
      "name": "chemistry",
      "transcription": "[ˈkɛmɪstri]",
      "nameA": "",
      "image": " ",
      "bg": "transparent",
      "nameAnswer": null,
      "translates": [
        {
          "lang": "ru-RU",
          "name": "Химия",
          "nameA": null
        }
      ]
    },
    {
      "id": 0,
      "name": "choir",
      "transcription": "[ˈkwaɪər]",
      "nameA": "",
      "image": " ",
      "bg": "transparent",
      "nameAnswer": null,
      "translates": [
        {
          "lang": "ru-RU",
          "name": "Хор",
          "nameA": null
        }
      ]
    },
    {
      "id": 0,
      "name": "chorus",
      "transcription": "[ˈkɔːrəs]",
      "nameA": "",
      "image": " ",
      "bg": "transparent",
      "nameAnswer": null,
      "translates": [
        {
          "lang": "ru-RU",
          "name": "Хор",
          "nameA": null
        }
      ]
    },
    {
      "id": 0,
      "name": "chronic",
      "transcription": "[ˈkrɑnɪk]",
      "nameA": "",
      "image": " ",
      "bg": "transparent",
      "nameAnswer": null,
      "translates": [
        {
          "lang": "ru-RU",
          "name": "Хронический",
          "nameA": null
        }
      ]
    },
    {
      "id": 0,
      "name": "chrysalis",
      "transcription": "[ˈkrɪsəlɪs]",
      "nameA": "",
      "image": " ",
      "bg": "transparent",
      "nameAnswer": null,
      "translates": [
        {
          "lang": "ru-RU",
          "name": "Куколка",
          "nameA": null
        }
      ]
    },
    {
      "id": 0,
      "name": "quiche",
      "transcription": "[kiːʃ]",
      "nameA": "",
      "image": " ",
      "bg": "transparent",
      "nameAnswer": null,
      "translates": [
        {
          "lang": "ru-RU",
          "name": "Киш",
          "nameA": null
        }
      ]
    },
    {
      "id": 0,
      "name": "queue",
      "transcription": "[kjuː]",
      "nameA": "",
      "image": " ",
      "bg": "transparent",
      "nameAnswer": null,
      "translates": [
        {
          "lang": "ru-RU",
          "name": "Очередь",
          "nameA": null
        }
      ]
    },
    {
      "id": 0,
      "name": "anchor",
      "transcription": "[ˈæŋkər]",
      "nameA": "",
      "image": " ",
      "bg": "transparent",
      "nameAnswer": null,
      "translates": [
        {
          "lang": "ru-RU",
          "name": "Якорь",
          "nameA": null
        }
      ]
    },
    {
      "id": 0,
      "name": "echo",
      "transcription": "[ˈɛkoʊ]",
      "nameA": "",
      "image": " ",
      "bg": "transparent",
      "nameAnswer": null,
      "translates": [
        {
          "lang": "ru-RU",
          "name": "Эхо",
          "nameA": null
        }
      ]
    },
    {
      "id": 0,
      "name": "orchestra",
      "transcription": "[ˈɔːrkɪstrə]",
      "nameA": "",
      "image": " ",
      "bg": "transparent",
      "nameAnswer": null,
      "translates": [
        {
          "lang": "ru-RU",
          "name": "Оркестр",
          "nameA": null
        }
      ]
    },
    {
      "id": 0,
      "name": "stomach",
      "transcription": "[ˈstʌmək]",
      "nameA": "",
      "image": " ",
      "bg": "transparent",
      "nameAnswer": null,
      "translates": [
        {
          "lang": "ru-RU",
          "name": "Желудок",
          "nameA": null
        }
      ]
    },
    {
      "id": 0,
      "name": "mosquito",
      "transcription": "[məˈskiːtoʊ]",
      "nameA": "",
      "image": "/img/dict/animals/mosquito.png",
      "bg": "transparent",
      "nameAnswer": null,
      "translates": [
        {
          "lang": "ru-RU",
          "name": "Комар",
          "nameA": null
        }
      ]
    },
    {
      "id": 0,
      "name": "antique",
      "transcription": "[ænˈtiːk]",
      "nameA": "",
      "image": " ",
      "bg": "transparent",
      "nameAnswer": null,
      "translates": [
        {
          "lang": "ru-RU",
          "name": "Антиквариат",
          "nameA": null
        }
      ]
    },
    {
      "id": 0,
      "name": "plaque",
      "transcription": "[plæk]",
      "nameA": "",
      "image": " ",
      "bg": "transparent",
      "nameAnswer": null,
      "translates": [
        {
          "lang": "ru-RU",
          "name": "Пластина",
          "nameA": null
        }
      ]
    },
    {
      "id": 0,
      "name": "technique",
      "transcription": "[tɛkˈniːk]",
      "nameA": "",
      "image": " ",
      "bg": "transparent",
      "nameAnswer": null,
      "translates": [
        {
          "lang": "ru-RU",
          "name": "Техника",
          "nameA": null
        }
      ]
    },
    {
      "id": 0,
      "name": "back",
      "transcription": "[bæk]",
      "nameA": "",
      "image": "/img/dict/body/back.png",
      "bg": "transparent",
      "nameAnswer": null,
      "translates": [
        {
          "lang": "ru-RU",
          "name": "Спина",
          "nameA": null
        }
      ]
    },
    {
      "id": 0,
      "name": "neck",
      "transcription": "[nɛk]",
      "nameA": "",
      "image": "/img/dict/body/neck.png",
      "bg": "transparent",
      "nameAnswer": null,
      "translates": [
        {
          "lang": "ru-RU",
          "name": "Шея",
          "nameA": null
        }
      ]
    },
    {
      "id": 0,
      "name": "bucket",
      "transcription": "[ˈbʌkɪt]",
      "nameA": "",
      "image": "/img/dict/home/bucket.png",
      "bg": "transparent",
      "nameAnswer": null,
      "translates": [
        {
          "lang": "ru-RU",
          "name": "Ведро",
          "nameA": null
        }
      ]
    },
    {
      "id": 0,
      "name": "chicken",
      "transcription": "[ˈtʃɪkɪn]",
      "nameA": "",
      "image": "/img/dict/animals/chicken.png",
      "bg": "transparent",
      "nameAnswer": null,
      "translates": [
        {
          "lang": "ru-RU",
          "name": "Курица",
          "nameA": null
        }
      ]
    },
    {
      "id": 0,
      "name": "duck",
      "transcription": "[dʌk]",
      "nameA": "",
      "image": "/img/dict/animals/duck.png",
      "bg": "transparent",
      "nameAnswer": null,
      "translates": [
        {
          "lang": "ru-RU",
          "name": "Утка",
          "nameA": null
        }
      ]
    },
    {
      "id": 0,
      "name": "snack",
      "transcription": "[snæk]",
      "nameA": "",
      "image": " ",
      "bg": "transparent",
      "nameAnswer": null,
      "translates": [
        {
          "lang": "ru-RU",
          "name": "Закуска",
          "nameA": null
        }
      ]
    }
  ]
}