{
  "name": "/oi/ oi, oy",
  "nameA": null,
  "img": null,
  "minQuiz": null,
  "isRandom": false,
  "isBlur": false,
  "isUpper": true,
  "isByWords": false,
  "isForAdult": false,
  "separator": "",
  "numWords": 14,
  "tags": null,
  "Translations": [
    {
      "lang": "ru-RU",
      "name": "Алфавит",
      "nameA": null
    }
  ],
  "items": [
    {
      "id": 0,
      "name": "coin",
      "transcription": "[kɔɪn]",
      "nameA": "",
      "image": " ",
      "bg": "transparent",
      "nameAnswer": null,
      "translates": [
        {
          "lang": "ru-RU",
          "name": "Монета",
          "nameA": null
        }
      ]
    },
    {
      "id": 0,
      "name": "foil",
      "transcription": "[fɔɪl]",
      "nameA": "",
      "image": "/img/dict/home/foil.png",
      "bg": "transparent",
      "nameAnswer": null,
      "translates": [
        {
          "lang": "ru-RU",
          "name": "Фольга",
          "nameA": null
        }
      ]
    },
    {
      "id": 0,
      "name": "join",
      "transcription": "[dʒɔɪn]",
      "nameA": "",
      "image": " ",
      "bg": "transparent",
      "nameAnswer": null,
      "translates": [
        {
          "lang": "ru-RU",
          "name": "Присоединиться",
          "nameA": null
        }
      ]
    },
    {
      "id": 0,
      "name": "oil",
      "transcription": "[ɔɪl]",
      "nameA": "",
      "image": " ",
      "bg": "transparent",
      "nameAnswer": null,
      "translates": [
        {
          "lang": "ru-RU",
          "name": "Масло",
          "nameA": null
        }
      ]
    },
    {
      "id": 0,
      "name": "point",
      "transcription": "[pɔɪnt]",
      "nameA": "",
      "image": "/img/dict/shapes/point.png",
      "bg": "transparent",
      "nameAnswer": null,
      "translates": [
        {
          "lang": "ru-RU",
          "name": "Точка",
          "nameA": null
        }
      ]
    },
    {
      "id": 0,
      "name": "soil",
      "transcription": "[sɔɪl]",
      "nameA": "",
      "image": " ",
      "bg": "transparent",
      "nameAnswer": null,
      "translates": [
        {
          "lang": "ru-RU",
          "name": "Почва",
          "nameA": null
        }
      ]
    },
    {
      "id": 0,
      "name": "spoil",
      "transcription": "[spɔɪl]",
      "nameA": "",
      "image": " ",
      "bg": "transparent",
      "nameAnswer": null,
      "translates": [
        {
          "lang": "ru-RU",
          "name": "Портить",
          "nameA": null
        }
      ]
    },
    {
      "id": 0,
      "name": "annoy",
      "transcription": "[əˈnɔɪ]",
      "nameA": "",
      "image": " ",
      "bg": "transparent",
      "nameAnswer": null,
      "translates": [
        {
          "lang": "ru-RU",
          "name": "Раздражать",
          "nameA": null
        }
      ]
    },
    {
      "id": 0,
      "name": "boy",
      "transcription": "[bɔɪ]",
      "nameA": "",
      "image": " ",
      "bg": "transparent",
      "nameAnswer": null,
      "translates": [
        {
          "lang": "ru-RU",
          "name": "Мальчик",
          "nameA": null
        }
      ]
    },
    {
      "id": 0,
      "name": "destroy",
      "transcription": "[dɪˈstrɔɪ]",
      "nameA": "",
      "image": " ",
      "bg": "transparent",
      "nameAnswer": null,
      "translates": [
        {
          "lang": "ru-RU",
          "name": "Уничтожать",
          "nameA": null
        }
      ]
    },
    {
      "id": 0,
      "name": "enjoy",
      "transcription": "[ɪnˈdʒɔɪ]",
      "nameA": "",
      "image": " ",
      "bg": "transparent",
      "nameAnswer": null,
      "translates": [
        {
          "lang": "ru-RU",
          "name": "Наслаждаться",
          "nameA": null
        }
      ]
    },
    {
      "id": 0,
      "name": "oyster",
      "transcription": "[ˈɔɪstər]",
      "nameA": "",
      "image": "/img/dict/animals/oyster.png",
      "bg": "transparent",
      "nameAnswer": null,
      "translates": [
        {
          "lang": "ru-RU",
          "name": "Устрица",
          "nameA": null
        }
      ]
    },
    {
      "id": 0,
      "name": "royal",
      "transcription": "[ˈrɔɪəl]",
      "nameA": "",
      "image": " ",
      "bg": "transparent",
      "nameAnswer": null,
      "translates": [
        {
          "lang": "ru-RU",
          "name": "Королевский",
          "nameA": null
        }
      ]
    },
    {
      "id": 0,
      "name": "toy",
      "transcription": "[tɔɪ]",
      "nameA": "",
      "image": " ",
      "bg": "transparent",
      "nameAnswer": null,
      "translates": [
        {
          "lang": "ru-RU",
          "name": "Игрушка",
          "nameA": null
        }
      ]
    }
  ]
}