{"name":"Phonics /j/","nameA":"","img":"","isRandom":false,"isBlur":false,"isUpper":true,"isByWords":false,"isForAdult":false,"separator":"","numWords":38,"Translations":[{"lang":"ru-RU","name":"Алфавит","nameA":""},{"lang":"vi-VN","name":"Ngữ âm /j/","nameA":""},{"lang":"zh-CN","name":"语音 /j/","nameA":""},{"lang":"hi-IN","name":"ध्वनि /j/","nameA":""},{"lang":"th-TH","name":"เสียง /j/","nameA":""},{"lang":"tr-TR","name":"Fonetik /j/","nameA":""},{"lang":"pt-BR","name":"Fonética /j/","nameA":""},{"lang":"de-DE","name":"Phonik /j/","nameA":""},{"lang":"id-ID","name":"Fonik /j/","nameA":""},{"lang":"fr-FR","name":"Phonétique /j/","nameA":""}],"items":[{"id":0,"name":"jacket","transcription":"[ˈdʒækɪt]","nameA":"","image":" ","bg":"transparent","nameAnswer":"","translates":[{"lang":"ru-RU","name":"Куртка","nameA":""},{"lang":"vi-VN","name":"Áo khoác","nameA":""},{"lang":"zh-CN","name":"夹克","nameA":""},{"lang":"hi-IN","name":"जैकेट","nameA":""},{"lang":"th-TH","name":"แจ็กเก็ต","nameA":""},{"lang":"tr-TR","name":"Ceket","nameA":""},{"lang":"pt-BR","name":"Jaqueta","nameA":""},{"lang":"de-DE","name":"Jacke","nameA":""},{"lang":"id-ID","name":"Jaket","nameA":""},{"lang":"fr-FR","name":"Veste","nameA":""}]},{"id":0,"name":"jam","transcription":"[dʒæm]","nameA":"","image":"/img/dict/food/jam.png","bg":"transparent","nameAnswer":"","translates":[{"lang":"ru-RU","name":"Джем","nameA":""},{"lang":"vi-VN","name":"Mứt","nameA":""},{"lang":"zh-CN","name":"果酱","nameA":""},{"lang":"hi-IN","name":"जैम","nameA":""},{"lang":"th-TH","name":"แยม","nameA":""},{"lang":"tr-TR","name":"Reçel","nameA":""},{"lang":"pt-BR","name":"Geléia","nameA":""},{"lang":"de-DE","name":"Marmelade","nameA":""},{"lang":"id-ID","name":"Selai","nameA":""},{"lang":"fr-FR","name":"Confiture","nameA":""}]},{"id":0,"name":"jar","transcription":"[dʒɑr]","nameA":"","image":"/img/dict/home/jar.png","bg":"transparent","nameAnswer":"","translates":[{"lang":"ru-RU","name":"Банка","nameA":""},{"lang":"vi-VN","name":"Lọ","nameA":""},{"lang":"zh-CN","name":"罐子","nameA":""},{"lang":"hi-IN","name":"जार","nameA":""},{"lang":"th-TH","name":"โถ","nameA":""},{"lang":"tr-TR","name":"Kavanoz","nameA":""},{"lang":"pt-BR","name":"Pote","nameA":""},{"lang":"de-DE","name":"Glas","nameA":""},{"lang":"id-ID","name":"Toples","nameA":""},{"lang":"fr-FR","name":"Pot","nameA":""}]},{"id":0,"name":"jaw","transcription":"[dʒɔ]","nameA":"","image":" ","bg":"transparent","nameAnswer":"","translates":[{"lang":"ru-RU","name":"Челюсть","nameA":""},{"lang":"vi-VN","name":"Hàm","nameA":""},{"lang":"zh-CN","name":"下巴","nameA":""},{"lang":"hi-IN","name":"जबड़ा","nameA":""},{"lang":"th-TH","name":"ขากรรไกร","nameA":""},{"lang":"tr-TR","name":"Çene","nameA":""},{"lang":"pt-BR","name":"Mandíbula","nameA":""},{"lang":"de-DE","name":"Kiefer","nameA":""},{"lang":"id-ID","name":"Rahang","nameA":""},{"lang":"fr-FR","name":"Mâchoire","nameA":""}]},{"id":0,"name":"jelly","transcription":"[ˈdʒɛli]","nameA":"","image":"/img/dict/food/jelly.png","bg":"transparent","nameAnswer":"","translates":[{"lang":"ru-RU","name":"Желе","nameA":""},{"lang":"vi-VN","name":"Thạch","nameA":""},{"lang":"zh-CN","name":"果冻","nameA":""},{"lang":"hi-IN","name":"जेली","nameA":""},{"lang":"th-TH","name":"เยลลี่","nameA":""},{"lang":"tr-TR","name":"Jöle","nameA":""},{"lang":"pt-BR","name":"Gelatina","nameA":""},{"lang":"de-DE","name":"Gelee","nameA":""},{"lang":"id-ID","name":"Jeli","nameA":""},{"lang":"fr-FR","name":"Gelée","nameA":""}]},{"id":0,"name":"jet","transcription":"[dʒɛt]","nameA":"","image":" ","bg":"transparent","nameAnswer":"","translates":[{"lang":"ru-RU","name":"Реактивный самолет","nameA":""},{"lang":"vi-VN","name":"Máy bay phản lực","nameA":""},{"lang":"zh-CN","name":"喷气式飞机","nameA":""},{"lang":"hi-IN","name":"जेट","nameA":""},{"lang":"th-TH","name":"เครื่องบินเจ็ต","nameA":""},{"lang":"tr-TR","name":"Jet","nameA":""},{"lang":"pt-BR","name":"Jato","nameA":""},{"lang":"de-DE","name":"Jet","nameA":""},{"lang":"id-ID","name":"Pesawat jet","nameA":""},{"lang":"fr-FR","name":"Jet","nameA":""}]},{"id":0,"name":"jewel","transcription":"[ˈdʒuːəl]","nameA":"","image":" ","bg":"transparent","nameAnswer":"","translates":[{"lang":"ru-RU","name":"Драгоценность","nameA":""},{"lang":"vi-VN","name":"Đá quý","nameA":""},{"lang":"zh-CN","name":"宝石","nameA":""},{"lang":"hi-IN","name":"रत्न","nameA":""},{"lang":"th-TH","name":"อัญมณี","nameA":""},{"lang":"tr-TR","name":"Mücevher","nameA":""},{"lang":"pt-BR","name":"Jóia","nameA":""},{"lang":"de-DE","name":"Juwel","nameA":""},{"lang":"id-ID","name":"Permata","nameA":""},{"lang":"fr-FR","name":"Bijou","nameA":""}]},{"id":0,"name":"jiggle","transcription":"[ˈdʒɪɡəl]","nameA":"","image":" ","bg":"transparent","nameAnswer":"","translates":[{"lang":"ru-RU","name":"Дрожать","nameA":""},{"lang":"vi-VN","name":"Lắc lư","nameA":""},{"lang":"zh-CN","name":"抖动","nameA":""},{"lang":"hi-IN","name":"हिलना","nameA":""},{"lang":"th-TH","name":"สั่น","nameA":""},{"lang":"tr-TR","name":"Sallamak","nameA":""},{"lang":"pt-BR","name":"Balançar","nameA":""},{"lang":"de-DE","name":"Wackeln","nameA":""},{"lang":"id-ID","name":"Goyang","nameA":""},{"lang":"fr-FR","name":"Remuer","nameA":""}]},{"id":0,"name":"jigsaw","transcription":"[ˈdʒɪɡsɔ]","nameA":"","image":" ","bg":"transparent","nameAnswer":"","translates":[{"lang":"ru-RU","name":"Пазл","nameA":""},{"lang":"vi-VN","name":"Ghép hình","nameA":""},{"lang":"zh-CN","name":"拼图","nameA":""},{"lang":"hi-IN","name":"जिगसॉ","nameA":""},{"lang":"th-TH","name":"จิ๊กซอว์","nameA":""},{"lang":"tr-TR","name":"Yapboz","nameA":""},{"lang":"pt-BR","name":"Quebra-cabeça","nameA":""},{"lang":"de-DE","name":"Puzzle","nameA":""},{"lang":"id-ID","name":"Puzzle","nameA":""},{"lang":"fr-FR","name":"Puzzle","nameA":""}]},{"id":0,"name":"job","transcription":"[dʒɑb]","nameA":"","image":" ","bg":"transparent","nameAnswer":"","translates":[{"lang":"ru-RU","name":"Работа","nameA":""},{"lang":"vi-VN","name":"Công việc","nameA":""},{"lang":"zh-CN","name":"工作","nameA":""},{"lang":"hi-IN","name":"नौकरी","nameA":""},{"lang":"th-TH","name":"งาน","nameA":""},{"lang":"tr-TR","name":"İş","nameA":""},{"lang":"pt-BR","name":"Trabalho","nameA":""},{"lang":"de-DE","name":"Job","nameA":""},{"lang":"id-ID","name":"Pekerjaan","nameA":""},{"lang":"fr-FR","name":"Emploi","nameA":""}]},{"id":0,"name":"join","transcription":"[dʒɔɪn]","nameA":"","image":" ","bg":"transparent","nameAnswer":"","translates":[{"lang":"ru-RU","name":"Присоединяться","nameA":""},{"lang":"vi-VN","name":"Tham gia","nameA":""},{"lang":"zh-CN","name":"加入","nameA":""},{"lang":"hi-IN","name":"शामिल होना","nameA":""},{"lang":"th-TH","name":"เข้าร่วม","nameA":""},{"lang":"tr-TR","name":"Katılmak","nameA":""},{"lang":"pt-BR","name":"Juntar","nameA":""},{"lang":"de-DE","name":"Beitreten","nameA":""},{"lang":"id-ID","name":"Bergabung","nameA":""},{"lang":"fr-FR","name":"Rejoindre","nameA":""}]},{"id":0,"name":"joke","transcription":"[dʒoʊk]","nameA":"","image":" ","bg":"transparent","nameAnswer":"","translates":[{"lang":"ru-RU","name":"Шутка","nameA":""},{"lang":"vi-VN","name":"Câu đùa","nameA":""},{"lang":"zh-CN","name":"笑话","nameA":""},{"lang":"hi-IN","name":"मज़ाक","nameA":""},{"lang":"th-TH","name":"เรื่องตลก","nameA":""},{"lang":"tr-TR","name":"Şaka","nameA":""},{"lang":"pt-BR","name":"Piada","nameA":""},{"lang":"de-DE","name":"Witz","nameA":""},{"lang":"id-ID","name":"Lelucon","nameA":""},{"lang":"fr-FR","name":"Blague","nameA":""}]},{"id":0,"name":"journey","transcription":"[ˈdʒɜrni]","nameA":"","image":" ","bg":"transparent","nameAnswer":"","translates":[{"lang":"ru-RU","name":"Путешествие","nameA":""},{"lang":"vi-VN","name":"Hành trình","nameA":""},{"lang":"zh-CN","name":"旅程","nameA":""},{"lang":"hi-IN","name":"यात्रा","nameA":""},{"lang":"th-TH","name":"การเดินทาง","nameA":""},{"lang":"tr-TR","name":"Yolculuk","nameA":""},{"lang":"pt-BR","name":"Jornada","nameA":""},{"lang":"de-DE","name":"Reise","nameA":""},{"lang":"id-ID","name":"Perjalanan","nameA":""},{"lang":"fr-FR","name":"Voyage","nameA":""}]},{"id":0,"name":"jug","transcription":"[dʒʌɡ]","nameA":"","image":"/img/dict/home/jug.png","bg":"transparent","nameAnswer":"","translates":[{"lang":"ru-RU","name":"Кувшин","nameA":""},{"lang":"vi-VN","name":"Bình","nameA":""},{"lang":"zh-CN","name":"壶","nameA":""},{"lang":"hi-IN","name":"जग","nameA":""},{"lang":"th-TH","name":"เหยือก","nameA":""},{"lang":"tr-TR","name":"Sürahi","nameA":""},{"lang":"pt-BR","name":"Jarro","nameA":""},{"lang":"de-DE","name":"Krug","nameA":""},{"lang":"id-ID","name":"Kendi","nameA":""},{"lang":"fr-FR","name":"Cruche","nameA":""}]},{"id":0,"name":"juice","transcription":"[dʒuːs]","nameA":"","image":"/img/dict/food/juice.png","bg":"transparent","nameAnswer":"","translates":[{"lang":"ru-RU","name":"Сок","nameA":""},{"lang":"vi-VN","name":"Nước ép","nameA":""},{"lang":"zh-CN","name":"果汁","nameA":""},{"lang":"hi-IN","name":"रस","nameA":""},{"lang":"th-TH","name":"น้ำผลไม้","nameA":""},{"lang":"tr-TR","name":"Meyve suyu","nameA":""},{"lang":"pt-BR","name":"Suco","nameA":""},{"lang":"de-DE","name":"Saft","nameA":""},{"lang":"id-ID","name":"Jus","nameA":""},{"lang":"fr-FR","name":"Jus","nameA":""}]},{"id":0,"name":"jump","transcription":"[dʒʌmp]","nameA":"","image":" ","bg":"transparent","nameAnswer":"","translates":[{"lang":"ru-RU","name":"Прыгать","nameA":""},{"lang":"vi-VN","name":"Nhảy","nameA":""},{"lang":"zh-CN","name":"跳","nameA":""},{"lang":"hi-IN","name":"कूदना","nameA":""},{"lang":"th-TH","name":"กระโดด","nameA":""},{"lang":"tr-TR","name":"Zıplamak","nameA":""},{"lang":"pt-BR","name":"Pular","nameA":""},{"lang":"de-DE","name":"Springen","nameA":""},{"lang":"id-ID","name":"Melompat","nameA":""},{"lang":"fr-FR","name":"Sauter","nameA":""}]},{"id":0,"name":"jumper","transcription":"[ˈdʒʌmpər]","nameA":"","image":" ","bg":"transparent","nameAnswer":"","translates":[{"lang":"ru-RU","name":"Джемпер","nameA":""},{"lang":"vi-VN","name":"Áo len","nameA":""},{"lang":"zh-CN","name":"套头衫","nameA":""},{"lang":"hi-IN","name":"जम्पर","nameA":""},{"lang":"th-TH","name":"เสื้อกันหนาว","nameA":""},{"lang":"tr-TR","name":"Kazak","nameA":""},{"lang":"pt-BR","name":"Camisola","nameA":""},{"lang":"de-DE","name":"Pullover","nameA":""},{"lang":"id-ID","name":"Sweter","nameA":""},{"lang":"fr-FR","name":"Pull","nameA":""}]},{"id":0,"name":"jungle","transcription":"[ˈdʒʌŋɡəl]","nameA":"","image":" ","bg":"transparent","nameAnswer":"","translates":[{"lang":"ru-RU","name":"Джунгли","nameA":""},{"lang":"vi-VN","name":"Rừng rậm","nameA":""},{"lang":"zh-CN","name":"丛林","nameA":""},{"lang":"hi-IN","name":"जंगल","nameA":""},{"lang":"th-TH","name":"ป่า","nameA":""},{"lang":"tr-TR","name":"Orman","nameA":""},{"lang":"pt-BR","name":"Selva","nameA":""},{"lang":"de-DE","name":"Dschungel","nameA":""},{"lang":"id-ID","name":"Hutan","nameA":""},{"lang":"fr-FR","name":"Jungle","nameA":""}]},{"id":0,"name":"just","transcription":"[dʒʌst]","nameA":"","image":" ","bg":"transparent","nameAnswer":"","translates":[{"lang":"ru-RU","name":"Просто","nameA":""},{"lang":"vi-VN","name":"Chỉ","nameA":""},{"lang":"zh-CN","name":"只是","nameA":""},{"lang":"hi-IN","name":"बस","nameA":""},{"lang":"th-TH","name":"เพียง","nameA":""},{"lang":"tr-TR","name":"Sadece","nameA":""},{"lang":"pt-BR","name":"Apenas","nameA":""},{"lang":"de-DE","name":"Nur","nameA":""},{"lang":"id-ID","name":"Hanya","nameA":""},{"lang":"fr-FR","name":"Juste","nameA":""}]},{"id":0,"name":"gem","transcription":"[dʒɛm]","nameA":"","image":" ","bg":"transparent","nameAnswer":"","translates":[{"lang":"ru-RU","name":"Драгоценный камень","nameA":""},{"lang":"vi-VN","name":"Đá quý","nameA":""},{"lang":"zh-CN","name":"宝石","nameA":""},{"lang":"hi-IN","name":"रत्न","nameA":""},{"lang":"th-TH","name":"อัญมณี","nameA":""},{"lang":"tr-TR","name":"Mücevher","nameA":""},{"lang":"pt-BR","name":"Gema","nameA":""},{"lang":"de-DE","name":"Edelstein","nameA":""},{"lang":"id-ID","name":"Permata","nameA":""},{"lang":"fr-FR","name":"Pierre précieuse","nameA":""}]},{"id":0,"name":"general","transcription":"[ˈdʒɛnərəl]","nameA":"","image":" ","bg":"transparent","nameAnswer":"","translates":[{"lang":"ru-RU","name":"Общий","nameA":""},{"lang":"vi-VN","name":"Chung","nameA":""},{"lang":"zh-CN","name":"一般","nameA":""},{"lang":"hi-IN","name":"सामान्य","nameA":""},{"lang":"th-TH","name":"ทั่วไป","nameA":""},{"lang":"tr-TR","name":"Genel","nameA":""},{"lang":"pt-BR","name":"Geral","nameA":""},{"lang":"de-DE","name":"Allgemein","nameA":""},{"lang":"id-ID","name":"Umum","nameA":""},{"lang":"fr-FR","name":"Général","nameA":""}]},{"id":0,"name":"generous","transcription":"[ˈdʒɛnərəs]","nameA":"","image":" ","bg":"transparent","nameAnswer":"","translates":[{"lang":"ru-RU","name":"Щедрый","nameA":""},{"lang":"vi-VN","name":"Hào phóng","nameA":""},{"lang":"zh-CN","name":"慷慨","nameA":""},{"lang":"hi-IN","name":"उदार","nameA":""},{"lang":"th-TH","name":"ใจกว้าง","nameA":""},{"lang":"tr-TR","name":"Cömert","nameA":""},{"lang":"pt-BR","name":"Generoso","nameA":""},{"lang":"de-DE","name":"Großzügig","nameA":""},{"lang":"id-ID","name":"Dermawan","nameA":""},{"lang":"fr-FR","name":"Généreux","nameA":""}]},{"id":0,"name":"gentle","transcription":"[ˈdʒɛntl]","nameA":"","image":" ","bg":"transparent","nameAnswer":"","translates":[{"lang":"ru-RU","name":"Мягкий","nameA":""},{"lang":"vi-VN","name":"Nhẹ nhàng","nameA":""},{"lang":"zh-CN","name":"温柔","nameA":""},{"lang":"hi-IN","name":"कोमल","nameA":""},{"lang":"th-TH","name":"อ่อนโยน","nameA":""},{"lang":"tr-TR","name":"Nazik","nameA":""},{"lang":"pt-BR","name":"Gentil","nameA":""},{"lang":"de-DE","name":"Sanft","nameA":""},{"lang":"id-ID","name":"Lembut","nameA":""},{"lang":"fr-FR","name":"Doux","nameA":""}]},{"id":0,"name":"gentleman","transcription":"[ˈdʒɛntlmən]","nameA":"","image":" ","bg":"transparent","nameAnswer":"","translates":[{"lang":"ru-RU","name":"Джентльмен","nameA":""},{"lang":"vi-VN","name":"Quý ông","nameA":""},{"lang":"zh-CN","name":"绅士","nameA":""},{"lang":"hi-IN","name":"सज्जन","nameA":""},{"lang":"th-TH","name":"สุภาพบุรุษ","nameA":""},{"lang":"tr-TR","name":"Beyefendi","nameA":""},{"lang":"pt-BR","name":"Cavalheiro","nameA":""},{"lang":"de-DE","name":"Gentleman","nameA":""},{"lang":"id-ID","name":"Pria","nameA":""},{"lang":"fr-FR","name":"Gentleman","nameA":""}]},{"id":0,"name":"giant","transcription":"[ˈdʒaɪənt]","nameA":"","image":" ","bg":"transparent","nameAnswer":"","translates":[{"lang":"ru-RU","name":"Гигант","nameA":""},{"lang":"vi-VN","name":"Người khổng lồ","nameA":""},{"lang":"zh-CN","name":"巨人","nameA":""},{"lang":"hi-IN","name":"विशाल","nameA":""},{"lang":"th-TH","name":"ยักษ์","nameA":""},{"lang":"tr-TR","name":"Dev","nameA":""},{"lang":"pt-BR","name":"Gigante","nameA":""},{"lang":"de-DE","name":"Riese","nameA":""},{"lang":"id-ID","name":"Raksasa","nameA":""},{"lang":"fr-FR","name":"Géant","nameA":""}]},{"id":0,"name":"gigantic","transcription":"[dʒaɪˈɡæntɪk]","nameA":"","image":" ","bg":"transparent","nameAnswer":"","translates":[{"lang":"ru-RU","name":"Гигантский","nameA":""},{"lang":"vi-VN","name":"Khổng lồ","nameA":""},{"lang":"zh-CN","name":"巨大的","nameA":""},{"lang":"hi-IN","name":"विशालकाय","nameA":""},{"lang":"th-TH","name":"มหึมา","nameA":""},{"lang":"tr-TR","name":"Devasa","nameA":""},{"lang":"pt-BR","name":"Gigantesco","nameA":""},{"lang":"de-DE","name":"Gigantisch","nameA":""},{"lang":"id-ID","name":"Raksasa","nameA":""},{"lang":"fr-FR","name":"Gigantesque","nameA":""}]},{"id":0,"name":"ginger","transcription":"[ˈdʒɪndʒər]","nameA":"","image":"/img/dict/food/ginger.png","bg":"transparent","nameAnswer":"","translates":[{"lang":"ru-RU","name":"Имбирь","nameA":""},{"lang":"vi-VN","name":"Gừng","nameA":""},{"lang":"zh-CN","name":"姜","nameA":""},{"lang":"hi-IN","name":"अदरक","nameA":""},{"lang":"th-TH","name":"ขิง","nameA":""},{"lang":"tr-TR","name":"Zencefil","nameA":""},{"lang":"pt-BR","name":"Gengibre","nameA":""},{"lang":"de-DE","name":"Ingwer","nameA":""},{"lang":"id-ID","name":"Jahe","nameA":""},{"lang":"fr-FR","name":"Gingembre","nameA":""}]},{"id":0,"name":"giraffe","transcription":"[dʒəˈræf]","nameA":"","image":"/img/dict/animals/giraffe.png","bg":"transparent","nameAnswer":"","translates":[{"lang":"ru-RU","name":"Жираф","nameA":""},{"lang":"vi-VN","name":"Hươu cao cổ","nameA":""},{"lang":"zh-CN","name":"长颈鹿","nameA":""},{"lang":"hi-IN","name":"जिराफ","nameA":""},{"lang":"th-TH","name":"ยีราฟ","nameA":""},{"lang":"tr-TR","name":"Zürafa","nameA":""},{"lang":"pt-BR","name":"Girafa","nameA":""},{"lang":"de-DE","name":"Giraffe","nameA":""},{"lang":"id-ID","name":"Jerapah","nameA":""},{"lang":"fr-FR","name":"Girafe","nameA":""}]},{"id":0,"name":"gym","transcription":"[dʒɪm]","nameA":"","image":"/img/dict/city/gym.png","bg":"transparent","nameAnswer":"","translates":[{"lang":"ru-RU","name":"Спортзал","nameA":""},{"lang":"vi-VN","name":"Phòng tập","nameA":""},{"lang":"zh-CN","name":"健身房","nameA":""},{"lang":"hi-IN","name":"जिम","nameA":""},{"lang":"th-TH","name":"ยิม","nameA":""},{"lang":"tr-TR","name":"Spor salonu","nameA":""},{"lang":"pt-BR","name":"Academia","nameA":""},{"lang":"de-DE","name":"Fitnessstudio","nameA":""},{"lang":"id-ID","name":"Gym","nameA":""},{"lang":"fr-FR","name":"Salle de sport","nameA":""}]},{"id":0,"name":"gymnastics","transcription":"[dʒɪmˈnæstɪks]","nameA":"","image":" ","bg":"transparent","nameAnswer":"","translates":[{"lang":"ru-RU","name":"Гимнастика","nameA":""},{"lang":"vi-VN","name":"Thể dục dụng cụ","nameA":""},{"lang":"zh-CN","name":"体操","nameA":""},{"lang":"hi-IN","name":"जिम्नास्टिक","nameA":""},{"lang":"th-TH","name":"ยิมนาสติก","nameA":""},{"lang":"tr-TR","name":"Jimnastik","nameA":""},{"lang":"pt-BR","name":"Ginástica","nameA":""},{"lang":"de-DE","name":"Gymnastik","nameA":""},{"lang":"id-ID","name":"Senam","nameA":""},{"lang":"fr-FR","name":"Gymnastique","nameA":""}]},{"id":0,"name":"bridge","transcription":"[brɪdʒ]","nameA":"","image":" ","bg":"transparent","nameAnswer":"","translates":[{"lang":"ru-RU","name":"Мост","nameA":""},{"lang":"vi-VN","name":"Cầu","nameA":""},{"lang":"zh-CN","name":"桥","nameA":""},{"lang":"hi-IN","name":"पुल","nameA":""},{"lang":"th-TH","name":"สะพาน","nameA":""},{"lang":"tr-TR","name":"Köprü","nameA":""},{"lang":"pt-BR","name":"Ponte","nameA":""},{"lang":"de-DE","name":"Brücke","nameA":""},{"lang":"id-ID","name":"Jembatan","nameA":""},{"lang":"fr-FR","name":"Pont","nameA":""}]},{"id":0,"name":"hedge","transcription":"[hɛdʒ]","nameA":"","image":" ","bg":"transparent","nameAnswer":"","translates":[{"lang":"ru-RU","name":"Живая изгородь","nameA":""},{"lang":"vi-VN","name":"Hàng rào","nameA":""},{"lang":"zh-CN","name":"树篱","nameA":""},{"lang":"hi-IN","name":"बाड़","nameA":""},{"lang":"th-TH","name":"รั้ว","nameA":""},{"lang":"tr-TR","name":"Çit","nameA":""},{"lang":"pt-BR","name":"Cerca viva","nameA":""},{"lang":"de-DE","name":"Hecke","nameA":""},{"lang":"id-ID","name":"Pagar","nameA":""},{"lang":"fr-FR","name":"Haie","nameA":""}]},{"id":0,"name":"judge","transcription":"[dʒʌdʒ]","nameA":"","image":" ","bg":"transparent","nameAnswer":"","translates":[{"lang":"ru-RU","name":"Судья","nameA":""},{"lang":"vi-VN","name":"Thẩm phán","nameA":""},{"lang":"zh-CN","name":"法官","nameA":""},{"lang":"hi-IN","name":"न्यायाधीश","nameA":""},{"lang":"th-TH","name":"ผู้พิพากษา","nameA":""},{"lang":"tr-TR","name":"Yargıç","nameA":""},{"lang":"pt-BR","name":"Juiz","nameA":""},{"lang":"de-DE","name":"Richter","nameA":""},{"lang":"id-ID","name":"Hakim","nameA":""},{"lang":"fr-FR","name":"Juge","nameA":""}]},{"id":0,"name":"sledge","transcription":"[slɛdʒ]","nameA":"","image":" ","bg":"transparent","nameAnswer":"","translates":[{"lang":"ru-RU","name":"Санки","nameA":""},{"lang":"vi-VN","name":"Xe trượt tuyết","nameA":""},{"lang":"zh-CN","name":"雪橇","nameA":""},{"lang":"hi-IN","name":"स्लेज","nameA":""},{"lang":"th-TH","name":"เลื่อน","nameA":""},{"lang":"tr-TR","name":"Kızak","nameA":""},{"lang":"pt-BR","name":"Trenó","nameA":""},{"lang":"de-DE","name":"Schlitten","nameA":""},{"lang":"id-ID","name":"Kereta luncur","nameA":""},{"lang":"fr-FR","name":"Luge","nameA":""}]},{"id":0,"name":"barge","transcription":"[bɑrdʒ]","nameA":"","image":" ","bg":"transparent","nameAnswer":"","translates":[{"lang":"ru-RU","name":"Баржа","nameA":""},{"lang":"vi-VN","name":"Xà lan","nameA":""},{"lang":"zh-CN","name":"驳船","nameA":""},{"lang":"hi-IN","name":"बजरा","nameA":""},{"lang":"th-TH","name":"เรือบรรทุก","nameA":""},{"lang":"tr-TR","name":"Mavna","nameA":""},{"lang":"pt-BR","name":"Barcaça","nameA":""},{"lang":"de-DE","name":"Schleppkahn","nameA":""},{"lang":"id-ID","name":"Barge","nameA":""},{"lang":"fr-FR","name":"Péniche","nameA":""}]},{"id":0,"name":"fringe","transcription":"[frɪndʒ]","nameA":"","image":" ","bg":"transparent","nameAnswer":"","translates":[{"lang":"ru-RU","name":"Бахрома","nameA":""},{"lang":"vi-VN","name":"Viền","nameA":""},{"lang":"zh-CN","name":"流苏","nameA":""},{"lang":"hi-IN","name":"झालर","nameA":""},{"lang":"th-TH","name":"ชายผ้า","nameA":""},{"lang":"tr-TR","name":"Saçak","nameA":""},{"lang":"pt-BR","name":"Franja","nameA":""},{"lang":"de-DE","name":"Fransen","nameA":""},{"lang":"id-ID","name":"Rumbai","nameA":""},{"lang":"fr-FR","name":"Franges","nameA":""}]},{"id":0,"name":"lounge","transcription":"[laʊndʒ]","nameA":"","image":" ","bg":"transparent","nameAnswer":"","translates":[{"lang":"ru-RU","name":"Гостиная","nameA":""},{"lang":"vi-VN","name":"Phòng chờ","nameA":""},{"lang":"zh-CN","name":"休息室","nameA":""},{"lang":"hi-IN","name":"लाउंज","nameA":""},{"lang":"th-TH","name":"ห้องนั่งเล่น","nameA":""},{"lang":"tr-TR","name":"Salon","nameA":""},{"lang":"pt-BR","name":"Sala de estar","nameA":""},{"lang":"de-DE","name":"Wohnzimmer","nameA":""},{"lang":"id-ID","name":"Ruang tamu","nameA":""},{"lang":"fr-FR","name":"Salon","nameA":""}]},{"id":0,"name":"orange","transcription":"[ˈɔrɪndʒ]","nameA":"","image":"/img/dict/colors/orange.png","bg":"transparent","nameAnswer":"","translates":[{"lang":"ru-RU","name":"Апельсин","nameA":""},{"lang":"vi-VN","name":"Cam","nameA":""},{"lang":"zh-CN","name":"橙子","nameA":""},{"lang":"hi-IN","name":"संतरा","nameA":""},{"lang":"th-TH","name":"ส้ม","nameA":""},{"lang":"tr-TR","name":"Portakal","nameA":""},{"lang":"pt-BR","name":"Laranja","nameA":""},{"lang":"de-DE","name":"Orange","nameA":""},{"lang":"id-ID","name":"Jeruk","nameA":""},{"lang":"fr-FR","name":"Orange","nameA":""}]}]}