{
  "name": "Phonics /N/",
  "nameA": null,
  "img": null,
  "minQuiz": null,
  "isRandom": false,
  "isBlur": false,
  "isUpper": true,
  "isByWords": false,
  "isForAdult": false,
  "separator": "",
  "numWords": 59,
  "tags": null,
  "Translations": [
    {
      "lang": "ru-RU",
      "name": "Алфавит",
      "nameA": null
    }
  ],
  "items": [
    {
      "id": 0,
      "name": "/N/",
      "transcription": "",
      "nameA": "/sound/dict/n.mp3",
      "image": "",
      "bg": "",
      "nameAnswer": null,
      "translates": [
        {
          "lang": "ru-RU",
          "name": "",
          "nameA": null
        }
      ]
    },
    {
      "id": 0,
      "name": "Toucan",
      "transcription": "[ˈtuːkæn]",
      "nameA": "",
      "image": "/img/dict/animals/toucan.png",
      "bg": "transparent",
      "nameAnswer": null,
      "translates": [
        {
          "lang": "ru-RU",
          "name": "Тукан",
          "nameA": null
        }
      ]
    },
    {
      "id": 0,
      "name": "Ant",
      "transcription": "[ænt]",
      "nameA": "",
      "image": "/img/dict/animals/ant.png",
      "bg": "transparent",
      "nameAnswer": null,
      "translates": [
        {
          "lang": "ru-RU",
          "name": "Муравей",
          "nameA": null
        }
      ]
    },
    {
      "id": 0,
      "name": "knee",
      "transcription": "[niː]",
      "nameA": "",
      "image": "/img/dict/body/knee.png",
      "bg": "transparent",
      "nameAnswer": null,
      "translates": [
        {
          "lang": "ru-RU",
          "name": "Колено",
          "nameA": null
        }
      ]
    },
    {
      "id": 0,
      "name": "knife",
      "transcription": "[naɪf]",
      "nameA": "",
      "image": "/img/dict/home/knife.png",
      "bg": "transparent",
      "nameAnswer": null,
      "translates": [
        {
          "lang": "ru-RU",
          "name": "Нож",
          "nameA": null
        }
      ]
    },
    {
      "id": 0,
      "name": "knight",
      "transcription": "[naɪt]",
      "nameA": "",
      "image": "/img/dict/profs/knight.png",
      "bg": "transparent",
      "nameAnswer": null,
      "translates": [
        {
          "lang": "ru-RU",
          "name": "Рыцарь",
          "nameA": null
        }
      ]
    },
    {
      "id": 0,
      "name": "gnome",
      "transcription": "[nəʊm]",
      "nameA": "",
      "image": "/img/dict/home/gnome.png",
      "bg": "transparent",
      "nameAnswer": null,
      "translates": [
        {
          "lang": "ru-RU",
          "name": "Гном",
          "nameA": null
        }
      ]
    },
    {
      "id": 0,
      "name": "sign",
      "transcription": "[saɪn]",
      "nameA": "",
      "image": "/img/dict/city/sign.png",
      "bg": "transparent",
      "nameAnswer": null,
      "translates": [
        {
          "lang": "ru-RU",
          "name": "Указатель",
          "nameA": null
        }
      ]
    },
    {
      "id": 0,
      "name": "night",
      "transcription": "[naɪt]",
      "nameA": "",
      "image": "/img/dict/seasons/night.png",
      "bg": "transparent",
      "nameAnswer": null,
      "translates": [
        {
          "lang": "ru-RU",
          "name": "Ночь",
          "nameA": null
        }
      ]
    },
    {
      "id": 0,
      "name": "funnel",
      "transcription": "[ˈfʌnl]",
      "nameA": "",
      "image": "/img/dict/home/funnel.png",
      "bg": "transparent",
      "nameAnswer": null,
      "translates": [
        {
          "lang": "ru-RU",
          "name": "Воронка",
          "nameA": null
        }
      ]
    },
    {
      "id": 0,
      "name": "tennis",
      "transcription": "[ˈtenɪs]",
      "nameA": "",
      "image": "/img/dict/sports/tennis.png",
      "bg": "transparent",
      "nameAnswer": null,
      "translates": [
        {
          "lang": "ru-RU",
          "name": "Теннис",
          "nameA": null
        }
      ]
    },
    {
      "id": 0,
      "name": "corn",
      "transcription": "[kɔːrn]",
      "nameA": "",
      "image": "/img/dict/food/corn.png",
      "bg": "transparent",
      "nameAnswer": null,
      "translates": [
        {
          "lang": "ru-RU",
          "name": "Кукуруза",
          "nameA": null
        }
      ]
    },
    {
      "id": 0,
      "name": "nest",
      "transcription": "[nest]",
      "nameA": "",
      "image": "/img/dict/animals/nest.png",
      "bg": "transparent",
      "nameAnswer": null,
      "translates": [
        {
          "lang": "ru-RU",
          "name": "Гнездо",
          "nameA": null
        }
      ]
    },
    {
      "id": 0,
      "name": "designer",
      "transcription": "[dɪˈzaɪnər]",
      "nameA": "",
      "image": "/img/dict/profs/designer.png",
      "bg": "transparent",
      "nameAnswer": null,
      "translates": [
        {
          "lang": "ru-RU",
          "name": "Дизайнер",
          "nameA": null
        }
      ]
    },
    {
      "id": 0,
      "name": "nail",
      "transcription": "[neɪl]",
      "nameA": "",
      "image": "",
      "bg": "transparent",
      "nameAnswer": null,
      "translates": [
        {
          "lang": "ru-RU",
          "name": "Гвоздь",
          "nameA": null
        }
      ]
    },
    {
      "id": 0,
      "name": "narrow",
      "transcription": "[ˈnæroʊ]",
      "nameA": "",
      "image": "",
      "bg": "transparent",
      "nameAnswer": null,
      "translates": [
        {
          "lang": "ru-RU",
          "name": "Узкий",
          "nameA": null
        }
      ]
    },
    {
      "id": 0,
      "name": "nasty",
      "transcription": "[ˈnæsti]",
      "nameA": "",
      "image": "",
      "bg": "transparent",
      "nameAnswer": null,
      "translates": [
        {
          "lang": "ru-RU",
          "name": "Противный",
          "nameA": null
        }
      ]
    },
    {
      "id": 0,
      "name": "nature",
      "transcription": "[ˈneɪtʃər]",
      "nameA": "",
      "image": "",
      "bg": "transparent",
      "nameAnswer": null,
      "translates": [
        {
          "lang": "ru-RU",
          "name": "Природа",
          "nameA": null
        }
      ]
    },
    {
      "id": 0,
      "name": "near",
      "transcription": "[nɪr]",
      "nameA": "",
      "image": "",
      "bg": "transparent",
      "nameAnswer": null,
      "translates": [
        {
          "lang": "ru-RU",
          "name": "Близко",
          "nameA": null
        }
      ]
    },
    {
      "id": 0,
      "name": "neat",
      "transcription": "[niːt]",
      "nameA": "",
      "image": "",
      "bg": "transparent",
      "nameAnswer": null,
      "translates": [
        {
          "lang": "ru-RU",
          "name": "Аккуратный",
          "nameA": null
        }
      ]
    },
    {
      "id": 0,
      "name": "neck",
      "transcription": "[nɛk]",
      "nameA": "",
      "image": "/img/dict/body/neck.png",
      "bg": "transparent",
      "nameAnswer": null,
      "translates": [
        {
          "lang": "ru-RU",
          "name": "Шея",
          "nameA": null
        }
      ]
    },
    {
      "id": 0,
      "name": "necklace",
      "transcription": "[ˈnɛklɪs]",
      "nameA": "",
      "image": "",
      "bg": "transparent",
      "nameAnswer": null,
      "translates": [
        {
          "lang": "ru-RU",
          "name": "Ожерелье",
          "nameA": null
        }
      ]
    },
    {
      "id": 0,
      "name": "need",
      "transcription": "[niːd]",
      "nameA": "",
      "image": "",
      "bg": "transparent",
      "nameAnswer": null,
      "translates": [
        {
          "lang": "ru-RU",
          "name": "Нуждаться",
          "nameA": null
        }
      ]
    },
    {
      "id": 0,
      "name": "neighbour",
      "transcription": "[ˈneɪbər]",
      "nameA": "",
      "image": "",
      "bg": "transparent",
      "nameAnswer": null,
      "translates": [
        {
          "lang": "ru-RU",
          "name": "Сосед",
          "nameA": null
        }
      ]
    },
    {
      "id": 0,
      "name": "nephew",
      "transcription": "[ˈnɛfjuː]",
      "nameA": "",
      "image": "",
      "bg": "transparent",
      "nameAnswer": null,
      "translates": [
        {
          "lang": "ru-RU",
          "name": "Племянник",
          "nameA": null
        }
      ]
    },
    {
      "id": 0,
      "name": "nervous",
      "transcription": "[ˈnɜːrvəs]",
      "nameA": "",
      "image": "",
      "bg": "transparent",
      "nameAnswer": null,
      "translates": [
        {
          "lang": "ru-RU",
          "name": "Нервный",
          "nameA": null
        }
      ]
    },
    {
      "id": 0,
      "name": "net",
      "transcription": "[nɛt]",
      "nameA": "",
      "image": "",
      "bg": "transparent",
      "nameAnswer": null,
      "translates": [
        {
          "lang": "ru-RU",
          "name": "Сеть",
          "nameA": null
        }
      ]
    },
    {
      "id": 0,
      "name": "new",
      "transcription": "[nuː]",
      "nameA": "",
      "image": "",
      "bg": "transparent",
      "nameAnswer": null,
      "translates": [
        {
          "lang": "ru-RU",
          "name": "Новый",
          "nameA": null
        }
      ]
    },
    {
      "id": 0,
      "name": "news",
      "transcription": "[nuːz]",
      "nameA": "",
      "image": "",
      "bg": "transparent",
      "nameAnswer": null,
      "translates": [
        {
          "lang": "ru-RU",
          "name": "Новости",
          "nameA": null
        }
      ]
    },
    {
      "id": 0,
      "name": "next",
      "transcription": "[nɛkst]",
      "nameA": "",
      "image": "",
      "bg": "transparent",
      "nameAnswer": null,
      "translates": [
        {
          "lang": "ru-RU",
          "name": "Следующий",
          "nameA": null
        }
      ]
    },
    {
      "id": 0,
      "name": "nice",
      "transcription": "[naɪs]",
      "nameA": "",
      "image": "",
      "bg": "transparent",
      "nameAnswer": null,
      "translates": [
        {
          "lang": "ru-RU",
          "name": "Приятный",
          "nameA": null
        }
      ]
    },
    {
      "id": 0,
      "name": "niece",
      "transcription": "[niːs]",
      "nameA": "",
      "image": "",
      "bg": "transparent",
      "nameAnswer": null,
      "translates": [
        {
          "lang": "ru-RU",
          "name": "Племянница",
          "nameA": null
        }
      ]
    },
    {
      "id": 0,
      "name": "nightdress",
      "transcription": "[ˈnaɪtdrɛs]",
      "nameA": "",
      "image": "",
      "bg": "transparent",
      "nameAnswer": null,
      "translates": [
        {
          "lang": "ru-RU",
          "name": "Ночная рубашка",
          "nameA": null
        }
      ]
    },
    {
      "id": 0,
      "name": "nightmare",
      "transcription": "[ˈnaɪtmɛr]",
      "nameA": "",
      "image": "",
      "bg": "transparent",
      "nameAnswer": null,
      "translates": [
        {
          "lang": "ru-RU",
          "name": "Кошмар",
          "nameA": null
        }
      ]
    },
    {
      "id": 0,
      "name": "nod",
      "transcription": "[nɑd]",
      "nameA": "",
      "image": "",
      "bg": "transparent",
      "nameAnswer": null,
      "translates": [
        {
          "lang": "ru-RU",
          "name": "Кивок",
          "nameA": null
        }
      ]
    },
    {
      "id": 0,
      "name": "noise",
      "transcription": "[nɔɪz]",
      "nameA": "",
      "image": "",
      "bg": "transparent",
      "nameAnswer": null,
      "translates": [
        {
          "lang": "ru-RU",
          "name": "Шум",
          "nameA": null
        }
      ]
    },
    {
      "id": 0,
      "name": "noisy",
      "transcription": "[ˈnɔɪzi]",
      "nameA": "",
      "image": "",
      "bg": "transparent",
      "nameAnswer": null,
      "translates": [
        {
          "lang": "ru-RU",
          "name": "Шумный",
          "nameA": null
        }
      ]
    },
    {
      "id": 0,
      "name": "noon",
      "transcription": "[nuːn]",
      "nameA": "",
      "image": "",
      "bg": "transparent",
      "nameAnswer": null,
      "translates": [
        {
          "lang": "ru-RU",
          "name": "Полдень",
          "nameA": null
        }
      ]
    },
    {
      "id": 0,
      "name": "not",
      "transcription": "[nɑt]",
      "nameA": "",
      "image": "",
      "bg": "transparent",
      "nameAnswer": null,
      "translates": [
        {
          "lang": "ru-RU",
          "name": "Не",
          "nameA": null
        }
      ]
    },
    {
      "id": 0,
      "name": "notice",
      "transcription": "[ˈnoʊtɪs]",
      "nameA": "",
      "image": "",
      "bg": "transparent",
      "nameAnswer": null,
      "translates": [
        {
          "lang": "ru-RU",
          "name": "Заметить",
          "nameA": null
        }
      ]
    },
    {
      "id": 0,
      "name": "now",
      "transcription": "[naʊ]",
      "nameA": "",
      "image": "",
      "bg": "transparent",
      "nameAnswer": null,
      "translates": [
        {
          "lang": "ru-RU",
          "name": "Сейчас",
          "nameA": null
        }
      ]
    },
    {
      "id": 0,
      "name": "number",
      "transcription": "[ˈnʌmbər]",
      "nameA": "",
      "image": "",
      "bg": "transparent",
      "nameAnswer": null,
      "translates": [
        {
          "lang": "ru-RU",
          "name": "Число",
          "nameA": null
        }
      ]
    },
    {
      "id": 0,
      "name": "nut",
      "transcription": "[nʌt]",
      "nameA": "",
      "image": "",
      "bg": "transparent",
      "nameAnswer": null,
      "translates": [
        {
          "lang": "ru-RU",
          "name": "Орех",
          "nameA": null
        }
      ]
    },
    {
      "id": 0,
      "name": "kneel",
      "transcription": "[niːl]",
      "nameA": "",
      "image": "",
      "bg": "transparent",
      "nameAnswer": null,
      "translates": [
        {
          "lang": "ru-RU",
          "name": "Становиться на колени",
          "nameA": null
        }
      ]
    },
    {
      "id": 0,
      "name": "knock",
      "transcription": "[nɑk]",
      "nameA": "",
      "image": "",
      "bg": "transparent",
      "nameAnswer": null,
      "translates": [
        {
          "lang": "ru-RU",
          "name": "Стучать",
          "nameA": null
        }
      ]
    },
    {
      "id": 0,
      "name": "knot",
      "transcription": "[nɑt]",
      "nameA": "",
      "image": "",
      "bg": "transparent",
      "nameAnswer": null,
      "translates": [
        {
          "lang": "ru-RU",
          "name": "Узел",
          "nameA": null
        }
      ]
    },
    {
      "id": 0,
      "name": "know",
      "transcription": "[noʊ]",
      "nameA": "",
      "image": "",
      "bg": "transparent",
      "nameAnswer": null,
      "translates": [
        {
          "lang": "ru-RU",
          "name": "Знать",
          "nameA": null
        }
      ]
    },
    {
      "id": 0,
      "name": "knowledge",
      "transcription": "[ˈnɑlɪdʒ]",
      "nameA": "",
      "image": "",
      "bg": "transparent",
      "nameAnswer": null,
      "translates": [
        {
          "lang": "ru-RU",
          "name": "Знание",
          "nameA": null
        }
      ]
    },
    {
      "id": 0,
      "name": "knuckle",
      "transcription": "[ˈnʌkəl]",
      "nameA": "",
      "image": "",
      "bg": "transparent",
      "nameAnswer": null,
      "translates": [
        {
          "lang": "ru-RU",
          "name": "Сустав пальца",
          "nameA": null
        }
      ]
    },
    {
      "id": 0,
      "name": "gnat",
      "transcription": "[næt]",
      "nameA": "",
      "image": "",
      "bg": "transparent",
      "nameAnswer": null,
      "translates": [
        {
          "lang": "ru-RU",
          "name": "Мошка",
          "nameA": null
        }
      ]
    },
    {
      "id": 0,
      "name": "gnaw",
      "transcription": "[nɔː]",
      "nameA": "",
      "image": "",
      "bg": "transparent",
      "nameAnswer": null,
      "translates": [
        {
          "lang": "ru-RU",
          "name": "Грызть",
          "nameA": null
        }
      ]
    },
    {
      "id": 0,
      "name": "dinner",
      "transcription": "[ˈdɪnər]",
      "nameA": "",
      "image": "",
      "bg": "transparent",
      "nameAnswer": null,
      "translates": [
        {
          "lang": "ru-RU",
          "name": "Ужин",
          "nameA": null
        }
      ]
    },
    {
      "id": 0,
      "name": "funny",
      "transcription": "[ˈfʌni]",
      "nameA": "",
      "image": "",
      "bg": "transparent",
      "nameAnswer": null,
      "translates": [
        {
          "lang": "ru-RU",
          "name": "Смешной",
          "nameA": null
        }
      ]
    },
    {
      "id": 0,
      "name": "kennel",
      "transcription": "[ˈkɛnəl]",
      "nameA": "",
      "image": "",
      "bg": "transparent",
      "nameAnswer": null,
      "translates": [
        {
          "lang": "ru-RU",
          "name": "Конура",
          "nameA": null
        }
      ]
    },
    {
      "id": 0,
      "name": "sunny",
      "transcription": "[ˈsʌni]",
      "nameA": "",
      "image": "",
      "bg": "transparent",
      "nameAnswer": null,
      "translates": [
        {
          "lang": "ru-RU",
          "name": "Солнечный",
          "nameA": null
        }
      ]
    },
    {
      "id": 0,
      "name": "campaign",
      "transcription": "[kæmˈpeɪn]",
      "nameA": "",
      "image": "",
      "bg": "transparent",
      "nameAnswer": null,
      "translates": [
        {
          "lang": "ru-RU",
          "name": "Кампания",
          "nameA": null
        }
      ]
    },
    {
      "id": 0,
      "name": "design",
      "transcription": "[dɪˈzaɪn]",
      "nameA": "",
      "image": "",
      "bg": "transparent",
      "nameAnswer": null,
      "translates": [
        {
          "lang": "ru-RU",
          "name": "Дизайн",
          "nameA": null
        }
      ]
    },
    {
      "id": 0,
      "name": "reign",
      "transcription": "[reɪn]",
      "nameA": "",
      "image": "",
      "bg": "transparent",
      "nameAnswer": null,
      "translates": [
        {
          "lang": "ru-RU",
          "name": "Правление",
          "nameA": null
        }
      ]
    },
    {
      "id": 0,
      "name": "sign",
      "transcription": "[saɪn]",
      "nameA": "",
      "image": "/img/dict/city/sign.png",
      "bg": "transparent",
      "nameAnswer": null,
      "translates": [
        {
          "lang": "ru-RU",
          "name": "Знак",
          "nameA": null
        }
      ]
    }
  ]
}