{
  "name": "Phonics /ai/",
  "nameA": null,
  "img": null,
  "minQuiz": null,
  "isRandom": false,
  "isBlur": false,
  "isUpper": true,
  "isByWords": false,
  "isForAdult": false,
  "separator": "",
  "numWords": 32,
  "tags": null,
  "Translations": [
    {
      "lang": "ru-RU",
      "name": "Алфавит",
      "nameA": null
    }
  ],
  "items": [
    {
      "id": 0,
      "name": "/ai/",
      "transcription": "",
      "nameA": "/sound/dict/ai.mp3",
      "image": "",
      "bg": "",
      "nameAnswer": null,
      "translates": [
        {
          "lang": "ru-RU",
          "name": "",
          "nameA": null
        }
      ]
    },
    {
      "id": 0,
      "name": "aim",
      "transcription": "[eɪm]",
      "nameA": "",
      "image": " ",
      "bg": "transparent",
      "nameAnswer": null,
      "translates": [
        {
          "lang": "ru-RU",
          "name": "Цель",
          "nameA": null
        }
      ]
    },
    {
      "id": 0,
      "name": "nail",
      "transcription": "[neɪl]",
      "nameA": "",
      "image": " ",
      "bg": "transparent",
      "nameAnswer": null,
      "translates": [
        {
          "lang": "ru-RU",
          "name": "Гвоздь",
          "nameA": null
        }
      ]
    },
    {
      "id": 0,
      "name": "rain",
      "transcription": "[reɪn]",
      "nameA": "",
      "image": " ",
      "bg": "transparent",
      "nameAnswer": null,
      "translates": [
        {
          "lang": "ru-RU",
          "name": "Дождь",
          "nameA": null
        }
      ]
    },
    {
      "id": 0,
      "name": "snail",
      "transcription": "[sneɪl]",
      "nameA": "",
      "image": "/img/dict/animals/snail.png",
      "bg": "transparent",
      "nameAnswer": null,
      "translates": [
        {
          "lang": "ru-RU",
          "name": "Улитка",
          "nameA": null
        }
      ]
    },
    {
      "id": 0,
      "name": "tail",
      "transcription": "[teɪl]",
      "nameA": "",
      "image": " ",
      "bg": "transparent",
      "nameAnswer": null,
      "translates": [
        {
          "lang": "ru-RU",
          "name": "Хвост",
          "nameA": null
        }
      ]
    },
    {
      "id": 0,
      "name": "train",
      "transcription": "[treɪn]",
      "nameA": "",
      "image": "/img/dict/toys/train.png",
      "bg": "transparent",
      "nameAnswer": null,
      "translates": [
        {
          "lang": "ru-RU",
          "name": "Поезд",
          "nameA": null
        }
      ]
    },
    {
      "id": 0,
      "name": "wait",
      "transcription": "[weɪt]",
      "nameA": "",
      "image": " ",
      "bg": "transparent",
      "nameAnswer": null,
      "translates": [
        {
          "lang": "ru-RU",
          "name": "Ждать",
          "nameA": null
        }
      ]
    },
    {
      "id": 0,
      "name": "birthday",
      "transcription": "[ˈbɜːrθdeɪ]",
      "nameA": "",
      "image": " ",
      "bg": "transparent",
      "nameAnswer": null,
      "translates": [
        {
          "lang": "ru-RU",
          "name": "День рождения",
          "nameA": null
        }
      ]
    },
    {
      "id": 0,
      "name": "clay",
      "transcription": "[kleɪ]",
      "nameA": "",
      "image": " ",
      "bg": "transparent",
      "nameAnswer": null,
      "translates": [
        {
          "lang": "ru-RU",
          "name": "Глина",
          "nameA": null
        }
      ]
    },
    {
      "id": 0,
      "name": "crayon",
      "transcription": "[ˈkreɪən]",
      "nameA": "",
      "image": " ",
      "bg": "transparent",
      "nameAnswer": null,
      "translates": [
        {
          "lang": "ru-RU",
          "name": "Цветной карандаш",
          "nameA": null
        }
      ]
    },
    {
      "id": 0,
      "name": "play",
      "transcription": "[pleɪ]",
      "nameA": "",
      "image": " ",
      "bg": "transparent",
      "nameAnswer": null,
      "translates": [
        {
          "lang": "ru-RU",
          "name": "Играть",
          "nameA": null
        }
      ]
    },
    {
      "id": 0,
      "name": "say",
      "transcription": "[seɪ]",
      "nameA": "",
      "image": " ",
      "bg": "transparent",
      "nameAnswer": null,
      "translates": [
        {
          "lang": "ru-RU",
          "name": "Говорить",
          "nameA": null
        }
      ]
    },
    {
      "id": 0,
      "name": "stay",
      "transcription": "[steɪ]",
      "nameA": "",
      "image": " ",
      "bg": "transparent",
      "nameAnswer": null,
      "translates": [
        {
          "lang": "ru-RU",
          "name": "Оставаться",
          "nameA": null
        }
      ]
    },
    {
      "id": 0,
      "name": "tray",
      "transcription": "[treɪ]",
      "nameA": "",
      "image": "/img/dict/home/tray.png",
      "bg": "transparent",
      "nameAnswer": null,
      "translates": [
        {
          "lang": "ru-RU",
          "name": "Поднос",
          "nameA": null
        }
      ]
    },
    {
      "id": 0,
      "name": "acorn",
      "transcription": "[ˈeɪkɔːrn]",
      "nameA": "",
      "image": " ",
      "bg": "transparent",
      "nameAnswer": null,
      "translates": [
        {
          "lang": "ru-RU",
          "name": "Желудь",
          "nameA": null
        }
      ]
    },
    {
      "id": 0,
      "name": "angel",
      "transcription": "[ˈeɪndʒəl]",
      "nameA": "",
      "image": " ",
      "bg": "transparent",
      "nameAnswer": null,
      "translates": [
        {
          "lang": "ru-RU",
          "name": "Ангел",
          "nameA": null
        }
      ]
    },
    {
      "id": 0,
      "name": "apricot",
      "transcription": "[ˈeɪprɪkɑːt]",
      "nameA": "",
      "image": " ",
      "bg": "transparent",
      "nameAnswer": null,
      "translates": [
        {
          "lang": "ru-RU",
          "name": "Абрикос",
          "nameA": null
        }
      ]
    },
    {
      "id": 0,
      "name": "apron",
      "transcription": "[ˈeɪprən]",
      "nameA": "",
      "image": "/img/dict/home/apron.png",
      "bg": "transparent",
      "nameAnswer": null,
      "translates": [
        {
          "lang": "ru-RU",
          "name": "Фартук",
          "nameA": null
        }
      ]
    },
    {
      "id": 0,
      "name": "ace",
      "transcription": "[eɪs]",
      "nameA": "",
      "image": " ",
      "bg": "transparent",
      "nameAnswer": null,
      "translates": [
        {
          "lang": "ru-RU",
          "name": "Туз",
          "nameA": null
        }
      ]
    },
    {
      "id": 0,
      "name": "cake",
      "transcription": "[keɪk]",
      "nameA": "",
      "image": "/img/dict/food/cake.png",
      "bg": "transparent",
      "nameAnswer": null,
      "translates": [
        {
          "lang": "ru-RU",
          "name": "Торт",
          "nameA": null
        }
      ]
    },
    {
      "id": 0,
      "name": "name",
      "transcription": "[neɪm]",
      "nameA": "",
      "image": " ",
      "bg": "transparent",
      "nameAnswer": null,
      "translates": [
        {
          "lang": "ru-RU",
          "name": "Имя",
          "nameA": null
        }
      ]
    },
    {
      "id": 0,
      "name": "make",
      "transcription": "[meɪk]",
      "nameA": "",
      "image": " ",
      "bg": "transparent",
      "nameAnswer": null,
      "translates": [
        {
          "lang": "ru-RU",
          "name": "Делать",
          "nameA": null
        }
      ]
    },
    {
      "id": 0,
      "name": "place",
      "transcription": "[pleɪs]",
      "nameA": "",
      "image": " ",
      "bg": "transparent",
      "nameAnswer": null,
      "translates": [
        {
          "lang": "ru-RU",
          "name": "Место",
          "nameA": null
        }
      ]
    },
    {
      "id": 0,
      "name": "sundae",
      "transcription": "[ˈsʌndeɪ]",
      "nameA": "",
      "image": " ",
      "bg": "transparent",
      "nameAnswer": null,
      "translates": [
        {
          "lang": "ru-RU",
          "name": "Парфе",
          "nameA": null
        }
      ]
    },
    {
      "id": 0,
      "name": "grey",
      "transcription": "[ɡreɪ]",
      "nameA": "",
      "image": " ",
      "bg": "transparent",
      "nameAnswer": null,
      "translates": [
        {
          "lang": "ru-RU",
          "name": "Серый",
          "nameA": null
        }
      ]
    },
    {
      "id": 0,
      "name": "prey",
      "transcription": "[preɪ]",
      "nameA": "",
      "image": " ",
      "bg": "transparent",
      "nameAnswer": null,
      "translates": [
        {
          "lang": "ru-RU",
          "name": "Добыча",
          "nameA": null
        }
      ]
    },
    {
      "id": 0,
      "name": "survey",
      "transcription": "[ˈsɜːrveɪ]",
      "nameA": "",
      "image": " ",
      "bg": "transparent",
      "nameAnswer": null,
      "translates": [
        {
          "lang": "ru-RU",
          "name": "Опрос",
          "nameA": null
        }
      ]
    },
    {
      "id": 0,
      "name": "they",
      "transcription": "[ðeɪ]",
      "nameA": "",
      "image": " ",
      "bg": "transparent",
      "nameAnswer": null,
      "translates": [
        {
          "lang": "ru-RU",
          "name": "Они",
          "nameA": null
        }
      ]
    },
    {
      "id": 0,
      "name": "eight",
      "transcription": "[eɪt]",
      "nameA": "",
      "image": " ",
      "bg": "transparent",
      "nameAnswer": null,
      "translates": [
        {
          "lang": "ru-RU",
          "name": "Восемь",
          "nameA": null
        }
      ]
    },
    {
      "id": 0,
      "name": "break",
      "transcription": "[breɪk]",
      "nameA": "",
      "image": "/img/dict/classroom/break.png",
      "bg": "transparent",
      "nameAnswer": null,
      "translates": [
        {
          "lang": "ru-RU",
          "name": "Ломать",
          "nameA": null
        }
      ]
    },
    {
      "id": 0,
      "name": "great",
      "transcription": "[ɡreɪt]",
      "nameA": "",
      "image": " ",
      "bg": "transparent",
      "nameAnswer": null,
      "translates": [
        {
          "lang": "ru-RU",
          "name": "Великий",
          "nameA": null
        }
      ]
    },
    {
      "id": 0,
      "name": "steak",
      "transcription": "[steɪk]",
      "nameA": "",
      "image": " ",
      "bg": "transparent",
      "nameAnswer": null,
      "translates": [
        {
          "lang": "ru-RU",
          "name": "Стейк",
          "nameA": null
        }
      ]
    }
  ]
}