{"name":"Phonics /ul/","nameA":"","img":"","isRandom":false,"isBlur":false,"isUpper":true,"isByWords":false,"isForAdult":false,"separator":"","numWords":16,"Translations":[{"lang":"ru-RU","name":"Алфавит","nameA":""},{"lang":"vi-VN","name":"Ngữ âm /ul/","nameA":""},{"lang":"zh-CN","name":"语音 /ul/","nameA":""},{"lang":"hi-IN","name":"ध्वनि /ul/","nameA":""},{"lang":"th-TH","name":"เสียง /ul/","nameA":""},{"lang":"tr-TR","name":"Fonetik /ul/","nameA":""},{"lang":"pt-BR","name":"Fonética /ul/","nameA":""},{"lang":"de-DE","name":"Phonik /ul/","nameA":""},{"lang":"id-ID","name":"Fonik /ul/","nameA":""},{"lang":"fr-FR","name":"Phonétique /ul/","nameA":""}],"items":[{"id":0,"name":"bottle","transcription":"[ˈbɑtəl]","nameA":"","image":"/img/dict/home/bottle.png","bg":"transparent","nameAnswer":"","translates":[{"lang":"ru-RU","name":"Бутылка","nameA":""},{"lang":"vi-VN","name":"Chai","nameA":""},{"lang":"zh-CN","name":"瓶子","nameA":""},{"lang":"hi-IN","name":"बोतल","nameA":""},{"lang":"th-TH","name":"ขวด","nameA":""},{"lang":"tr-TR","name":"Şişe","nameA":""},{"lang":"pt-BR","name":"Garrafa","nameA":""},{"lang":"de-DE","name":"Flasche","nameA":""},{"lang":"id-ID","name":"Botol","nameA":""},{"lang":"fr-FR","name":"Bouteille","nameA":""}]},{"id":0,"name":"giggle","transcription":"[ˈɡɪɡəl]","nameA":"","image":" ","bg":"transparent","nameAnswer":"","translates":[{"lang":"ru-RU","name":"Хихикать","nameA":""},{"lang":"vi-VN","name":"Cười khúc khích","nameA":""},{"lang":"zh-CN","name":"咯咯笑","nameA":""},{"lang":"hi-IN","name":"खिलखिलाना","nameA":""},{"lang":"th-TH","name":"หัวเราะคิกคัก","nameA":""},{"lang":"tr-TR","name":"Kıkırdamak","nameA":""},{"lang":"pt-BR","name":"Dar risadinha","nameA":""},{"lang":"de-DE","name":"Kichern","nameA":""},{"lang":"id-ID","name":"Terkikik","nameA":""},{"lang":"fr-FR","name":"Glousser","nameA":""}]},{"id":0,"name":"little","transcription":"[ˈlɪtəl]","nameA":"","image":" ","bg":"transparent","nameAnswer":"","translates":[{"lang":"ru-RU","name":"Маленький","nameA":""},{"lang":"vi-VN","name":"Nhỏ","nameA":""},{"lang":"zh-CN","name":"小的","nameA":""},{"lang":"hi-IN","name":"छोटा","nameA":""},{"lang":"th-TH","name":"เล็ก","nameA":""},{"lang":"tr-TR","name":"Küçük","nameA":""},{"lang":"pt-BR","name":"Pequeno","nameA":""},{"lang":"de-DE","name":"Klein","nameA":""},{"lang":"id-ID","name":"Kecil","nameA":""},{"lang":"fr-FR","name":"Petit","nameA":""}]},{"id":0,"name":"tickle","transcription":"[ˈtɪkəl]","nameA":"","image":" ","bg":"transparent","nameAnswer":"","translates":[{"lang":"ru-RU","name":"Щекотать","nameA":""},{"lang":"vi-VN","name":"Cù","nameA":""},{"lang":"zh-CN","name":"挠痒","nameA":""},{"lang":"hi-IN","name":"गुदगुदी करना","nameA":""},{"lang":"th-TH","name":"จั๊กจี้","nameA":""},{"lang":"tr-TR","name":"Gıdıklamak","nameA":""},{"lang":"pt-BR","name":"Fazer cócegas","nameA":""},{"lang":"de-DE","name":"Kitzeln","nameA":""},{"lang":"id-ID","name":"Menggelitik","nameA":""},{"lang":"fr-FR","name":"Chatouiller","nameA":""}]},{"id":0,"name":"camel","transcription":"[ˈkæməl]","nameA":"","image":"/img/dict/animals/camel.png","bg":"transparent","nameAnswer":"","translates":[{"lang":"ru-RU","name":"Верблюд","nameA":""},{"lang":"vi-VN","name":"Lạc đà","nameA":""},{"lang":"zh-CN","name":"骆驼","nameA":""},{"lang":"hi-IN","name":"ऊंट","nameA":""},{"lang":"th-TH","name":"อูฐ","nameA":""},{"lang":"tr-TR","name":"Deve","nameA":""},{"lang":"pt-BR","name":"Camelo","nameA":""},{"lang":"de-DE","name":"Kamel","nameA":""},{"lang":"id-ID","name":"Unta","nameA":""},{"lang":"fr-FR","name":"Chameau","nameA":""}]},{"id":0,"name":"parcel","transcription":"[ˈpɑrsəl]","nameA":"","image":" ","bg":"transparent","nameAnswer":"","translates":[{"lang":"ru-RU","name":"Посылка","nameA":""},{"lang":"vi-VN","name":"Bưu kiện","nameA":""},{"lang":"zh-CN","name":"包裹","nameA":""},{"lang":"hi-IN","name":"पार्सल","nameA":""},{"lang":"th-TH","name":"พัสดุ","nameA":""},{"lang":"tr-TR","name":"Paket","nameA":""},{"lang":"pt-BR","name":"Pacote","nameA":""},{"lang":"de-DE","name":"Paket","nameA":""},{"lang":"id-ID","name":"Paket","nameA":""},{"lang":"fr-FR","name":"Colis","nameA":""}]},{"id":0,"name":"towel","transcription":"[ˈtaʊəl]","nameA":"","image":"/img/dict/home/towel.png","bg":"transparent","nameAnswer":"","translates":[{"lang":"ru-RU","name":"Полотенце","nameA":""},{"lang":"vi-VN","name":"Khăn tắm","nameA":""},{"lang":"zh-CN","name":"毛巾","nameA":""},{"lang":"hi-IN","name":"तौलिया","nameA":""},{"lang":"th-TH","name":"ผ้าเช็ดตัว","nameA":""},{"lang":"tr-TR","name":"Havlu","nameA":""},{"lang":"pt-BR","name":"Toalha","nameA":""},{"lang":"de-DE","name":"Handtuch","nameA":""},{"lang":"id-ID","name":"Handuk","nameA":""},{"lang":"fr-FR","name":"Serviette","nameA":""}]},{"id":0,"name":"travel","transcription":"[ˈtrævəl]","nameA":"","image":" ","bg":"transparent","nameAnswer":"","translates":[{"lang":"ru-RU","name":"Путешествовать","nameA":""},{"lang":"vi-VN","name":"Du lịch","nameA":""},{"lang":"zh-CN","name":"旅行","nameA":""},{"lang":"hi-IN","name":"यात्रा करना","nameA":""},{"lang":"th-TH","name":"เดินทาง","nameA":""},{"lang":"tr-TR","name":"Seyahat etmek","nameA":""},{"lang":"pt-BR","name":"Viajar","nameA":""},{"lang":"de-DE","name":"Reisen","nameA":""},{"lang":"id-ID","name":"Bepergian","nameA":""},{"lang":"fr-FR","name":"Voyager","nameA":""}]},{"id":0,"name":"animal","transcription":"[ˈænəməl]","nameA":"","image":" ","bg":"transparent","nameAnswer":"","translates":[{"lang":"ru-RU","name":"Животное","nameA":""},{"lang":"vi-VN","name":"Động vật","nameA":""},{"lang":"zh-CN","name":"动物","nameA":""},{"lang":"hi-IN","name":"जानवर","nameA":""},{"lang":"th-TH","name":"สัตว์","nameA":""},{"lang":"tr-TR","name":"Hayvan","nameA":""},{"lang":"pt-BR","name":"Animal","nameA":""},{"lang":"de-DE","name":"Tier","nameA":""},{"lang":"id-ID","name":"Hewan","nameA":""},{"lang":"fr-FR","name":"Animal","nameA":""}]},{"id":0,"name":"equal","transcription":"[ˈikwəl]","nameA":"","image":" ","bg":"transparent","nameAnswer":"","translates":[{"lang":"ru-RU","name":"Равный","nameA":""},{"lang":"vi-VN","name":"Bằng nhau","nameA":""},{"lang":"zh-CN","name":"平等","nameA":""},{"lang":"hi-IN","name":"बराबर","nameA":""},{"lang":"th-TH","name":"เท่ากัน","nameA":""},{"lang":"tr-TR","name":"Eşit","nameA":""},{"lang":"pt-BR","name":"Igual","nameA":""},{"lang":"de-DE","name":"Gleich","nameA":""},{"lang":"id-ID","name":"Sama","nameA":""},{"lang":"fr-FR","name":"Égal","nameA":""}]},{"id":0,"name":"hospital","transcription":"[ˈhɑspɪtəl]","nameA":"","image":" ","bg":"transparent","nameAnswer":"","translates":[{"lang":"ru-RU","name":"Больница","nameA":""},{"lang":"vi-VN","name":"Bệnh viện","nameA":""},{"lang":"zh-CN","name":"医院","nameA":""},{"lang":"hi-IN","name":"अस्पताल","nameA":""},{"lang":"th-TH","name":"โรงพยาบาล","nameA":""},{"lang":"tr-TR","name":"Hastane","nameA":""},{"lang":"pt-BR","name":"Hospital","nameA":""},{"lang":"de-DE","name":"Krankenhaus","nameA":""},{"lang":"id-ID","name":"Rumah sakit","nameA":""},{"lang":"fr-FR","name":"Hôpital","nameA":""}]},{"id":0,"name":"petal","transcription":"[ˈpɛtəl]","nameA":"","image":" ","bg":"transparent","nameAnswer":"","translates":[{"lang":"ru-RU","name":"Лепесток","nameA":""},{"lang":"vi-VN","name":"Cánh hoa","nameA":""},{"lang":"zh-CN","name":"花瓣","nameA":""},{"lang":"hi-IN","name":"पंखुड़ी","nameA":""},{"lang":"th-TH","name":"กลีบดอกไม้","nameA":""},{"lang":"tr-TR","name":"Taç yaprak","nameA":""},{"lang":"pt-BR","name":"Pétala","nameA":""},{"lang":"de-DE","name":"Blütenblatt","nameA":""},{"lang":"id-ID","name":"Kelopak","nameA":""},{"lang":"fr-FR","name":"Pétale","nameA":""}]},{"id":0,"name":"fossil","transcription":"[ˈfɑsəl]","nameA":"","image":" ","bg":"transparent","nameAnswer":"","translates":[{"lang":"ru-RU","name":"Ископаемое","nameA":""},{"lang":"vi-VN","name":"Hóa thạch","nameA":""},{"lang":"zh-CN","name":"化石","nameA":""},{"lang":"hi-IN","name":"जीवाश्म","nameA":""},{"lang":"th-TH","name":"ฟอสซิล","nameA":""},{"lang":"tr-TR","name":"Fosil","nameA":""},{"lang":"pt-BR","name":"Fóssil","nameA":""},{"lang":"de-DE","name":"Fossil","nameA":""},{"lang":"id-ID","name":"Fosil","nameA":""},{"lang":"fr-FR","name":"Fossile","nameA":""}]},{"id":0,"name":"pencil","transcription":"[ˈpɛnsəl]","nameA":"","image":"/img/dict/classroom/pencil.png","bg":"transparent","nameAnswer":"","translates":[{"lang":"ru-RU","name":"Карандаш","nameA":""},{"lang":"vi-VN","name":"Bút chì","nameA":""},{"lang":"zh-CN","name":"铅笔","nameA":""},{"lang":"hi-IN","name":"पेंसिल","nameA":""},{"lang":"th-TH","name":"ดินสอ","nameA":""},{"lang":"tr-TR","name":"Kalem","nameA":""},{"lang":"pt-BR","name":"Lápis","nameA":""},{"lang":"de-DE","name":"Bleistift","nameA":""},{"lang":"id-ID","name":"Pensil","nameA":""},{"lang":"fr-FR","name":"Crayon","nameA":""}]},{"id":0,"name":"stencil","transcription":"[ˈstɛnsəl]","nameA":"","image":" ","bg":"transparent","nameAnswer":"","translates":[{"lang":"ru-RU","name":"Трафарет","nameA":""},{"lang":"vi-VN","name":"Khuôn tô","nameA":""},{"lang":"zh-CN","name":"模板","nameA":""},{"lang":"hi-IN","name":"स्टेंसिल","nameA":""},{"lang":"th-TH","name":"ลายฉลุ","nameA":""},{"lang":"tr-TR","name":"Şablon","nameA":""},{"lang":"pt-BR","name":"Estêncil","nameA":""},{"lang":"de-DE","name":"Schablone","nameA":""},{"lang":"id-ID","name":"Pola","nameA":""},{"lang":"fr-FR","name":"Pochoir","nameA":""}]},{"id":0,"name":"utensil","transcription":"[juˈtɛnsəl]","nameA":"","image":" ","bg":"transparent","nameAnswer":"","translates":[{"lang":"ru-RU","name":"Посуда","nameA":""},{"lang":"vi-VN","name":"Dụng cụ","nameA":""},{"lang":"zh-CN","name":"器具","nameA":""},{"lang":"hi-IN","name":"बर्तन","nameA":""},{"lang":"th-TH","name":"เครื่องใช้","nameA":""},{"lang":"tr-TR","name":"Mutfak eşyası","nameA":""},{"lang":"pt-BR","name":"Utensílio","nameA":""},{"lang":"de-DE","name":"Küchengerät","nameA":""},{"lang":"id-ID","name":"Peralatan","nameA":""},{"lang":"fr-FR","name":"Ustensile","nameA":""}]}]}