{
  "name": "Phonics /z/",
  "nameA": null,
  "img": null,
  "minQuiz": null,
  "isRandom": false,
  "isBlur": false,
  "isUpper": true,
  "isByWords": false,
  "isForAdult": false,
  "separator": "",
  "numWords": 25,
  "tags": null,
  "Translations": [
    {
      "lang": "ru-RU",
      "name": "Алфавит",
      "nameA": null
    }
  ],
  "items": [
    {
      "id": 0,
      "name": "zap",
      "transcription": "[zæp]",
      "nameA": "",
      "image": " ",
      "bg": "transparent",
      "nameAnswer": null,
      "translates": [
        {
          "lang": "ru-RU",
          "name": "Удар",
          "nameA": null
        }
      ]
    },
    {
      "id": 0,
      "name": "zebra",
      "transcription": "[ˈziːbrə]",
      "nameA": "",
      "image": "/img/dict/animals/zebra.png",
      "bg": "transparent",
      "nameAnswer": null,
      "translates": [
        {
          "lang": "ru-RU",
          "name": "Зебра",
          "nameA": null
        }
      ]
    },
    {
      "id": 0,
      "name": "zero",
      "transcription": "[ˈzɪrəʊ]",
      "nameA": "",
      "image": "/img/dict/numbers/0.png",
      "bg": "transparent",
      "nameAnswer": null,
      "translates": [
        {
          "lang": "ru-RU",
          "name": "Ноль",
          "nameA": null
        }
      ]
    },
    {
      "id": 0,
      "name": "zest",
      "transcription": "[zɛst]",
      "nameA": "",
      "image": " ",
      "bg": "transparent",
      "nameAnswer": null,
      "translates": [
        {
          "lang": "ru-RU",
          "name": "Энтузиазм",
          "nameA": null
        }
      ]
    },
    {
      "id": 0,
      "name": "zip",
      "transcription": "[zɪp]",
      "nameA": "",
      "image": " ",
      "bg": "transparent",
      "nameAnswer": null,
      "translates": [
        {
          "lang": "ru-RU",
          "name": "Молния",
          "nameA": null
        }
      ]
    },
    {
      "id": 0,
      "name": "zoo",
      "transcription": "[zuː]",
      "nameA": "",
      "image": "/img/dict/animals/zoo.png",
      "bg": "transparent",
      "nameAnswer": null,
      "translates": [
        {
          "lang": "ru-RU",
          "name": "Зоопарк",
          "nameA": null
        }
      ]
    },
    {
      "id": 0,
      "name": "zoom",
      "transcription": "[zuːm]",
      "nameA": "",
      "image": " ",
      "bg": "transparent",
      "nameAnswer": null,
      "translates": [
        {
          "lang": "ru-RU",
          "name": "Увеличение",
          "nameA": null
        }
      ]
    },
    {
      "id": 0,
      "name": "buzz",
      "transcription": "[bʌz]",
      "nameA": "",
      "image": " ",
      "bg": "transparent",
      "nameAnswer": null,
      "translates": [
        {
          "lang": "ru-RU",
          "name": "Жужжание",
          "nameA": null
        }
      ]
    },
    {
      "id": 0,
      "name": "dazzle",
      "transcription": "[ˈdæzəl]",
      "nameA": "",
      "image": " ",
      "bg": "transparent",
      "nameAnswer": null,
      "translates": [
        {
          "lang": "ru-RU",
          "name": "Ослеплять",
          "nameA": null
        }
      ]
    },
    {
      "id": 0,
      "name": "fizzy",
      "transcription": "[ˈfɪzi]",
      "nameA": "",
      "image": " ",
      "bg": "transparent",
      "nameAnswer": null,
      "translates": [
        {
          "lang": "ru-RU",
          "name": "Газированный",
          "nameA": null
        }
      ]
    },
    {
      "id": 0,
      "name": "puzzle",
      "transcription": "[ˈpʌzəl]",
      "nameA": "",
      "image": "/img/dict/toys/puzzle.png",
      "bg": "transparent",
      "nameAnswer": null,
      "translates": [
        {
          "lang": "ru-RU",
          "name": "Головоломка",
          "nameA": null
        }
      ]
    },
    {
      "id": 0,
      "name": "is",
      "transcription": "[ɪz]",
      "nameA": "",
      "image": " ",
      "bg": "transparent",
      "nameAnswer": null,
      "translates": [
        {
          "lang": "ru-RU",
          "name": "Есть",
          "nameA": null
        }
      ]
    },
    {
      "id": 0,
      "name": "flies",
      "transcription": "[flaɪz]",
      "nameA": "",
      "image": " ",
      "bg": "transparent",
      "nameAnswer": null,
      "translates": [
        {
          "lang": "ru-RU",
          "name": "Мухи",
          "nameA": null
        }
      ]
    },
    {
      "id": 0,
      "name": "fries",
      "transcription": "[fraɪz]",
      "nameA": "",
      "image": " ",
      "bg": "transparent",
      "nameAnswer": null,
      "translates": [
        {
          "lang": "ru-RU",
          "name": "Картофель фри",
          "nameA": null
        }
      ]
    },
    {
      "id": 0,
      "name": "peas",
      "transcription": "[piːz]",
      "nameA": "",
      "image": "/img/dict/food/peas.png",
      "bg": "transparent",
      "nameAnswer": null,
      "translates": [
        {
          "lang": "ru-RU",
          "name": "Горох",
          "nameA": null
        }
      ]
    },
    {
      "id": 0,
      "name": "cheese",
      "transcription": "[tʃiːz]",
      "nameA": "",
      "image": "/img/dict/food/cheese.png",
      "bg": "transparent",
      "nameAnswer": null,
      "translates": [
        {
          "lang": "ru-RU",
          "name": "Сыр",
          "nameA": null
        }
      ]
    },
    {
      "id": 0,
      "name": "ease",
      "transcription": "[iːz]",
      "nameA": "",
      "image": " ",
      "bg": "transparent",
      "nameAnswer": null,
      "translates": [
        {
          "lang": "ru-RU",
          "name": "Легкость",
          "nameA": null
        }
      ]
    },
    {
      "id": 0,
      "name": "easy",
      "transcription": "[ˈiːzi]",
      "nameA": "",
      "image": " ",
      "bg": "transparent",
      "nameAnswer": null,
      "translates": [
        {
          "lang": "ru-RU",
          "name": "Легкий",
          "nameA": null
        }
      ]
    },
    {
      "id": 0,
      "name": "please",
      "transcription": "[pliːz]",
      "nameA": "",
      "image": " ",
      "bg": "transparent",
      "nameAnswer": null,
      "translates": [
        {
          "lang": "ru-RU",
          "name": "Пожалуйста",
          "nameA": null
        }
      ]
    },
    {
      "id": 0,
      "name": "tease",
      "transcription": "[tiːz]",
      "nameA": "",
      "image": " ",
      "bg": "transparent",
      "nameAnswer": null,
      "translates": [
        {
          "lang": "ru-RU",
          "name": "Дразнить",
          "nameA": null
        }
      ]
    },
    {
      "id": 0,
      "name": "breeze",
      "transcription": "[briːz]",
      "nameA": "",
      "image": " ",
      "bg": "transparent",
      "nameAnswer": null,
      "translates": [
        {
          "lang": "ru-RU",
          "name": "Легкий ветерок",
          "nameA": null
        }
      ]
    },
    {
      "id": 0,
      "name": "freeze",
      "transcription": "[friːz]",
      "nameA": "",
      "image": " ",
      "bg": "transparent",
      "nameAnswer": null,
      "translates": [
        {
          "lang": "ru-RU",
          "name": "Замораживать",
          "nameA": null
        }
      ]
    },
    {
      "id": 0,
      "name": "sneeze",
      "transcription": "[sniːz]",
      "nameA": "",
      "image": " ",
      "bg": "transparent",
      "nameAnswer": null,
      "translates": [
        {
          "lang": "ru-RU",
          "name": "Чихнуть",
          "nameA": null
        }
      ]
    },
    {
      "id": 0,
      "name": "wheeze",
      "transcription": "[wiːz]",
      "nameA": "",
      "image": " ",
      "bg": "transparent",
      "nameAnswer": null,
      "translates": [
        {
          "lang": "ru-RU",
          "name": "Хрипеть",
          "nameA": null
        }
      ]
    },
    {
      "id": 0,
      "name": "quiz",
      "transcription": "[kwɪz]",
      "nameA": "",
      "image": " ",
      "bg": "transparent",
      "nameAnswer": null,
      "translates": [
        {
          "lang": "ru-RU",
          "name": "Викторина",
          "nameA": null
        }
      ]
    }
  ]
}