{"name":"Phonics /sh/","nameA":"","img":"","isRandom":false,"isBlur":false,"isUpper":true,"isByWords":false,"isForAdult":false,"separator":"","numWords":50,"Translations":[{"lang":"ru-RU","name":"Алфавит","nameA":""},{"lang":"vi-VN","name":"Âm thanh /sh/","nameA":""},{"lang":"zh-CN","name":"发音 /sh/","nameA":""},{"lang":"hi-IN","name":"ध्वनि /sh/","nameA":""},{"lang":"th-TH","name":"เสียง /sh/","nameA":""},{"lang":"tr-TR","name":"Ses /sh/","nameA":""},{"lang":"pt-BR","name":"Fonética /sh/","nameA":""},{"lang":"de-DE","name":"Phonik /sh/","nameA":""},{"lang":"id-ID","name":"Fonetik /sh/","nameA":""},{"lang":"fr-FR","name":"Phonétique /sh/","nameA":""}],"items":[{"id":0,"name":"shadow","transcription":"[ˈʃædoʊ]","nameA":"","image":" ","bg":"transparent","nameAnswer":"","translates":[{"lang":"ru-RU","name":"Тень","nameA":""},{"lang":"vi-VN","name":"Bóng tối","nameA":""},{"lang":"zh-CN","name":"影子","nameA":""},{"lang":"hi-IN","name":"छाया","nameA":""},{"lang":"th-TH","name":"เงา","nameA":""},{"lang":"tr-TR","name":"Gölge","nameA":""},{"lang":"pt-BR","name":"Sombra","nameA":""},{"lang":"de-DE","name":"Schatten","nameA":""},{"lang":"id-ID","name":"Bayangan","nameA":""},{"lang":"fr-FR","name":"Ombre","nameA":""}]},{"id":0,"name":"shake","transcription":"[ʃeɪk]","nameA":"","image":" ","bg":"transparent","nameAnswer":"","translates":[{"lang":"ru-RU","name":"Трясти","nameA":""},{"lang":"vi-VN","name":"Lắc","nameA":""},{"lang":"zh-CN","name":"摇动","nameA":""},{"lang":"hi-IN","name":"हिलाना","nameA":""},{"lang":"th-TH","name":"เขย่า","nameA":""},{"lang":"tr-TR","name":"Sallamak","nameA":""},{"lang":"pt-BR","name":"Sacudir","nameA":""},{"lang":"de-DE","name":"Schütteln","nameA":""},{"lang":"id-ID","name":"Menggoyang","nameA":""},{"lang":"fr-FR","name":"Secouer","nameA":""}]},{"id":0,"name":"shallow","transcription":"[ˈʃæloʊ]","nameA":"","image":" ","bg":"transparent","nameAnswer":"","translates":[{"lang":"ru-RU","name":"Мелкий","nameA":""},{"lang":"vi-VN","name":"Nông","nameA":""},{"lang":"zh-CN","name":"浅的","nameA":""},{"lang":"hi-IN","name":"उथला","nameA":""},{"lang":"th-TH","name":"ตื้น","nameA":""},{"lang":"tr-TR","name":"Sığ","nameA":""},{"lang":"pt-BR","name":"Raso","nameA":""},{"lang":"de-DE","name":"Seicht","nameA":""},{"lang":"id-ID","name":"Dangkal","nameA":""},{"lang":"fr-FR","name":"Peu profond","nameA":""}]},{"id":0,"name":"shape","transcription":"[ʃeɪp]","nameA":"","image":" ","bg":"transparent","nameAnswer":"","translates":[{"lang":"ru-RU","name":"Форма","nameA":""},{"lang":"vi-VN","name":"Hình dạng","nameA":""},{"lang":"zh-CN","name":"形状","nameA":""},{"lang":"hi-IN","name":"आकार","nameA":""},{"lang":"th-TH","name":"รูปร่าง","nameA":""},{"lang":"tr-TR","name":"Şekil","nameA":""},{"lang":"pt-BR","name":"Forma","nameA":""},{"lang":"de-DE","name":"Form","nameA":""},{"lang":"id-ID","name":"Bentuk","nameA":""},{"lang":"fr-FR","name":"Forme","nameA":""}]},{"id":0,"name":"share","transcription":"[ʃɛr]","nameA":"","image":" ","bg":"transparent","nameAnswer":"","translates":[{"lang":"ru-RU","name":"Делиться","nameA":""},{"lang":"vi-VN","name":"Chia sẻ","nameA":""},{"lang":"zh-CN","name":"分享","nameA":""},{"lang":"hi-IN","name":"साझा करना","nameA":""},{"lang":"th-TH","name":"แบ่งปัน","nameA":""},{"lang":"tr-TR","name":"Paylaşmak","nameA":""},{"lang":"pt-BR","name":"Compartilhar","nameA":""},{"lang":"de-DE","name":"Teilen","nameA":""},{"lang":"id-ID","name":"Berbagi","nameA":""},{"lang":"fr-FR","name":"Partager","nameA":""}]},{"id":0,"name":"shark","transcription":"[ʃɑrk]","nameA":"","image":"/img/dict/animals/shark.png","bg":"transparent","nameAnswer":"","translates":[{"lang":"ru-RU","name":"Акула","nameA":""},{"lang":"vi-VN","name":"Cá mập","nameA":""},{"lang":"zh-CN","name":"鲨鱼","nameA":""},{"lang":"hi-IN","name":"शार्क","nameA":""},{"lang":"th-TH","name":"ฉลาม","nameA":""},{"lang":"tr-TR","name":"Köpek balığı","nameA":""},{"lang":"pt-BR","name":"Tubarão","nameA":""},{"lang":"de-DE","name":"Hai","nameA":""},{"lang":"id-ID","name":"Hiu","nameA":""},{"lang":"fr-FR","name":"Requin","nameA":""}]},{"id":0,"name":"sharp","transcription":"[ʃɑrp]","nameA":"","image":" ","bg":"transparent","nameAnswer":"","translates":[{"lang":"ru-RU","name":"Острый","nameA":""},{"lang":"vi-VN","name":"Sắc","nameA":""},{"lang":"zh-CN","name":"锋利的","nameA":""},{"lang":"hi-IN","name":"तेज़","nameA":""},{"lang":"th-TH","name":"คม","nameA":""},{"lang":"tr-TR","name":"Keskin","nameA":""},{"lang":"pt-BR","name":"Afiado","nameA":""},{"lang":"de-DE","name":"Scharf","nameA":""},{"lang":"id-ID","name":"Tajam","nameA":""},{"lang":"fr-FR","name":"Tranchant","nameA":""}]},{"id":0,"name":"shave","transcription":"[ʃeɪv]","nameA":"","image":" ","bg":"transparent","nameAnswer":"","translates":[{"lang":"ru-RU","name":"Брить","nameA":""},{"lang":"vi-VN","name":"Cạo","nameA":""},{"lang":"zh-CN","name":"刮胡子","nameA":""},{"lang":"hi-IN","name":"दाढ़ी बनाना","nameA":""},{"lang":"th-TH","name":"โกน","nameA":""},{"lang":"tr-TR","name":"Tıraş olmak","nameA":""},{"lang":"pt-BR","name":"Barbear","nameA":""},{"lang":"de-DE","name":"Rasieren","nameA":""},{"lang":"id-ID","name":"Mencukur","nameA":""},{"lang":"fr-FR","name":"Raser","nameA":""}]},{"id":0,"name":"shed","transcription":"[ʃɛd]","nameA":"","image":" ","bg":"transparent","nameAnswer":"","translates":[{"lang":"ru-RU","name":"Сарай","nameA":""},{"lang":"vi-VN","name":"Nhà kho","nameA":""},{"lang":"zh-CN","name":"棚屋","nameA":""},{"lang":"hi-IN","name":"शेड","nameA":""},{"lang":"th-TH","name":"เพิง","nameA":""},{"lang":"tr-TR","name":"Kulübe","nameA":""},{"lang":"pt-BR","name":"Galpão","nameA":""},{"lang":"de-DE","name":"Schuppen","nameA":""},{"lang":"id-ID","name":"Gudang","nameA":""},{"lang":"fr-FR","name":"Hangar","nameA":""}]},{"id":0,"name":"sheep","transcription":"[ʃiːp]","nameA":"","image":"/img/dict/animals/sheep.png","bg":"transparent","nameAnswer":"","translates":[{"lang":"ru-RU","name":"Овца","nameA":""},{"lang":"vi-VN","name":"Cừu","nameA":""},{"lang":"zh-CN","name":"羊","nameA":""},{"lang":"hi-IN","name":"भेड़","nameA":""},{"lang":"th-TH","name":"แกะ","nameA":""},{"lang":"tr-TR","name":"Koyun","nameA":""},{"lang":"pt-BR","name":"Ovelha","nameA":""},{"lang":"de-DE","name":"Schaf","nameA":""},{"lang":"id-ID","name":"Domba","nameA":""},{"lang":"fr-FR","name":"Mouton","nameA":""}]},{"id":0,"name":"sheet","transcription":"[ʃiːt]","nameA":"","image":"/img/dict/home/sheet.png","bg":"transparent","nameAnswer":"","translates":[{"lang":"ru-RU","name":"Лист","nameA":""},{"lang":"vi-VN","name":"Tờ","nameA":""},{"lang":"zh-CN","name":"床单","nameA":""},{"lang":"hi-IN","name":"चादर","nameA":""},{"lang":"th-TH","name":"แผ่น","nameA":""},{"lang":"tr-TR","name":"Çarşaf","nameA":""},{"lang":"pt-BR","name":"Lençol","nameA":""},{"lang":"de-DE","name":"Blatt","nameA":""},{"lang":"id-ID","name":"Lembar","nameA":""},{"lang":"fr-FR","name":"Feuille","nameA":""}]},{"id":0,"name":"shelf","transcription":"[ʃɛlf]","nameA":"","image":"/img/dict/home/shelf.png","bg":"transparent","nameAnswer":"","translates":[{"lang":"ru-RU","name":"Полка","nameA":""},{"lang":"vi-VN","name":"Kệ","nameA":""},{"lang":"zh-CN","name":"架子","nameA":""},{"lang":"hi-IN","name":"शेल्फ","nameA":""},{"lang":"th-TH","name":"ชั้นวาง","nameA":""},{"lang":"tr-TR","name":"Raf","nameA":""},{"lang":"pt-BR","name":"Prateleira","nameA":""},{"lang":"de-DE","name":"Regal","nameA":""},{"lang":"id-ID","name":"Rak","nameA":""},{"lang":"fr-FR","name":"Étagère","nameA":""}]},{"id":0,"name":"shell","transcription":"[ʃɛl]","nameA":"","image":" ","bg":"transparent","nameAnswer":"","translates":[{"lang":"ru-RU","name":"Раковина","nameA":""},{"lang":"vi-VN","name":"Vỏ","nameA":""},{"lang":"zh-CN","name":"壳","nameA":""},{"lang":"hi-IN","name":"खोल","nameA":""},{"lang":"th-TH","name":"เปลือก","nameA":""},{"lang":"tr-TR","name":"Kabuk","nameA":""},{"lang":"pt-BR","name":"Concha","nameA":""},{"lang":"de-DE","name":"Schale","nameA":""},{"lang":"id-ID","name":"Cangkang","nameA":""},{"lang":"fr-FR","name":"Coquille","nameA":""}]},{"id":0,"name":"shine","transcription":"[ʃaɪn]","nameA":"","image":" ","bg":"transparent","nameAnswer":"","translates":[{"lang":"ru-RU","name":"Сиять","nameA":""},{"lang":"vi-VN","name":"Tỏa sáng","nameA":""},{"lang":"zh-CN","name":"闪耀","nameA":""},{"lang":"hi-IN","name":"चमक","nameA":""},{"lang":"th-TH","name":"ส่องแสง","nameA":""},{"lang":"tr-TR","name":"Parlamak","nameA":""},{"lang":"pt-BR","name":"Brilhar","nameA":""},{"lang":"de-DE","name":"Scheinen","nameA":""},{"lang":"id-ID","name":"Bersinar","nameA":""},{"lang":"fr-FR","name":"Briller","nameA":""}]},{"id":0,"name":"ship","transcription":"[ʃɪp]","nameA":"","image":" ","bg":"transparent","nameAnswer":"","translates":[{"lang":"ru-RU","name":"Корабль","nameA":""},{"lang":"vi-VN","name":"Tàu","nameA":""},{"lang":"zh-CN","name":"船","nameA":""},{"lang":"hi-IN","name":"जहाज","nameA":""},{"lang":"th-TH","name":"เรือ","nameA":""},{"lang":"tr-TR","name":"Gemi","nameA":""},{"lang":"pt-BR","name":"Navio","nameA":""},{"lang":"de-DE","name":"Schiff","nameA":""},{"lang":"id-ID","name":"Kapal","nameA":""},{"lang":"fr-FR","name":"Bateau","nameA":""}]},{"id":0,"name":"shiver","transcription":"[ˈʃɪvər]","nameA":"","image":" ","bg":"transparent","nameAnswer":"","translates":[{"lang":"ru-RU","name":"Дрожь","nameA":""},{"lang":"vi-VN","name":"Run","nameA":""},{"lang":"zh-CN","name":"颤抖","nameA":""},{"lang":"hi-IN","name":"कंपकंपी","nameA":""},{"lang":"th-TH","name":"สั่น","nameA":""},{"lang":"tr-TR","name":"Titreme","nameA":""},{"lang":"pt-BR","name":"Tremor","nameA":""},{"lang":"de-DE","name":"Zittern","nameA":""},{"lang":"id-ID","name":"Gemetar","nameA":""},{"lang":"fr-FR","name":"Frisson","nameA":""}]},{"id":0,"name":"shoe","transcription":"[ʃuː]","nameA":"","image":" ","bg":"transparent","nameAnswer":"","translates":[{"lang":"ru-RU","name":"Обувь","nameA":""},{"lang":"vi-VN","name":"Giày","nameA":""},{"lang":"zh-CN","name":"鞋子","nameA":""},{"lang":"hi-IN","name":"जूता","nameA":""},{"lang":"th-TH","name":"รองเท้า","nameA":""},{"lang":"tr-TR","name":"Ayakkabı","nameA":""},{"lang":"pt-BR","name":"Sapato","nameA":""},{"lang":"de-DE","name":"Schuh","nameA":""},{"lang":"id-ID","name":"Sepatu","nameA":""},{"lang":"fr-FR","name":"Chaussure","nameA":""}]},{"id":0,"name":"shop","transcription":"[ʃɑp]","nameA":"","image":" ","bg":"transparent","nameAnswer":"","translates":[{"lang":"ru-RU","name":"Магазин","nameA":""},{"lang":"vi-VN","name":"Cửa hàng","nameA":""},{"lang":"zh-CN","name":"商店","nameA":""},{"lang":"hi-IN","name":"दुकान","nameA":""},{"lang":"th-TH","name":"ร้านค้า","nameA":""},{"lang":"tr-TR","name":"Dükkan","nameA":""},{"lang":"pt-BR","name":"Loja","nameA":""},{"lang":"de-DE","name":"Geschäft","nameA":""},{"lang":"id-ID","name":"Toko","nameA":""},{"lang":"fr-FR","name":"Magasin","nameA":""}]},{"id":0,"name":"short","transcription":"[ʃɔrt]","nameA":"","image":" ","bg":"transparent","nameAnswer":"","translates":[{"lang":"ru-RU","name":"Короткий","nameA":""},{"lang":"vi-VN","name":"Ngắn","nameA":""},{"lang":"zh-CN","name":"短的","nameA":""},{"lang":"hi-IN","name":"छोटा","nameA":""},{"lang":"th-TH","name":"สั้น","nameA":""},{"lang":"tr-TR","name":"Kısa","nameA":""},{"lang":"pt-BR","name":"Curto","nameA":""},{"lang":"de-DE","name":"Kurz","nameA":""},{"lang":"id-ID","name":"Pendek","nameA":""},{"lang":"fr-FR","name":"Court","nameA":""}]},{"id":0,"name":"shorts","transcription":"[ʃɔrts]","nameA":"","image":" ","bg":"transparent","nameAnswer":"","translates":[{"lang":"ru-RU","name":"Шорты","nameA":""},{"lang":"vi-VN","name":"Quần đùi","nameA":""},{"lang":"zh-CN","name":"短裤","nameA":""},{"lang":"hi-IN","name":"शॉर्ट्स","nameA":""},{"lang":"th-TH","name":"กางเกงขาสั้น","nameA":""},{"lang":"tr-TR","name":"Şort","nameA":""},{"lang":"pt-BR","name":"Shorts","nameA":""},{"lang":"de-DE","name":"Shorts","nameA":""},{"lang":"id-ID","name":"Celana pendek","nameA":""},{"lang":"fr-FR","name":"Short","nameA":""}]},{"id":0,"name":"shoulder","transcription":"[ˈʃoʊldər]","nameA":"","image":"/img/dict/body/shoulder.png","bg":"transparent","nameAnswer":"","translates":[{"lang":"ru-RU","name":"Плечо","nameA":""},{"lang":"vi-VN","name":"Vai","nameA":""},{"lang":"zh-CN","name":"肩膀","nameA":""},{"lang":"hi-IN","name":"कंधा","nameA":""},{"lang":"th-TH","name":"ไหล่","nameA":""},{"lang":"tr-TR","name":"Omuz","nameA":""},{"lang":"pt-BR","name":"Ombro","nameA":""},{"lang":"de-DE","name":"Schulter","nameA":""},{"lang":"id-ID","name":"Bahu","nameA":""},{"lang":"fr-FR","name":"Épaule","nameA":""}]},{"id":0,"name":"shout","transcription":"[ʃaʊt]","nameA":"","image":" ","bg":"transparent","nameAnswer":"","translates":[{"lang":"ru-RU","name":"Кричать","nameA":""},{"lang":"vi-VN","name":"La hét","nameA":""},{"lang":"zh-CN","name":"喊叫","nameA":""},{"lang":"hi-IN","name":"चिल्लाना","nameA":""},{"lang":"th-TH","name":"ตะโกน","nameA":""},{"lang":"tr-TR","name":"Bağırmak","nameA":""},{"lang":"pt-BR","name":"Gritar","nameA":""},{"lang":"de-DE","name":"Schreien","nameA":""},{"lang":"id-ID","name":"Berteriak","nameA":""},{"lang":"fr-FR","name":"Crier","nameA":""}]},{"id":0,"name":"show","transcription":"[ʃoʊ]","nameA":"","image":" ","bg":"transparent","nameAnswer":"","translates":[{"lang":"ru-RU","name":"Показывать","nameA":""},{"lang":"vi-VN","name":"Cho thấy","nameA":""},{"lang":"zh-CN","name":"展示","nameA":""},{"lang":"hi-IN","name":"दिखाना","nameA":""},{"lang":"th-TH","name":"แสดง","nameA":""},{"lang":"tr-TR","name":"Göstermek","nameA":""},{"lang":"pt-BR","name":"Mostrar","nameA":""},{"lang":"de-DE","name":"Zeigen","nameA":""},{"lang":"id-ID","name":"Menunjukkan","nameA":""},{"lang":"fr-FR","name":"Montrer","nameA":""}]},{"id":0,"name":"shower","transcription":"[ˈʃaʊər]","nameA":"","image":"/img/dict/home/shower.png","bg":"transparent","nameAnswer":"","translates":[{"lang":"ru-RU","name":"Душ","nameA":""},{"lang":"vi-VN","name":"Vòi sen","nameA":""},{"lang":"zh-CN","name":"淋浴","nameA":""},{"lang":"hi-IN","name":"शावर","nameA":""},{"lang":"th-TH","name":"ฝักบัว","nameA":""},{"lang":"tr-TR","name":"Duş","nameA":""},{"lang":"pt-BR","name":"Chuveiro","nameA":""},{"lang":"de-DE","name":"Dusche","nameA":""},{"lang":"id-ID","name":"Pancuran","nameA":""},{"lang":"fr-FR","name":"Douche","nameA":""}]},{"id":0,"name":"shut","transcription":"[ʃʌt]","nameA":"","image":" ","bg":"transparent","nameAnswer":"","translates":[{"lang":"ru-RU","name":"Закрывать","nameA":""},{"lang":"vi-VN","name":"Đóng","nameA":""},{"lang":"zh-CN","name":"关闭","nameA":""},{"lang":"hi-IN","name":"बंद करना","nameA":""},{"lang":"th-TH","name":"ปิด","nameA":""},{"lang":"tr-TR","name":"Kapatmak","nameA":""},{"lang":"pt-BR","name":"Fechar","nameA":""},{"lang":"de-DE","name":"Schließen","nameA":""},{"lang":"id-ID","name":"Menutup","nameA":""},{"lang":"fr-FR","name":"Fermer","nameA":""}]},{"id":0,"name":"shy","transcription":"[ʃaɪ]","nameA":"","image":" ","bg":"transparent","nameAnswer":"","translates":[{"lang":"ru-RU","name":"Застенчивый","nameA":""},{"lang":"vi-VN","name":"Nhút nhát","nameA":""},{"lang":"zh-CN","name":"害羞的","nameA":""},{"lang":"hi-IN","name":"शर्मीला","nameA":""},{"lang":"th-TH","name":"ขี้อาย","nameA":""},{"lang":"tr-TR","name":"Utangaç","nameA":""},{"lang":"pt-BR","name":"Tímido","nameA":""},{"lang":"de-DE","name":"Schüchtern","nameA":""},{"lang":"id-ID","name":"Pemalu","nameA":""},{"lang":"fr-FR","name":"Timide","nameA":""}]},{"id":0,"name":"chalet","transcription":"[ʃæˈleɪ]","nameA":"","image":" ","bg":"transparent","nameAnswer":"","translates":[{"lang":"ru-RU","name":"Шале","nameA":""},{"lang":"vi-VN","name":"Nhà gỗ","nameA":""},{"lang":"zh-CN","name":"木屋","nameA":""},{"lang":"hi-IN","name":"शैले","nameA":""},{"lang":"th-TH","name":"ชาเลต์","nameA":""},{"lang":"tr-TR","name":"Şale","nameA":""},{"lang":"pt-BR","name":"Chalé","nameA":""},{"lang":"de-DE","name":"Chalet","nameA":""},{"lang":"id-ID","name":"Chalet","nameA":""},{"lang":"fr-FR","name":"Chalet","nameA":""}]},{"id":0,"name":"chandelier","transcription":"[ˌʃændəˈlɪr]","nameA":"","image":"/img/dict/home/chandelier.png","bg":"transparent","nameAnswer":"","translates":[{"lang":"ru-RU","name":"Люстра","nameA":""},{"lang":"vi-VN","name":"Đèn chùm","nameA":""},{"lang":"zh-CN","name":"枝形吊灯","nameA":""},{"lang":"hi-IN","name":"झाड़ फ़ानूस","nameA":""},{"lang":"th-TH","name":"โคมระย้า","nameA":""},{"lang":"tr-TR","name":"Avize","nameA":""},{"lang":"pt-BR","name":"Candelabro","nameA":""},{"lang":"de-DE","name":"Kronleuchter","nameA":""},{"lang":"id-ID","name":"Lampu gantung","nameA":""},{"lang":"fr-FR","name":"Lustre","nameA":""}]},{"id":0,"name":"chauffeur","transcription":"[ʃoʊˈfɜːr]","nameA":"","image":" ","bg":"transparent","nameAnswer":"","translates":[{"lang":"ru-RU","name":"Шофер","nameA":""},{"lang":"vi-VN","name":"Tài xế","nameA":""},{"lang":"zh-CN","name":"司机","nameA":""},{"lang":"hi-IN","name":"चालक","nameA":""},{"lang":"th-TH","name":"คนขับรถ","nameA":""},{"lang":"tr-TR","name":"Şoför","nameA":""},{"lang":"pt-BR","name":"Motorista","nameA":""},{"lang":"de-DE","name":"Fahrer","nameA":""},{"lang":"id-ID","name":"Sopir","nameA":""},{"lang":"fr-FR","name":"Chauffeur","nameA":""}]},{"id":0,"name":"chef","transcription":"[ʃɛf]","nameA":"","image":" ","bg":"transparent","nameAnswer":"","translates":[{"lang":"ru-RU","name":"Шеф-повар","nameA":""},{"lang":"vi-VN","name":"Đầu bếp","nameA":""},{"lang":"zh-CN","name":"厨师","nameA":""},{"lang":"hi-IN","name":"शेफ","nameA":""},{"lang":"th-TH","name":"เชฟ","nameA":""},{"lang":"tr-TR","name":"Şef","nameA":""},{"lang":"pt-BR","name":"Chef","nameA":""},{"lang":"de-DE","name":"Koch","nameA":""},{"lang":"id-ID","name":"Koki","nameA":""},{"lang":"fr-FR","name":"Chef","nameA":""}]},{"id":0,"name":"chiffon","transcription":"[ʃɪˈfɑn]","nameA":"","image":" ","bg":"transparent","nameAnswer":"","translates":[{"lang":"ru-RU","name":"Шифон","nameA":""},{"lang":"vi-VN","name":"Vải xifon","nameA":""},{"lang":"zh-CN","name":"雪纺","nameA":""},{"lang":"hi-IN","name":"शिफॉन","nameA":""},{"lang":"th-TH","name":"ผ้า chiffon","nameA":""},{"lang":"tr-TR","name":"Şifon","nameA":""},{"lang":"pt-BR","name":"Chiffon","nameA":""},{"lang":"de-DE","name":"Chiffon","nameA":""},{"lang":"id-ID","name":"Sifon","nameA":""},{"lang":"fr-FR","name":"Chiffon","nameA":""}]},{"id":0,"name":"chute","transcription":"[ʃuːt]","nameA":"","image":" ","bg":"transparent","nameAnswer":"","translates":[{"lang":"ru-RU","name":"Желоб","nameA":""},{"lang":"vi-VN","name":"Máng","nameA":""},{"lang":"zh-CN","name":"滑槽","nameA":""},{"lang":"hi-IN","name":"ढलान","nameA":""},{"lang":"th-TH","name":"ราง","nameA":""},{"lang":"tr-TR","name":"Oluk","nameA":""},{"lang":"pt-BR","name":"Calha","nameA":""},{"lang":"de-DE","name":"Rutsche","nameA":""},{"lang":"id-ID","name":"Saluran","nameA":""},{"lang":"fr-FR","name":"Goulotte","nameA":""}]},{"id":0,"name":"celebration","transcription":"[ˌsɛlɪˈbreɪʃən]","nameA":"","image":" ","bg":"transparent","nameAnswer":"","translates":[{"lang":"ru-RU","name":"Празднование","nameA":""},{"lang":"vi-VN","name":"Lễ kỷ niệm","nameA":""},{"lang":"zh-CN","name":"庆祝","nameA":""},{"lang":"hi-IN","name":"उत्सव","nameA":""},{"lang":"th-TH","name":"การเฉลิมฉลอง","nameA":""},{"lang":"tr-TR","name":"Kutlama","nameA":""},{"lang":"pt-BR","name":"Celebração","nameA":""},{"lang":"de-DE","name":"Feier","nameA":""},{"lang":"id-ID","name":"Perayaan","nameA":""},{"lang":"fr-FR","name":"Célébration","nameA":""}]},{"id":0,"name":"cautious","transcription":"[ˈkɔːʃəs]","nameA":"","image":" ","bg":"transparent","nameAnswer":"","translates":[{"lang":"ru-RU","name":"Осторожный","nameA":""},{"lang":"vi-VN","name":"Thận trọng","nameA":""},{"lang":"zh-CN","name":"谨慎的","nameA":""},{"lang":"hi-IN","name":"सावधान","nameA":""},{"lang":"th-TH","name":"ระมัดระวัง","nameA":""},{"lang":"tr-TR","name":"Dikkatli","nameA":""},{"lang":"pt-BR","name":"Cauteloso","nameA":""},{"lang":"de-DE","name":"Vorsichtig","nameA":""},{"lang":"id-ID","name":"Hati-hati","nameA":""},{"lang":"fr-FR","name":"Prudent","nameA":""}]},{"id":0,"name":"lotion","transcription":"[ˈloʊʃən]","nameA":"","image":"/img/dict/home/lotion.png","bg":"transparent","nameAnswer":"","translates":[{"lang":"ru-RU","name":"Лосьон","nameA":""},{"lang":"vi-VN","name":"Kem dưỡng","nameA":""},{"lang":"zh-CN","name":"乳液","nameA":""},{"lang":"hi-IN","name":"लोशन","nameA":""},{"lang":"th-TH","name":"โลชั่น","nameA":""},{"lang":"tr-TR","name":"Losyon","nameA":""},{"lang":"pt-BR","name":"Loção","nameA":""},{"lang":"de-DE","name":"Lotion","nameA":""},{"lang":"id-ID","name":"Losion","nameA":""},{"lang":"fr-FR","name":"Lotion","nameA":""}]},{"id":0,"name":"national","transcription":"[ˈnæʃənəl]","nameA":"","image":" ","bg":"transparent","nameAnswer":"","translates":[{"lang":"ru-RU","name":"Национальный","nameA":""},{"lang":"vi-VN","name":"Quốc gia","nameA":""},{"lang":"zh-CN","name":"国家的","nameA":""},{"lang":"hi-IN","name":"राष्ट्रीय","nameA":""},{"lang":"th-TH","name":"แห่งชาติ","nameA":""},{"lang":"tr-TR","name":"Ulusal","nameA":""},{"lang":"pt-BR","name":"Nacional","nameA":""},{"lang":"de-DE","name":"National","nameA":""},{"lang":"id-ID","name":"Nasional","nameA":""},{"lang":"fr-FR","name":"National","nameA":""}]},{"id":0,"name":"potion","transcription":"[ˈpoʊʃən]","nameA":"","image":" ","bg":"transparent","nameAnswer":"","translates":[{"lang":"ru-RU","name":"Зелье","nameA":""},{"lang":"vi-VN","name":"Thuốc","nameA":""},{"lang":"zh-CN","name":"药水","nameA":""},{"lang":"hi-IN","name":"पोशन","nameA":""},{"lang":"th-TH","name":"น้ำยา","nameA":""},{"lang":"tr-TR","name":"İksir","nameA":""},{"lang":"pt-BR","name":"Poção","nameA":""},{"lang":"de-DE","name":"Trank","nameA":""},{"lang":"id-ID","name":"Ramuan","nameA":""},{"lang":"fr-FR","name":"Potion","nameA":""}]},{"id":0,"name":"delicious","transcription":"[dɪˈlɪʃəs]","nameA":"","image":" ","bg":"transparent","nameAnswer":"","translates":[{"lang":"ru-RU","name":"Вкусный","nameA":""},{"lang":"vi-VN","name":"Ngon","nameA":""},{"lang":"zh-CN","name":"美味的","nameA":""},{"lang":"hi-IN","name":"स्वादिष्ट","nameA":""},{"lang":"th-TH","name":"อร่อย","nameA":""},{"lang":"tr-TR","name":"Lezzetli","nameA":""},{"lang":"pt-BR","name":"Delicioso","nameA":""},{"lang":"de-DE","name":"Köstlich","nameA":""},{"lang":"id-ID","name":"Lezat","nameA":""},{"lang":"fr-FR","name":"Délicieux","nameA":""}]},{"id":0,"name":"musician","transcription":"[mjuˈzɪʃən]","nameA":"","image":" ","bg":"transparent","nameAnswer":"","translates":[{"lang":"ru-RU","name":"Музыкант","nameA":""},{"lang":"vi-VN","name":"Nhạc sĩ","nameA":""},{"lang":"zh-CN","name":"音乐家","nameA":""},{"lang":"hi-IN","name":"संगीतकार","nameA":""},{"lang":"th-TH","name":"นักดนตรี","nameA":""},{"lang":"tr-TR","name":"Müzisyen","nameA":""},{"lang":"pt-BR","name":"Músico","nameA":""},{"lang":"de-DE","name":"Musiker","nameA":""},{"lang":"id-ID","name":"Musisi","nameA":""},{"lang":"fr-FR","name":"Musicien","nameA":""}]},{"id":0,"name":"precious","transcription":"[ˈprɛʃəs]","nameA":"","image":" ","bg":"transparent","nameAnswer":"","translates":[{"lang":"ru-RU","name":"Драгоценный","nameA":""},{"lang":"vi-VN","name":"Quý giá","nameA":""},{"lang":"zh-CN","name":"珍贵的","nameA":""},{"lang":"hi-IN","name":"कीमती","nameA":""},{"lang":"th-TH","name":"ล้ำค่า","nameA":""},{"lang":"tr-TR","name":"Değerli","nameA":""},{"lang":"pt-BR","name":"Precioso","nameA":""},{"lang":"de-DE","name":"Kostbar","nameA":""},{"lang":"id-ID","name":"Berharga","nameA":""},{"lang":"fr-FR","name":"Précieux","nameA":""}]},{"id":0,"name":"suspicious","transcription":"[səˈspɪʃəs]","nameA":"","image":" ","bg":"transparent","nameAnswer":"","translates":[{"lang":"ru-RU","name":"Подозрительный","nameA":""},{"lang":"vi-VN","name":"Đáng ngờ","nameA":""},{"lang":"zh-CN","name":"可疑的","nameA":""},{"lang":"hi-IN","name":"संदिग्ध","nameA":""},{"lang":"th-TH","name":"น่าสงสัย","nameA":""},{"lang":"tr-TR","name":"Şüpheli","nameA":""},{"lang":"pt-BR","name":"Suspeito","nameA":""},{"lang":"de-DE","name":"Verdächtig","nameA":""},{"lang":"id-ID","name":"Mencurigakan","nameA":""},{"lang":"fr-FR","name":"Suspect","nameA":""}]},{"id":0,"name":"vicious","transcription":"[ˈvɪʃəs]","nameA":"","image":" ","bg":"transparent","nameAnswer":"","translates":[{"lang":"ru-RU","name":"Жестокий","nameA":""},{"lang":"vi-VN","name":"Độc ác","nameA":""},{"lang":"zh-CN","name":"恶毒的","nameA":""},{"lang":"hi-IN","name":"क्रूर","nameA":""},{"lang":"th-TH","name":"โหดร้าย","nameA":""},{"lang":"tr-TR","name":"Zalim","nameA":""},{"lang":"pt-BR","name":"Vicioso","nameA":""},{"lang":"de-DE","name":"Bösartig","nameA":""},{"lang":"id-ID","name":"Kejam","nameA":""},{"lang":"fr-FR","name":"Vicieux","nameA":""}]},{"id":0,"name":"conscience","transcription":"[ˈkɑːnʃəns]","nameA":"","image":" ","bg":"transparent","nameAnswer":"","translates":[{"lang":"ru-RU","name":"Совесть","nameA":""},{"lang":"vi-VN","name":"Lương tâm","nameA":""},{"lang":"zh-CN","name":"良心","nameA":""},{"lang":"hi-IN","name":"अंतरात्मा","nameA":""},{"lang":"th-TH","name":"จิตสำนึก","nameA":""},{"lang":"tr-TR","name":"Vicdan","nameA":""},{"lang":"pt-BR","name":"Consciência","nameA":""},{"lang":"de-DE","name":"Gewissen","nameA":""},{"lang":"id-ID","name":"Hati nurani","nameA":""},{"lang":"fr-FR","name":"Conscience","nameA":""}]},{"id":0,"name":"conscious","transcription":"[ˈkɑːnʃəs]","nameA":"","image":" ","bg":"transparent","nameAnswer":"","translates":[{"lang":"ru-RU","name":"Сознательный","nameA":""},{"lang":"vi-VN","name":"Có ý thức","nameA":""},{"lang":"zh-CN","name":"有意识的","nameA":""},{"lang":"hi-IN","name":"सचेत","nameA":""},{"lang":"th-TH","name":"มีสติ","nameA":""},{"lang":"tr-TR","name":"Bilinçli","nameA":""},{"lang":"pt-BR","name":"Consciente","nameA":""},{"lang":"de-DE","name":"Bewusst","nameA":""},{"lang":"id-ID","name":"Sadar","nameA":""},{"lang":"fr-FR","name":"Conscient","nameA":""}]},{"id":0,"name":"unconscious","transcription":"[ʌnˈkɑːnʃəs]","nameA":"","image":" ","bg":"transparent","nameAnswer":"","translates":[{"lang":"ru-RU","name":"Бессознательный","nameA":""},{"lang":"vi-VN","name":"Vô thức","nameA":""},{"lang":"zh-CN","name":"无意识的","nameA":""},{"lang":"hi-IN","name":"अचेत","nameA":""},{"lang":"th-TH","name":"ไม่รู้สึกตัว","nameA":""},{"lang":"tr-TR","name":"Bilinçsiz","nameA":""},{"lang":"pt-BR","name":"Inconsciente","nameA":""},{"lang":"de-DE","name":"Unbewusst","nameA":""},{"lang":"id-ID","name":"Tidak sadar","nameA":""},{"lang":"fr-FR","name":"Inconscient","nameA":""}]},{"id":0,"name":"confession","transcription":"[kənˈfɛʃən]","nameA":"","image":" ","bg":"transparent","nameAnswer":"","translates":[{"lang":"ru-RU","name":"Признание","nameA":""},{"lang":"vi-VN","name":"Lời thú nhận","nameA":""},{"lang":"zh-CN","name":"忏悔","nameA":""},{"lang":"hi-IN","name":"स्वीकारोक्ति","nameA":""},{"lang":"th-TH","name":"การสารภาพ","nameA":""},{"lang":"tr-TR","name":"İtiraf","nameA":""},{"lang":"pt-BR","name":"Confissão","nameA":""},{"lang":"de-DE","name":"Geständnis","nameA":""},{"lang":"id-ID","name":"Pengakuan","nameA":""},{"lang":"fr-FR","name":"Confession","nameA":""}]},{"id":0,"name":"discussion","transcription":"[dɪˈskʌʃən]","nameA":"","image":" ","bg":"transparent","nameAnswer":"","translates":[{"lang":"ru-RU","name":"Обсуждение","nameA":""},{"lang":"vi-VN","name":"Thảo luận","nameA":""},{"lang":"zh-CN","name":"讨论","nameA":""},{"lang":"hi-IN","name":"चर्चा","nameA":""},{"lang":"th-TH","name":"การอภิปราย","nameA":""},{"lang":"tr-TR","name":"Tartışma","nameA":""},{"lang":"pt-BR","name":"Discussão","nameA":""},{"lang":"de-DE","name":"Diskussion","nameA":""},{"lang":"id-ID","name":"Diskusi","nameA":""},{"lang":"fr-FR","name":"Discussion","nameA":""}]},{"id":0,"name":"expression","transcription":"[ɪkˈsprɛʃən]","nameA":"","image":" ","bg":"transparent","nameAnswer":"","translates":[{"lang":"ru-RU","name":"Выражение","nameA":""},{"lang":"vi-VN","name":"Biểu hiện","nameA":""},{"lang":"zh-CN","name":"表达","nameA":""},{"lang":"hi-IN","name":"अभिव्यक्ति","nameA":""},{"lang":"th-TH","name":"การแสดงออก","nameA":""},{"lang":"tr-TR","name":"İfade","nameA":""},{"lang":"pt-BR","name":"Expressão","nameA":""},{"lang":"de-DE","name":"Ausdruck","nameA":""},{"lang":"id-ID","name":"Ekspresi","nameA":""},{"lang":"fr-FR","name":"Expression","nameA":""}]},{"id":0,"name":"impression","transcription":"[ɪmˈprɛʃən]","nameA":"","image":" ","bg":"transparent","nameAnswer":"","translates":[{"lang":"ru-RU","name":"Впечатление","nameA":""},{"lang":"vi-VN","name":"Ấn tượng","nameA":""},{"lang":"zh-CN","name":"印象","nameA":""},{"lang":"hi-IN","name":"प्रभाव","nameA":""},{"lang":"th-TH","name":"ความประทับใจ","nameA":""},{"lang":"tr-TR","name":"İzlenim","nameA":""},{"lang":"pt-BR","name":"Impressão","nameA":""},{"lang":"de-DE","name":"Eindruck","nameA":""},{"lang":"id-ID","name":"Kesan","nameA":""},{"lang":"fr-FR","name":"Impression","nameA":""}]},{"id":0,"name":"mission","transcription":"[ˈmɪʃən]","nameA":"","image":" ","bg":"transparent","nameAnswer":"","translates":[{"lang":"ru-RU","name":"Миссия","nameA":""},{"lang":"vi-VN","name":"Nhiệm vụ","nameA":""},{"lang":"zh-CN","name":"任务","nameA":""},{"lang":"hi-IN","name":"मिशन","nameA":""},{"lang":"th-TH","name":"ภารกิจ","nameA":""},{"lang":"tr-TR","name":"Misyon","nameA":""},{"lang":"pt-BR","name":"Missão","nameA":""},{"lang":"de-DE","name":"Mission","nameA":""},{"lang":"id-ID","name":"Misi","nameA":""},{"lang":"fr-FR","name":"Mission","nameA":""}]}]}