{
  "name": "Phonics /t/",
  "nameA": null,
  "img": null,
  "minQuiz": null,
  "isRandom": false,
  "isBlur": false,
  "isUpper": true,
  "isByWords": false,
  "isForAdult": false,
  "separator": "",
  "numWords": 20,
  "tags": null,
  "Translations": [
    {
      "lang": "ru-RU",
      "name": "Алфавит",
      "nameA": null
    }
  ],
  "items": [
    {
      "id": 0,
      "name": "/T/",
      "transcription": "",
      "nameA": "/sound/dict/t.mp3",
      "image": "",
      "bg": "",
      "nameAnswer": null,
      "translates": [
        {
          "lang": "ru-RU",
          "name": "",
          "nameA": null
        }
      ]
    },
    {
      "id": 0,
      "name": "Tiger",
      "transcription": "[ˈtaɪɡər]",
      "nameA": "",
      "image": "/img/dict/animals/tiger.png",
      "bg": "transparent",
      "nameAnswer": null,
      "translates": [
        {
          "lang": "ru-RU",
          "name": "Тигр",
          "nameA": null
        }
      ]
    },
    {
      "id": 0,
      "name": "Test",
      "transcription": "[test]",
      "nameA": "",
      "image": "/img/dict/classroom/test.png",
      "bg": "transparent",
      "nameAnswer": null,
      "translates": [
        {
          "lang": "ru-RU",
          "name": "Тест",
          "nameA": null
        }
      ]
    },
    {
      "id": 0,
      "name": "Toucan",
      "transcription": "[ˈtuːkæn]",
      "nameA": "",
      "image": "/img/dict/animals/toucan.png",
      "bg": "transparent",
      "nameAnswer": null,
      "translates": [
        {
          "lang": "ru-RU",
          "name": "Тукан",
          "nameA": null
        }
      ]
    },
    {
      "id": 0,
      "name": "Toe",
      "transcription": "[təʊ]",
      "nameA": "",
      "image": "/img/dict/body/toe.png",
      "bg": "transparent",
      "nameAnswer": null,
      "translates": [
        {
          "lang": "ru-RU",
          "name": "Палец на ноге",
          "nameA": null
        }
      ]
    },
    {
      "id": 0,
      "name": "Ant",
      "transcription": "[ænt]",
      "nameA": "",
      "image": "/img/dict/animals/ant.png",
      "bg": "transparent",
      "nameAnswer": null,
      "translates": [
        {
          "lang": "ru-RU",
          "name": "Муравей",
          "nameA": null
        }
      ]
    },
    {
      "id": 0,
      "name": "Hat",
      "transcription": "[hæt]",
      "nameA": "",
      "image": "/img/dict/clothes/hat.png",
      "bg": "transparent",
      "nameAnswer": null,
      "translates": [
        {
          "lang": "ru-RU",
          "name": "Шляпа",
          "nameA": null
        }
      ]
    },
    {
      "id": 0,
      "name": "Bat",
      "transcription": "[bæt]",
      "nameA": "",
      "image": "/img/dict/animals/bat.png",
      "bg": "transparent",
      "nameAnswer": null,
      "translates": [
        {
          "lang": "ru-RU",
          "name": "Летучая мышь",
          "nameA": null
        }
      ]
    },
    {
      "id": 0,
      "name": "Rat",
      "transcription": "[ræt]",
      "nameA": "",
      "image": "/img/dict/animals/rat.png",
      "bg": "transparent",
      "nameAnswer": null,
      "translates": [
        {
          "lang": "ru-RU",
          "name": "Крыса",
          "nameA": null
        }
      ]
    },
    {
      "id": 0,
      "name": "Straw",
      "transcription": "[strɔː]",
      "nameA": "",
      "image": "/img/dict/home/straw.png",
      "bg": "transparent",
      "nameAnswer": null,
      "translates": [
        {
          "lang": "ru-RU",
          "name": "Соломинка",
          "nameA": null
        }
      ]
    },
    {
      "id": 0,
      "name": "Stamp",
      "transcription": "[stæmp]",
      "nameA": "",
      "image": "/img/dict/travel/stamp.png",
      "bg": "transparent",
      "nameAnswer": null,
      "translates": [
        {
          "lang": "ru-RU",
          "name": "Марка",
          "nameA": null
        }
      ]
    },
    {
      "id": 0,
      "name": "Poster",
      "transcription": "[ˈpəʊstər]",
      "nameA": "",
      "image": "/img/dict/home/poster.png",
      "bg": "transparent",
      "nameAnswer": null,
      "translates": [
        {
          "lang": "ru-RU",
          "name": "Плакат",
          "nameA": null
        }
      ]
    },
    {
      "id": 0,
      "name": "Butter",
      "transcription": "[ˈbʌtər]",
      "nameA": "",
      "image": "/img/dict/food/butter.png",
      "bg": "transparent",
      "nameAnswer": null,
      "translates": [
        {
          "lang": "ru-RU",
          "name": "Масло",
          "nameA": null
        }
      ]
    },
    {
      "id": 0,
      "name": "Butterfly",
      "transcription": "[ˈbʌtərflaɪ]",
      "nameA": "",
      "image": "/img/dict/animals/butterfly.png",
      "bg": "transparent",
      "nameAnswer": null,
      "translates": [
        {
          "lang": "ru-RU",
          "name": "Бабочка",
          "nameA": null
        }
      ]
    },
    {
      "id": 0,
      "name": "Kettle",
      "transcription": "[ˈketl]",
      "nameA": "",
      "image": "/img/dict/home/kettle.png",
      "bg": "transparent",
      "nameAnswer": null,
      "translates": [
        {
          "lang": "ru-RU",
          "name": "Чайник",
          "nameA": null
        }
      ]
    },
    {
      "id": 0,
      "name": "Rattle",
      "transcription": "[ˈketl]",
      "nameA": "",
      "image": "/img/dict/home/rattle.png",
      "bg": "transparent",
      "nameAnswer": null,
      "translates": [
        {
          "lang": "ru-RU",
          "name": "Погремушка",
          "nameA": null
        }
      ]
    },
    {
      "id": 0,
      "name": "Dropped",
      "transcription": "[ˈdrɑːpt]",
      "nameA": "",
      "image": " ",
      "bg": "transparent",
      "nameAnswer": null,
      "translates": [
        {
          "lang": "ru-RU",
          "name": "упавший",
          "nameA": null
        }
      ]
    },
    {
      "id": 0,
      "name": "Kicked",
      "transcription": "[ˈkɪkt]",
      "nameA": "",
      "image": " ",
      "bg": "transparent",
      "nameAnswer": null,
      "translates": [
        {
          "lang": "ru-RU",
          "name": "Выгнанный",
          "nameA": null
        }
      ]
    },
    {
      "id": 0,
      "name": "Jumped",
      "transcription": "[ˈdʒəmpt]",
      "nameA": "",
      "image": " ",
      "bg": "transparent",
      "nameAnswer": null,
      "translates": [
        {
          "lang": "ru-RU",
          "name": "Прыгнул",
          "nameA": null
        }
      ]
    },
    {
      "id": 0,
      "name": "Stoped",
      "transcription": "[]",
      "nameA": "",
      "image": " ",
      "bg": "transparent",
      "nameAnswer": null,
      "translates": [
        {
          "lang": "ru-RU",
          "name": "Остановленный",
          "nameA": null
        }
      ]
    }
  ]
}