{
  "name": "/d/",
  "nameA": null,
  "img": null,
  "minQuiz": null,
  "isRandom": false,
  "isBlur": false,
  "isUpper": true,
  "isByWords": false,
  "isForAdult": false,
  "separator": "",
  "numWords": 52,
  "tags": null,
  "Translations": [
    {
      "lang": "ru-RU",
      "name": "Алфавит",
      "nameA": null
    }
  ],
  "items": [
    {
      "id": 0,
      "name": "dad",
      "transcription": "[dæd]",
      "nameA": "",
      "image": " ",
      "bg": "transparent",
      "nameAnswer": null,
      "translates": [
        {
          "lang": "ru-RU",
          "name": "Папа",
          "nameA": null
        }
      ]
    },
    {
      "id": 0,
      "name": "damp",
      "transcription": "[dæmp]",
      "nameA": "",
      "image": " ",
      "bg": "transparent",
      "nameAnswer": null,
      "translates": [
        {
          "lang": "ru-RU",
          "name": "Сырой",
          "nameA": null
        }
      ]
    },
    {
      "id": 0,
      "name": "dance",
      "transcription": "[dæns]",
      "nameA": "",
      "image": " ",
      "bg": "transparent",
      "nameAnswer": null,
      "translates": [
        {
          "lang": "ru-RU",
          "name": "Танцевать",
          "nameA": null
        }
      ]
    },
    {
      "id": 0,
      "name": "danger",
      "transcription": "[ˈdeɪndʒər]",
      "nameA": "",
      "image": " ",
      "bg": "transparent",
      "nameAnswer": null,
      "translates": [
        {
          "lang": "ru-RU",
          "name": "Опасность",
          "nameA": null
        }
      ]
    },
    {
      "id": 0,
      "name": "dangerous",
      "transcription": "[ˈdeɪndʒərəs]",
      "nameA": "",
      "image": " ",
      "bg": "transparent",
      "nameAnswer": null,
      "translates": [
        {
          "lang": "ru-RU",
          "name": "Опасный",
          "nameA": null
        }
      ]
    },
    {
      "id": 0,
      "name": "dark",
      "transcription": "[dɑːrk]",
      "nameA": "",
      "image": " ",
      "bg": "transparent",
      "nameAnswer": null,
      "translates": [
        {
          "lang": "ru-RU",
          "name": "Темный",
          "nameA": null
        }
      ]
    },
    {
      "id": 0,
      "name": "date",
      "transcription": "[deɪt]",
      "nameA": "",
      "image": "/img/dict/food/date.png",
      "bg": "transparent",
      "nameAnswer": null,
      "translates": [
        {
          "lang": "ru-RU",
          "name": "Дата",
          "nameA": null
        }
      ]
    },
    {
      "id": 0,
      "name": "day",
      "transcription": "[deɪ]",
      "nameA": "",
      "image": " ",
      "bg": "transparent",
      "nameAnswer": null,
      "translates": [
        {
          "lang": "ru-RU",
          "name": "День",
          "nameA": null
        }
      ]
    },
    {
      "id": 0,
      "name": "deep",
      "transcription": "[diːp]",
      "nameA": "",
      "image": " ",
      "bg": "transparent",
      "nameAnswer": null,
      "translates": [
        {
          "lang": "ru-RU",
          "name": "Глубокий",
          "nameA": null
        }
      ]
    },
    {
      "id": 0,
      "name": "delicious",
      "transcription": "[dɪˈlɪʃəs]",
      "nameA": "",
      "image": " ",
      "bg": "transparent",
      "nameAnswer": null,
      "translates": [
        {
          "lang": "ru-RU",
          "name": "Вкусный",
          "nameA": null
        }
      ]
    },
    {
      "id": 0,
      "name": "dentist",
      "transcription": "[ˈdɛntɪst]",
      "nameA": "",
      "image": " ",
      "bg": "transparent",
      "nameAnswer": null,
      "translates": [
        {
          "lang": "ru-RU",
          "name": "Стоматолог",
          "nameA": null
        }
      ]
    },
    {
      "id": 0,
      "name": "desert",
      "transcription": "[ˈdɛzərt]",
      "nameA": "",
      "image": "/img/dict/animals/desert.jpg",
      "bg": "transparent",
      "nameAnswer": null,
      "translates": [
        {
          "lang": "ru-RU",
          "name": "Пустыня",
          "nameA": null
        }
      ]
    },
    {
      "id": 0,
      "name": "desk",
      "transcription": "[dɛsk]",
      "nameA": "",
      "image": "/img/dict/classroom/desk.png",
      "bg": "transparent",
      "nameAnswer": null,
      "translates": [
        {
          "lang": "ru-RU",
          "name": "Парта",
          "nameA": null
        }
      ]
    },
    {
      "id": 0,
      "name": "dessert",
      "transcription": "[dɪˈzɜːrt]",
      "nameA": "",
      "image": " ",
      "bg": "transparent",
      "nameAnswer": null,
      "translates": [
        {
          "lang": "ru-RU",
          "name": "Десерт",
          "nameA": null
        }
      ]
    },
    {
      "id": 0,
      "name": "destroy",
      "transcription": "[dɪˈstrɔɪ]",
      "nameA": "",
      "image": " ",
      "bg": "transparent",
      "nameAnswer": null,
      "translates": [
        {
          "lang": "ru-RU",
          "name": "Уничтожить",
          "nameA": null
        }
      ]
    },
    {
      "id": 0,
      "name": "diamond",
      "transcription": "[ˈdaɪəmənd]",
      "nameA": "",
      "image": "/img/dict/shapes/diamond.png",
      "bg": "transparent",
      "nameAnswer": null,
      "translates": [
        {
          "lang": "ru-RU",
          "name": "Алмаз",
          "nameA": null
        }
      ]
    },
    {
      "id": 0,
      "name": "diary",
      "transcription": "[ˈdaɪəri]",
      "nameA": "",
      "image": " ",
      "bg": "transparent",
      "nameAnswer": null,
      "translates": [
        {
          "lang": "ru-RU",
          "name": "Дневник",
          "nameA": null
        }
      ]
    },
    {
      "id": 0,
      "name": "dictionary",
      "transcription": "[ˈdɪkʃəˌnɛri]",
      "nameA": "",
      "image": " ",
      "bg": "transparent",
      "nameAnswer": null,
      "translates": [
        {
          "lang": "ru-RU",
          "name": "Словарь",
          "nameA": null
        }
      ]
    },
    {
      "id": 0,
      "name": "different",
      "transcription": "[ˈdɪfərənt]",
      "nameA": "",
      "image": " ",
      "bg": "transparent",
      "nameAnswer": null,
      "translates": [
        {
          "lang": "ru-RU",
          "name": "Разный",
          "nameA": null
        }
      ]
    },
    {
      "id": 0,
      "name": "difficult",
      "transcription": "[ˈdɪfɪkəlt]",
      "nameA": "",
      "image": " ",
      "bg": "transparent",
      "nameAnswer": null,
      "translates": [
        {
          "lang": "ru-RU",
          "name": "Сложный",
          "nameA": null
        }
      ]
    },
    {
      "id": 0,
      "name": "dig",
      "transcription": "[dɪɡ]",
      "nameA": "",
      "image": " ",
      "bg": "transparent",
      "nameAnswer": null,
      "translates": [
        {
          "lang": "ru-RU",
          "name": "Копать",
          "nameA": null
        }
      ]
    },
    {
      "id": 0,
      "name": "dinosaur",
      "transcription": "[ˈdaɪnəˌsɔːr]",
      "nameA": "",
      "image": "/img/dict/animals/dinosaur.png",
      "bg": "transparent",
      "nameAnswer": null,
      "translates": [
        {
          "lang": "ru-RU",
          "name": "Динозавр",
          "nameA": null
        }
      ]
    },
    {
      "id": 0,
      "name": "direction",
      "transcription": "[dɪˈrɛkʃən]",
      "nameA": "",
      "image": " ",
      "bg": "transparent",
      "nameAnswer": null,
      "translates": [
        {
          "lang": "ru-RU",
          "name": "Направление",
          "nameA": null
        }
      ]
    },
    {
      "id": 0,
      "name": "dirt",
      "transcription": "[dɜːrt]",
      "nameA": "",
      "image": " ",
      "bg": "transparent",
      "nameAnswer": null,
      "translates": [
        {
          "lang": "ru-RU",
          "name": "Грязь",
          "nameA": null
        }
      ]
    },
    {
      "id": 0,
      "name": "disappear",
      "transcription": "[ˌdɪsəˈpɪr]",
      "nameA": "",
      "image": " ",
      "bg": "transparent",
      "nameAnswer": null,
      "translates": [
        {
          "lang": "ru-RU",
          "name": "Исчезать",
          "nameA": null
        }
      ]
    },
    {
      "id": 0,
      "name": "discover",
      "transcription": "[dɪˈskʌvər]",
      "nameA": "",
      "image": " ",
      "bg": "transparent",
      "nameAnswer": null,
      "translates": [
        {
          "lang": "ru-RU",
          "name": "Открывать",
          "nameA": null
        }
      ]
    },
    {
      "id": 0,
      "name": "disguise",
      "transcription": "[dɪsˈɡaɪz]",
      "nameA": "",
      "image": " ",
      "bg": "transparent",
      "nameAnswer": null,
      "translates": [
        {
          "lang": "ru-RU",
          "name": "Маскировка",
          "nameA": null
        }
      ]
    },
    {
      "id": 0,
      "name": "dish",
      "transcription": "[dɪʃ]",
      "nameA": "",
      "image": "/img/dict/food/dish.png",
      "bg": "transparent",
      "nameAnswer": null,
      "translates": [
        {
          "lang": "ru-RU",
          "name": "Блюдо",
          "nameA": null
        }
      ]
    },
    {
      "id": 0,
      "name": "dive",
      "transcription": "[daɪv]",
      "nameA": "",
      "image": " ",
      "bg": "transparent",
      "nameAnswer": null,
      "translates": [
        {
          "lang": "ru-RU",
          "name": "Нырять",
          "nameA": null
        }
      ]
    },
    {
      "id": 0,
      "name": "divide",
      "transcription": "[dɪˈvaɪd]",
      "nameA": "",
      "image": " ",
      "bg": "transparent",
      "nameAnswer": null,
      "translates": [
        {
          "lang": "ru-RU",
          "name": "Делить",
          "nameA": null
        }
      ]
    },
    {
      "id": 0,
      "name": "do",
      "transcription": "[duː]",
      "nameA": "",
      "image": " ",
      "bg": "transparent",
      "nameAnswer": null,
      "translates": [
        {
          "lang": "ru-RU",
          "name": "Делать",
          "nameA": null
        }
      ]
    },
    {
      "id": 0,
      "name": "doctor",
      "transcription": "[ˈdɑːktər]",
      "nameA": "",
      "image": " ",
      "bg": "transparent",
      "nameAnswer": null,
      "translates": [
        {
          "lang": "ru-RU",
          "name": "Доктор",
          "nameA": null
        }
      ]
    },
    {
      "id": 0,
      "name": "dog",
      "transcription": "[dɔːɡ]",
      "nameA": "",
      "image": "/img/dict/animals/dog.png",
      "bg": "transparent",
      "nameAnswer": null,
      "translates": [
        {
          "lang": "ru-RU",
          "name": "Собака",
          "nameA": null
        }
      ]
    },
    {
      "id": 0,
      "name": "doll",
      "transcription": "[dɑːl]",
      "nameA": "",
      "image": "/img/dict/home/doll.png",
      "bg": "transparent",
      "nameAnswer": null,
      "translates": [
        {
          "lang": "ru-RU",
          "name": "Кукла",
          "nameA": null
        }
      ]
    },
    {
      "id": 0,
      "name": "dolphin",
      "transcription": "[ˈdɑːlfɪn]",
      "nameA": "",
      "image": "/img/dict/animals/dolphin.png",
      "bg": "transparent",
      "nameAnswer": null,
      "translates": [
        {
          "lang": "ru-RU",
          "name": "Дельфин",
          "nameA": null
        }
      ]
    },
    {
      "id": 0,
      "name": "dragon",
      "transcription": "[ˈdræɡən]",
      "nameA": "",
      "image": " ",
      "bg": "transparent",
      "nameAnswer": null,
      "translates": [
        {
          "lang": "ru-RU",
          "name": "Дракон",
          "nameA": null
        }
      ]
    },
    {
      "id": 0,
      "name": "draw",
      "transcription": "[drɔː]",
      "nameA": "",
      "image": " ",
      "bg": "transparent",
      "nameAnswer": null,
      "translates": [
        {
          "lang": "ru-RU",
          "name": "Рисовать",
          "nameA": null
        }
      ]
    },
    {
      "id": 0,
      "name": "drawer",
      "transcription": "[drɔːr]",
      "nameA": "",
      "image": " ",
      "bg": "transparent",
      "nameAnswer": null,
      "translates": [
        {
          "lang": "ru-RU",
          "name": "Ящик",
          "nameA": null
        }
      ]
    },
    {
      "id": 0,
      "name": "dress",
      "transcription": "[drɛs]",
      "nameA": "",
      "image": "/img/dict/clothes/dress.png",
      "bg": "transparent",
      "nameAnswer": null,
      "translates": [
        {
          "lang": "ru-RU",
          "name": "Платье",
          "nameA": null
        }
      ]
    },
    {
      "id": 0,
      "name": "drink",
      "transcription": "[drɪŋk]",
      "nameA": "",
      "image": " ",
      "bg": "transparent",
      "nameAnswer": null,
      "translates": [
        {
          "lang": "ru-RU",
          "name": "Пить",
          "nameA": null
        }
      ]
    },
    {
      "id": 0,
      "name": "drip",
      "transcription": "[drɪp]",
      "nameA": "",
      "image": " ",
      "bg": "transparent",
      "nameAnswer": null,
      "translates": [
        {
          "lang": "ru-RU",
          "name": "Капать",
          "nameA": null
        }
      ]
    },
    {
      "id": 0,
      "name": "drop",
      "transcription": "[drɑːp]",
      "nameA": "",
      "image": " ",
      "bg": "transparent",
      "nameAnswer": null,
      "translates": [
        {
          "lang": "ru-RU",
          "name": "Капля",
          "nameA": null
        }
      ]
    },
    {
      "id": 0,
      "name": "drum",
      "transcription": "[drʌm]",
      "nameA": "",
      "image": "/img/dict/toys/drum.png",
      "bg": "transparent",
      "nameAnswer": null,
      "translates": [
        {
          "lang": "ru-RU",
          "name": "Барабан",
          "nameA": null
        }
      ]
    },
    {
      "id": 0,
      "name": "duck",
      "transcription": "[dʌk]",
      "nameA": "",
      "image": "/img/dict/animals/duck.png",
      "bg": "transparent",
      "nameAnswer": null,
      "translates": [
        {
          "lang": "ru-RU",
          "name": "Утка",
          "nameA": null
        }
      ]
    },
    {
      "id": 0,
      "name": "dust",
      "transcription": "[dʌst]",
      "nameA": "",
      "image": " ",
      "bg": "transparent",
      "nameAnswer": null,
      "translates": [
        {
          "lang": "ru-RU",
          "name": "Пыль",
          "nameA": null
        }
      ]
    },
    {
      "id": 0,
      "name": "add",
      "transcription": "[æd]",
      "nameA": "",
      "image": " ",
      "bg": "transparent",
      "nameAnswer": null,
      "translates": [
        {
          "lang": "ru-RU",
          "name": "Добавлять",
          "nameA": null
        }
      ]
    },
    {
      "id": 0,
      "name": "cuddle",
      "transcription": "[ˈkʌdəl]",
      "nameA": "",
      "image": " ",
      "bg": "transparent",
      "nameAnswer": null,
      "translates": [
        {
          "lang": "ru-RU",
          "name": "Обнимать",
          "nameA": null
        }
      ]
    },
    {
      "id": 0,
      "name": "odd",
      "transcription": "[ɑːd]",
      "nameA": "",
      "image": " ",
      "bg": "transparent",
      "nameAnswer": null,
      "translates": [
        {
          "lang": "ru-RU",
          "name": "Странный",
          "nameA": null
        }
      ]
    },
    {
      "id": 0,
      "name": "puddle",
      "transcription": "[ˈpʌdəl]",
      "nameA": "",
      "image": " ",
      "bg": "transparent",
      "nameAnswer": null,
      "translates": [
        {
          "lang": "ru-RU",
          "name": "Лужа",
          "nameA": null
        }
      ]
    },
    {
      "id": 0,
      "name": "played",
      "transcription": "[pleɪd]",
      "nameA": "",
      "image": " ",
      "bg": "transparent",
      "nameAnswer": null,
      "translates": [
        {
          "lang": "ru-RU",
          "name": "Играл",
          "nameA": null
        }
      ]
    },
    {
      "id": 0,
      "name": "rained",
      "transcription": "[reɪnd]",
      "nameA": "",
      "image": " ",
      "bg": "transparent",
      "nameAnswer": null,
      "translates": [
        {
          "lang": "ru-RU",
          "name": "Шел дождь",
          "nameA": null
        }
      ]
    },
    {
      "id": 0,
      "name": "stayed",
      "transcription": "[steɪd]",
      "nameA": "",
      "image": " ",
      "bg": "transparent",
      "nameAnswer": null,
      "translates": [
        {
          "lang": "ru-RU",
          "name": "Остался",
          "nameA": null
        }
      ]
    }
  ]
}