{"name":"Phonics /k/","nameA":"","img":"","isRandom":false,"isBlur":false,"isUpper":true,"isByWords":false,"isForAdult":false,"separator":"","numWords":65,"Translations":[{"lang":"ru-RU","name":"Алфавит","nameA":""},{"lang":"vi-VN","name":"Ngữ âm /k/","nameA":""},{"lang":"zh-CN","name":"语音 /k/","nameA":""},{"lang":"hi-IN","name":"ध्वनि /k/","nameA":""},{"lang":"th-TH","name":"เสียง /k/","nameA":""},{"lang":"tr-TR","name":"Fonetik /k/","nameA":""},{"lang":"pt-BR","name":"Fonética /k/","nameA":""},{"lang":"de-DE","name":"Phonik /k/","nameA":""},{"lang":"id-ID","name":"Fonik /k/","nameA":""},{"lang":"fr-FR","name":"Phonétique /k/","nameA":""}],"items":[{"id":0,"name":"/k/","transcription":"","nameA":"/sound/dict/k.mp3","image":"","bg":"","nameAnswer":"","translates":[{"lang":"ru-RU","name":"","nameA":""},{"lang":"vi-VN","name":"","nameA":""},{"lang":"zh-CN","name":"","nameA":""},{"lang":"hi-IN","name":"","nameA":""},{"lang":"th-TH","name":"","nameA":""},{"lang":"tr-TR","name":"","nameA":""},{"lang":"pt-BR","name":"","nameA":""},{"lang":"de-DE","name":"","nameA":""},{"lang":"id-ID","name":"","nameA":""},{"lang":"fr-FR","name":"","nameA":""}]},{"id":0,"name":"kangaroo","transcription":"[ˌkæŋɡəˈruː]","nameA":"","image":"/img/dict/animals/kangaroo.png","bg":"transparent","nameAnswer":"","translates":[{"lang":"ru-RU","name":"Кенгуру","nameA":""},{"lang":"vi-VN","name":"Chuột túi","nameA":""},{"lang":"zh-CN","name":"袋鼠","nameA":""},{"lang":"hi-IN","name":"कंगारू","nameA":""},{"lang":"th-TH","name":"จิงโจ้","nameA":""},{"lang":"tr-TR","name":"Kanguru","nameA":""},{"lang":"pt-BR","name":"Canguru","nameA":""},{"lang":"de-DE","name":"Känguru","nameA":""},{"lang":"id-ID","name":"Kanguru","nameA":""},{"lang":"fr-FR","name":"Kangourou","nameA":""}]},{"id":0,"name":"keep","transcription":"[kiːp]","nameA":"","image":" ","bg":"transparent","nameAnswer":"","translates":[{"lang":"ru-RU","name":"Держать","nameA":""},{"lang":"vi-VN","name":"Giữ","nameA":""},{"lang":"zh-CN","name":"保持","nameA":""},{"lang":"hi-IN","name":"रखना","nameA":""},{"lang":"th-TH","name":"เก็บ","nameA":""},{"lang":"tr-TR","name":"Tutmak","nameA":""},{"lang":"pt-BR","name":"Manter","nameA":""},{"lang":"de-DE","name":"Behalten","nameA":""},{"lang":"id-ID","name":"Menjaga","nameA":""},{"lang":"fr-FR","name":"Garder","nameA":""}]},{"id":0,"name":"kettle","transcription":"[ˈkɛtəl]","nameA":"","image":"/img/dict/home/kettle.png","bg":"transparent","nameAnswer":"","translates":[{"lang":"ru-RU","name":"Чайник","nameA":""},{"lang":"vi-VN","name":"Ấm đun nước","nameA":""},{"lang":"zh-CN","name":"水壶","nameA":""},{"lang":"hi-IN","name":"केतली","nameA":""},{"lang":"th-TH","name":"กาต้มน้ำ","nameA":""},{"lang":"tr-TR","name":"Su ısıtıcı","nameA":""},{"lang":"pt-BR","name":"Chaleira","nameA":""},{"lang":"de-DE","name":"Wasserkocher","nameA":""},{"lang":"id-ID","name":"Ketel","nameA":""},{"lang":"fr-FR","name":"Bouilloire","nameA":""}]},{"id":0,"name":"key","transcription":"[kiː]","nameA":"","image":" ","bg":"transparent","nameAnswer":"","translates":[{"lang":"ru-RU","name":"Ключ","nameA":""},{"lang":"vi-VN","name":"Chìa khóa","nameA":""},{"lang":"zh-CN","name":"钥匙","nameA":""},{"lang":"hi-IN","name":"चाबी","nameA":""},{"lang":"th-TH","name":"กุญแจ","nameA":""},{"lang":"tr-TR","name":"Anahtar","nameA":""},{"lang":"pt-BR","name":"Chave","nameA":""},{"lang":"de-DE","name":"Schlüssel","nameA":""},{"lang":"id-ID","name":"Kunci","nameA":""},{"lang":"fr-FR","name":"Clé","nameA":""}]},{"id":0,"name":"kick","transcription":"[kɪk]","nameA":"","image":" ","bg":"transparent","nameAnswer":"","translates":[{"lang":"ru-RU","name":"Пинать","nameA":""},{"lang":"vi-VN","name":"Đá","nameA":""},{"lang":"zh-CN","name":"踢","nameA":""},{"lang":"hi-IN","name":"लात","nameA":""},{"lang":"th-TH","name":"เตะ","nameA":""},{"lang":"tr-TR","name":"Tekmelemek","nameA":""},{"lang":"pt-BR","name":"Chutar","nameA":""},{"lang":"de-DE","name":"Treten","nameA":""},{"lang":"id-ID","name":"Menendang","nameA":""},{"lang":"fr-FR","name":"Donner un coup de pied","nameA":""}]},{"id":0,"name":"kill","transcription":"[kɪl]","nameA":"","image":" ","bg":"transparent","nameAnswer":"","translates":[{"lang":"ru-RU","name":"Убивать","nameA":""},{"lang":"vi-VN","name":"Giết","nameA":""},{"lang":"zh-CN","name":"杀死","nameA":""},{"lang":"hi-IN","name":"मारना","nameA":""},{"lang":"th-TH","name":"ฆ่า","nameA":""},{"lang":"tr-TR","name":"Öldürmek","nameA":""},{"lang":"pt-BR","name":"Matar","nameA":""},{"lang":"de-DE","name":"Töten","nameA":""},{"lang":"id-ID","name":"Membunuh","nameA":""},{"lang":"fr-FR","name":"Tuer","nameA":""}]},{"id":0,"name":"kind","transcription":"[kaɪnd]","nameA":"","image":" ","bg":"transparent","nameAnswer":"","translates":[{"lang":"ru-RU","name":"Добрый","nameA":""},{"lang":"vi-VN","name":"Tử tế","nameA":""},{"lang":"zh-CN","name":"善良","nameA":""},{"lang":"hi-IN","name":"दयालु","nameA":""},{"lang":"th-TH","name":"ใจดี","nameA":""},{"lang":"tr-TR","name":"Nazik","nameA":""},{"lang":"pt-BR","name":"Gentil","nameA":""},{"lang":"de-DE","name":"Freundlich","nameA":""},{"lang":"id-ID","name":"Baik hati","nameA":""},{"lang":"fr-FR","name":"Gentil","nameA":""}]},{"id":0,"name":"king","transcription":"[kɪŋ]","nameA":"","image":" ","bg":"transparent","nameAnswer":"","translates":[{"lang":"ru-RU","name":"Король","nameA":""},{"lang":"vi-VN","name":"Vua","nameA":""},{"lang":"zh-CN","name":"国王","nameA":""},{"lang":"hi-IN","name":"राजा","nameA":""},{"lang":"th-TH","name":"กษัตริย์","nameA":""},{"lang":"tr-TR","name":"Kral","nameA":""},{"lang":"pt-BR","name":"Rei","nameA":""},{"lang":"de-DE","name":"König","nameA":""},{"lang":"id-ID","name":"Raja","nameA":""},{"lang":"fr-FR","name":"Roi","nameA":""}]},{"id":0,"name":"kiss","transcription":"[kɪs]","nameA":"","image":"/img/dict/emoji/kiss.png","bg":"transparent","nameAnswer":"","translates":[{"lang":"ru-RU","name":"Поцелуй","nameA":""},{"lang":"vi-VN","name":"Nụ hôn","nameA":""},{"lang":"zh-CN","name":"吻","nameA":""},{"lang":"hi-IN","name":"चुम्बन","nameA":""},{"lang":"th-TH","name":"จูบ","nameA":""},{"lang":"tr-TR","name":"Öpücük","nameA":""},{"lang":"pt-BR","name":"Beijo","nameA":""},{"lang":"de-DE","name":"Kuss","nameA":""},{"lang":"id-ID","name":"Ciuman","nameA":""},{"lang":"fr-FR","name":"Baiser","nameA":""}]},{"id":0,"name":"kitchen","transcription":"[ˈkɪtʃən]","nameA":"","image":"/img/dict/home/kitchen.png","bg":"transparent","nameAnswer":"","translates":[{"lang":"ru-RU","name":"Кухня","nameA":""},{"lang":"vi-VN","name":"Nhà bếp","nameA":""},{"lang":"zh-CN","name":"厨房","nameA":""},{"lang":"hi-IN","name":"रसोई","nameA":""},{"lang":"th-TH","name":"ครัว","nameA":""},{"lang":"tr-TR","name":"Mutfak","nameA":""},{"lang":"pt-BR","name":"Cozinha","nameA":""},{"lang":"de-DE","name":"Küche","nameA":""},{"lang":"id-ID","name":"Dapur","nameA":""},{"lang":"fr-FR","name":"Cuisine","nameA":""}]},{"id":0,"name":"cage","transcription":"[keɪdʒ]","nameA":"","image":"/img/dict/animals/cage.png","bg":"transparent","nameAnswer":"","translates":[{"lang":"ru-RU","name":"Клетка","nameA":""},{"lang":"vi-VN","name":"Lồng","nameA":""},{"lang":"zh-CN","name":"笼子","nameA":""},{"lang":"hi-IN","name":"पिंजरा","nameA":""},{"lang":"th-TH","name":"กรง","nameA":""},{"lang":"tr-TR","name":"Kafes","nameA":""},{"lang":"pt-BR","name":"Gaiola","nameA":""},{"lang":"de-DE","name":"Käfig","nameA":""},{"lang":"id-ID","name":"Kandang","nameA":""},{"lang":"fr-FR","name":"Cage","nameA":""}]},{"id":0,"name":"calculator","transcription":"[ˈkælkjəˌleɪtər]","nameA":"","image":"/img/dict/classroom/calculator.png","bg":"transparent","nameAnswer":"","translates":[{"lang":"ru-RU","name":"Калькулятор","nameA":""},{"lang":"vi-VN","name":"Máy tính","nameA":""},{"lang":"zh-CN","name":"计算器","nameA":""},{"lang":"hi-IN","name":"कैलकुलेटर","nameA":""},{"lang":"th-TH","name":"เครื่องคิดเลข","nameA":""},{"lang":"tr-TR","name":"Hesap makinesi","nameA":""},{"lang":"pt-BR","name":"Calculadora","nameA":""},{"lang":"de-DE","name":"Taschenrechner","nameA":""},{"lang":"id-ID","name":"Kalkulator","nameA":""},{"lang":"fr-FR","name":"Calculatrice","nameA":""}]},{"id":0,"name":"calendar","transcription":"[ˈkæləndər]","nameA":"","image":" ","bg":"transparent","nameAnswer":"","translates":[{"lang":"ru-RU","name":"Календарь","nameA":""},{"lang":"vi-VN","name":"Lịch","nameA":""},{"lang":"zh-CN","name":"日历","nameA":""},{"lang":"hi-IN","name":"कैलेंडर","nameA":""},{"lang":"th-TH","name":"ปฏิทิน","nameA":""},{"lang":"tr-TR","name":"Takvim","nameA":""},{"lang":"pt-BR","name":"Calendário","nameA":""},{"lang":"de-DE","name":"Kalender","nameA":""},{"lang":"id-ID","name":"Kalender","nameA":""},{"lang":"fr-FR","name":"Calendrier","nameA":""}]},{"id":0,"name":"call","transcription":"[kɔːl]","nameA":"","image":" ","bg":"transparent","nameAnswer":"","translates":[{"lang":"ru-RU","name":"Звонить","nameA":""},{"lang":"vi-VN","name":"Gọi","nameA":""},{"lang":"zh-CN","name":"打电话","nameA":""},{"lang":"hi-IN","name":"कॉल","nameA":""},{"lang":"th-TH","name":"โทร","nameA":""},{"lang":"tr-TR","name":"Aramak","nameA":""},{"lang":"pt-BR","name":"Chamar","nameA":""},{"lang":"de-DE","name":"Anrufen","nameA":""},{"lang":"id-ID","name":"Menelepon","nameA":""},{"lang":"fr-FR","name":"Appeler","nameA":""}]},{"id":0,"name":"camera","transcription":"[ˈkæmərə]","nameA":"","image":" ","bg":"transparent","nameAnswer":"","translates":[{"lang":"ru-RU","name":"Камера","nameA":""},{"lang":"vi-VN","name":"Máy ảnh","nameA":""},{"lang":"zh-CN","name":"相机","nameA":""},{"lang":"hi-IN","name":"कैमरा","nameA":""},{"lang":"th-TH","name":"กล้อง","nameA":""},{"lang":"tr-TR","name":"Kamera","nameA":""},{"lang":"pt-BR","name":"Câmera","nameA":""},{"lang":"de-DE","name":"Kamera","nameA":""},{"lang":"id-ID","name":"Kamera","nameA":""},{"lang":"fr-FR","name":"Appareil photo","nameA":""}]},{"id":0,"name":"camp","transcription":"[kæmp]","nameA":"","image":" ","bg":"transparent","nameAnswer":"","translates":[{"lang":"ru-RU","name":"Лагерь","nameA":""},{"lang":"vi-VN","name":"Trại","nameA":""},{"lang":"zh-CN","name":"营地","nameA":""},{"lang":"hi-IN","name":"शिविर","nameA":""},{"lang":"th-TH","name":"ค่าย","nameA":""},{"lang":"tr-TR","name":"Kamp","nameA":""},{"lang":"pt-BR","name":"Acampamento","nameA":""},{"lang":"de-DE","name":"Lager","nameA":""},{"lang":"id-ID","name":"Kemah","nameA":""},{"lang":"fr-FR","name":"Camp","nameA":""}]},{"id":0,"name":"can","transcription":"[kæn]","nameA":"","image":" ","bg":"transparent","nameAnswer":"","translates":[{"lang":"ru-RU","name":"Мочь","nameA":""},{"lang":"vi-VN","name":"Có thể","nameA":""},{"lang":"zh-CN","name":"可以","nameA":""},{"lang":"hi-IN","name":"सकना","nameA":""},{"lang":"th-TH","name":"สามารถ","nameA":""},{"lang":"tr-TR","name":"Yapabilmek","nameA":""},{"lang":"pt-BR","name":"Poder","nameA":""},{"lang":"de-DE","name":"Können","nameA":""},{"lang":"id-ID","name":"Bisa","nameA":""},{"lang":"fr-FR","name":"Pouvoir","nameA":""}]},{"id":0,"name":"candle","transcription":"[ˈkændəl]","nameA":"","image":"/img/dict/home/candle.png","bg":"transparent","nameAnswer":"","translates":[{"lang":"ru-RU","name":"Свеча","nameA":""},{"lang":"vi-VN","name":"Nến","nameA":""},{"lang":"zh-CN","name":"蜡烛","nameA":""},{"lang":"hi-IN","name":"मोमबत्ती","nameA":""},{"lang":"th-TH","name":"เทียน","nameA":""},{"lang":"tr-TR","name":"Mum","nameA":""},{"lang":"pt-BR","name":"Vela","nameA":""},{"lang":"de-DE","name":"Kerze","nameA":""},{"lang":"id-ID","name":"Lilin","nameA":""},{"lang":"fr-FR","name":"Bougie","nameA":""}]},{"id":0,"name":"card","transcription":"[kɑːrd]","nameA":"","image":" ","bg":"transparent","nameAnswer":"","translates":[{"lang":"ru-RU","name":"Карта","nameA":""},{"lang":"vi-VN","name":"Thẻ","nameA":""},{"lang":"zh-CN","name":"卡片","nameA":""},{"lang":"hi-IN","name":"कार्ड","nameA":""},{"lang":"th-TH","name":"บัตร","nameA":""},{"lang":"tr-TR","name":"Kart","nameA":""},{"lang":"pt-BR","name":"Cartão","nameA":""},{"lang":"de-DE","name":"Karte","nameA":""},{"lang":"id-ID","name":"Kartu","nameA":""},{"lang":"fr-FR","name":"Carte","nameA":""}]},{"id":0,"name":"cardboard","transcription":"[ˈkɑːrdbɔːrd]","nameA":"","image":" ","bg":"transparent","nameAnswer":"","translates":[{"lang":"ru-RU","name":"Картон","nameA":""},{"lang":"vi-VN","name":"Bìa cứng","nameA":""},{"lang":"zh-CN","name":"纸板","nameA":""},{"lang":"hi-IN","name":"गत्ता","nameA":""},{"lang":"th-TH","name":"กระดาษแข็ง","nameA":""},{"lang":"tr-TR","name":"Karton","nameA":""},{"lang":"pt-BR","name":"Cartão","nameA":""},{"lang":"de-DE","name":"Pappe","nameA":""},{"lang":"id-ID","name":"Kardus","nameA":""},{"lang":"fr-FR","name":"Carton","nameA":""}]},{"id":0,"name":"careful","transcription":"[ˈkɛrfəl]","nameA":"","image":" ","bg":"transparent","nameAnswer":"","translates":[{"lang":"ru-RU","name":"Осторожный","nameA":""},{"lang":"vi-VN","name":"Cẩn thận","nameA":""},{"lang":"zh-CN","name":"小心","nameA":""},{"lang":"hi-IN","name":"सावधान","nameA":""},{"lang":"th-TH","name":"ระมัดระวัง","nameA":""},{"lang":"tr-TR","name":"Dikkatli","nameA":""},{"lang":"pt-BR","name":"Cuidadoso","nameA":""},{"lang":"de-DE","name":"Vorsichtig","nameA":""},{"lang":"id-ID","name":"Hati-hati","nameA":""},{"lang":"fr-FR","name":"Prudent","nameA":""}]},{"id":0,"name":"carpet","transcription":"[ˈkɑːrpɪt]","nameA":"","image":"/img/dict/home/carpet.png","bg":"transparent","nameAnswer":"","translates":[{"lang":"ru-RU","name":"Ковер","nameA":""},{"lang":"vi-VN","name":"Thảm","nameA":""},{"lang":"zh-CN","name":"地毯","nameA":""},{"lang":"hi-IN","name":"कार्पेट","nameA":""},{"lang":"th-TH","name":"พรม","nameA":""},{"lang":"tr-TR","name":"Halı","nameA":""},{"lang":"pt-BR","name":"Carpete","nameA":""},{"lang":"de-DE","name":"Teppich","nameA":""},{"lang":"id-ID","name":"Karpet","nameA":""},{"lang":"fr-FR","name":"Tapis","nameA":""}]},{"id":0,"name":"carry","transcription":"[ˈkæri]","nameA":"","image":" ","bg":"transparent","nameAnswer":"","translates":[{"lang":"ru-RU","name":"Нести","nameA":""},{"lang":"vi-VN","name":"Mang","nameA":""},{"lang":"zh-CN","name":"携带","nameA":""},{"lang":"hi-IN","name":"ले जाना","nameA":""},{"lang":"th-TH","name":"แบก","nameA":""},{"lang":"tr-TR","name":"Taşımak","nameA":""},{"lang":"pt-BR","name":"Carregar","nameA":""},{"lang":"de-DE","name":"Tragen","nameA":""},{"lang":"id-ID","name":"Membawa","nameA":""},{"lang":"fr-FR","name":"Porter","nameA":""}]},{"id":0,"name":"cartoon","transcription":"[kɑːrˈtuːn]","nameA":"","image":" ","bg":"transparent","nameAnswer":"","translates":[{"lang":"ru-RU","name":"Мультфильм","nameA":""},{"lang":"vi-VN","name":"Hoạt hình","nameA":""},{"lang":"zh-CN","name":"卡通","nameA":""},{"lang":"hi-IN","name":"कार्टून","nameA":""},{"lang":"th-TH","name":"การ์ตูน","nameA":""},{"lang":"tr-TR","name":"Çizgi film","nameA":""},{"lang":"pt-BR","name":"Desenho animado","nameA":""},{"lang":"de-DE","name":"Zeichentrickfilm","nameA":""},{"lang":"id-ID","name":"Kartun","nameA":""},{"lang":"fr-FR","name":"Dessin animé","nameA":""}]},{"id":0,"name":"castle","transcription":"[ˈkæsəl]","nameA":"","image":"/img/dict/city/castle.png","bg":"transparent","nameAnswer":"","translates":[{"lang":"ru-RU","name":"Замок","nameA":""},{"lang":"vi-VN","name":"Lâu đài","nameA":""},{"lang":"zh-CN","name":"城堡","nameA":""},{"lang":"hi-IN","name":"महल","nameA":""},{"lang":"th-TH","name":"ปราสาท","nameA":""},{"lang":"tr-TR","name":"Kale","nameA":""},{"lang":"pt-BR","name":"Castelo","nameA":""},{"lang":"de-DE","name":"Schloss","nameA":""},{"lang":"id-ID","name":"Kastil","nameA":""},{"lang":"fr-FR","name":"Château","nameA":""}]},{"id":0,"name":"cat","transcription":"[kæt]","nameA":"","image":"/img/dict/animals/cat.png","bg":"transparent","nameAnswer":"","translates":[{"lang":"ru-RU","name":"Кошка","nameA":""},{"lang":"vi-VN","name":"Mèo","nameA":""},{"lang":"zh-CN","name":"猫","nameA":""},{"lang":"hi-IN","name":"बिल्ली","nameA":""},{"lang":"th-TH","name":"แมว","nameA":""},{"lang":"tr-TR","name":"Kedi","nameA":""},{"lang":"pt-BR","name":"Gato","nameA":""},{"lang":"de-DE","name":"Katze","nameA":""},{"lang":"id-ID","name":"Kucing","nameA":""},{"lang":"fr-FR","name":"Chat","nameA":""}]},{"id":0,"name":"catch","transcription":"[kætʃ]","nameA":"","image":" ","bg":"transparent","nameAnswer":"","translates":[{"lang":"ru-RU","name":"Ловить","nameA":""},{"lang":"vi-VN","name":"Bắt","nameA":""},{"lang":"zh-CN","name":"抓住","nameA":""},{"lang":"hi-IN","name":"पकड़ना","nameA":""},{"lang":"th-TH","name":"จับ","nameA":""},{"lang":"tr-TR","name":"Yakalamak","nameA":""},{"lang":"pt-BR","name":"Pegar","nameA":""},{"lang":"de-DE","name":"Fangen","nameA":""},{"lang":"id-ID","name":"Menangkap","nameA":""},{"lang":"fr-FR","name":"Attraper","nameA":""}]},{"id":0,"name":"caterpillar","transcription":"[ˈkætərˌpɪlər]","nameA":"","image":"/img/dict/animals/caterpillar.png","bg":"transparent","nameAnswer":"","translates":[{"lang":"ru-RU","name":"Гусеница","nameA":""},{"lang":"vi-VN","name":"Sâu bướm","nameA":""},{"lang":"zh-CN","name":"毛毛虫","nameA":""},{"lang":"hi-IN","name":"कैटरपिलर","nameA":""},{"lang":"th-TH","name":"หนอนผีเสื้อ","nameA":""},{"lang":"tr-TR","name":"Tırtıl","nameA":""},{"lang":"pt-BR","name":"Lagarta","nameA":""},{"lang":"de-DE","name":"Raupe","nameA":""},{"lang":"id-ID","name":"Ulat","nameA":""},{"lang":"fr-FR","name":"Chenille","nameA":""}]},{"id":0,"name":"cave","transcription":"[keɪv]","nameA":"","image":" ","bg":"transparent","nameAnswer":"","translates":[{"lang":"ru-RU","name":"Пещера","nameA":""},{"lang":"vi-VN","name":"Hang động","nameA":""},{"lang":"zh-CN","name":"洞穴","nameA":""},{"lang":"hi-IN","name":"गुफा","nameA":""},{"lang":"th-TH","name":"ถ้ำ","nameA":""},{"lang":"tr-TR","name":"Mağara","nameA":""},{"lang":"pt-BR","name":"Caverna","nameA":""},{"lang":"de-DE","name":"Höhle","nameA":""},{"lang":"id-ID","name":"Gua","nameA":""},{"lang":"fr-FR","name":"Grotte","nameA":""}]},{"id":0,"name":"clap","transcription":"[klæp]","nameA":"","image":" ","bg":"transparent","nameAnswer":"","translates":[{"lang":"ru-RU","name":"Хлопать","nameA":""},{"lang":"vi-VN","name":"Vỗ tay","nameA":""},{"lang":"zh-CN","name":"拍手","nameA":""},{"lang":"hi-IN","name":"ताली बजाना","nameA":""},{"lang":"th-TH","name":"ปรบมือ","nameA":""},{"lang":"tr-TR","name":"Alkışlamak","nameA":""},{"lang":"pt-BR","name":"Bater palmas","nameA":""},{"lang":"de-DE","name":"Klatschen","nameA":""},{"lang":"id-ID","name":"Bertepuk tangan","nameA":""},{"lang":"fr-FR","name":"Applaudir","nameA":""}]},{"id":0,"name":"class","transcription":"[klæs]","nameA":"","image":"/img/dict/classroom/class.png","bg":"transparent","nameAnswer":"","translates":[{"lang":"ru-RU","name":"Класс","nameA":""},{"lang":"vi-VN","name":"Lớp học","nameA":""},{"lang":"zh-CN","name":"班级","nameA":""},{"lang":"hi-IN","name":"कक्षा","nameA":""},{"lang":"th-TH","name":"ชั้นเรียน","nameA":""},{"lang":"tr-TR","name":"Sınıf","nameA":""},{"lang":"pt-BR","name":"Classe","nameA":""},{"lang":"de-DE","name":"Klasse","nameA":""},{"lang":"id-ID","name":"Kelas","nameA":""},{"lang":"fr-FR","name":"Classe","nameA":""}]},{"id":0,"name":"clamp","transcription":"[klæmp]","nameA":"","image":"/img/dict/classroom/clamp.png","bg":"transparent","nameAnswer":"","translates":[{"lang":"ru-RU","name":"Зажим","nameA":""},{"lang":"vi-VN","name":"Kẹp","nameA":""},{"lang":"zh-CN","name":"夹子","nameA":""},{"lang":"hi-IN","name":"क्लैंप","nameA":""},{"lang":"th-TH","name":"ที่หนีบ","nameA":""},{"lang":"tr-TR","name":"Kelepçe","nameA":""},{"lang":"pt-BR","name":"Braçadeira","nameA":""},{"lang":"de-DE","name":"Klemme","nameA":""},{"lang":"id-ID","name":"Penjepit","nameA":""},{"lang":"fr-FR","name":"Pince","nameA":""}]},{"id":0,"name":"camel","transcription":"[ˈkæməl]","nameA":"","image":"/img/dict/animals/camel.png","bg":"transparent","nameAnswer":"","translates":[{"lang":"ru-RU","name":"Верблюд","nameA":""},{"lang":"vi-VN","name":"Lạc đà","nameA":""},{"lang":"zh-CN","name":"骆驼","nameA":""},{"lang":"hi-IN","name":"ऊंट","nameA":""},{"lang":"th-TH","name":"อูฐ","nameA":""},{"lang":"tr-TR","name":"Deve","nameA":""},{"lang":"pt-BR","name":"Camelo","nameA":""},{"lang":"de-DE","name":"Kamel","nameA":""},{"lang":"id-ID","name":"Unta","nameA":""},{"lang":"fr-FR","name":"Chameau","nameA":""}]},{"id":0,"name":"clean","transcription":"[kliːn]","nameA":"","image":" ","bg":"transparent","nameAnswer":"","translates":[{"lang":"ru-RU","name":"Чистый","nameA":""},{"lang":"vi-VN","name":"Sạch","nameA":""},{"lang":"zh-CN","name":"干净","nameA":""},{"lang":"hi-IN","name":"साफ","nameA":""},{"lang":"th-TH","name":"สะอาด","nameA":""},{"lang":"tr-TR","name":"Temiz","nameA":""},{"lang":"pt-BR","name":"Limpo","nameA":""},{"lang":"de-DE","name":"Sauber","nameA":""},{"lang":"id-ID","name":"Bersih","nameA":""},{"lang":"fr-FR","name":"Propre","nameA":""}]},{"id":0,"name":"clear","transcription":"[klɪr]","nameA":"","image":" ","bg":"transparent","nameAnswer":"","translates":[{"lang":"ru-RU","name":"Ясный","nameA":""},{"lang":"vi-VN","name":"Rõ ràng","nameA":""},{"lang":"zh-CN","name":"清晰","nameA":""},{"lang":"hi-IN","name":"स्पष्ट","nameA":""},{"lang":"th-TH","name":"ชัดเจน","nameA":""},{"lang":"tr-TR","name":"Açık","nameA":""},{"lang":"pt-BR","name":"Claro","nameA":""},{"lang":"de-DE","name":"Klar","nameA":""},{"lang":"id-ID","name":"Jelas","nameA":""},{"lang":"fr-FR","name":"Clair","nameA":""}]},{"id":0,"name":"clever","transcription":"[ˈklɛvər]","nameA":"","image":" ","bg":"transparent","nameAnswer":"","translates":[{"lang":"ru-RU","name":"Умный","nameA":""},{"lang":"vi-VN","name":"Thông minh","nameA":""},{"lang":"zh-CN","name":"聪明","nameA":""},{"lang":"hi-IN","name":"चतुर","nameA":""},{"lang":"th-TH","name":"ฉลาด","nameA":""},{"lang":"tr-TR","name":"Zeki","nameA":""},{"lang":"pt-BR","name":"Inteligente","nameA":""},{"lang":"de-DE","name":"Klug","nameA":""},{"lang":"id-ID","name":"Pintar","nameA":""},{"lang":"fr-FR","name":"Intelligent","nameA":""}]},{"id":0,"name":"cliff","transcription":"[klɪf]","nameA":"","image":" ","bg":"transparent","nameAnswer":"","translates":[{"lang":"ru-RU","name":"Скала","nameA":""},{"lang":"vi-VN","name":"Vách đá","nameA":""},{"lang":"zh-CN","name":"悬崖","nameA":""},{"lang":"hi-IN","name":"चट्टान","nameA":""},{"lang":"th-TH","name":"หน้าผา","nameA":""},{"lang":"tr-TR","name":"Uçurum","nameA":""},{"lang":"pt-BR","name":"Penhasc","nameA":""},{"lang":"de-DE","name":"Klippe","nameA":""},{"lang":"id-ID","name":"Tebing","nameA":""},{"lang":"fr-FR","name":"Falaise","nameA":""}]},{"id":0,"name":"climb","transcription":"[klaɪm]","nameA":"","image":" ","bg":"transparent","nameAnswer":"","translates":[{"lang":"ru-RU","name":"Лазить","nameA":""},{"lang":"vi-VN","name":"Leo","nameA":""},{"lang":"zh-CN","name":"爬","nameA":""},{"lang":"hi-IN","name":"चढ़ना","nameA":""},{"lang":"th-TH","name":"ปีน","nameA":""},{"lang":"tr-TR","name":"Tırmanmak","nameA":""},{"lang":"pt-BR","name":"Escalar","nameA":""},{"lang":"de-DE","name":"Klettern","nameA":""},{"lang":"id-ID","name":"Memanjat","nameA":""},{"lang":"fr-FR","name":"Grimper","nameA":""}]},{"id":0,"name":"clock","transcription":"[klɑk]","nameA":"","image":"/img/dict/home/clock.png","bg":"transparent","nameAnswer":"","translates":[{"lang":"ru-RU","name":"Часы","nameA":""},{"lang":"vi-VN","name":"Đồng hồ","nameA":""},{"lang":"zh-CN","name":"时钟","nameA":""},{"lang":"hi-IN","name":"घड़ी","nameA":""},{"lang":"th-TH","name":"นาฬิกา","nameA":""},{"lang":"tr-TR","name":"Saat","nameA":""},{"lang":"pt-BR","name":"Relógio","nameA":""},{"lang":"de-DE","name":"Uhr","nameA":""},{"lang":"id-ID","name":"Jam","nameA":""},{"lang":"fr-FR","name":"Horloge","nameA":""}]},{"id":0,"name":"close","transcription":"[kloʊs]","nameA":"","image":" ","bg":"transparent","nameAnswer":"","translates":[{"lang":"ru-RU","name":"Закрывать","nameA":""},{"lang":"vi-VN","name":"Đóng","nameA":""},{"lang":"zh-CN","name":"关闭","nameA":""},{"lang":"hi-IN","name":"बंद करना","nameA":""},{"lang":"th-TH","name":"ปิด","nameA":""},{"lang":"tr-TR","name":"Kapatmak","nameA":""},{"lang":"pt-BR","name":"Fechar","nameA":""},{"lang":"de-DE","name":"Schließen","nameA":""},{"lang":"id-ID","name":"Menutup","nameA":""},{"lang":"fr-FR","name":"Fermer","nameA":""}]},{"id":0,"name":"cloth","transcription":"[klɔθ]","nameA":"","image":" ","bg":"transparent","nameAnswer":"","translates":[{"lang":"ru-RU","name":"Ткань","nameA":""},{"lang":"vi-VN","name":"Vải","nameA":""},{"lang":"zh-CN","name":"布料","nameA":""},{"lang":"hi-IN","name":"कपड़ा","nameA":""},{"lang":"th-TH","name":"ผ้า","nameA":""},{"lang":"tr-TR","name":"Kumaş","nameA":""},{"lang":"pt-BR","name":"Tecido","nameA":""},{"lang":"de-DE","name":"Stoff","nameA":""},{"lang":"id-ID","name":"Kain","nameA":""},{"lang":"fr-FR","name":"Tissu","nameA":""}]},{"id":0,"name":"clothes","transcription":"[kloʊðz]","nameA":"","image":" ","bg":"transparent","nameAnswer":"","translates":[{"lang":"ru-RU","name":"Одежда","nameA":""},{"lang":"vi-VN","name":"Quần áo","nameA":""},{"lang":"zh-CN","name":"衣服","nameA":""},{"lang":"hi-IN","name":"कपड़े","nameA":""},{"lang":"th-TH","name":"เสื้อผ้า","nameA":""},{"lang":"tr-TR","name":"Kıyafet","nameA":""},{"lang":"pt-BR","name":"Roupas","nameA":""},{"lang":"de-DE","name":"Kleidung","nameA":""},{"lang":"id-ID","name":"Pakaian","nameA":""},{"lang":"fr-FR","name":"Vêtements","nameA":""}]},{"id":0,"name":"cloud","transcription":"[klaʊd]","nameA":"","image":"/img/dict/shapes/cloud.png","bg":"transparent","nameAnswer":"","translates":[{"lang":"ru-RU","name":"Облако","nameA":""},{"lang":"vi-VN","name":"Mây","nameA":""},{"lang":"zh-CN","name":"云","nameA":""},{"lang":"hi-IN","name":"बादल","nameA":""},{"lang":"th-TH","name":"เมฆ","nameA":""},{"lang":"tr-TR","name":"Bulut","nameA":""},{"lang":"pt-BR","name":"Nuvem","nameA":""},{"lang":"de-DE","name":"Wolke","nameA":""},{"lang":"id-ID","name":"Awan","nameA":""},{"lang":"fr-FR","name":"Nuage","nameA":""}]},{"id":0,"name":"clown","transcription":"[klaʊn]","nameA":"","image":" ","bg":"transparent","nameAnswer":"","translates":[{"lang":"ru-RU","name":"Клоун","nameA":""},{"lang":"vi-VN","name":"Chú hề","nameA":""},{"lang":"zh-CN","name":"小丑","nameA":""},{"lang":"hi-IN","name":"जोकर","nameA":""},{"lang":"th-TH","name":"ตัวตลก","nameA":""},{"lang":"tr-TR","name":"Palyaço","nameA":""},{"lang":"pt-BR","name":"Palhaço","nameA":""},{"lang":"de-DE","name":"Clown","nameA":""},{"lang":"id-ID","name":"Badut","nameA":""},{"lang":"fr-FR","name":"Clown","nameA":""}]},{"id":0,"name":"coat","transcription":"[koʊt]","nameA":"","image":" ","bg":"transparent","nameAnswer":"","translates":[{"lang":"ru-RU","name":"Пальто","nameA":""},{"lang":"vi-VN","name":"Áo khoác","nameA":""},{"lang":"zh-CN","name":"外套","nameA":""},{"lang":"hi-IN","name":"कोट","nameA":""},{"lang":"th-TH","name":"เสื้อโค้ท","nameA":""},{"lang":"tr-TR","name":"Ceket","nameA":""},{"lang":"pt-BR","name":"Casaco","nameA":""},{"lang":"de-DE","name":"Mantel","nameA":""},{"lang":"id-ID","name":"Mantel","nameA":""},{"lang":"fr-FR","name":"Manteau","nameA":""}]},{"id":0,"name":"coin","transcription":"[kɔɪn]","nameA":"","image":" ","bg":"transparent","nameAnswer":"","translates":[{"lang":"ru-RU","name":"Монета","nameA":""},{"lang":"vi-VN","name":"Đồng xu","nameA":""},{"lang":"zh-CN","name":"硬币","nameA":""},{"lang":"hi-IN","name":"सिक्का","nameA":""},{"lang":"th-TH","name":"เหรียญ","nameA":""},{"lang":"tr-TR","name":"Madeni para","nameA":""},{"lang":"pt-BR","name":"Moeda","nameA":""},{"lang":"de-DE","name":"Münze","nameA":""},{"lang":"id-ID","name":"Koin","nameA":""},{"lang":"fr-FR","name":"Pièce de monnaie","nameA":""}]},{"id":0,"name":"cold","transcription":"[koʊld]","nameA":"","image":" ","bg":"transparent","nameAnswer":"","translates":[{"lang":"ru-RU","name":"Холодный","nameA":""},{"lang":"vi-VN","name":"Lạnh","nameA":""},{"lang":"zh-CN","name":"冷","nameA":""},{"lang":"hi-IN","name":"ठंडा","nameA":""},{"lang":"th-TH","name":"เย็น","nameA":""},{"lang":"tr-TR","name":"Soğuk","nameA":""},{"lang":"pt-BR","name":"Frio","nameA":""},{"lang":"de-DE","name":"Kalt","nameA":""},{"lang":"id-ID","name":"Dingin","nameA":""},{"lang":"fr-FR","name":"Froid","nameA":""}]},{"id":0,"name":"collar","transcription":"[ˈkɑlər]","nameA":"","image":"/img/dict/animals/collar.png","bg":"transparent","nameAnswer":"","translates":[{"lang":"ru-RU","name":"Воротник","nameA":""},{"lang":"vi-VN","name":"Cổ áo","nameA":""},{"lang":"zh-CN","name":"衣领","nameA":""},{"lang":"hi-IN","name":"कॉलर","nameA":""},{"lang":"th-TH","name":"ปกเสื้อ","nameA":""},{"lang":"tr-TR","name":"Yaka","nameA":""},{"lang":"pt-BR","name":"Colarinho","nameA":""},{"lang":"de-DE","name":"Kragen","nameA":""},{"lang":"id-ID","name":"Kerah","nameA":""},{"lang":"fr-FR","name":"Col","nameA":""}]},{"id":0,"name":"come","transcription":"[kʌm]","nameA":"","image":" ","bg":"transparent","nameAnswer":"","translates":[{"lang":"ru-RU","name":"Приходить","nameA":""},{"lang":"vi-VN","name":"Đến","nameA":""},{"lang":"zh-CN","name":"来","nameA":""},{"lang":"hi-IN","name":"आना","nameA":""},{"lang":"th-TH","name":"มา","nameA":""},{"lang":"tr-TR","name":"Gelmek","nameA":""},{"lang":"pt-BR","name":"Vir","nameA":""},{"lang":"de-DE","name":"Kommen","nameA":""},{"lang":"id-ID","name":"Datang","nameA":""},{"lang":"fr-FR","name":"Venir","nameA":""}]},{"id":0,"name":"comfortable","transcription":"[ˈkʌmfərtəbəl]","nameA":"","image":" ","bg":"transparent","nameAnswer":"","translates":[{"lang":"ru-RU","name":"Удобный","nameA":""},{"lang":"vi-VN","name":"Thoải mái","nameA":""},{"lang":"zh-CN","name":"舒适","nameA":""},{"lang":"hi-IN","name":"आरामदायक","nameA":""},{"lang":"th-TH","name":"สบาย","nameA":""},{"lang":"tr-TR","name":"Rahat","nameA":""},{"lang":"pt-BR","name":"Confortável","nameA":""},{"lang":"de-DE","name":"Bequem","nameA":""},{"lang":"id-ID","name":"Nyaman","nameA":""},{"lang":"fr-FR","name":"Confortable","nameA":""}]},{"id":0,"name":"comic","transcription":"[ˈkɑmɪk]","nameA":"","image":" ","bg":"transparent","nameAnswer":"","translates":[{"lang":"ru-RU","name":"Комикс","nameA":""},{"lang":"vi-VN","name":"Truyện tranh","nameA":""},{"lang":"zh-CN","name":"漫画","nameA":""},{"lang":"hi-IN","name":"कॉमिक","nameA":""},{"lang":"th-TH","name":"การ์ตูน","nameA":""},{"lang":"tr-TR","name":"Çizgi roman","nameA":""},{"lang":"pt-BR","name":"Quadrinhos","nameA":""},{"lang":"de-DE","name":"Comic","nameA":""},{"lang":"id-ID","name":"Komik","nameA":""},{"lang":"fr-FR","name":"Bande dessinée","nameA":""}]},{"id":0,"name":"computer","transcription":"[kəmˈpjuːtər]","nameA":"","image":" ","bg":"transparent","nameAnswer":"","translates":[{"lang":"ru-RU","name":"Компьютер","nameA":""},{"lang":"vi-VN","name":"Máy tính","nameA":""},{"lang":"zh-CN","name":"电脑","nameA":""},{"lang":"hi-IN","name":"कंप्यूटर","nameA":""},{"lang":"th-TH","name":"คอมพิวเตอร์","nameA":""},{"lang":"tr-TR","name":"Bilgisayar","nameA":""},{"lang":"pt-BR","name":"Computador","nameA":""},{"lang":"de-DE","name":"Computer","nameA":""},{"lang":"id-ID","name":"Komputer","nameA":""},{"lang":"fr-FR","name":"Ordinateur","nameA":""}]},{"id":0,"name":"connect","transcription":"[kəˈnɛkt]","nameA":"","image":" ","bg":"transparent","nameAnswer":"","translates":[{"lang":"ru-RU","name":"Соединять","nameA":""},{"lang":"vi-VN","name":"Kết nối","nameA":""},{"lang":"zh-CN","name":"连接","nameA":""},{"lang":"hi-IN","name":"जोड़ना","nameA":""},{"lang":"th-TH","name":"เชื่อมต่อ","nameA":""},{"lang":"tr-TR","name":"Bağlamak","nameA":""},{"lang":"pt-BR","name":"Conectar","nameA":""},{"lang":"de-DE","name":"Verbinden","nameA":""},{"lang":"id-ID","name":"Menghubungkan","nameA":""},{"lang":"fr-FR","name":"Connecter","nameA":""}]},{"id":0,"name":"control","transcription":"[kənˈtroʊl]","nameA":"","image":" ","bg":"transparent","nameAnswer":"","translates":[{"lang":"ru-RU","name":"Контроль","nameA":""},{"lang":"vi-VN","name":"Kiểm soát","nameA":""},{"lang":"zh-CN","name":"控制","nameA":""},{"lang":"hi-IN","name":"नियंत्रण","nameA":""},{"lang":"th-TH","name":"ควบคุม","nameA":""},{"lang":"tr-TR","name":"Kontrol","nameA":""},{"lang":"pt-BR","name":"Controle","nameA":""},{"lang":"de-DE","name":"Kontrolle","nameA":""},{"lang":"id-ID","name":"Kontrol","nameA":""},{"lang":"fr-FR","name":"Contrôle","nameA":""}]},{"id":0,"name":"cooker","transcription":"[ˈkʊkər]","nameA":"","image":" ","bg":"transparent","nameAnswer":"","translates":[{"lang":"ru-RU","name":"Плита","nameA":""},{"lang":"vi-VN","name":"Bếp","nameA":""},{"lang":"zh-CN","name":"炉灶","nameA":""},{"lang":"hi-IN","name":"कुकर","nameA":""},{"lang":"th-TH","name":"เตา","nameA":""},{"lang":"tr-TR","name":"Ocak","nameA":""},{"lang":"pt-BR","name":"Fogão","nameA":""},{"lang":"de-DE","name":"Herd","nameA":""},{"lang":"id-ID","name":"Kompor","nameA":""},{"lang":"fr-FR","name":"Cuisinière","nameA":""}]},{"id":0,"name":"cool","transcription":"[kuːl]","nameA":"","image":" ","bg":"transparent","nameAnswer":"","translates":[{"lang":"ru-RU","name":"Прохладный","nameA":""},{"lang":"vi-VN","name":"Mát","nameA":""},{"lang":"zh-CN","name":"凉爽","nameA":""},{"lang":"hi-IN","name":"ठंडा","nameA":""},{"lang":"th-TH","name":"เย็น","nameA":""},{"lang":"tr-TR","name":"Serin","nameA":""},{"lang":"pt-BR","name":"Fresco","nameA":""},{"lang":"de-DE","name":"Kühl","nameA":""},{"lang":"id-ID","name":"Dingin","nameA":""},{"lang":"fr-FR","name":"Frais","nameA":""}]},{"id":0,"name":"copy","transcription":"[ˈkɑpi]","nameA":"","image":" ","bg":"transparent","nameAnswer":"","translates":[{"lang":"ru-RU","name":"Копировать","nameA":""},{"lang":"vi-VN","name":"Sao chép","nameA":""},{"lang":"zh-CN","name":"复制","nameA":""},{"lang":"hi-IN","name":"कॉपी","nameA":""},{"lang":"th-TH","name":"คัดลอก","nameA":""},{"lang":"tr-TR","name":"Kopyalamak","nameA":""},{"lang":"pt-BR","name":"Copiar","nameA":""},{"lang":"de-DE","name":"Kopieren","nameA":""},{"lang":"id-ID","name":"Menyalin","nameA":""},{"lang":"fr-FR","name":"Copier","nameA":""}]},{"id":0,"name":"corner","transcription":"[ˈkɔrnər]","nameA":"","image":" ","bg":"transparent","nameAnswer":"","translates":[{"lang":"ru-RU","name":"Угол","nameA":""},{"lang":"vi-VN","name":"Góc","nameA":""},{"lang":"zh-CN","name":"角落","nameA":""},{"lang":"hi-IN","name":"कोना","nameA":""},{"lang":"th-TH","name":"มุม","nameA":""},{"lang":"tr-TR","name":"Köşe","nameA":""},{"lang":"pt-BR","name":"Canto","nameA":""},{"lang":"de-DE","name":"Ecke","nameA":""},{"lang":"id-ID","name":"Sudut","nameA":""},{"lang":"fr-FR","name":"Coin","nameA":""}]},{"id":0,"name":"cost","transcription":"[kɔst]","nameA":"","image":" ","bg":"transparent","nameAnswer":"","translates":[{"lang":"ru-RU","name":"Стоимость","nameA":""},{"lang":"vi-VN","name":"Chi phí","nameA":""},{"lang":"zh-CN","name":"成本","nameA":""},{"lang":"hi-IN","name":"लागत","nameA":""},{"lang":"th-TH","name":"ค่าใช้จ่าย","nameA":""},{"lang":"tr-TR","name":"Maliyet","nameA":""},{"lang":"pt-BR","name":"Custo","nameA":""},{"lang":"de-DE","name":"Kosten","nameA":""},{"lang":"id-ID","name":"Biaya","nameA":""},{"lang":"fr-FR","name":"Coût","nameA":""}]},{"id":0,"name":"coast","transcription":"[koʊst]","nameA":"","image":" ","bg":"transparent","nameAnswer":"","translates":[{"lang":"ru-RU","name":"Побережье","nameA":""},{"lang":"vi-VN","name":"Bờ biển","nameA":""},{"lang":"zh-CN","name":"海岸","nameA":""},{"lang":"hi-IN","name":"तट","nameA":""},{"lang":"th-TH","name":"ชายฝั่ง","nameA":""},{"lang":"tr-TR","name":"Kıyı","nameA":""},{"lang":"pt-BR","name":"Costa","nameA":""},{"lang":"de-DE","name":"Küste","nameA":""},{"lang":"id-ID","name":"Pantai","nameA":""},{"lang":"fr-FR","name":"Côte","nameA":""}]},{"id":0,"name":"cough","transcription":"[kɔf]","nameA":"","image":" ","bg":"transparent","nameAnswer":"","translates":[{"lang":"ru-RU","name":"Кашель","nameA":""},{"lang":"vi-VN","name":"Ho","nameA":""},{"lang":"zh-CN","name":"咳嗽","nameA":""},{"lang":"hi-IN","name":"खांसी","nameA":""},{"lang":"th-TH","name":"ไอ","nameA":""},{"lang":"tr-TR","name":"Öksürük","nameA":""},{"lang":"pt-BR","name":"Tosse","nameA":""},{"lang":"de-DE","name":"Husten","nameA":""},{"lang":"id-ID","name":"Batuk","nameA":""},{"lang":"fr-FR","name":"Toux","nameA":""}]},{"id":0,"name":"count","transcription":"[kaʊnt]","nameA":"","image":" ","bg":"transparent","nameAnswer":"","translates":[{"lang":"ru-RU","name":"Считать","nameA":""},{"lang":"vi-VN","name":"Đếm","nameA":""},{"lang":"zh-CN","name":"数","nameA":""},{"lang":"hi-IN","name":"गिनती","nameA":""},{"lang":"th-TH","name":"นับ","nameA":""},{"lang":"tr-TR","name":"Saymak","nameA":""},{"lang":"pt-BR","name":"Contar","nameA":""},{"lang":"de-DE","name":"Zählen","nameA":""},{"lang":"id-ID","name":"Menghitung","nameA":""},{"lang":"fr-FR","name":"Compter","nameA":""}]},{"id":0,"name":"country","transcription":"[ˈkʌntri]","nameA":"","image":" ","bg":"transparent","nameAnswer":"","translates":[{"lang":"ru-RU","name":"Страна","nameA":""},{"lang":"vi-VN","name":"Đất nước","nameA":""},{"lang":"zh-CN","name":"国家","nameA":""},{"lang":"hi-IN","name":"देश","nameA":""},{"lang":"th-TH","name":"ประเทศ","nameA":""},{"lang":"tr-TR","name":"Ülke","nameA":""},{"lang":"pt-BR","name":"País","nameA":""},{"lang":"de-DE","name":"Land","nameA":""},{"lang":"id-ID","name":"Negara","nameA":""},{"lang":"fr-FR","name":"Pays","nameA":""}]},{"id":0,"name":"cousin","transcription":"[ˈkʌzən]","nameA":"","image":" ","bg":"transparent","nameAnswer":"","translates":[{"lang":"ru-RU","name":"Двоюродный брат/сестра","nameA":""},{"lang":"vi-VN","name":"Anh em họ","nameA":""},{"lang":"zh-CN","name":"堂/表兄弟/姐妹","nameA":""},{"lang":"hi-IN","name":"चचेरा भाई/बहन","nameA":""},{"lang":"th-TH","name":"ลูกพี่ลูกน้อง","nameA":""},{"lang":"tr-TR","name":"Kuzen","nameA":""},{"lang":"pt-BR","name":"Primo/Pr","nameA":""}]}]}