{
  "name": "/air/ air, -are, -ear, -ere",
  "nameA": null,
  "img": null,
  "minQuiz": null,
  "isRandom": false,
  "isBlur": false,
  "isUpper": true,
  "isByWords": false,
  "isForAdult": false,
  "separator": "",
  "numWords": 18,
  "tags": null,
  "Translations": [
    {
      "lang": "ru-RU",
      "name": "Алфавит",
      "nameA": null
    }
  ],
  "items": [
    {
      "id": 0,
      "name": "chair",
      "transcription": "[tʃɛr]",
      "nameA": "",
      "image": "/img/dict/classroom/chair.png",
      "bg": "transparent",
      "nameAnswer": null,
      "translates": [
        {
          "lang": "ru-RU",
          "name": "Стул",
          "nameA": null
        }
      ]
    },
    {
      "id": 0,
      "name": "fairy",
      "transcription": "[ˈfɛri]",
      "nameA": "",
      "image": " ",
      "bg": "transparent",
      "nameAnswer": null,
      "translates": [
        {
          "lang": "ru-RU",
          "name": "Фея",
          "nameA": null
        }
      ]
    },
    {
      "id": 0,
      "name": "hair",
      "transcription": "[hɛr]",
      "nameA": "",
      "image": "/img/dict/body/hair.png",
      "bg": "transparent",
      "nameAnswer": null,
      "translates": [
        {
          "lang": "ru-RU",
          "name": "Волосы",
          "nameA": null
        }
      ]
    },
    {
      "id": 0,
      "name": "pair",
      "transcription": "[pɛr]",
      "nameA": "",
      "image": " ",
      "bg": "transparent",
      "nameAnswer": null,
      "translates": [
        {
          "lang": "ru-RU",
          "name": "Пара",
          "nameA": null
        }
      ]
    },
    {
      "id": 0,
      "name": "stair",
      "transcription": "[stɛr]",
      "nameA": "",
      "image": " ",
      "bg": "transparent",
      "nameAnswer": null,
      "translates": [
        {
          "lang": "ru-RU",
          "name": "Ступенька",
          "nameA": null
        }
      ]
    },
    {
      "id": 0,
      "name": "aware",
      "transcription": "[əˈwɛr]",
      "nameA": "",
      "image": " ",
      "bg": "transparent",
      "nameAnswer": null,
      "translates": [
        {
          "lang": "ru-RU",
          "name": "Осведомленный",
          "nameA": null
        }
      ]
    },
    {
      "id": 0,
      "name": "care",
      "transcription": "[kɛr]",
      "nameA": "",
      "image": " ",
      "bg": "transparent",
      "nameAnswer": null,
      "translates": [
        {
          "lang": "ru-RU",
          "name": "Забота",
          "nameA": null
        }
      ]
    },
    {
      "id": 0,
      "name": "scarecrow",
      "transcription": "[ˈskɛrˌkroʊ]",
      "nameA": "",
      "image": " ",
      "bg": "transparent",
      "nameAnswer": null,
      "translates": [
        {
          "lang": "ru-RU",
          "name": "Пугало",
          "nameA": null
        }
      ]
    },
    {
      "id": 0,
      "name": "share",
      "transcription": "[ʃɛr]",
      "nameA": "",
      "image": " ",
      "bg": "transparent",
      "nameAnswer": null,
      "translates": [
        {
          "lang": "ru-RU",
          "name": "Доля",
          "nameA": null
        }
      ]
    },
    {
      "id": 0,
      "name": "spare",
      "transcription": "[spɛr]",
      "nameA": "",
      "image": " ",
      "bg": "transparent",
      "nameAnswer": null,
      "translates": [
        {
          "lang": "ru-RU",
          "name": "Запасной",
          "nameA": null
        }
      ]
    },
    {
      "id": 0,
      "name": "square",
      "transcription": "[skwɛr]",
      "nameA": "",
      "image": "/img/dict/shapes/square.png",
      "bg": "transparent",
      "nameAnswer": null,
      "translates": [
        {
          "lang": "ru-RU",
          "name": "Квадрат",
          "nameA": null
        }
      ]
    },
    {
      "id": 0,
      "name": "stare",
      "transcription": "[stɛr]",
      "nameA": "",
      "image": " ",
      "bg": "transparent",
      "nameAnswer": null,
      "translates": [
        {
          "lang": "ru-RU",
          "name": "Пристальный взгляд",
          "nameA": null
        }
      ]
    },
    {
      "id": 0,
      "name": "bear",
      "transcription": "[bɛr]",
      "nameA": "",
      "image": "/img/dict/animals/bear.png",
      "bg": "transparent",
      "nameAnswer": null,
      "translates": [
        {
          "lang": "ru-RU",
          "name": "Медведь",
          "nameA": null
        }
      ]
    },
    {
      "id": 0,
      "name": "pear",
      "transcription": "[pɛr]",
      "nameA": "",
      "image": "/img/dict/food/pear.png",
      "bg": "transparent",
      "nameAnswer": null,
      "translates": [
        {
          "lang": "ru-RU",
          "name": "Груша",
          "nameA": null
        }
      ]
    },
    {
      "id": 0,
      "name": "tear",
      "transcription": "[tɛr]",
      "nameA": "",
      "image": " ",
      "bg": "transparent",
      "nameAnswer": null,
      "translates": [
        {
          "lang": "ru-RU",
          "name": "Слеза",
          "nameA": null
        }
      ]
    },
    {
      "id": 0,
      "name": "wear",
      "transcription": "[wɛr]",
      "nameA": "",
      "image": " ",
      "bg": "transparent",
      "nameAnswer": null,
      "translates": [
        {
          "lang": "ru-RU",
          "name": "Носить",
          "nameA": null
        }
      ]
    },
    {
      "id": 0,
      "name": "there",
      "transcription": "[ðɛr]",
      "nameA": "",
      "image": " ",
      "bg": "transparent",
      "nameAnswer": null,
      "translates": [
        {
          "lang": "ru-RU",
          "name": "Там",
          "nameA": null
        }
      ]
    },
    {
      "id": 0,
      "name": "where",
      "transcription": "[wɛr]",
      "nameA": "",
      "image": " ",
      "bg": "transparent",
      "nameAnswer": null,
      "translates": [
        {
          "lang": "ru-RU",
          "name": "Где",
          "nameA": null
        }
      ]
    }
  ]
}