{
  "name": "Shapes",
  "nameA": null,
  "img": null,
  "minQuiz": 15,
  "isRandom": true,
  "isBlur": true,
  "isForAdult": false,
  "separator": "",
  "numWords": 20,
  "tags": null,
  "Translations": [
    {
      "lang": "ru-RU",
      "name": "Фигуры",
      "nameA": null
    }
  ],
  "items": [
    {
      "id": 0,
      "name": "Circle",
      "transcription": "[sɜːkl]",
      "nameA": null,
      "image": "/img/dict/shapes/circle.png",
      "bg": "transparent",
      "nameAnswer": null,
      "translates": [
        {
          "lang": "ru-RU",
          "name": "Круг",
          "nameA": null
        }
      ]
    },
    {
      "id": 0,
      "name": "Oval",
      "transcription": "[ˈəʊvəl]",
      "nameA": null,
      "image": "/img/dict/shapes/oval.png",
      "bg": "transparent",
      "nameAnswer": null,
      "translates": [
        {
          "lang": "ru-RU",
          "name": "Овал",
          "nameA": null
        }
      ]
    },
    {
      "id": 0,
      "name": "Triangle",
      "transcription": "[ˈtraɪæŋgl]",
      "nameA": null,
      "image": "/img/dict/shapes/triangle.png",
      "bg": "transparent",
      "nameAnswer": null,
      "translates": [
        {
          "lang": "ru-RU",
          "name": "Треугольник",
          "nameA": null
        }
      ]
    },
    {
      "id": 0,
      "name": "Diamond",
      "transcription": "[ˈdaɪəmənd]",
      "nameA": null,
      "image": "/img/dict/shapes/diamond.png",
      "bg": "transparent",
      "nameAnswer": null,
      "translates": [
        {
          "lang": "ru-RU",
          "name": "Ромб",
          "nameA": null
        }
      ]
    },
    {
      "id": 0,
      "name": "Star",
      "transcription": "[stɑː]",
      "nameA": null,
      "image": "/img/dict/shapes/star.png",
      "bg": "transparent",
      "nameAnswer": null,
      "translates": [
        {
          "lang": "ru-RU",
          "name": "Звезда",
          "nameA": null
        }
      ]
    },
    {
      "id": 0,
      "name": "Cloud",
      "transcription": "[klaʊd]",
      "nameA": null,
      "image": "/img/dict/shapes/cloud.png",
      "bg": "transparent",
      "nameAnswer": null,
      "translates": [
        {
          "lang": "ru-RU",
          "name": "Облако",
          "nameA": null
        }
      ]
    },
    {
      "id": 0,
      "name": "Square",
      "transcription": "[skweə]",
      "nameA": null,
      "image": "/img/dict/shapes/square.png",
      "bg": "transparent",
      "nameAnswer": null,
      "translates": [
        {
          "lang": "ru-RU",
          "name": "Квадрат",
          "nameA": null
        }
      ]
    },
    {
      "id": 0,
      "name": "Heart",
      "transcription": "[hɑːt]",
      "nameA": null,
      "image": "/img/dict/shapes/heart.png",
      "bg": "transparent",
      "nameAnswer": null,
      "translates": [
        {
          "lang": "ru-RU",
          "name": "Сердце",
          "nameA": null
        }
      ]
    },
    {
      "id": 0,
      "name": "Rectangle",
      "transcription": "[ˈrektæŋgl]",
      "nameA": null,
      "image": "/img/dict/shapes/rectangle.png",
      "bg": "transparent",
      "nameAnswer": null,
      "translates": [
        {
          "lang": "ru-RU",
          "name": "Прямоугольник",
          "nameA": null
        }
      ]
    },
    {
      "id": 0,
      "name": "trapezium",
      "transcription": "[trəˈpiːzɪəm]",
      "nameA": null,
      "image": "/img/dict/shapes/trapezium.png",
      "bg": "transparent",
      "nameAnswer": null,
      "translates": [
        {
          "lang": "ru-RU",
          "name": "Трапеция",
          "nameA": null
        }
      ]
    },
    {
      "id": 0,
      "name": "helix",
      "transcription": "[ˈhiːlɪks]",
      "nameA": null,
      "image": "/img/dict/shapes/helix.png",
      "bg": "transparent",
      "nameAnswer": null,
      "translates": [
        {
          "lang": "ru-RU",
          "name": "спираль",
          "nameA": null
        }
      ]
    },
    {
      "id": 0,
      "name": "point",
      "transcription": "[pɔɪnt]",
      "nameA": null,
      "image": "/img/dict/shapes/point.png",
      "bg": "transparent",
      "nameAnswer": null,
      "translates": [
        {
          "lang": "ru-RU",
          "name": "точка",
          "nameA": null
        }
      ]
    },
    {
      "id": 0,
      "name": "line",
      "transcription": "[laɪn]",
      "nameA": null,
      "image": "/img/dict/shapes/line.png",
      "bg": "transparent",
      "nameAnswer": null,
      "translates": [
        {
          "lang": "ru-RU",
          "name": "линия",
          "nameA": null
        }
      ]
    },
    {
      "id": 0,
      "name": "sphere",
      "transcription": "[sfɪr]",
      "nameA": null,
      "image": "/img/dict/shapes/sphere.png",
      "bg": "transparent",
      "nameAnswer": null,
      "translates": [
        {
          "lang": "ru-RU",
          "name": "сфера",
          "nameA": null
        }
      ]
    },
    {
      "id": 0,
      "name": "cube",
      "transcription": "[kjuːb]",
      "nameA": null,
      "image": "/img/dict/shapes/cube.png",
      "bg": "transparent",
      "nameAnswer": null,
      "translates": [
        {
          "lang": "ru-RU",
          "name": "куб",
          "nameA": null
        }
      ]
    },
    {
      "id": 0,
      "name": "pyramid",
      "transcription": "[ˈpɪrəmɪd]",
      "nameA": null,
      "image": "/img/dict/shapes/pyramid.png",
      "bg": "transparent",
      "nameAnswer": null,
      "translates": [
        {
          "lang": "ru-RU",
          "name": "пирамида",
          "nameA": null
        }
      ]
    },
    {
      "id": 0,
      "name": "cone",
      "transcription": "[kəʊn]",
      "nameA": null,
      "image": "/img/dict/shapes/cone.png",
      "bg": "transparent",
      "nameAnswer": null,
      "translates": [
        {
          "lang": "ru-RU",
          "name": "конус",
          "nameA": null
        }
      ]
    },
    {
      "id": 0,
      "name": "cylinder",
      "transcription": "[ˈsɪlɪndər]",
      "nameA": null,
      "image": "/img/dict/shapes/cylinder.png",
      "bg": "transparent",
      "nameAnswer": null,
      "translates": [
        {
          "lang": "ru-RU",
          "name": "цилиндр",
          "nameA": null
        }
      ]
    },
    {
      "id": 0,
      "name": "parallelepiped",
      "transcription": "[pærʌleləˈpaɪpɪd]",
      "nameA": null,
      "image": "/img/dict/shapes/parallelepiped.png",
      "bg": "transparent",
      "nameAnswer": null,
      "translates": [
        {
          "lang": "ru-RU",
          "name": "параллелепипед",
          "nameA": null
        }
      ]
    },
    {
      "id": 0,
      "name": "prism",
      "transcription": "[ˈprɪzəm]",
      "nameA": null,
      "image": "/img/dict/shapes/prism.png",
      "bg": "transparent",
      "nameAnswer": null,
      "translates": [
        {
          "lang": "ru-RU",
          "name": "призма",
          "nameA": null
        }
      ]
    }
  ]
}