{
  "name": "Shapes",
  "nameA": null,
  "Translations": [
    {
      "lang": "ru-RU",
      "name": "Фигуры",
      "nameA": null
    }
  ],
  "items": [
    {
      "id": 0,
      "name": "Circle",
      "nameA": null,
      "image": "/img/dict/shapes/circle.png",
      "bg": "transparent",
      "translates": [
        {
          "lang": "ru-RU",
          "name": "Круг",
          "nameA": null
        }
      ]
    },
    {
      "id": 0,
      "name": "Oval",
      "nameA": null,
      "image": "/img/dict/shapes/oval.png",
      "bg": "transparent",
      "translates": [
        {
          "lang": "ru-RU",
          "name": "Овал",
          "nameA": null
        }
      ]
    },
    
    {
      "id": 0,
      "name": "Triangle",
      "nameA": null,
      "image": "/img/dict/shapes/triangle.png",
      "bg": "transparent",
      "translates": [
        {
          "lang": "ru-RU",
          "name": "Треугольник",
          "nameA": null
        }
      ]
    },
    {
      "id": 0,
      "name": "Diamond",
      "nameA": null,
      "image": "/img/dict/shapes/diamond.png",
      "bg": "transparent",
      "translates": [
        {
          "lang": "ru-RU",
          "name": "Ромб",
          "nameA": null
        }
      ]
    },
    {
      "id": 0,
      "name": "Star",
      "nameA": null,
      "image": "/img/dict/shapes/star.png",
      "bg": "transparent",
      "translates": [
        {
          "lang": "ru-RU",
          "name": "Звезда",
          "nameA": null
        }
      ]
    },
    {
      "id": 0,
      "name": "Cloud",
      "nameA": null,
      "image": "/img/dict/shapes/cloud.png",
      "bg": "transparent",
      "translates": [
        {
          "lang": "ru-RU",
          "name": "Облако",
          "nameA": null
        }
      ]
    },
    {
      "id": 0,
      "name": "Square",
      "nameA": null,
      "image": "/img/dict/shapes/square.png",
      "bg": "transparent",
      "translates": [
        {
          "lang": "ru-RU",
          "name": "Квадрат",
          "nameA": null
        }
      ]
    },
    {
      "id": 0,
      "name": "Heart",
      "nameA": null,
      "image": "/img/dict/shapes/heart.png",
      "bg": "transparent",
      "translates": [
        {
          "lang": "ru-RU",
          "name": "Сердце",
          "nameA": null
        }
      ]
    },
    {
      "id": 0,
      "name": "Rectangle",
      "nameA": null,
      "image": "/img/dict/shapes/rectangle.png",
      "bg": "transparent",
      "translates": [
        {
          "lang": "ru-RU",
          "name": "Прямоугольник",
          "nameA": null
        }
      ]
    }
  ]
}