{"name":"Shapes","minQuiz":15,"isRandom":true,"isBlur":true,"isUpper":true,"isByWords":false,"isForAdult":false,"separator":"","numWords":20,"Translations":[{"lang":"ru-RU","name":"Фигуры"},{"lang":"vi-VN","name":"Hình dạng"},{"lang":"zh-CN","name":"形状"},{"lang":"hi-IN","name":"आकार"},{"lang":"th-TH","name":"รูปร่าง"},{"lang":"tr-TR","name":"Şekiller"},{"lang":"pt-BR","name":"Formas"},{"lang":"de-DE","name":"Formen"},{"lang":"id-ID","name":"Bentuk"},{"lang":"fr-FR","name":"Formes"}],"items":[{"id":0,"name":"Circle","transcription":"[sɜːkl]","image":"/img/dict/shapes/circle.png","bg":"transparent","translates":[{"lang":"ru-RU","name":"Круг"},{"lang":"vi-VN","name":"Hình tròn"},{"lang":"zh-CN","name":"圆形"},{"lang":"hi-IN","name":"वृत्त"},{"lang":"th-TH","name":"วงกลม"},{"lang":"tr-TR","name":"Daire"},{"lang":"pt-BR","name":"Círculo"},{"lang":"de-DE","name":"Kreis"},{"lang":"id-ID","name":"Lingkaran"},{"lang":"fr-FR","name":"Cercle"}]},{"id":0,"name":"Oval","transcription":"[ˈəʊvəl]","image":"/img/dict/shapes/oval.png","bg":"transparent","translates":[{"lang":"ru-RU","name":"Овал"},{"lang":"vi-VN","name":"Hình bầu dục"},{"lang":"zh-CN","name":"椭圆形"},{"lang":"hi-IN","name":"अंडाकार"},{"lang":"th-TH","name":"วงรี"},{"lang":"tr-TR","name":"Oval"},{"lang":"pt-BR","name":"Oval"},{"lang":"de-DE","name":"Oval"},{"lang":"id-ID","name":"Oval"},{"lang":"fr-FR","name":"Ovale"}]},{"id":0,"name":"Triangle","transcription":"[ˈtraɪæŋgl]","image":"/img/dict/shapes/triangle.png","bg":"transparent","translates":[{"lang":"ru-RU","name":"Треугольник"},{"lang":"vi-VN","name":"Tam giác"},{"lang":"zh-CN","name":"三角形"},{"lang":"hi-IN","name":"त्रिभुज"},{"lang":"th-TH","name":"สามเหลี่ยม"},{"lang":"tr-TR","name":"Üçgen"},{"lang":"pt-BR","name":"Triângulo"},{"lang":"de-DE","name":"Dreieck"},{"lang":"id-ID","name":"Segitiga"},{"lang":"fr-FR","name":"Triangle"}]},{"id":0,"name":"Diamond","transcription":"[ˈdaɪəmənd]","image":"/img/dict/shapes/diamond.png","bg":"transparent","translates":[{"lang":"ru-RU","name":"Ромб"},{"lang":"vi-VN","name":"Hình thoi"},{"lang":"zh-CN","name":"菱形"},{"lang":"hi-IN","name":"हीरा"},{"lang":"th-TH","name":"เพชร"},{"lang":"tr-TR","name":"Elmas"},{"lang":"pt-BR","name":"Diamante"},{"lang":"de-DE","name":"Raute"},{"lang":"id-ID","name":"Belah ketupat"},{"lang":"fr-FR","name":"Losange"}]},{"id":0,"name":"Star","transcription":"[stɑː]","image":"/img/dict/shapes/star.png","bg":"transparent","translates":[{"lang":"ru-RU","name":"Звезда"},{"lang":"vi-VN","name":"Ngôi sao"},{"lang":"zh-CN","name":"星星"},{"lang":"hi-IN","name":"तारा"},{"lang":"th-TH","name":"ดาว"},{"lang":"tr-TR","name":"Yıldız"},{"lang":"pt-BR","name":"Estrela"},{"lang":"de-DE","name":"Stern"},{"lang":"id-ID","name":"Bintang"},{"lang":"fr-FR","name":"Étoile"}]},{"id":0,"name":"Cloud","transcription":"[klaʊd]","image":"/img/dict/shapes/cloud.png","bg":"transparent","translates":[{"lang":"ru-RU","name":"Облако"},{"lang":"vi-VN","name":"Đám mây"},{"lang":"zh-CN","name":"云"},{"lang":"hi-IN","name":"बादल"},{"lang":"th-TH","name":"เมฆ"},{"lang":"tr-TR","name":"Bulut"},{"lang":"pt-BR","name":"Nuvem"},{"lang":"de-DE","name":"Wolke"},{"lang":"id-ID","name":"Awan"},{"lang":"fr-FR","name":"Nuage"}]},{"id":0,"name":"Square","transcription":"[skweə]","image":"/img/dict/shapes/square.png","bg":"transparent","translates":[{"lang":"ru-RU","name":"Квадрат"},{"lang":"vi-VN","name":"Hình vuông"},{"lang":"zh-CN","name":"正方形"},{"lang":"hi-IN","name":"वर्ग"},{"lang":"th-TH","name":"สี่เหลี่ยม"},{"lang":"tr-TR","name":"Kare"},{"lang":"pt-BR","name":"Quadrado"},{"lang":"de-DE","name":"Quadrat"},{"lang":"id-ID","name":"Persegi"},{"lang":"fr-FR","name":"Carré"}]},{"id":0,"name":"Heart","transcription":"[hɑːt]","image":"/img/dict/shapes/heart.png","bg":"transparent","translates":[{"lang":"ru-RU","name":"Сердце"},{"lang":"vi-VN","name":"Trái tim"},{"lang":"zh-CN","name":"心形"},{"lang":"hi-IN","name":"दिल"},{"lang":"th-TH","name":"หัวใจ"},{"lang":"tr-TR","name":"Kalp"},{"lang":"pt-BR","name":"Coração"},{"lang":"de-DE","name":"Herz"},{"lang":"id-ID","name":"Hati"},{"lang":"fr-FR","name":"Cœur"}]},{"id":0,"name":"Rectangle","transcription":"[ˈrektæŋgl]","image":"/img/dict/shapes/rectangle.png","bg":"transparent","translates":[{"lang":"ru-RU","name":"Прямоугольник"},{"lang":"vi-VN","name":"Hình chữ nhật"},{"lang":"zh-CN","name":"长方形"},{"lang":"hi-IN","name":"आयत"},{"lang":"th-TH","name":"สี่เหลี่ยมผืนผ้า"},{"lang":"tr-TR","name":"Dikdörtgen"},{"lang":"pt-BR","name":"Retângulo"},{"lang":"de-DE","name":"Rechteck"},{"lang":"id-ID","name":"Persegi panjang"},{"lang":"fr-FR","name":"Rectangle"}]},{"id":0,"name":"trapezium","transcription":"[trəˈpiːzɪəm]","image":"/img/dict/shapes/trapezium.png","bg":"transparent","translates":[{"lang":"ru-RU","name":"Трапеция"},{"lang":"vi-VN","name":"Hình thang"},{"lang":"zh-CN","name":"梯形"},{"lang":"hi-IN","name":"समलम्ब"},{"lang":"th-TH","name":"สี่เหลี่ยมคางหมู"},{"lang":"tr-TR","name":"Yamuk"},{"lang":"pt-BR","name":"Trapézio"},{"lang":"de-DE","name":"Trapez"},{"lang":"id-ID","name":"Trapesium"},{"lang":"fr-FR","name":"Trapèze"}]},{"id":0,"name":"helix","transcription":"[ˈhiːlɪks]","image":"/img/dict/shapes/helix.png","bg":"transparent","translates":[{"lang":"ru-RU","name":"спираль"},{"lang":"vi-VN","name":"Hình xoắn ốc"},{"lang":"zh-CN","name":"螺旋"},{"lang":"hi-IN","name":"सर्पिल"},{"lang":"th-TH","name":"เกลียว"},{"lang":"tr-TR","name":"Sarmal"},{"lang":"pt-BR","name":"Hélice"},{"lang":"de-DE","name":"Helix"},{"lang":"id-ID","name":"Heliks"},{"lang":"fr-FR","name":"Hélice"}]},{"id":0,"name":"point","transcription":"[pɔɪnt]","image":"/img/dict/shapes/point.png","bg":"transparent","translates":[{"lang":"ru-RU","name":"точка"},{"lang":"vi-VN","name":"Điểm"},{"lang":"zh-CN","name":"点"},{"lang":"hi-IN","name":"बिंदु"},{"lang":"th-TH","name":"จุด"},{"lang":"tr-TR","name":"Nokta"},{"lang":"pt-BR","name":"Ponto"},{"lang":"de-DE","name":"Punkt"},{"lang":"id-ID","name":"Titik"},{"lang":"fr-FR","name":"Point"}]},{"id":0,"name":"line","transcription":"[laɪn]","image":"/img/dict/shapes/line.png","bg":"transparent","translates":[{"lang":"ru-RU","name":"линия"},{"lang":"vi-VN","name":"Đường thẳng"},{"lang":"zh-CN","name":"线"},{"lang":"hi-IN","name":"रेखा"},{"lang":"th-TH","name":"เส้น"},{"lang":"tr-TR","name":"Çizgi"},{"lang":"pt-BR","name":"Linha"},{"lang":"de-DE","name":"Linie"},{"lang":"id-ID","name":"Garis"},{"lang":"fr-FR","name":"Ligne"}]},{"id":0,"name":"sphere","transcription":"[sfɪr]","image":"/img/dict/shapes/sphere.png","bg":"transparent","translates":[{"lang":"ru-RU","name":"сфера"},{"lang":"vi-VN","name":"Hình cầu"},{"lang":"zh-CN","name":"球体"},{"lang":"hi-IN","name":"गोला"},{"lang":"th-TH","name":"ทรงกลม"},{"lang":"tr-TR","name":"Küre"},{"lang":"pt-BR","name":"Esfera"},{"lang":"de-DE","name":"Kugel"},{"lang":"id-ID","name":"Bola"},{"lang":"fr-FR","name":"Sphère"}]},{"id":0,"name":"cube","transcription":"[kjuːb]","image":"/img/dict/shapes/cube.png","bg":"transparent","translates":[{"lang":"ru-RU","name":"куб"},{"lang":"vi-VN","name":"Hình lập phương"},{"lang":"zh-CN","name":"立方体"},{"lang":"hi-IN","name":"घन"},{"lang":"th-TH","name":"ลูกบาศก์"},{"lang":"tr-TR","name":"Küp"},{"lang":"pt-BR","name":"Cubo"},{"lang":"de-DE","name":"Würfel"},{"lang":"id-ID","name":"Kubus"},{"lang":"fr-FR","name":"Cube"}]},{"id":0,"name":"pyramid","transcription":"[ˈpɪrəmɪd]","image":"/img/dict/shapes/pyramid.png","bg":"transparent","translates":[{"lang":"ru-RU","name":"пирамида"},{"lang":"vi-VN","name":"Kim tự tháp"},{"lang":"zh-CN","name":"金字塔"},{"lang":"hi-IN","name":"पिरामिड"},{"lang":"th-TH","name":"พีระมิด"},{"lang":"tr-TR","name":"Piramit"},{"lang":"pt-BR","name":"Pirâmide"},{"lang":"de-DE","name":"Pyramide"},{"lang":"id-ID","name":"Piramida"},{"lang":"fr-FR","name":"Pyramide"}]},{"id":0,"name":"cone","transcription":"[kəʊn]","image":"/img/dict/shapes/cone.png","bg":"transparent","translates":[{"lang":"ru-RU","name":"конус"},{"lang":"vi-VN","name":"Hình nón"},{"lang":"zh-CN","name":"圆锥体"},{"lang":"hi-IN","name":"शंकु"},{"lang":"th-TH","name":"กรวย"},{"lang":"tr-TR","name":"Koni"},{"lang":"pt-BR","name":"Cone"},{"lang":"de-DE","name":"Kegel"},{"lang":"id-ID","name":"Kerucut"},{"lang":"fr-FR","name":"Cône"}]},{"id":0,"name":"cylinder","transcription":"[ˈsɪlɪndər]","image":"/img/dict/shapes/cylinder.png","bg":"transparent","translates":[{"lang":"ru-RU","name":"цилиндр"},{"lang":"vi-VN","name":"Hình trụ"},{"lang":"zh-CN","name":"圆柱体"},{"lang":"hi-IN","name":"सिलेंडर"},{"lang":"th-TH","name":"ทรงกระบอก"},{"lang":"tr-TR","name":"Silindir"},{"lang":"pt-BR","name":"Cilindro"},{"lang":"de-DE","name":"Zylinder"},{"lang":"id-ID","name":"Silinder"},{"lang":"fr-FR","name":"Cylindre"}]},{"id":0,"name":"parallelepiped","transcription":"[pærʌleləˈpaɪpɪd]","image":"/img/dict/shapes/parallelepiped.png","bg":"transparent","translates":[{"lang":"ru-RU","name":"параллелепипед"},{"lang":"vi-VN","name":"Hình hộp"},{"lang":"zh-CN","name":"平行六面体"},{"lang":"hi-IN","name":"समानांतर षट्फलक"},{"lang":"th-TH","name":"ทรงขนาน"},{"lang":"tr-TR","name":"Paralelkenar"},{"lang":"pt-BR","name":"Paralelepípedo"},{"lang":"de-DE","name":"Parallelepiped"},{"lang":"id-ID","name":"Paralelepiped"},{"lang":"fr-FR","name":"Parallélépipède"}]},{"id":0,"name":"prism","transcription":"[ˈprɪzəm]","image":"/img/dict/shapes/prism.png","bg":"transparent","translates":[{"lang":"ru-RU","name":"призма"},{"lang":"vi-VN","name":"Lăng kính"},{"lang":"zh-CN","name":"棱镜"},{"lang":"hi-IN","name":"प्रिज्म"},{"lang":"th-TH","name":"ปริซึม"},{"lang":"tr-TR","name":"Prizma"},{"lang":"pt-BR","name":"Prisma"},{"lang":"de-DE","name":"Prisma"},{"lang":"id-ID","name":"Prisma"},{"lang":"fr-FR","name":"Prisme"}]}]}