{
  "name": "Numbers to 10",
  "nameA": null,
  "Translations": [
    {
      "lang": "ru-RU",
      "name": "Числа до десяти",
      "nameA": null
    }
  ],
  "items": [
    {
      "id": 0,
      "name": "Zero",
      "transcription": "[ˈzɪərəʊ]",
      "nameA": null,
      "image": "/img/dict/numbers/0.png",
      "bg": "white",
      "translates": [
        {
          "lang": "ru-RU",
          "name": "0",
          "nameA": null
        }
      ]
    },
    {
      "id": 0,
      "name": "One",
      "transcription": "[wʌn]",
      "nameA": null,
      "image": "/img/dict/numbers/1.png",
      "bg": "white",
      "translates": [
        {
          "lang": "ru-RU",
          "name": "1",
          "nameA": null
        }
      ]
    },
    {
      "id": 0,
      "name": "Two",
      "nameA": null,
      "transcription": "[tuː]",
      "image": "/img/dict/numbers/2.png",
      "bg": "white",
      "translates": [
        {
          "lang": "ru-RU",
          "name": "2",
          "nameA": null
        }
      ]
    },
    {
      "id": 0,
      "name": "Three",
      "nameA": null,
      "transcription": "[θriː]",
      "image": "/img/dict/numbers/3.png",
      "bg": "white",
      "translates": [
        {
          "lang": "ru-RU",
          "name": "3",
          "nameA": null
        }
      ]
    },
    {
      "id": 0,
      "name": "Four",
      "transcription": "[fɔː]",
      "nameA": null,
      "image": "/img/dict/numbers/4.png",
      "bg": "white",
      "translates": [
        {
          "lang": "ru-RU",
          "name": "4",
          "nameA": null
        }
      ]
    },
    {
      "id": 0,
      "name": "Five",
      "transcription": "[faɪv]",
      "nameA": null,
      "image": "/img/dict/numbers/5.png",
      "bg": "white",
      "translates": [
        {
          "lang": "ru-RU",
          "name": "5",
          "nameA": null
        }
      ]
    },
    {
      "id": 0,
      "name": "Six",
      "transcription": "[sɪks]",
      "nameA": null,
      "image": "/img/dict/numbers/6.png",
      "bg": "white",
      "translates": [
        {
          "lang": "ru-RU",
          "name": "6",
          "nameA": null
        }
      ]
    },
    {
      "id": 0,
      "name": "Seven",
      "transcription": "[sevn]",
      "nameA": null,
      "image": "/img/dict/numbers/7.png",
      "bg": "white",
      "translates": [
        {
          "lang": "ru-RU",
          "name": "7",
          "nameA": null
        }
      ]
    },
    {
      "id": 0,
      "name": "Eight",
      "transcription": "[eɪt]",
      "nameA": null,
      "image": "/img/dict/numbers/8.png",
      "bg": "white",
      "translates": [
        {
          "lang": "ru-RU",
          "name": "8",
          "nameA": null
        }
      ]
    },
    {
      "id": 0,
      "name": "Nine",
      "transcription": "[naɪn]",
      "nameA": null,
      "image": "/img/dict/numbers/9.png",
      "bg": "white",
      "translates": [
        {
          "lang": "ru-RU",
          "name": "9",
          "nameA": null
        }
      ]
    },
    {
      "id": 0,
      "name": "Ten",
      "transcription": "[ten]",
      "nameA": null,
      "image": "/img/dict/numbers/10.png",
      "bg": "white",
      "translates": [
        {
          "lang": "ru-RU",
          "name": "10",
          "nameA": null
        }
      ]
    }
  ]
}