{
  "name": "TOP 100",
  "nameA": null,
  "img": null,
  "minQuiz": null,
  "isRandom": true,
  "isBlur": true,
  "isForAdult": false,
  "separator": "",
  "tags": [
    "top",
    "top100",
    "countable"
  ],
  "Translations": [],
  "items": [
    {
      "id": 99,
      "name": "about",
      "transcription": "[əˈbaʊt]",
      "nameA": null,
      "image": "/fake_path/about.png",
      "bg": null,
      "nameAnswer": null,
      "translates": [
        {
          "lang": "ru-Ru",
          "name": "о",
          "nameA": null
        }
      ]
    },
    {
      "id": 78,
      "name": "after",
      "transcription": "[ˈæftər]",
      "nameA": null,
      "image": "/fake_path/after.png",
      "bg": null,
      "nameAnswer": null,
      "translates": [
        {
          "lang": "ru-Ru",
          "name": "после",
          "nameA": null
        }
      ]
    },
    {
      "id": 25,
      "name": "all",
      "transcription": "[ɔːl]",
      "nameA": null,
      "image": "/fake_path/all.png",
      "bg": null,
      "nameAnswer": null,
      "translates": [
        {
          "lang": "ru-Ru",
          "name": "все",
          "nameA": null
        }
      ]
    },
    {
      "id": 40,
      "name": "also",
      "transcription": "[ˈɔːlsəʊ]",
      "nameA": null,
      "image": "/fake_path/also.png",
      "bg": null,
      "nameAnswer": null,
      "translates": [
        {
          "lang": "ru-Ru",
          "name": "тоже",
          "nameA": null
        }
      ]
    },
    {
      "id": 11,
      "name": "and",
      "transcription": "[ənd]",
      "nameA": null,
      "image": "/fake_path/and.png",
      "bg": null,
      "nameAnswer": null,
      "translates": [
        {
          "lang": "ru-Ru",
          "name": "и",
          "nameA": null
        }
      ]
    },
    {
      "id": 34,
      "name": "any",
      "transcription": "[ˈenɪ]",
      "nameA": null,
      "image": "/fake_path/any.png",
      "bg": null,
      "nameAnswer": null,
      "translates": [
        {
          "lang": "ru-Ru",
          "name": "любой",
          "nameA": null
        }
      ]
    },
    {
      "id": 93,
      "name": "as",
      "transcription": "[əz]",
      "nameA": null,
      "image": "/fake_path/as.png",
      "bg": null,
      "nameAnswer": null,
      "translates": [
        {
          "lang": "ru-Ru",
          "name": "как (сравнение)",
          "nameA": null
        }
      ]
    },
    {
      "id": 10,
      "name": "at",
      "transcription": "[ət]",
      "nameA": null,
      "image": "/fake_path/at.png",
      "bg": null,
      "nameAnswer": null,
      "translates": [
        {
          "lang": "ru-Ru",
          "name": "на (место)",
          "nameA": null
        }
      ]
    },
    {
      "id": 5,
      "name": "back",
      "transcription": "[bæk]",
      "nameA": null,
      "image": "/fake_path/back.png",
      "bg": null,
      "nameAnswer": null,
      "translates": [
        {
          "lang": "ru-Ru",
          "name": "назад",
          "nameA": null
        }
      ]
    },
    {
      "id": 4,
      "name": "be",
      "transcription": "[bi]",
      "nameA": null,
      "image": "/fake_path/be.png",
      "bg": null,
      "nameAnswer": null,
      "translates": [
        {
          "lang": "ru-Ru",
          "name": "быть",
          "nameA": null
        }
      ]
    },
    {
      "id": 62,
      "name": "because",
      "transcription": "[bɪˈkɔːz]",
      "nameA": null,
      "image": "/fake_path/because.png",
      "bg": null,
      "nameAnswer": null,
      "translates": [
        {
          "lang": "ru-Ru",
          "name": "потому что",
          "nameA": null
        }
      ]
    },
    {
      "id": 67,
      "name": "boy",
      "transcription": "[bɔɪ]",
      "nameA": null,
      "image": "/fake_path/boy.png",
      "bg": null,
      "nameAnswer": null,
      "translates": [
        {
          "lang": "ru-Ru",
          "name": "мальчик",
          "nameA": null
        }
      ]
    },
    {
      "id": 51,
      "name": "but",
      "transcription": "[ˈbʌt]",
      "nameA": null,
      "image": "/fake_path/but.png",
      "bg": null,
      "nameAnswer": null,
      "translates": [
        {
          "lang": "ru-Ru",
          "name": "но",
          "nameA": null
        }
      ]
    },
    {
      "id": 91,
      "name": "by",
      "transcription": "[baɪ]",
      "nameA": null,
      "image": "/fake_path/by.png",
      "bg": null,
      "nameAnswer": null,
      "translates": [
        {
          "lang": "ru-Ru",
          "name": "по",
          "nameA": null
        }
      ]
    },
    {
      "id": 28,
      "name": "can",
      "transcription": "[kæn]",
      "nameA": null,
      "image": "/fake_path/can.png",
      "bg": null,
      "nameAnswer": null,
      "translates": [
        {
          "lang": "ru-Ru",
          "name": "мочь",
          "nameA": null
        }
      ]
    },
    {
      "id": 83,
      "name": "come",
      "transcription": "[kʌm]",
      "nameA": null,
      "image": "/fake_path/come.png",
      "bg": null,
      "nameAnswer": null,
      "translates": [
        {
          "lang": "ru-Ru",
          "name": "приходить",
          "nameA": null
        }
      ]
    },
    {
      "id": 35,
      "name": "could",
      "transcription": "[kʊd]",
      "nameA": null,
      "image": "/fake_path/could.png",
      "bg": null,
      "nameAnswer": null,
      "translates": [
        {
          "lang": "ru-Ru",
          "name": "мочь",
          "nameA": null
        }
      ]
    },
    {
      "id": 72,
      "name": "day",
      "transcription": "[deɪ]",
      "nameA": null,
      "image": "/fake_path/day.png",
      "bg": null,
      "nameAnswer": null,
      "translates": [
        {
          "lang": "ru-Ru",
          "name": "день",
          "nameA": null
        }
      ]
    },
    {
      "id": 58,
      "name": "do",
      "transcription": "[duː]",
      "nameA": null,
      "image": "/fake_path/do.png",
      "bg": null,
      "nameAnswer": null,
      "translates": [
        {
          "lang": "ru-Ru",
          "name": "делать",
          "nameA": null
        }
      ]
    },
    {
      "id": 13,
      "name": "even",
      "transcription": "[ˈiːvn]",
      "nameA": null,
      "image": "/fake_path/even.png",
      "bg": null,
      "nameAnswer": null,
      "translates": [
        {
          "lang": "ru-Ru",
          "name": "даже",
          "nameA": null
        }
      ]
    },
    {
      "id": 79,
      "name": "first",
      "transcription": "[fɜːrst]",
      "nameA": null,
      "image": "/fake_path/first.png",
      "bg": null,
      "nameAnswer": null,
      "translates": [
        {
          "lang": "ru-Ru",
          "name": "первый",
          "nameA": null
        }
      ]
    },
    {
      "id": 70,
      "name": "for",
      "transcription": "[fər]",
      "nameA": null,
      "image": "/fake_path/for.png",
      "bg": null,
      "nameAnswer": null,
      "translates": [
        {
          "lang": "ru-Ru",
          "name": "для",
          "nameA": null
        }
      ]
    },
    {
      "id": 52,
      "name": "friend",
      "transcription": "[frend]",
      "nameA": null,
      "image": "/fake_path/friend.png",
      "bg": null,
      "nameAnswer": null,
      "translates": [
        {
          "lang": "ru-Ru",
          "name": "друг",
          "nameA": null
        }
      ]
    },
    {
      "id": 16,
      "name": "from",
      "transcription": "[frʌm]",
      "nameA": null,
      "image": "/fake_path/from.png",
      "bg": null,
      "nameAnswer": null,
      "translates": [
        {
          "lang": "ru-Ru",
          "name": "от",
          "nameA": null
        }
      ]
    },
    {
      "id": 84,
      "name": "get",
      "transcription": "[ɡet]",
      "nameA": null,
      "image": "/fake_path/get.png",
      "bg": null,
      "nameAnswer": null,
      "translates": [
        {
          "lang": "ru-Ru",
          "name": "получить",
          "nameA": null
        }
      ]
    },
    {
      "id": 76,
      "name": "girl",
      "transcription": "[ɡɜːrl]",
      "nameA": null,
      "image": "/fake_path/girl.png",
      "bg": null,
      "nameAnswer": null,
      "translates": [
        {
          "lang": "ru-Ru",
          "name": "девочка",
          "nameA": null
        }
      ]
    },
    {
      "id": 15,
      "name": "give",
      "transcription": "[ɡɪv]",
      "nameA": null,
      "image": "/fake_path/give.png",
      "bg": null,
      "nameAnswer": null,
      "translates": [
        {
          "lang": "ru-Ru",
          "name": "дать",
          "nameA": null
        }
      ]
    },
    {
      "id": 1,
      "name": "go",
      "transcription": "[ɡəʊ]",
      "nameA": null,
      "image": "/fake_path/go.png",
      "bg": null,
      "nameAnswer": null,
      "translates": [
        {
          "lang": "ru-Ru",
          "name": "идти",
          "nameA": null
        }
      ]
    },
    {
      "id": 68,
      "name": "good",
      "transcription": "[ɡʊd]",
      "nameA": null,
      "image": "/fake_path/good.png",
      "bg": null,
      "nameAnswer": null,
      "translates": [
        {
          "lang": "ru-Ru",
          "name": "хороший",
          "nameA": null
        }
      ]
    },
    {
      "id": 75,
      "name": "have",
      "transcription": "[həv]",
      "nameA": null,
      "image": "/fake_path/have.png",
      "bg": null,
      "nameAnswer": null,
      "translates": [
        {
          "lang": "ru-Ru",
          "name": "иметь",
          "nameA": null
        }
      ]
    },
    {
      "id": 66,
      "name": "he",
      "transcription": "[hi]",
      "nameA": null,
      "image": "/fake_path/he.png",
      "bg": null,
      "nameAnswer": null,
      "translates": [
        {
          "lang": "ru-Ru",
          "name": "он",
          "nameA": null
        }
      ]
    },
    {
      "id": 6,
      "name": "her",
      "transcription": "[hɜːr]",
      "nameA": null,
      "image": "/fake_path/her.png",
      "bg": null,
      "nameAnswer": null,
      "translates": [
        {
          "lang": "ru-Ru",
          "name": "ее",
          "nameA": null
        }
      ]
    },
    {
      "id": 69,
      "name": "him",
      "transcription": "[hɪm]",
      "nameA": null,
      "image": "/fake_path/him.png",
      "bg": null,
      "nameAnswer": null,
      "translates": [
        {
          "lang": "ru-Ru",
          "name": "его",
          "nameA": null
        }
      ]
    },
    {
      "id": 36,
      "name": "his",
      "transcription": "[hɪz]",
      "nameA": null,
      "image": "/fake_path/",
      "bg": null,
      "nameAnswer": null,
      "translates": [
        {
          "lang": "ru-Ru",
          "name": "его",
          "nameA": null
        }
      ]
    },
    {
      "id": 55,
      "name": "how",
      "transcription": "[haʊ]",
      "nameA": null,
      "image": "/fake_path/how.png",
      "bg": null,
      "nameAnswer": null,
      "translates": [
        {
          "lang": "ru-Ru",
          "name": "как",
          "nameA": null
        }
      ]
    },
    {
      "id": 89,
      "name": "if",
      "transcription": "[ɪf]",
      "nameA": null,
      "image": "/fake_path/if.png",
      "bg": null,
      "nameAnswer": null,
      "translates": [
        {
          "lang": "ru-Ru",
          "name": "если",
          "nameA": null
        }
      ]
    },
    {
      "id": 87,
      "name": "in",
      "transcription": "[ɪn]",
      "nameA": null,
      "image": "/fake_path/in.png",
      "bg": null,
      "nameAnswer": null,
      "translates": [
        {
          "lang": "ru-Ru",
          "name": "в",
          "nameA": null
        }
      ]
    },
    {
      "id": 90,
      "name": "into",
      "transcription": "[ˈɪntuː]",
      "nameA": null,
      "image": "/fake_path/into.png",
      "bg": null,
      "nameAnswer": null,
      "translates": [
        {
          "lang": "ru-Ru",
          "name": "в",
          "nameA": null
        }
      ]
    },
    {
      "id": 48,
      "name": "it",
      "transcription": "[ɪt]",
      "nameA": null,
      "image": "/fake_path/it.png",
      "bg": null,
      "nameAnswer": null,
      "translates": [
        {
          "lang": "ru-Ru",
          "name": "это",
          "nameA": null
        }
      ]
    },
    {
      "id": 20,
      "name": "its",
      "transcription": "[ɪts]",
      "nameA": null,
      "image": "/fake_path/its.png",
      "bg": null,
      "nameAnswer": null,
      "translates": [
        {
          "lang": "ru-Ru",
          "name": "его",
          "nameA": null
        }
      ]
    },
    {
      "id": 53,
      "name": "just",
      "transcription": "[dʒʌst]",
      "nameA": null,
      "image": "/fake_path/just.png",
      "bg": null,
      "nameAnswer": null,
      "translates": [
        {
          "lang": "ru-Ru",
          "name": "просто",
          "nameA": null
        }
      ]
    },
    {
      "id": 50,
      "name": "know",
      "transcription": "[nəʊ]",
      "nameA": null,
      "image": "/fake_path/know.png",
      "bg": null,
      "nameAnswer": null,
      "translates": [
        {
          "lang": "ru-Ru",
          "name": "знать",
          "nameA": null
        }
      ]
    },
    {
      "id": 81,
      "name": "like",
      "transcription": "[laɪk]",
      "nameA": null,
      "image": "/fake_path/like.png",
      "bg": null,
      "nameAnswer": null,
      "translates": [
        {
          "lang": "ru-Ru",
          "name": "любить",
          "nameA": null
        }
      ]
    },
    {
      "id": 24,
      "name": "look",
      "transcription": "[lʊk]",
      "nameA": null,
      "image": "/fake_path/look.png",
      "bg": null,
      "nameAnswer": null,
      "translates": [
        {
          "lang": "ru-Ru",
          "name": "смотреть",
          "nameA": null
        }
      ]
    },
    {
      "id": 37,
      "name": "make",
      "transcription": "[meɪk]",
      "nameA": null,
      "image": "/fake_path/make.png",
      "bg": null,
      "nameAnswer": null,
      "translates": [
        {
          "lang": "ru-Ru",
          "name": "делать",
          "nameA": null
        }
      ]
    },
    {
      "id": 39,
      "name": "me",
      "transcription": "[miː]",
      "nameA": null,
      "image": "/fake_path/me.png",
      "bg": null,
      "nameAnswer": null,
      "translates": [
        {
          "lang": "ru-Ru",
          "name": "мне",
          "nameA": null
        }
      ]
    },
    {
      "id": 0,
      "name": "month",
      "transcription": "[mʌnθ]",
      "nameA": null,
      "image": "/fake_path/month.png",
      "bg": null,
      "nameAnswer": null,
      "translates": [
        {
          "lang": "ru-Ru",
          "name": "месяц",
          "nameA": null
        }
      ]
    },
    {
      "id": 92,
      "name": "most",
      "transcription": "[məʊst]",
      "nameA": null,
      "image": "/fake_path/most.png",
      "bg": null,
      "nameAnswer": null,
      "translates": [
        {
          "lang": "ru-Ru",
          "name": "наибольший",
          "nameA": null
        }
      ]
    },
    {
      "id": 71,
      "name": "my",
      "transcription": "[maɪ]",
      "nameA": null,
      "image": "/fake_path/my.png",
      "bg": null,
      "nameAnswer": null,
      "translates": [
        {
          "lang": "ru-Ru",
          "name": "мой",
          "nameA": null
        }
      ]
    },
    {
      "id": 21,
      "name": "new",
      "transcription": "[nuː]",
      "nameA": null,
      "image": "/fake_path/new.png",
      "bg": null,
      "nameAnswer": null,
      "translates": [
        {
          "lang": "ru-Ru",
          "name": "новый",
          "nameA": null
        }
      ]
    },
    {
      "id": 56,
      "name": "no",
      "transcription": "[nəʊ]",
      "nameA": null,
      "image": "/fake_path/no.png",
      "bg": null,
      "nameAnswer": null,
      "translates": [
        {
          "lang": "ru-Ru",
          "name": "нет",
          "nameA": null
        }
      ]
    },
    {
      "id": 95,
      "name": "not",
      "transcription": "[nɑːt]",
      "nameA": null,
      "image": "/fake_path/not.png",
      "bg": null,
      "nameAnswer": null,
      "translates": [
        {
          "lang": "ru-Ru",
          "name": "не",
          "nameA": null
        }
      ]
    },
    {
      "id": 45,
      "name": "now",
      "transcription": "[naʊ]",
      "nameA": null,
      "image": "/fake_path/now.png",
      "bg": null,
      "nameAnswer": null,
      "translates": [
        {
          "lang": "ru-Ru",
          "name": "сейчас",
          "nameA": null
        }
      ]
    },
    {
      "id": 60,
      "name": "number",
      "transcription": "[ˈnʌmbər]",
      "nameA": null,
      "image": "/fake_path/number.png",
      "bg": null,
      "nameAnswer": null,
      "translates": [
        {
          "lang": "ru-Ru",
          "name": "число",
          "nameA": null
        }
      ]
    },
    {
      "id": 8,
      "name": "on",
      "transcription": "[ɑːn]",
      "nameA": null,
      "image": "/fake_path/on.png",
      "bg": null,
      "nameAnswer": null,
      "translates": [
        {
          "lang": "ru-Ru",
          "name": "на",
          "nameA": null
        }
      ]
    },
    {
      "id": 85,
      "name": "one",
      "transcription": "[wʌn]",
      "nameA": null,
      "image": "/fake_path/one.png",
      "bg": null,
      "nameAnswer": null,
      "translates": [
        {
          "lang": "ru-Ru",
          "name": "один",
          "nameA": null
        }
      ]
    },
    {
      "id": 73,
      "name": "only",
      "transcription": "[ˈəʊnlɪ]",
      "nameA": null,
      "image": "/fake_path/only.png",
      "bg": null,
      "nameAnswer": null,
      "translates": [
        {
          "lang": "ru-Ru",
          "name": "только",
          "nameA": null
        }
      ]
    },
    {
      "id": 63,
      "name": "or",
      "transcription": "[ɔːr]",
      "nameA": null,
      "image": "/fake_path/or.png",
      "bg": null,
      "nameAnswer": null,
      "translates": [
        {
          "lang": "ru-Ru",
          "name": "или",
          "nameA": null
        }
      ]
    },
    {
      "id": 88,
      "name": "other",
      "transcription": "[ˈʌðər]",
      "nameA": null,
      "image": "/fake_path/other.png",
      "bg": null,
      "nameAnswer": null,
      "translates": [
        {
          "lang": "ru-Ru",
          "name": "другие",
          "nameA": null
        }
      ]
    },
    {
      "id": 61,
      "name": "our",
      "transcription": "[ˈaʊər]",
      "nameA": null,
      "image": "/fake_path/our.png",
      "bg": null,
      "nameAnswer": null,
      "translates": [
        {
          "lang": "ru-Ru",
          "name": "наш",
          "nameA": null
        }
      ]
    },
    {
      "id": 3,
      "name": "out",
      "transcription": "[aʊt]",
      "nameA": null,
      "image": "/fake_path/out.png",
      "bg": null,
      "nameAnswer": null,
      "translates": [
        {
          "lang": "ru-Ru",
          "name": "из",
          "nameA": null
        }
      ]
    },
    {
      "id": 64,
      "name": "over",
      "transcription": "[ˈəʊvər]",
      "nameA": null,
      "image": "/fake_path/over.png",
      "bg": null,
      "nameAnswer": null,
      "translates": [
        {
          "lang": "ru-Ru",
          "name": "над",
          "nameA": null
        }
      ]
    },
    {
      "id": 74,
      "name": "person",
      "transcription": "[ˈpɜːrsn]",
      "nameA": null,
      "image": "/fake_path/person.png",
      "bg": null,
      "nameAnswer": null,
      "translates": [
        {
          "lang": "ru-Ru",
          "name": "человек",
          "nameA": null
        }
      ]
    },
    {
      "id": 33,
      "name": "say",
      "transcription": "[seɪ]",
      "nameA": null,
      "image": "/fake_path/say.png",
      "bg": null,
      "nameAnswer": null,
      "translates": [
        {
          "lang": "ru-Ru",
          "name": "сказать",
          "nameA": null
        }
      ]
    },
    {
      "id": 41,
      "name": "see",
      "transcription": "[siː]",
      "nameA": null,
      "image": "/fake_path/see.png",
      "bg": null,
      "nameAnswer": null,
      "translates": [
        {
          "lang": "ru-Ru",
          "name": "видеть",
          "nameA": null
        }
      ]
    },
    {
      "id": 86,
      "name": "she",
      "transcription": "[ʃiː]",
      "nameA": null,
      "image": "/fake_path/she.png",
      "bg": null,
      "nameAnswer": null,
      "translates": [
        {
          "lang": "ru-Ru",
          "name": "она",
          "nameA": null
        }
      ]
    },
    {
      "id": 31,
      "name": "so",
      "transcription": "[səʊ]",
      "nameA": null,
      "image": "/fake_path/so.png",
      "bg": null,
      "nameAnswer": null,
      "translates": [
        {
          "lang": "ru-Ru",
          "name": "так",
          "nameA": null
        }
      ]
    },
    {
      "id": 96,
      "name": "some",
      "transcription": "[sʌm]",
      "nameA": null,
      "image": "/fake_path/some.png",
      "bg": null,
      "nameAnswer": null,
      "translates": [
        {
          "lang": "ru-Ru",
          "name": "некоторые",
          "nameA": null
        }
      ]
    },
    {
      "id": 2,
      "name": "take",
      "transcription": "[teɪk]",
      "nameA": null,
      "image": "/fake_path/take.png",
      "bg": null,
      "nameAnswer": null,
      "translates": [
        {
          "lang": "ru-Ru",
          "name": "брать",
          "nameA": null
        }
      ]
    },
    {
      "id": 97,
      "name": "than",
      "transcription": "[ðæn]",
      "nameA": null,
      "image": "/fake_path/than.png",
      "bg": null,
      "nameAnswer": null,
      "translates": [
        {
          "lang": "ru-Ru",
          "name": "чем",
          "nameA": null
        }
      ]
    },
    {
      "id": 94,
      "name": "that",
      "transcription": "[ðæt]",
      "nameA": null,
      "image": "/fake_path/that.png",
      "bg": null,
      "nameAnswer": null,
      "translates": [
        {
          "lang": "ru-Ru",
          "name": "что",
          "nameA": null
        }
      ]
    },
    {
      "id": 19,
      "name": "their",
      "transcription": "[ðer]",
      "nameA": null,
      "image": "/fake_path/their.png",
      "bg": null,
      "nameAnswer": null,
      "translates": [
        {
          "lang": "ru-Ru",
          "name": "их",
          "nameA": null
        }
      ]
    },
    {
      "id": 27,
      "name": "them",
      "transcription": "[ðem]",
      "nameA": null,
      "image": "/fake_path/them.png",
      "bg": null,
      "nameAnswer": null,
      "translates": [
        {
          "lang": "ru-Ru",
          "name": "их",
          "nameA": null
        }
      ]
    },
    {
      "id": 57,
      "name": "then",
      "transcription": "[ðen]",
      "nameA": null,
      "image": "/fake_path/then.png",
      "bg": null,
      "nameAnswer": null,
      "translates": [
        {
          "lang": "ru-Ru",
          "name": "затем",
          "nameA": null
        }
      ]
    },
    {
      "id": 7,
      "name": "there",
      "transcription": "[there]",
      "nameA": null,
      "image": "/fake_path/there.png",
      "bg": null,
      "nameAnswer": null,
      "translates": [
        {
          "lang": "ru-Ru",
          "name": "там",
          "nameA": null
        }
      ]
    },
    {
      "id": 47,
      "name": "these",
      "transcription": "[ðiːz]",
      "nameA": null,
      "image": "/fake_path/these.png",
      "bg": null,
      "nameAnswer": null,
      "translates": [
        {
          "lang": "ru-Ru",
          "name": "эти",
          "nameA": null
        }
      ]
    },
    {
      "id": 30,
      "name": "they",
      "transcription": "[ðeɪ]",
      "nameA": null,
      "image": "/fake_path/they.png",
      "bg": null,
      "nameAnswer": null,
      "translates": [
        {
          "lang": "ru-Ru",
          "name": "они",
          "nameA": null
        }
      ]
    },
    {
      "id": 23,
      "name": "think",
      "transcription": "[θɪŋk]",
      "nameA": null,
      "image": "/fake_path/think.png",
      "bg": null,
      "nameAnswer": null,
      "translates": [
        {
          "lang": "ru-Ru",
          "name": "думать",
          "nameA": null
        }
      ]
    },
    {
      "id": 98,
      "name": "this",
      "transcription": "[ðɪs]",
      "nameA": null,
      "image": "/fake_path/this.png",
      "bg": null,
      "nameAnswer": null,
      "translates": [
        {
          "lang": "ru-Ru",
          "name": "этот",
          "nameA": null
        }
      ]
    },
    {
      "id": 82,
      "name": "time",
      "transcription": "[taɪm]",
      "nameA": null,
      "image": "/fake_path/time.png",
      "bg": null,
      "nameAnswer": null,
      "translates": [
        {
          "lang": "ru-Ru",
          "name": "время",
          "nameA": null
        }
      ]
    },
    {
      "id": 46,
      "name": "to",
      "transcription": "[tə]",
      "nameA": null,
      "image": "/fake_path/to.png",
      "bg": null,
      "nameAnswer": null,
      "translates": [
        {
          "lang": "ru-Ru",
          "name": "к",
          "nameA": null
        }
      ]
    },
    {
      "id": 17,
      "name": "two",
      "transcription": "[tuː]",
      "nameA": null,
      "image": "/fake_path/two.png",
      "bg": null,
      "nameAnswer": null,
      "translates": [
        {
          "lang": "ru-Ru",
          "name": "два",
          "nameA": null
        }
      ]
    },
    {
      "id": 38,
      "name": "up",
      "transcription": "[ʌp]",
      "nameA": null,
      "image": "/fake_path/up.png",
      "bg": null,
      "nameAnswer": null,
      "translates": [
        {
          "lang": "ru-Ru",
          "name": "вверх",
          "nameA": null
        }
      ]
    },
    {
      "id": 43,
      "name": "us",
      "transcription": "[ʌs]",
      "nameA": null,
      "image": "/fake_path/us.png",
      "bg": null,
      "nameAnswer": null,
      "translates": [
        {
          "lang": "ru-Ru",
          "name": "нас",
          "nameA": null
        }
      ]
    },
    {
      "id": 9,
      "name": "use",
      "transcription": "[juːs]",
      "nameA": null,
      "image": "/fake_path/use.png",
      "bg": null,
      "nameAnswer": null,
      "translates": [
        {
          "lang": "ru-Ru",
          "name": "использовать",
          "nameA": null
        }
      ]
    },
    {
      "id": 22,
      "name": "want",
      "transcription": "[wɑːnt]",
      "nameA": null,
      "image": "/fake_path/want.png",
      "bg": null,
      "nameAnswer": null,
      "translates": [
        {
          "lang": "ru-Ru",
          "name": "хотеть",
          "nameA": null
        }
      ]
    },
    {
      "id": 49,
      "name": "way",
      "transcription": "[weɪ]",
      "nameA": null,
      "image": "/fake_path/way.png",
      "bg": null,
      "nameAnswer": null,
      "translates": [
        {
          "lang": "ru-Ru",
          "name": "путь",
          "nameA": null
        }
      ]
    },
    {
      "id": 59,
      "name": "we",
      "transcription": "[wiː]",
      "nameA": null,
      "image": "/fake_path/we.png",
      "bg": null,
      "nameAnswer": null,
      "translates": [
        {
          "lang": "ru-Ru",
          "name": "мы",
          "nameA": null
        }
      ]
    },
    {
      "id": 26,
      "name": "well",
      "transcription": "[wel]",
      "nameA": null,
      "image": "/fake_path/well.png",
      "bg": null,
      "nameAnswer": null,
      "translates": [
        {
          "lang": "ru-Ru",
          "name": "хорошо",
          "nameA": null
        }
      ]
    },
    {
      "id": 14,
      "name": "what",
      "transcription": "[wʌt]",
      "nameA": null,
      "image": "/fake_path/what.png",
      "bg": null,
      "nameAnswer": null,
      "translates": [
        {
          "lang": "ru-Ru",
          "name": "что",
          "nameA": null
        }
      ]
    },
    {
      "id": 18,
      "name": "when",
      "transcription": "[wen]",
      "nameA": null,
      "image": "/fake_path/when.png",
      "bg": null,
      "nameAnswer": null,
      "translates": [
        {
          "lang": "ru-Ru",
          "name": "когда",
          "nameA": null
        }
      ]
    },
    {
      "id": 77,
      "name": "which",
      "transcription": "[wɪtʃ]",
      "nameA": null,
      "image": "/fake_path/which.png",
      "bg": null,
      "nameAnswer": null,
      "translates": [
        {
          "lang": "ru-Ru",
          "name": "который",
          "nameA": null
        }
      ]
    },
    {
      "id": 54,
      "name": "who",
      "transcription": "[huː]",
      "nameA": null,
      "image": "/fake_path/who.png",
      "bg": null,
      "nameAnswer": null,
      "translates": [
        {
          "lang": "ru-Ru",
          "name": "кто",
          "nameA": null
        }
      ]
    },
    {
      "id": 32,
      "name": "will",
      "transcription": "[wɪl]",
      "nameA": null,
      "image": "/fake_path/will.png",
      "bg": null,
      "nameAnswer": null,
      "translates": [
        {
          "lang": "ru-Ru",
          "name": "будет",
          "nameA": null
        }
      ]
    },
    {
      "id": 44,
      "name": "with",
      "transcription": "[wɪð]",
      "nameA": null,
      "image": "/fake_path/with.png",
      "bg": null,
      "nameAnswer": null,
      "translates": [
        {
          "lang": "ru-Ru",
          "name": "с",
          "nameA": null
        }
      ]
    },
    {
      "id": 12,
      "name": "work",
      "transcription": "[wɜːrk]",
      "nameA": null,
      "image": "/fake_path/work.png",
      "bg": null,
      "nameAnswer": null,
      "translates": [
        {
          "lang": "ru-Ru",
          "name": "работа",
          "nameA": null
        }
      ]
    },
    {
      "id": 80,
      "name": "would",
      "transcription": "[wʊd]",
      "nameA": null,
      "image": "/fake_path/would.png",
      "bg": null,
      "nameAnswer": null,
      "translates": [
        {
          "lang": "ru-Ru",
          "name": "бы",
          "nameA": null
        }
      ]
    },
    {
      "id": 42,
      "name": "year",
      "transcription": "[jɪr]",
      "nameA": null,
      "image": "/fake_path/year.png",
      "bg": null,
      "nameAnswer": null,
      "translates": [
        {
          "lang": "ru-Ru",
          "name": "год",
          "nameA": null
        }
      ]
    },
    {
      "id": 65,
      "name": "you",
      "transcription": "[juː]",
      "nameA": null,
      "image": "/fake_path/you.png",
      "bg": null,
      "nameAnswer": null,
      "translates": [
        {
          "lang": "ru-Ru",
          "name": "вы",
          "nameA": null
        }
      ]
    },
    {
      "id": 29,
      "name": "your",
      "transcription": "[jʊr]",
      "nameA": null,
      "image": "/fake_path/your.png",
      "bg": null,
      "nameAnswer": null,
      "translates": [
        {
          "lang": "ru-Ru",
          "name": "твой",
          "nameA": null
        }
      ]
    }
  ]
}