{"name":"Toys","isRandom":true,"isBlur":true,"isUpper":true,"isByWords":false,"isForAdult":false,"separator":"","numWords":14,"Translations":[{"lang":"ru-RU","name":"Игрушки"},{"lang":"vi-VN","name":"Đồ chơi"},{"lang":"zh-CN","name":"玩具"},{"lang":"hi-IN","name":"खिलौने"},{"lang":"th-TH","name":"ของเล่น"},{"lang":"tr-TR","name":"Oyuncaklar"},{"lang":"pt-BR","name":"Brinquedos"},{"lang":"de-DE","name":"Spielzeug"},{"lang":"id-ID","name":"Mainan"},{"lang":"fr-FR","name":"Jouets"}],"items":[{"id":0,"name":"Doll","image":"/img/dict/toys/doll.png","bg":"white","translates":[{"lang":"ru-RU","name":"кукла"},{"lang":"vi-VN","name":"Búp bê"},{"lang":"zh-CN","name":"娃娃"},{"lang":"hi-IN","name":"गुड़िया"},{"lang":"th-TH","name":"ตุ๊กตา"},{"lang":"tr-TR","name":"Oyuncak bebek"},{"lang":"pt-BR","name":"Boneca"},{"lang":"de-DE","name":"Puppe"},{"lang":"id-ID","name":"Boneka"},{"lang":"fr-FR","name":"Poupée"}]},{"id":1,"name":"Ball","image":"/img/dict/toys/ball.png","bg":"white","translates":[{"lang":"ru-RU","name":"Мяч"},{"lang":"vi-VN","name":"Quả bóng"},{"lang":"zh-CN","name":"球"},{"lang":"hi-IN","name":"गेंद"},{"lang":"th-TH","name":"ลูกบอล"},{"lang":"tr-TR","name":"Top"},{"lang":"pt-BR","name":"Bola"},{"lang":"de-DE","name":"Ball"},{"lang":"id-ID","name":"Bola"},{"lang":"fr-FR","name":"Balle"}]},{"id":0,"name":"Jumprope","image":"/img/dict/toys/jumprope.png","bg":"white","translates":[{"lang":"ru-RU","name":"Скакалка"},{"lang":"vi-VN","name":"Dây nhảy"},{"lang":"zh-CN","name":"跳绳"},{"lang":"hi-IN","name":"रस्सी कूदना"},{"lang":"th-TH","name":"เชือกกระโดด"},{"lang":"tr-TR","name":"Atlama ipi"},{"lang":"pt-BR","name":"Corda de pular"},{"lang":"de-DE","name":"Springseil"},{"lang":"id-ID","name":"Tali lompat"},{"lang":"fr-FR","name":"Corde à sauter"}]},{"id":0,"name":"Plane","image":"/img/dict/toys/plane.png","bg":"white","translates":[{"lang":"ru-RU","name":"Самолёт"},{"lang":"vi-VN","name":"Máy bay đồ chơi"},{"lang":"zh-CN","name":"玩具飞机"},{"lang":"hi-IN","name":"खिलौना विमान"},{"lang":"th-TH","name":"เครื่องบินของเล่น"},{"lang":"tr-TR","name":"Oyuncak uçak"},{"lang":"pt-BR","name":"Avião de brinquedo"},{"lang":"de-DE","name":"Spielzeugflugzeug"},{"lang":"id-ID","name":"Pesawat mainan"},{"lang":"fr-FR","name":"Avion jouet"}]},{"id":0,"name":"Teddy bear","image":"/img/dict/toys/teddybear.png","bg":"white","translates":[{"lang":"ru-RU","name":"Плюшевый мишка"},{"lang":"vi-VN","name":"Gấu bông"},{"lang":"zh-CN","name":"泰迪熊"},{"lang":"hi-IN","name":"टेडी बियर"},{"lang":"th-TH","name":"ตุ๊กตาหมี"},{"lang":"tr-TR","name":"Oyuncak ayı"},{"lang":"pt-BR","name":"Ursinho de pelúcia"},{"lang":"de-DE","name":"Teddybär"},{"lang":"id-ID","name":"Boneka beruang"},{"lang":"fr-FR","name":"Ours en peluche"}]},{"id":0,"name":"Blocks","image":"/img/dict/toys/blocks.png","bg":"white","translates":[{"lang":"ru-RU","name":"Кубики"},{"lang":"vi-VN","name":"Khối xếp hình"},{"lang":"zh-CN","name":"积木"},{"lang":"hi-IN","name":"ब्लॉक"},{"lang":"th-TH","name":"บล็อก"},{"lang":"tr-TR","name":"Bloklar"},{"lang":"pt-BR","name":"Blocos"},{"lang":"de-DE","name":"Bausteine"},{"lang":"id-ID","name":"Balok"},{"lang":"fr-FR","name":"Blocs"}]},{"id":0,"name":"Dinosaur","image":"/img/dict/toys/dinosaur.png","bg":"white","translates":[{"lang":"ru-RU","name":"Динозавр"},{"lang":"vi-VN","name":"Khủng long đồ chơi"},{"lang":"zh-CN","name":"恐龙玩具"},{"lang":"hi-IN","name":"डायनासोर खिलौना"},{"lang":"th-TH","name":"ของเล่นไดโนเสาร์"},{"lang":"tr-TR","name":"Oyuncak dinozor"},{"lang":"pt-BR","name":"Dinossauro de brinquedo"},{"lang":"de-DE","name":"Spielzeugdinosaurier"},{"lang":"id-ID","name":"Dinosaurus mainan"},{"lang":"fr-FR","name":"Jouet dinosaure"}]},{"id":0,"name":"Train","image":"/img/dict/toys/train.png","bg":"white","translates":[{"lang":"ru-RU","name":"Поезд"},{"lang":"vi-VN","name":"Tàu hỏa đồ chơi"},{"lang":"zh-CN","name":"玩具火车"},{"lang":"hi-IN","name":"खिलौना ट्रेन"},{"lang":"th-TH","name":"รถไฟของเล่น"},{"lang":"tr-TR","name":"Oyuncak tren"},{"lang":"pt-BR","name":"Trem de brinquedo"},{"lang":"de-DE","name":"Spielzeugzug"},{"lang":"id-ID","name":"Kereta api mainan"},{"lang":"fr-FR","name":"Train jouet"}]},{"id":0,"name":"Robot","image":"/img/dict/toys/robot.png","bg":"white","translates":[{"lang":"ru-RU","name":"Робот"},{"lang":"vi-VN","name":"Người máy đồ chơi"},{"lang":"zh-CN","name":"玩具机器人"},{"lang":"hi-IN","name":"रोबोट खिलौना"},{"lang":"th-TH","name":"หุ่นยนต์ของเล่น"},{"lang":"tr-TR","name":"Oyuncak robot"},{"lang":"pt-BR","name":"Robô de brinquedo"},{"lang":"de-DE","name":"Spielzeugroboter"},{"lang":"id-ID","name":"Robot mainan"},{"lang":"fr-FR","name":"Jouet robot"}]},{"id":0,"name":"Car","image":"/img/dict/toys/car.png","bg":"white","translates":[{"lang":"ru-RU","name":"Машинка"},{"lang":"vi-VN","name":"Xe ô tô đồ chơi"},{"lang":"zh-CN","name":"玩具车"},{"lang":"hi-IN","name":"खिलौना कार"},{"lang":"th-TH","name":"รถของเล่น"},{"lang":"tr-TR","name":"Oyuncak araba"},{"lang":"pt-BR","name":"Carro de brinquedo"},{"lang":"de-DE","name":"Spielzeugauto"},{"lang":"id-ID","name":"Mobil mainan"},{"lang":"fr-FR","name":"Voiture jouet"}]},{"id":0,"name":"Kite","image":"/img/dict/toys/kite.png","bg":"white","translates":[{"lang":"ru-RU","name":"Воздушный змей"},{"lang":"vi-VN","name":"Diều"},{"lang":"zh-CN","name":"风筝"},{"lang":"hi-IN","name":"पतंग"},{"lang":"th-TH","name":"ว่าว"},{"lang":"tr-TR","name":"Uçurtma"},{"lang":"pt-BR","name":"Pipa"},{"lang":"de-DE","name":"Drachen"},{"lang":"id-ID","name":"Layang-layang"},{"lang":"fr-FR","name":"Cerf-volant"}]},{"id":0,"name":"Puzzle","image":"/img/dict/toys/puzzle.png","bg":"white","translates":[{"lang":"ru-RU","name":"Пазл"},{"lang":"vi-VN","name":"Ghép hình"},{"lang":"zh-CN","name":"拼图"},{"lang":"hi-IN","name":"पहेली"},{"lang":"th-TH","name":"จิ๊กซอว์"},{"lang":"tr-TR","name":"Yapboz"},{"lang":"pt-BR","name":"Quebra-cabeça"},{"lang":"de-DE","name":"Puzzle"},{"lang":"id-ID","name":"Puzzle"},{"lang":"fr-FR","name":"Puzzle"}]},{"id":0,"name":"drum","image":"/img/dict/toys/drum.png","bg":"white","translates":[{"lang":"ru-RU","name":"Барабан"},{"lang":"vi-VN","name":"Trống đồ chơi"},{"lang":"zh-CN","name":"玩具鼓"},{"lang":"hi-IN","name":"खिलौना ड्रम"},{"lang":"th-TH","name":"กลองของเล่น"},{"lang":"tr-TR","name":"Oyuncak davul"},{"lang":"pt-BR","name":"Tambor de brinquedo"},{"lang":"de-DE","name":"Spieltrommel"},{"lang":"id-ID","name":"Drum mainan"},{"lang":"fr-FR","name":"Tambour jouet"}]},{"id":0,"name":"Scooter","image":"/img/dict/toys/scooter.png","bg":"white","translates":[{"lang":"ru-RU","name":"Самокат"},{"lang":"vi-VN","name":"Xe trượt scooter"},{"lang":"zh-CN","name":"滑板车"},{"lang":"hi-IN","name":"स्कूटर"},{"lang":"th-TH","name":"สกู๊ตเตอร์"},{"lang":"tr-TR","name":"Scooter"},{"lang":"pt-BR","name":"Patinete"},{"lang":"de-DE","name":"Roller"},{"lang":"id-ID","name":"Skuter"},{"lang":"fr-FR","name":"Trottinette"}]}]}