{
  "name": "Toys",
  "nameA": null,
  "Translations": [
    {
      "lang": "ru-RU",
      "name": "Игрушки",
      "nameA": null
    }
  ],
  "items": [
    {
      "id": 0,
      "name": "Doll",
      "nameA": null,
      "image": "/img/dict/toys/doll.png",
      "bg": "white",
      "translates": [
        {
          "lang": "ru-RU",
          "name": "кукла",
          "nameA": null
        }
      ]
    },
    {
      "id": 1,
      "name": "Ball",
      "nameA": null,
      "image": "/img/dict/toys/ball.png",
      "bg": "white",
      "translates": [
        {
          "lang": "ru-RU",
          "name": "Мяч",
          "nameA": null
        }
      ]
    },
    {
      "id": 0,
      "name": "Jumprope",
      "nameA": null,
      "image": "/img/dict/toys/jumprope.png",
      "bg": "white",
      "translates": [
        {
          "lang": "ru-RU",
          "name": "Прыгалки",
          "nameA": null
        }
      ]
    },
    {
      "id": 0,
      "name": "Plane",
      "nameA": null,
      "image": "/img/dict/toys/plane.png",
      "bg": "white",
      "translates": [
        {
          "lang": "ru-RU",
          "name": "Самолет",
          "nameA": null
        }
      ]
    },
    {
      "id": 0,
      "name": "Teddy bear",
      "nameA": null,
      "image": "/img/dict/toys/teddybear.png",
      "bg": "white",
      "translates": [
        {
          "lang": "ru-RU",
          "name": "Медвежонок",
          "nameA": null
        }
      ]
    },
    {
      "id": 0,
      "name": "Blocks",
      "nameA": null,
      "image": "/img/dict/toys/blocks.png",
      "bg": "white",
      "translates": [
        {
          "lang": "ru-RU",
          "name": "Кубики",
          "nameA": null
        }
      ]
    },
    {
      "id": 0,
      "name": "Dinosaur",
      "nameA": null,
      "image": "/img/dict/toys/dinosaur.png",
      "bg": "white",
      "translates": [
        {
          "lang": "ru-RU",
          "name": "Динозавр",
          "nameA": null
        }
      ]
    },
    {
      "id": 0,
      "name": "Train",
      "nameA": null,
      "image": "/img/dict/toys/train.png",
      "bg": "white",
      "translates": [
        {
          "lang": "ru-RU",
          "name": "Поезд",
          "nameA": null
        }
      ]
    },
    {
      "id": 0,
      "name": "Robot",
      "nameA": null,
      "image": "/img/dict/toys/robot.png",
      "bg": "white",
      "translates": [
        {
          "lang": "ru-RU",
          "name": "Робот",
          "nameA": null
        }
      ]
    },
    {
      "id": 0,
      "name": "Car",
      "nameA": null,
      "image": "/img/dict/toys/car.png",
      "bg": "white",
      "translates": [
        {
          "lang": "ru-RU",
          "name": "Машина",
          "nameA": null
        }
      ]
    },
    {
      "id": 0,
      "name": "Kite",
      "nameA": null,
      "image": "/img/dict/toys/kite.png",
      "bg": "white",
      "translates": [
        {
          "lang": "ru-RU",
          "name": "Воздушный змей",
          "nameA": null
        }
      ]
    },
     
    {
      "id": 0,
      "name": "Puzzle",
      "nameA": null,
      "image": "/img/dict/toys/puzzle.png",
      "bg": "white",
      "translates": [
        {
          "lang": "ru-RU",
          "name": "Головоломка",
          "nameA": null
        }
      ]
    },
    {
      "id": 0,
      "name": "drum",
      "nameA": null,
      "image": "/img/dict/toys/drum.png",
      "bg": "white",
      "translates": [
        {
          "lang": "ru-RU",
          "name": "Барабан",
          "nameA": null
        }
      ]
    },
    {
      "id": 0,
      "name": "Scooter",
      "nameA": null,
      "image": "/img/dict/toys/scooter.png",
      "bg": "white",
      "translates": [
        {
          "lang": "ru-RU",
          "name": "Самокат",
          "nameA": null
        }
      ]
    }
  ]
}