{"name":"Hungry?","bg":"/img/story/bg/cafe.png","age":0,"translations":[{"lang":"ru-RU","name":"Голоден?"},{"lang":"vi-VN","name":"Đói chưa?"},{"lang":"zh-CN","name":"饿了吗？"},{"lang":"hi-IN","name":"भूख लगी है?"},{"lang":"th-TH","name":"หิวไหม?"},{"lang":"tr-TR","name":"Aç mısın?"},{"lang":"pt-BR","name":"Com fome?"},{"lang":"de-DE","name":"Hungrig?"},{"lang":"id-ID","name":"Lapar?"},{"lang":"fr-FR","name":"Tu as faim ?"}],"items":[{"name":"Welcome to the café!","actor":"Chef","dialogType":"Normal","translates":[{"lang":"ru-RU","name":"Добро пожаловать в кафе!"},{"lang":"vi-VN","name":"Chào mừng đến quán cà phê!"},{"lang":"zh-CN","name":"欢迎来到咖啡馆！"},{"lang":"hi-IN","name":"कैफ़े में आपका स्वागत है!"},{"lang":"th-TH","name":"ยินดีต้อนรับสู่คาเฟ่!"},{"lang":"tr-TR","name":"Kafeye hoş geldin!"},{"lang":"pt-BR","name":"Bem-vindo ao café!"},{"lang":"de-DE","name":"Willkommen im Café!"},{"lang":"id-ID","name":"Selamat datang di kafe!"},{"lang":"fr-FR","name":"Bienvenue au café !"}],"actions":[]},{"name":"Are you hungry, $pr_name?","actor":"Chef","dialogType":"Normal","translates":[{"lang":"ru-RU","name":"Ты голоден, $pr_name?"},{"lang":"vi-VN","name":"Bạn có đói không, $pr_name?"},{"lang":"zh-CN","name":"$pr_name，你饿了吗？"},{"lang":"hi-IN","name":"$pr_name, क्या तुम भूखे हो?"},{"lang":"th-TH","name":"$pr_name, คุณหิวไหม?"},{"lang":"tr-TR","name":"$pr_name, aç mısın?"},{"lang":"pt-BR","name":"$pr_name, você está com fome?"},{"lang":"de-DE","name":"Bist du hungrig, $pr_name?"},{"lang":"id-ID","name":"$pr_name, apakah kamu lapar?"},{"lang":"fr-FR","name":"$pr_name, tu as faim ?"}],"actions":[{"name":"Yes, i am hungry!","isCorrect":true,"score":1,"translates":[{"lang":"ru-RU","name":"Да, я голоден!"},{"lang":"vi-VN","name":"Vâng, tôi đói!"},{"lang":"zh-CN","name":"是的，我饿了！"},{"lang":"hi-IN","name":"हाँ, मुझे भूख लगी है!"},{"lang":"th-TH","name":"ใช่ ฉันหิว!"},{"lang":"tr-TR","name":"Evet, açım!"},{"lang":"pt-BR","name":"Sim, estou com fome!"},{"lang":"de-DE","name":"Ja, ich habe Hunger!"},{"lang":"id-ID","name":"Ya, saya lapar!"},{"lang":"fr-FR","name":"Oui, j\u0027ai faim !"}]},{"name":"No, i am full!","isCorrect":false,"score":0,"translates":[{"lang":"ru-RU","name":"Нет, я сыт!"},{"lang":"vi-VN","name":"Không, tôi no rồi!"},{"lang":"zh-CN","name":"不，我饱了！"},{"lang":"hi-IN","name":"नहीं, मैं पेट भरा हूँ!"},{"lang":"th-TH","name":"ไม่ ฉันอิ่มแล้ว!"},{"lang":"tr-TR","name":"Hayır, tokum!"},{"lang":"pt-BR","name":"Não, estou satisfeito!"},{"lang":"de-DE","name":"Nein, ich bin satt!"},{"lang":"id-ID","name":"Tidak, saya kenyang!"},{"lang":"fr-FR","name":"Non, je suis rassasié !"}]}]},{"name":"What do you want to eat?","image":"/img/story/a0/eat1.png","actor":"Chef","dialogType":"Normal","translates":[{"lang":"ru-RU","name":"Что ты хочешь съесть?"},{"lang":"vi-VN","name":"Bạn muốn ăn gì?"},{"lang":"zh-CN","name":"你想吃什么？"},{"lang":"hi-IN","name":"आप क्या खाना चाहेंगे?"},{"lang":"th-TH","name":"คุณอยากกินอะไร?"},{"lang":"tr-TR","name":"Ne yemek istersin?"},{"lang":"pt-BR","name":"O que você quer comer?"},{"lang":"de-DE","name":"Was möchtest du essen?"},{"lang":"id-ID","name":"Kamu ingin makan apa?"},{"lang":"fr-FR","name":"Qu’est-ce que tu veux manger ?"}],"actions":[{"name":"Pizza","isCorrect":true,"score":1,"translates":[{"lang":"ru-RU","name":"Пицца"},{"lang":"vi-VN","name":"Bánh pizza"},{"lang":"zh-CN","name":"披萨"},{"lang":"hi-IN","name":"पिज़्ज़ा"},{"lang":"th-TH","name":"พิซซ่า"},{"lang":"tr-TR","name":"Pizza"},{"lang":"pt-BR","name":"Pizza"},{"lang":"de-DE","name":"Pizza"},{"lang":"id-ID","name":"Pizza"},{"lang":"fr-FR","name":"Pizza"}]},{"name":"Book","isCorrect":false,"score":0,"translates":[{"lang":"ru-RU","name":"Книга"},{"lang":"vi-VN","name":"Sách"},{"lang":"zh-CN","name":"书"},{"lang":"hi-IN","name":"किताब"},{"lang":"th-TH","name":"หนังสือ"},{"lang":"tr-TR","name":"Kitap"},{"lang":"pt-BR","name":"Livro"},{"lang":"de-DE","name":"Buch"},{"lang":"id-ID","name":"Buku"},{"lang":"fr-FR","name":"Livre"}]},{"name":"Cat","isCorrect":false,"score":0,"translates":[{"lang":"ru-RU","name":"Кошка"},{"lang":"vi-VN","name":"Con mèo"},{"lang":"zh-CN","name":"猫"},{"lang":"hi-IN","name":"बिल्ली"},{"lang":"th-TH","name":"แมว"},{"lang":"tr-TR","name":"Kedi"},{"lang":"pt-BR","name":"Gato"},{"lang":"de-DE","name":"Katze"},{"lang":"id-ID","name":"Kucing"},{"lang":"fr-FR","name":"Chat"}]}]},{"name":"Yummy! Pizza is a good choice.","image":"/img/story/a0/eat1.png","actor":"Chef","dialogType":"Normal","translates":[{"lang":"ru-RU","name":"Вкусно! Пицца — хороший выбор."},{"lang":"vi-VN","name":"Ngon quá! Pizza là một lựa chọn tuyệt vời."},{"lang":"zh-CN","name":"好吃！披萨是个不错的选择。"},{"lang":"hi-IN","name":"स्वादिष्ट! पिज्जा अच्छा विकल्प है।"},{"lang":"th-TH","name":"อร่อย! พิซซ่าเป็นตัวเลือกที่ดี"},{"lang":"tr-TR","name":"Lezzetli! Pizza iyi bir seçim."},{"lang":"pt-BR","name":"Delícia! Pizza é uma boa escolha."},{"lang":"de-DE","name":"Lecker! Pizza ist eine gute Wahl."},{"lang":"id-ID","name":"Lezat! Pizza adalah pilihan yang baik."},{"lang":"fr-FR","name":"Miam ! La pizza est un bon choix."}],"actions":[]},{"name":"Are you thirsty, $pr_name?","actor":"Chef","dialogType":"Normal","translates":[{"lang":"ru-RU","name":"Ты хочешь пить, $pr_name?"},{"lang":"vi-VN","name":"$pr_name, bạn có khát không?"},{"lang":"zh-CN","name":"$pr_name，你渴了吗？"},{"lang":"hi-IN","name":"$pr_name, क्या तुम प्यासे हो?"},{"lang":"th-TH","name":"$pr_name, คุณกระหายน้ำไหม?"},{"lang":"tr-TR","name":"$pr_name, susadın mı?"},{"lang":"pt-BR","name":"$pr_name, você está com sede?"},{"lang":"de-DE","name":"Bist du durstig, $pr_name?"},{"lang":"id-ID","name":"$pr_name, apakah kamu haus?"},{"lang":"fr-FR","name":"$pr_name, tu as soif ?"}],"actions":[{"name":"Yes, i am thirsty!","isCorrect":true,"score":1,"translates":[{"lang":"ru-RU","name":"Да, я хочу пить!"},{"lang":"vi-VN","name":"Vâng, tôi khát!"},{"lang":"zh-CN","name":"是的，我渴了！"},{"lang":"hi-IN","name":"हाँ, मुझे प्यास लगी है!"},{"lang":"th-TH","name":"ใช่ ฉันกระหายน้ำ!"},{"lang":"tr-TR","name":"Evet, susadım!"},{"lang":"pt-BR","name":"Sim, estou com sede!"},{"lang":"de-DE","name":"Ja, ich habe Durst!"},{"lang":"id-ID","name":"Ya, saya haus!"},{"lang":"fr-FR","name":"Oui, j\u0027ai soif !"}]},{"name":"No!","isCorrect":false,"score":0,"translates":[{"lang":"ru-RU","name":"Нет!"},{"lang":"vi-VN","name":"Không!"},{"lang":"zh-CN","name":"不！"},{"lang":"hi-IN","name":"नहीं!"},{"lang":"th-TH","name":"ไม่!"},{"lang":"tr-TR","name":"Hayır!"},{"lang":"pt-BR","name":"Não!"},{"lang":"de-DE","name":"Nein!"},{"lang":"id-ID","name":"Tidak!"},{"lang":"fr-FR","name":"Non !"}]}]},{"name":"What do you want to drink?","image":"/img/story/a0/drink1.png","actor":"Chef","dialogType":"Normal","translates":[{"lang":"ru-RU","name":"Что ты хочешь пить?"},{"lang":"vi-VN","name":"Bạn muốn uống gì?"},{"lang":"zh-CN","name":"你想喝什么？"},{"lang":"hi-IN","name":"आप क्या पीना चाहेंगे?"},{"lang":"th-TH","name":"คุณอยากดื่มอะไร?"},{"lang":"tr-TR","name":"Ne içmek istersin?"},{"lang":"pt-BR","name":"O que você quer beber?"},{"lang":"de-DE","name":"Was möchtest du trinken?"},{"lang":"id-ID","name":"Kamu ingin minum apa?"},{"lang":"fr-FR","name":"Qu’est-ce que tu veux boire ?"}],"actions":[{"name":"Water","isCorrect":true,"score":1,"translates":[{"lang":"ru-RU","name":"Вода"},{"lang":"vi-VN","name":"Nước"},{"lang":"zh-CN","name":"水"},{"lang":"hi-IN","name":"पानी"},{"lang":"th-TH","name":"น้ำ"},{"lang":"tr-TR","name":"Su"},{"lang":"pt-BR","name":"Água"},{"lang":"de-DE","name":"Wasser"},{"lang":"id-ID","name":"Air"},{"lang":"fr-FR","name":"Eau"}]},{"name":"cow","isCorrect":false,"score":0,"translates":[{"lang":"ru-RU","name":"Корова"},{"lang":"vi-VN","name":"Con bò"},{"lang":"zh-CN","name":"奶牛"},{"lang":"hi-IN","name":"गाय"},{"lang":"th-TH","name":"วัว"},{"lang":"tr-TR","name":"İnek"},{"lang":"pt-BR","name":"Vaca"},{"lang":"de-DE","name":"Kuh"},{"lang":"id-ID","name":"Sapi"},{"lang":"fr-FR","name":"Vache"}]},{"name":"pencil","isCorrect":false,"score":0,"translates":[{"lang":"ru-RU","name":"Карандаш"},{"lang":"vi-VN","name":"Bút chì"},{"lang":"zh-CN","name":"铅笔"},{"lang":"hi-IN","name":"पेंसिल"},{"lang":"th-TH","name":"ดินสอ"},{"lang":"tr-TR","name":"Kalem"},{"lang":"pt-BR","name":"Lápis"},{"lang":"de-DE","name":"Bleistift"},{"lang":"id-ID","name":"Pensil"},{"lang":"fr-FR","name":"Crayon"}]}]},{"name":"Yes, drink water every day","image":"/img/story/a0/drink1.png","actor":"Chef","dialogType":"Normal","translates":[{"lang":"ru-RU","name":"Да, пей воду каждый день"},{"lang":"vi-VN","name":"Đúng rồi, hãy uống nước mỗi ngày"},{"lang":"zh-CN","name":"是的，每天喝水"},{"lang":"hi-IN","name":"हाँ, रोज़ पानी पिएँ"},{"lang":"th-TH","name":"ใช่ ดื่มน้ำทุกวัน"},{"lang":"tr-TR","name":"Evet, her gün su iç"},{"lang":"pt-BR","name":"Sim, beba água todos os dias"},{"lang":"de-DE","name":"Ja, trink jeden Tag Wasser"},{"lang":"id-ID","name":"Ya, minumlah air setiap hari"},{"lang":"fr-FR","name":"Oui, bois de l\u0027eau tous les jours"}],"actions":[]}],"actors":[{"id":"Chef","name":"Chef","image":"/img/story/npc/npc_cooker.png","s":"u"}]}