{"name":"Color Town","bg":"/img/story/bg/citygr1.png","age":0,"translations":[{"lang":"ru-RU","name":"Город цветов"},{"lang":"vi-VN","name":"Thị trấn màu sắc"},{"lang":"zh-CN","name":"颜色小镇"},{"lang":"hi-IN","name":"रंगों का शहर"},{"lang":"th-TH","name":"เมืองสีสัน"},{"lang":"tr-TR","name":"Renkli Kasaba"},{"lang":"pt-BR","name":"Cidade das Cores"},{"lang":"de-DE","name":"Farbstadt"},{"lang":"id-ID","name":"Kota Warna"},{"lang":"fr-FR","name":"Ville de Couleurs"}],"items":[{"name":"$pr_name, welcome to Color Town!","actor":"Painter","dialogType":"Normal","translates":[{"lang":"ru-RU","name":"Добро пожаловать в Город цветов!"},{"lang":"vi-VN","name":"Chào mừng đến Thị trấn màu sắc!"},{"lang":"zh-CN","name":"欢迎来到颜色小镇！"},{"lang":"hi-IN","name":"रंगों के शहर में आपका स्वागत है!"},{"lang":"th-TH","name":"ยินดีต้อนรับสู่เมืองสีสัน!"},{"lang":"tr-TR","name":"Renkli Kasaba’ya hoş geldin!"},{"lang":"pt-BR","name":"Bem-vindo à Cidade das Cores!"},{"lang":"de-DE","name":"Willkommen in der Farbstadt!"},{"lang":"id-ID","name":"Selamat datang di Kota Warna!"},{"lang":"fr-FR","name":"Bienvenue à la Ville de Couleurs !"}],"actions":[]},{"name":"Let’s color our city!","actor":"Painter","dialogType":"Normal","translates":[{"lang":"ru-RU","name":"Давай раскрасим наш город!"},{"lang":"vi-VN","name":"Hãy học màu sắc nào!"},{"lang":"zh-CN","name":"让我们学习颜色吧！"},{"lang":"hi-IN","name":"आइए रंगों को सीखें!"},{"lang":"th-TH","name":"มาเรียนรู้เรื่องสีสันกันเถอะ!"},{"lang":"tr-TR","name":"Haydi renkleri öğrenelim!"},{"lang":"pt-BR","name":"Vamos aprender as cores!"},{"lang":"de-DE","name":"Lass uns die Farben lernen!"},{"lang":"id-ID","name":"Mari belajar warna-warna!"},{"lang":"fr-FR","name":"Apprenons les couleurs !"}],"actions":[]},{"name":"What color is the sun?","image":"/img/story/a0/colors.png","actor":"Painter","dialogType":"Normal","translates":[{"lang":"ru-RU","name":"Какого цвета солнце?"},{"lang":"vi-VN","name":"Mặt trời màu gì?"},{"lang":"zh-CN","name":"太阳是什么颜色？"},{"lang":"hi-IN","name":"सूरज का रंग क्या है?"},{"lang":"th-TH","name":"ดวงอาทิตย์มีสีอะไร?"},{"lang":"tr-TR","name":"Güneş ne renk?"},{"lang":"pt-BR","name":"De que cor é o sol?"},{"lang":"de-DE","name":"Welche Farbe hat die Sonne?"},{"lang":"id-ID","name":"Matahari berwarna apa?"},{"lang":"fr-FR","name":"De quelle couleur est le soleil ?"}],"actions":[{"name":"Yellow","isCorrect":true,"score":1,"translates":[{"lang":"th-TH","name":"สีเหลือง"},{"lang":"hi-IN","name":"पीला"},{"lang":"de-DE","name":"Gelb"},{"lang":"vi-VN","name":"Vàng"},{"lang":"tr-TR","name":"Sarı"},{"lang":"fr-FR","name":"Jaune"},{"lang":"ru-RU","name":"Жёлтый"},{"lang":"id-ID","name":"Kuning"},{"lang":"pt-BR","name":"Amarelo"},{"lang":"zh-CN","name":"黄色"}]},{"name":"Blue","isCorrect":false,"score":0,"translates":[{"lang":"th-TH","name":"สีน้ำเงิน"},{"lang":"hi-IN","name":"नीला"},{"lang":"de-DE","name":"Blau"},{"lang":"vi-VN","name":"Xanh dương"},{"lang":"tr-TR","name":"Mavi"},{"lang":"fr-FR","name":"Bleu"},{"lang":"ru-RU","name":"Синий"},{"lang":"id-ID","name":"Biru"},{"lang":"pt-BR","name":"Azul"},{"lang":"zh-CN","name":"蓝色"}]},{"name":"Red","isCorrect":false,"score":0,"translates":[{"lang":"th-TH","name":"สีแดง"},{"lang":"hi-IN","name":"लाल"},{"lang":"de-DE","name":"Rot"},{"lang":"vi-VN","name":"Đỏ"},{"lang":"tr-TR","name":"Kırmızı"},{"lang":"fr-FR","name":"Rouge"},{"lang":"ru-RU","name":"Красный"},{"lang":"id-ID","name":"Merah"},{"lang":"pt-BR","name":"Vermelho"},{"lang":"zh-CN","name":"红色"}]}]},{"name":"Yes! The sun is yellow!","image":"/img/story/a0/colors.png","actor":"Painter","dialogType":"Normal","translates":[{"lang":"ru-RU","name":"Да! Солнце жёлтое!"},{"lang":"vi-VN","name":"Đúng rồi! Mặt trời màu vàng!"},{"lang":"zh-CN","name":"是的！太阳是黄色的！"},{"lang":"hi-IN","name":"हाँ! सूरज पीला है!"},{"lang":"th-TH","name":"ใช่! ดวงอาทิตย์สีเหลือง!"},{"lang":"tr-TR","name":"Evet! Güneş sarıdır!"},{"lang":"pt-BR","name":"Sim! O sol é amarelo!"},{"lang":"de-DE","name":"Ja! Die Sonne ist gelb!"},{"lang":"id-ID","name":"Ya! Matahari berwarna kuning!"},{"lang":"fr-FR","name":"Oui ! Le soleil est jaune !"}],"actions":[]},{"name":"What color is grass?","image":"/img/story/a0/colors.png","actor":"Painter","dialogType":"Normal","translates":[{"lang":"ru-RU","name":"Какого цвета трава?"},{"lang":"vi-VN","name":"Mặt trời màu gì?"},{"lang":"zh-CN","name":"太阳是什么颜色？"},{"lang":"hi-IN","name":"सूरज का रंग क्या है?"},{"lang":"th-TH","name":"ดวงอาทิตย์มีสีอะไร?"},{"lang":"tr-TR","name":"Güneş ne renk?"},{"lang":"pt-BR","name":"De que cor é o sol?"},{"lang":"de-DE","name":"Welche Farbe hat die Sonne?"},{"lang":"id-ID","name":"Matahari berwarna apa?"},{"lang":"fr-FR","name":"De quelle couleur est le soleil ?"}],"actions":[{"name":"it is Green","isCorrect":true,"score":1,"translates":[{"lang":"th-TH","name":"มันเป็นสีเขียว"},{"lang":"hi-IN","name":"यह हरा है"},{"lang":"de-DE","name":"Es ist grün"},{"lang":"vi-VN","name":"Nó là màu xanh lá"},{"lang":"tr-TR","name":"Bu yeşildir"},{"lang":"fr-FR","name":"C\u0027est vert"},{"lang":"ru-RU","name":"Это зелёный"},{"lang":"id-ID","name":"Itu hijau"},{"lang":"pt-BR","name":"É verde"},{"lang":"zh-CN","name":"是绿色的"}]},{"name":"it is Blue","isCorrect":false,"score":0,"translates":[{"lang":"th-TH","name":"มันเป็นสีน้ำเงิน"},{"lang":"hi-IN","name":"यह नीला है"},{"lang":"de-DE","name":"Es ist blau"},{"lang":"vi-VN","name":"Nó là màu xanh dương"},{"lang":"tr-TR","name":"Bu mavidir"},{"lang":"fr-FR","name":"C\u0027est bleu"},{"lang":"ru-RU","name":"Это синий"},{"lang":"id-ID","name":"Itu biru"},{"lang":"pt-BR","name":"É azul"},{"lang":"zh-CN","name":"是蓝色的"}]},{"name":"it is Red","isCorrect":false,"score":0,"translates":[{"lang":"th-TH","name":"มันเป็นสีแดง"},{"lang":"hi-IN","name":"यह लाल है"},{"lang":"de-DE","name":"Es ist rot"},{"lang":"vi-VN","name":"Nó là màu đỏ"},{"lang":"tr-TR","name":"Bu kırmızıdır"},{"lang":"fr-FR","name":"C\u0027est rouge"},{"lang":"ru-RU","name":"Это красный"},{"lang":"id-ID","name":"Itu merah"},{"lang":"pt-BR","name":"É vermelho"},{"lang":"zh-CN","name":"是红色的"}]}]},{"name":"Yes! Grass is green!","image":"/img/story/a0/colors.png","actor":"Painter","dialogType":"Normal","translates":[{"lang":"ru-RU","name":"Да! Трава зелёная!"},{"lang":"vi-VN","name":"Đúng rồi! Mặt trời màu vàng!"},{"lang":"zh-CN","name":"是的！太阳是黄色的！"},{"lang":"hi-IN","name":"हाँ! सूरज पीला है!"},{"lang":"th-TH","name":"ใช่! ดวงอาทิตย์สีเหลือง!"},{"lang":"tr-TR","name":"Evet! Güneş sarıdır!"},{"lang":"pt-BR","name":"Sim! O sol é amarelo!"},{"lang":"de-DE","name":"Ja! Die Sonne ist gelb!"},{"lang":"id-ID","name":"Ya! Matahari berwarna kuning!"},{"lang":"fr-FR","name":"Oui ! Le soleil est jaune !"}],"actions":[]},{"name":"is cloud orange?","image":"/img/story/a0/colors.png","actor":"Painter","dialogType":"Normal","translates":[{"lang":"ru-RU","name":"Облако оранжевое?"},{"lang":"vi-VN","name":"Mặt trời màu gì?"},{"lang":"zh-CN","name":"太阳是什么颜色？"},{"lang":"hi-IN","name":"सूरज का रंग क्या है?"},{"lang":"th-TH","name":"ดวงอาทิตย์มีสีอะไร?"},{"lang":"tr-TR","name":"Güneş ne renk?"},{"lang":"pt-BR","name":"De que cor é o sol?"},{"lang":"de-DE","name":"Welche Farbe hat die Sonne?"},{"lang":"id-ID","name":"Matahari berwarna apa?"},{"lang":"fr-FR","name":"De quelle couleur est le soleil ?"}],"actions":[{"name":"No, it is not","isCorrect":true,"score":1,"translates":[{"lang":"th-TH","name":"ไม่ใช่"},{"lang":"hi-IN","name":"नहीं, यह नहीं है"},{"lang":"de-DE","name":"Nein, ist es nicht"},{"lang":"vi-VN","name":"Không, không phải"},{"lang":"tr-TR","name":"Hayır, değil"},{"lang":"fr-FR","name":"Non, ce n\u0027est pas"},{"lang":"ru-RU","name":"Нет, это не так"},{"lang":"id-ID","name":"Bukan"},{"lang":"pt-BR","name":"Não, não é"},{"lang":"zh-CN","name":"不是"}]},{"name":"Yes it is","isCorrect":false,"score":0,"translates":[{"lang":"th-TH","name":"ใช่แล้ว"},{"lang":"hi-IN","name":"हाँ, यह है"},{"lang":"de-DE","name":"Ja, ist es"},{"lang":"vi-VN","name":"Đúng vậy"},{"lang":"tr-TR","name":"Evet, öyle"},{"lang":"fr-FR","name":"Oui, c\u0027est ça"},{"lang":"ru-RU","name":"Да, это так"},{"lang":"id-ID","name":"Ya, benar"},{"lang":"pt-BR","name":"Sim, é"},{"lang":"zh-CN","name":"是的"}]},{"name":"I don\u0027t know","isCorrect":false,"score":0,"translates":[{"lang":"th-TH","name":"ฉันไม่รู้"},{"lang":"hi-IN","name":"मुझे नहीं पता"},{"lang":"de-DE","name":"Ich weiß nicht"},{"lang":"vi-VN","name":"Tôi không biết"},{"lang":"tr-TR","name":"Bilmiyorum"},{"lang":"fr-FR","name":"Je ne sais pas"},{"lang":"ru-RU","name":"Я не знаю"},{"lang":"id-ID","name":"Saya tidak tahu"},{"lang":"pt-BR","name":"Eu não sei"},{"lang":"zh-CN","name":"我不知道"}]}]},{"name":"No, cloud is not orange, It is white","image":"/img/story/a0/colors.png","actor":"Painter","dialogType":"Normal","translates":[{"lang":"ru-RU","name":"Нет, облако не оранжевое, оно белое."},{"lang":"vi-VN","name":"Đúng rồi! Mặt trời màu vàng!"},{"lang":"zh-CN","name":"是的！太阳是黄色的！"},{"lang":"hi-IN","name":"हाँ! सूरज पीला है!"},{"lang":"th-TH","name":"ใช่! ดวงอาทิตย์สีเหลือง!"},{"lang":"tr-TR","name":"Evet! Güneş sarıdır!"},{"lang":"pt-BR","name":"Sim! O sol é amarelo!"},{"lang":"de-DE","name":"Ja! Die Sonne ist gelb!"},{"lang":"id-ID","name":"Ya! Matahari berwarna kuning!"},{"lang":"fr-FR","name":"Oui ! Le soleil est jaune !"}],"actions":[]},{"name":"is sky violet?","image":"/img/story/a0/colors.png","actor":"Painter","dialogType":"Normal","translates":[{"lang":"ru-RU","name":"Небо фиолетовое?"},{"lang":"vi-VN","name":"Mặt trời màu gì?"},{"lang":"zh-CN","name":"太阳是什么颜色？"},{"lang":"hi-IN","name":"सूरज का रंग क्या है?"},{"lang":"th-TH","name":"ดวงอาทิตย์มีสีอะไร?"},{"lang":"tr-TR","name":"Güneş ne renk?"},{"lang":"pt-BR","name":"De que cor é o sol?"},{"lang":"de-DE","name":"Welche Farbe hat die Sonne?"},{"lang":"id-ID","name":"Matahari berwarna apa?"},{"lang":"fr-FR","name":"De quelle couleur est le soleil ?"}],"actions":[{"name":"No, it is not, it is blue","isCorrect":true,"score":1,"translates":[{"lang":"th-TH","name":"ไม่ใช่, มันเป็นสีน้ำเงิน"},{"lang":"hi-IN","name":"नहीं, यह नीला है"},{"lang":"de-DE","name":"Nein, es ist blau"},{"lang":"vi-VN","name":"Không, nó không phải màu tím, nó màu xanh dương"},{"lang":"tr-TR","name":"Hayır, mavi"},{"lang":"fr-FR","name":"Non, c\u0027est bleu"},{"lang":"ru-RU","name":"Нет, небо не фиолетовое, оно голубое"},{"lang":"id-ID","name":"Bukan, itu biru"},{"lang":"pt-BR","name":"Não, é azul"},{"lang":"zh-CN","name":"不，不是的，是蓝色的"}]},{"name":"Yes it is viloet","isCorrect":false,"score":0,"translates":[{"lang":"th-TH","name":"ใช่, มันเป็นสีม่วง"},{"lang":"hi-IN","name":"हाँ, यह बैंगनी है"},{"lang":"de-DE","name":"Ja, es ist violett"},{"lang":"vi-VN","name":"Vâng, nó là màu tím"},{"lang":"tr-TR","name":"Evet, mor"},{"lang":"fr-FR","name":"Oui, c\u0027est violet"},{"lang":"ru-RU","name":"Да, это фиолетовое"},{"lang":"id-ID","name":"Ya, itu ungu"},{"lang":"pt-BR","name":"Sim, é violeta"},{"lang":"zh-CN","name":"是的，它是紫色的"}]},{"name":"I don\u0027t know","isCorrect":false,"score":0,"translates":[{"lang":"th-TH","name":"ฉันไม่รู้"},{"lang":"hi-IN","name":"मुझे नहीं पता"},{"lang":"de-DE","name":"Ich weiß nicht"},{"lang":"vi-VN","name":"Tôi không biết"},{"lang":"tr-TR","name":"Bilmiyorum"},{"lang":"fr-FR","name":"Je ne sais pas"},{"lang":"ru-RU","name":"Я не знаю"},{"lang":"id-ID","name":"Saya tidak tahu"},{"lang":"pt-BR","name":"Eu não sei"},{"lang":"zh-CN","name":"我不知道"}]}]},{"name":"No, sky is not violet, It is blue","image":"/img/story/a0/colors.png","actor":"Painter","dialogType":"Normal","translates":[{"lang":"ru-RU","name":"Нет, небо не фиолетовое, оно голубое."},{"lang":"vi-VN","name":"Đúng rồi! Mặt trời màu vàng!"},{"lang":"zh-CN","name":"是的！太阳是黄色的！"},{"lang":"hi-IN","name":"हाँ! सूरज पीला है!"},{"lang":"th-TH","name":"ใช่! ดวงอาทิตย์สีเหลือง!"},{"lang":"tr-TR","name":"Evet! Güneş sarıdır!"},{"lang":"pt-BR","name":"Sim! O sol é amarelo!"},{"lang":"de-DE","name":"Ja! Die Sonne ist gelb!"},{"lang":"id-ID","name":"Ya! Matahari berwarna kuning!"},{"lang":"fr-FR","name":"Oui ! Le soleil est jaune !"}],"actions":[]},{"name":"Well done, $pr_name, let\u0027s move futher!","actor":"Painter","dialogType":"Normal","translates":[{"lang":"ru-RU","name":"Молодец, $pr_name, пойдём дальше!"},{"lang":"vi-VN","name":"$pr_name, làm tốt lắm, chúng ta tiếp tục nhé!"},{"lang":"zh-CN","name":"$pr_name，做得好，我们继续吧！"},{"lang":"hi-IN","name":"शाबाश, $pr_name, चलो आगे बढ़ते हैं!"},{"lang":"th-TH","name":"เยี่ยมมาก $pr_name ไปต่อกันเถอะ!"},{"lang":"tr-TR","name":"Aferin $pr_name, devam edelim!"},{"lang":"pt-BR","name":"Muito bem, $pr_name, vamos continuar!"},{"lang":"de-DE","name":"Gut gemacht, $pr_name, lass uns weitermachen!"},{"lang":"id-ID","name":"Kerja bagus, $pr_name, mari lanjutkan!"},{"lang":"fr-FR","name":"Bien joué, $pr_name, continuons !"}],"actions":[]}],"actors":[{"id":"Painter","name":"Panty","image":"/img/story/npc/npc_painter1.png","s":"u"}]}