{"name":"Explore Module","bg":"/img/story/bg/roads1.png","age":0,"translations":[{"lang":"ru-RU","name":"Режим исследования"},{"lang":"vi-VN","name":"Chế độ khám phá"},{"lang":"zh-CN","name":"探索模式"},{"lang":"hi-IN","name":"अन्वेषण मोड"},{"lang":"th-TH","name":"โหมดสำรวจ"},{"lang":"tr-TR","name":"Keşif Modu"},{"lang":"pt-BR","name":"Modo Exploração"},{"lang":"de-DE","name":"Erkundungsmodus"},{"lang":"id-ID","name":"Mode Eksplorasi"},{"lang":"fr-FR","name":"Mode Exploration"}],"items":[{"name":"New level - explore mode","actor":"","dialogType":"Normal","translates":[{"lang":"ru-RU","name":"Новый уровень - режим исследования"},{"lang":"vi-VN","name":"Cấp độ mới - chế độ khám phá"},{"lang":"zh-CN","name":"新关卡 - 探索模式"},{"lang":"hi-IN","name":"नया स्तर - अन्वेषण मोड"},{"lang":"th-TH","name":"ระดับใหม่ - โหมดสำรวจ"},{"lang":"tr-TR","name":"Yeni seviye - keşif modu"},{"lang":"pt-BR","name":"Novo nível - modo exploração"},{"lang":"de-DE","name":"Neues Level - Erkundungsmodus"},{"lang":"id-ID","name":"Level baru - mode eksplorasi"},{"lang":"fr-FR","name":"Nouveau niveau - mode exploration"}],"actions":[]},{"name":"Good job, $pr_name","actor":"Wizard","dialogType":"Normal","translates":[{"lang":"ru-RU","name":"Хорошая работа, $pr_name"},{"lang":"vi-VN","name":"Làm tốt lắm, $pr_name"},{"lang":"zh-CN","name":"做得好，$pr_name"},{"lang":"hi-IN","name":"बहुत अच्छे, $pr_name"},{"lang":"th-TH","name":"ทำได้ดีมาก, $pr_name"},{"lang":"tr-TR","name":"Aferin, $pr_name"},{"lang":"pt-BR","name":"Bom trabalho, $pr_name"},{"lang":"de-DE","name":"Gut gemacht, $pr_name"},{"lang":"id-ID","name":"Kerja bagus, $pr_name"},{"lang":"fr-FR","name":"Bon travail, $pr_name"}],"actions":[]},{"name":"The next activity is about exploring human body","actor":"Wizard","dialogType":"Normal","translates":[{"lang":"ru-RU","name":"Следующее задание - исследование человеческого тела"},{"lang":"vi-VN","name":"Hoạt động tiếp theo là khám phá cơ thể người"},{"lang":"zh-CN","name":"下一个活动是关于探索人体"},{"lang":"hi-IN","name":"अगली गतिविधि मानव शरीर का अन्वेषण है"},{"lang":"th-TH","name":"กิจกรรมต่อไปคือการสำรวจร่างกายมนุษย์"},{"lang":"tr-TR","name":"Sonraki aktivite insan vücudunu keşfetmekle ilgili"},{"lang":"pt-BR","name":"A próxima atividade é sobre explorar o corpo humano"},{"lang":"de-DE","name":"Die nächste Aktivität dreht sich um die Erforschung des menschlichen Körpers"},{"lang":"id-ID","name":"Aktivitas berikutnya adalah tentang mengeksplorasi tubuh manusia"},{"lang":"fr-FR","name":"La prochaine activité concerne l\u0027exploration du corps humain"}],"actions":[]},{"name":"You need to click on each point to explore its meaning","actor":"Wizard","dialogType":"Normal","translates":[{"lang":"ru-RU","name":"Нажимайте на каждую точку, чтобы узнать её значение"},{"lang":"vi-VN","name":"Bạn cần nhấp vào từng điểm để khám phá ý nghĩa của nó"},{"lang":"zh-CN","name":"你需要点击每个点来探索它的含义"},{"lang":"hi-IN","name":"आपको इसके अर्थ का पता लगाने के लिए प्रत्येक बिंदु पर क्लिक करने की आवश्यकता है"},{"lang":"th-TH","name":"คุณต้องคลิกที่แต่ละจุดเพื่อสำรวจความหมายของมัน"},{"lang":"tr-TR","name":"Anlamını keşfetmek için her noktaya tıklamanız gerekiyor"},{"lang":"pt-BR","name":"Você precisa clicar em cada ponto para explorar seu significado"},{"lang":"de-DE","name":"Sie müssen auf jeden Punkt klicken, um seine Bedeutung zu erkunden"},{"lang":"id-ID","name":"Anda perlu mengeklik setiap titik untuk mengeksplorasi artinya"},{"lang":"fr-FR","name":"Vous devez cliquer sur chaque point pour en explorer la signification"}],"actions":[]},{"name":"Find them all","isHideTransl":false,"actor":"Wizard","dialogType":"Normal","translates":[{"lang":"ru-RU","name":"Найдите их все"},{"lang":"vi-VN","name":"Tìm tất cả"},{"lang":"zh-CN","name":"找到它们全部"},{"lang":"hi-IN","name":"उन सभी को ढूंढें"},{"lang":"th-TH","name":"หาทั้งหมด"},{"lang":"tr-TR","name":"Hepsini bul"},{"lang":"pt-BR","name":"Encontre todos"},{"lang":"de-DE","name":"Finde sie alle"},{"lang":"id-ID","name":"Temukan semuanya"},{"lang":"fr-FR","name":"Trouvez-les tous"}],"actions":[{"name":"Yes","isCorrect":true,"score":1,"translates":[{"lang":"ru-RU","name":"Да"},{"lang":"vi-VN","name":"Có"},{"lang":"zh-CN","name":"是的"},{"lang":"hi-IN","name":"हाँ"},{"lang":"th-TH","name":"ใช่"},{"lang":"tr-TR","name":"Evet"},{"lang":"pt-BR","name":"Sim"},{"lang":"de-DE","name":"Ja"},{"lang":"id-ID","name":"Ya"},{"lang":"fr-FR","name":"Oui"}]},{"name":"Sure!","isCorrect":true,"score":2,"translates":[{"lang":"ru-RU","name":"Конечно!"},{"lang":"vi-VN","name":"Chắc chắn!"},{"lang":"zh-CN","name":"当然！"},{"lang":"hi-IN","name":"ज़रूर!"},{"lang":"th-TH","name":"แน่นอน!"},{"lang":"tr-TR","name":"Tabii ki!"},{"lang":"pt-BR","name":"Claro!"},{"lang":"de-DE","name":"Sicher!"},{"lang":"id-ID","name":"Tentu!"},{"lang":"fr-FR","name":"Bien sûr!"}]},{"name":"No way!","isCorrect":false,"score":0,"translates":[{"lang":"ru-RU","name":"Ни за что!"},{"lang":"vi-VN","name":"Không đời nào!"},{"lang":"zh-CN","name":"不可能！"},{"lang":"hi-IN","name":"बिल्कुल नहीं!"},{"lang":"th-TH","name":"ไม่มีทาง!"},{"lang":"tr-TR","name":"Olmaz!"},{"lang":"pt-BR","name":"De jeito nenhum!"},{"lang":"de-DE","name":"Auf keinen Fall!"},{"lang":"id-ID","name":"Tidak mungkin!"},{"lang":"fr-FR","name":"Pas question!"}]}]}],"actors":[{"id":"Wizard","name":"Wiz","image":"/img/story/npc/wiz.png","s":"u"}]}