{"name":"The First Word","bg":"/img/story/bg/roads1.png","age":0,"translations":[{"lang":"ru-RU","name":"Первое слово"},{"lang":"vi-VN","name":"Từ đầu tiên"},{"lang":"zh-CN","name":"第一个词"},{"lang":"hi-IN","name":"पहला शब्द"},{"lang":"th-TH","name":"คำแรก"},{"lang":"tr-TR","name":"İlk kelime"},{"lang":"pt-BR","name":"A primeira palavra"},{"lang":"de-DE","name":"Das erste Wort"},{"lang":"id-ID","name":"Kata pertama"},{"lang":"fr-FR","name":"Le premier mot"}],"items":[{"name":"You are in a magic english world! You need to learn english to communicate with magic characters. Let\u0027s begin","actor":"","dialogType":"Normal","translates":[{"lang":"ru-RU","name":"Вы в волшебном мире английского! Вам нужно выучить английский, чтобы общаться с волшебными существами. Давайте начнём!"},{"lang":"vi-VN","name":"Bạn đang ở trong thế giới tiếng Anh kỳ diệu! Bạn cần học tiếng Anh để giao tiếp với các nhân vật phép thuật. Hãy bắt đầu nào!"},{"lang":"zh-CN","name":"你身处一个神奇的英语世界！你需要学习英语才能与魔法角色交流。让我们开始吧！"},{"lang":"hi-IN","name":"आप एक जादुई अंग्रेजी दुनिया में हैं! जादुई पात्रों के साथ संवाद करने के लिए आपको अंग्रेजी सीखने की आवश्यकता है। आइए शुरू करें!"},{"lang":"th-TH","name":"คุณอยู่ในโลกภาษาอังกฤษวิเศษ! คุณต้องเรียนภาษาอังกฤษเพื่อสื่อสารกับตัวละครเวทมนตร์ มาเริ่มกันเลย!"},{"lang":"tr-TR","name":"Büyülü bir İngilizce dünyasındasınız! Büyülü karakterlerle iletişim kurmak için İngilizce öğrenmeniz gerekiyor. Hadi başlayalım!"},{"lang":"pt-BR","name":"Você está em um mundo mágico de inglês! Você precisa aprender inglês para se comunicar com personagens mágicos. Vamos começar!"},{"lang":"de-DE","name":"Du bist in einer magischen englischen Welt! Du musst Englisch lernen, um mit magischen Charakteren zu kommunizieren. Lass uns beginnen!"},{"lang":"id-ID","name":"Anda berada di dunia bahasa Inggris yang ajaib! Anda perlu belajar bahasa Inggris untuk berkomunikasi dengan karakter ajaib. Mari kita mulai!"},{"lang":"fr-FR","name":"Vous êtes dans un monde magique d\u0027anglais ! Vous devez apprendre l\u0027anglais pour communiquer avec des personnages magiques. Commençons !"}],"actions":[]},{"name":"Welcome to the English World!","actor":"Guide","dialogType":"Normal","translates":[{"lang":"ru-RU","name":"Добро пожаловать в мир английского!"},{"lang":"vi-VN","name":"Chào mừng đến với thế giới tiếng Anh!"},{"lang":"zh-CN","name":"欢迎来到英语世界！"},{"lang":"hi-IN","name":"अंग्रेज़ी दुनिया में आपका स्वागत है!"},{"lang":"th-TH","name":"ยินดีต้อนรับสู่โลกภาษาอังกฤษ!"},{"lang":"tr-TR","name":"İngilizce dünyasına hoş geldiniz!"},{"lang":"pt-BR","name":"Bem-vindo ao mundo do inglês!"},{"lang":"de-DE","name":"Willkommen in der englischen Welt!"},{"lang":"id-ID","name":"Selamat datang di dunia bahasa Inggris!"},{"lang":"fr-FR","name":"Bienvenue dans le monde de l\u0027anglais !"}],"actions":[]},{"name":"What\u0027s your name?","meta":"pr_name","actor":"Guide","dialogType":"ConfigString","translates":[{"lang":"ru-RU","name":"Как тебя зовут?"},{"lang":"vi-VN","name":"Tên bạn là gì?"},{"lang":"zh-CN","name":"你叫什么名字？"},{"lang":"hi-IN","name":"तुम्हारा नाम क्या है?"},{"lang":"th-TH","name":"คุณชื่ออะไร?"},{"lang":"tr-TR","name":"Adın ne?"},{"lang":"pt-BR","name":"Qual é o seu nome?"},{"lang":"de-DE","name":"Wie heißt du?"},{"lang":"id-ID","name":"Siapa namamu?"},{"lang":"fr-FR","name":"Comment tu t\u0027appelles ?"}],"actions":[]},{"name":"Nice to meet you, $pr_name!","actor":"Guide","dialogType":"Normal","translates":[{"lang":"ru-RU","name":"Приятно познакомиться, $pr_name!"},{"lang":"vi-VN","name":"Rất vui được gặp bạn, $pr_name!"},{"lang":"zh-CN","name":"很高兴认识你，$pr_name！"},{"lang":"hi-IN","name":"आपसे मिलकर अच्छा लगा, $pr_name!"},{"lang":"th-TH","name":"ยินดีที่ได้รู้จัก, $pr_name!"},{"lang":"tr-TR","name":"Tanıştığımıza memnun oldum, $pr_name!"},{"lang":"pt-BR","name":"Prazer em conhecê-lo, $pr_name!"},{"lang":"de-DE","name":"Schön dich kennenzulernen, $pr_name!"},{"lang":"id-ID","name":"Senang bertemu denganmu, $pr_name!"},{"lang":"fr-FR","name":"Ravi de te rencontrer, $pr_name !"}],"actions":[]},{"name":"Let\u0027s learn your first English word: Hello!","isHideTransl":true,"actor":"Guide","dialogType":"Normal","translates":[{"lang":"ru-RU","name":"Давай выучим твоё первое английское слово: Hello!"},{"lang":"vi-VN","name":"Hãy học từ tiếng Anh đầu tiên của bạn: Hello!"},{"lang":"zh-CN","name":"让我们学习你的第一个英文单词：Hello！"},{"lang":"hi-IN","name":"आइए आपका पहला अंग्रेजी शब्द सीखें: Hello!"},{"lang":"th-TH","name":"มาเรียนรู้คำภาษาอังกฤษคำแรกกัน: Hello!"},{"lang":"tr-TR","name":"İlk İngilizce kelimeni öğrenelim: Hello!"},{"lang":"pt-BR","name":"Vamos aprender sua primeira palavra em inglês: Hello!"},{"lang":"de-DE","name":"Lass uns dein erstes englisches Wort lernen: Hello!"},{"lang":"id-ID","name":"Mari belajar kata bahasa Inggrismu yang pertama: Hello!"},{"lang":"fr-FR","name":"Apprenons ton premier mot en anglais : Hello !"}],"actions":[{"name":"Yes","isCorrect":true,"score":1,"translates":[{"lang":"ru-RU","name":"Да"},{"lang":"vi-VN","name":"Có"},{"lang":"zh-CN","name":"是的"},{"lang":"hi-IN","name":"हाँ"},{"lang":"th-TH","name":"ใช่"},{"lang":"tr-TR","name":"Evet"},{"lang":"pt-BR","name":"Sim"},{"lang":"de-DE","name":"Ja"},{"lang":"id-ID","name":"Ya"},{"lang":"fr-FR","name":"Oui"}]},{"name":"No","isCorrect":false,"score":0,"translates":[{"lang":"ru-RU","name":"Нет"},{"lang":"vi-VN","name":"Không"},{"lang":"zh-CN","name":"不"},{"lang":"hi-IN","name":"नहीं"},{"lang":"th-TH","name":"ไม่"},{"lang":"tr-TR","name":"Hayır"},{"lang":"pt-BR","name":"Não"},{"lang":"de-DE","name":"Nein"},{"lang":"id-ID","name":"Tidak"},{"lang":"fr-FR","name":"Non"}]},{"name":"Hello","isCorrect":true,"score":2,"translates":[{"lang":"ru-RU","name":"Привет"},{"lang":"vi-VN","name":"Xin chào"},{"lang":"zh-CN","name":"你好"},{"lang":"hi-IN","name":"नमस्ते"},{"lang":"th-TH","name":"สวัสดี"},{"lang":"tr-TR","name":"Merhaba"},{"lang":"pt-BR","name":"Olá"},{"lang":"de-DE","name":"Hallo"},{"lang":"id-ID","name":"Halo"},{"lang":"fr-FR","name":"Bonjour"}]}]},{"name":"Hello, $pr_name","isHideTransl":true,"actor":"Guide","dialogType":"Normal","translates":[{"lang":"ru-RU","name":"Привет, $pr_name"},{"lang":"vi-VN","name":"Xin chào, $pr_name"},{"lang":"zh-CN","name":"你好，$pr_name"},{"lang":"hi-IN","name":"नमस्ते, $pr_name"},{"lang":"th-TH","name":"สวัสดี, $pr_name"},{"lang":"tr-TR","name":"Merhaba, $pr_name"},{"lang":"pt-BR","name":"Olá, $pr_name"},{"lang":"de-DE","name":"Hallo, $pr_name"},{"lang":"id-ID","name":"Halo, $pr_name"},{"lang":"fr-FR","name":"Bonjour, $pr_name"}],"actions":[{"name":"No","isCorrect":false,"score":0,"translates":[{"lang":"ru-RU","name":"Нет"},{"lang":"vi-VN","name":"Không"},{"lang":"zh-CN","name":"不"},{"lang":"hi-IN","name":"नहीं"},{"lang":"th-TH","name":"ไม่"},{"lang":"tr-TR","name":"Hayır"},{"lang":"pt-BR","name":"Não"},{"lang":"de-DE","name":"Nein"},{"lang":"id-ID","name":"Tidak"},{"lang":"fr-FR","name":"Non"}]},{"name":"Bye","isCorrect":false,"score":0,"translates":[{"lang":"ru-RU","name":"Пока"},{"lang":"vi-VN","name":"Tạm biệt"},{"lang":"zh-CN","name":"再见"},{"lang":"hi-IN","name":"अलविदा"},{"lang":"th-TH","name":"ลาก่อน"},{"lang":"tr-TR","name":"Hoşçakal"},{"lang":"pt-BR","name":"Tchau"},{"lang":"de-DE","name":"Tschüss"},{"lang":"id-ID","name":"Selamat tinggal"},{"lang":"fr-FR","name":"Au revoir"}]},{"name":"Hello","isCorrect":true,"score":1,"translates":[{"lang":"ru-RU","name":"Привет"},{"lang":"vi-VN","name":"Xin chào"},{"lang":"zh-CN","name":"你好"},{"lang":"hi-IN","name":"नमस्ते"},{"lang":"th-TH","name":"สวัสดี"},{"lang":"tr-TR","name":"Merhaba"},{"lang":"pt-BR","name":"Olá"},{"lang":"de-DE","name":"Hallo"},{"lang":"id-ID","name":"Halo"},{"lang":"fr-FR","name":"Bonjour"}]}]},{"name":"","meta":" ","actor":"$pr_name","dialogType":"Normal","translates":[{"lang":"ru-RU","name":""},{"lang":"vi-VN","name":""},{"lang":"zh-CN","name":""},{"lang":"hi-IN","name":""},{"lang":"th-TH","name":""},{"lang":"tr-TR","name":""},{"lang":"pt-BR","name":""},{"lang":"de-DE","name":""},{"lang":"id-ID","name":""},{"lang":"fr-FR","name":""}],"actions":[{"name":"What\u0027s your name?","isCorrect":true,"score":1,"translates":[{"lang":"ru-RU","name":"Как тебя зовут?"},{"lang":"vi-VN","name":"Tên bạn là gì?"},{"lang":"zh-CN","name":"你叫什么名字？"},{"lang":"hi-IN","name":"तुम्हारा नाम क्या है?"},{"lang":"th-TH","name":"คุณชื่ออะไร?"},{"lang":"tr-TR","name":"Adın ne?"},{"lang":"pt-BR","name":"Qual é o seu nome?"},{"lang":"de-DE","name":"Wie heißt du?"},{"lang":"id-ID","name":"Siapa namamu?"},{"lang":"fr-FR","name":"Comment tu t\u0027appelles ?"}]}]},{"name":"My name is Giddy","meta":" ","actor":"Guide","dialogType":"Normal","translates":[{"lang":"ru-RU","name":"Меня зовут Гиди"},{"lang":"vi-VN","name":"Tên tôi là Giddy"},{"lang":"zh-CN","name":"我叫吉迪"},{"lang":"hi-IN","name":"मेरा नाम गिड्डी है"},{"lang":"th-TH","name":"ฉันชื่อกิ๊ดดี้"},{"lang":"tr-TR","name":"Benim adım Giddy"},{"lang":"pt-BR","name":"Meu nome é Giddy"},{"lang":"de-DE","name":"Mein Name ist Giddy"},{"lang":"id-ID","name":"Nama saya Giddy"},{"lang":"fr-FR","name":"Je m\u0027appelle Giddy"}],"actions":[{"name":"Hello","isCorrect":false,"score":0,"translates":[{"lang":"ru-RU","name":"Привет"},{"lang":"vi-VN","name":"Xin chào"},{"lang":"zh-CN","name":"你好"},{"lang":"hi-IN","name":"नमस्ते"},{"lang":"th-TH","name":"สวัสดี"},{"lang":"tr-TR","name":"Merhaba"},{"lang":"pt-BR","name":"Olá"},{"lang":"de-DE","name":"Hallo"},{"lang":"id-ID","name":"Halo"},{"lang":"fr-FR","name":"Bonjour"}]},{"name":"Nice to meet you, Giddy","isCorrect":true,"score":1,"translates":[{"lang":"ru-RU","name":"Приятно познакомиться, Гиди"},{"lang":"vi-VN","name":"Rất vui được gặp bạn, Giddy"},{"lang":"zh-CN","name":"很高兴认识你，吉迪"},{"lang":"hi-IN","name":"आपसे मिलकर अच्छा लगा, गिड्डी"},{"lang":"th-TH","name":"ยินดีที่ได้รู้จัก, กิ๊ดดี้"},{"lang":"tr-TR","name":"Tanıştığımıza memnun oldum, Giddy"},{"lang":"pt-BR","name":"Prazer em conhecê-lo, Giddy"},{"lang":"de-DE","name":"Schön dich kennenzulernen, Giddy"},{"lang":"id-ID","name":"Senang bertemu denganmu, Giddy"},{"lang":"fr-FR","name":"Ravi de te rencontrer, Giddy"}]},{"name":"Bye","isCorrect":false,"score":0,"translates":[{"lang":"ru-RU","name":"Пока"},{"lang":"vi-VN","name":"Tạm biệt"},{"lang":"zh-CN","name":"再见"},{"lang":"hi-IN","name":"अलविदा"},{"lang":"th-TH","name":"ลาก่อน"},{"lang":"tr-TR","name":"Hoşçakal"},{"lang":"pt-BR","name":"Tchau"},{"lang":"de-DE","name":"Tschüss"},{"lang":"id-ID","name":"Selamat tinggal"},{"lang":"fr-FR","name":"Au revoir"}]}]},{"name":"Super, let\u0027s continue","isHideTransl":true,"actor":"Guide","dialogType":"Normal","translates":[{"lang":"ru-RU","name":"Отлично, продолжим!"},{"lang":"vi-VN","name":"Tuyệt vời, hãy tiếp tục!"},{"lang":"zh-CN","name":"太棒了，我们继续吧！"},{"lang":"hi-IN","name":"बहुत बढ़िया, चलो जारी रखें!"},{"lang":"th-TH","name":"เยี่ยมมาก มาต่อกัน!"},{"lang":"tr-TR","name":"Süper, devam edelim!"},{"lang":"pt-BR","name":"Ótimo, vamos continuar!"},{"lang":"de-DE","name":"Super, lass uns weitermachen!"},{"lang":"id-ID","name":"Hebat, mari lanjutkan!"},{"lang":"fr-FR","name":"Super, continuons !"}],"actions":[{"name":"Yes","isCorrect":true,"score":1,"translates":[{"lang":"ru-RU","name":"Да"},{"lang":"vi-VN","name":"Có"},{"lang":"zh-CN","name":"是的"},{"lang":"hi-IN","name":"हाँ"},{"lang":"th-TH","name":"ใช่"},{"lang":"tr-TR","name":"Evet"},{"lang":"pt-BR","name":"Sim"},{"lang":"de-DE","name":"Ja"},{"lang":"id-ID","name":"Ya"},{"lang":"fr-FR","name":"Oui"}]},{"name":"No","isCorrect":false,"score":0,"translates":[{"lang":"ru-RU","name":"Нет"},{"lang":"vi-VN","name":"Không"},{"lang":"zh-CN","name":"不"},{"lang":"hi-IN","name":"नहीं"},{"lang":"th-TH","name":"ไม่"},{"lang":"tr-TR","name":"Hayır"},{"lang":"pt-BR","name":"Não"},{"lang":"de-DE","name":"Nein"},{"lang":"id-ID","name":"Tidak"},{"lang":"fr-FR","name":"Non"}]},{"name":"Hello","isCorrect":false,"score":0,"translates":[{"lang":"ru-RU","name":"Привет"},{"lang":"vi-VN","name":"Xin chào"},{"lang":"zh-CN","name":"你好"},{"lang":"hi-IN","name":"नमस्ते"},{"lang":"th-TH","name":"สวัสดี"},{"lang":"tr-TR","name":"Merhaba"},{"lang":"pt-BR","name":"Olá"},{"lang":"de-DE","name":"Hallo"},{"lang":"id-ID","name":"Halo"},{"lang":"fr-FR","name":"Bonjour"}]}]},{"name":"$pr_name, complete the tasks and open new levels","actor":"Guide","dialogType":"Normal","translates":[{"lang":"ru-RU","name":"$pr_name, выполни задания и открой новые уровни"},{"lang":"vi-VN","name":"$pr_name, hãy hoàn thành các nhiệm vụ để mở cấp mới"},{"lang":"zh-CN","name":"$pr_name，完成任务以解锁新关卡"},{"lang":"hi-IN","name":"$pr_name, कार्य पूरे करो और नए स्तर खोलो"},{"lang":"th-TH","name":"$pr_name, ทำภารกิจให้เสร็จเพื่อปลดล็อกระดับใหม่"},{"lang":"tr-TR","name":"$pr_name, görevleri tamamla ve yeni seviyeleri aç"},{"lang":"pt-BR","name":"$pr_name, complete as tarefas e desbloqueie novos níveis"},{"lang":"de-DE","name":"$pr_name, erfülle die Aufgaben und schalte neue Level frei"},{"lang":"id-ID","name":"$pr_name, selesaikan tugas dan buka level baru"},{"lang":"fr-FR","name":"$pr_name, accomplis les tâches et débloque de nouveaux niveaux"}],"actions":[]},{"name":"And you can communicate with other characters","actor":"Guide","dialogType":"Normal","translates":[{"lang":"ru-RU","name":"И ты сможешь общаться с другими персонажами"},{"lang":"vi-VN","name":"Và bạn có thể giao tiếp với các nhân vật khác"},{"lang":"zh-CN","name":"你还可以和其他角色交流"},{"lang":"hi-IN","name":"और आप अन्य पात्रों से बात कर सकते हैं"},{"lang":"th-TH","name":"และคุณสามารถพูดคุยกับตัวละครอื่น ๆ ได้"},{"lang":"tr-TR","name":"Ayrıca diğer karakterlerle iletişim kurabilirsin"},{"lang":"pt-BR","name":"E você poderá conversar com outros personagens"},{"lang":"de-DE","name":"Und du kannst mit anderen Figuren sprechen"},{"lang":"id-ID","name":"Dan kamu bisa berkomunikasi dengan karakter lain"},{"lang":"fr-FR","name":"Et tu pourras parler avec d’autres personnages"}],"actions":[]}],"actors":[{"id":"Guide","name":"Giddy","image":"/img/story/npc/guide.png","s":"u"}]}