{"name":"My Family","bg":"/img/dict/home/living_room.png","age":0,"translations":[{"lang":"ru-RU","name":"Моя семья"},{"lang":"vi-VN","name":"Gia đình của tôi"},{"lang":"zh-CN","name":"我的家庭"},{"lang":"hi-IN","name":"मेरा परिवार"},{"lang":"th-TH","name":"ครอบครัวของฉัน"},{"lang":"tr-TR","name":"Ailem"},{"lang":"pt-BR","name":"Minha família"},{"lang":"de-DE","name":"Meine Familie"},{"lang":"id-ID","name":"Keluargaku"},{"lang":"fr-FR","name":"Ma famille"}],"items":[{"name":"Welcome to my home!","actor":"Grandma","dialogType":"Normal","translates":[{"lang":"ru-RU","name":"Добро пожаловать в мой дом!"},{"lang":"vi-VN","name":"Chào mừng đến nhà của bà!"},{"lang":"zh-CN","name":"欢迎来到我家！"},{"lang":"hi-IN","name":"मेरे घर में आपका स्वागत है!"},{"lang":"th-TH","name":"ยินดีต้อนรับสู่บ้านของฉัน!"},{"lang":"tr-TR","name":"Evime hoş geldin!"},{"lang":"pt-BR","name":"Bem-vindo à minha casa!"},{"lang":"de-DE","name":"Willkommen in meinem Zuhause!"},{"lang":"id-ID","name":"Selamat datang di rumahku!"},{"lang":"fr-FR","name":"Bienvenue chez moi !"}],"actions":[]},{"name":"This is my family.","image":"/img/dict/family/family.png","actor":"Grandma","dialogType":"Normal","translates":[{"lang":"ru-RU","name":"Это моя семья."},{"lang":"vi-VN","name":"Đây là gia đình của tôi."},{"lang":"zh-CN","name":"这是我的家人。"},{"lang":"hi-IN","name":"यह मेरा परिवार है।"},{"lang":"th-TH","name":"นี่คือครอบครัวของฉัน"},{"lang":"tr-TR","name":"Bu benim ailem."},{"lang":"pt-BR","name":"Esta é a minha família."},{"lang":"de-DE","name":"Das ist meine Familie."},{"lang":"id-ID","name":"Ini keluargaku."},{"lang":"fr-FR","name":"Voici ma famille."}],"actions":[]},{"name":"Who is he?","image":"/img/dict/family/father.png","actor":"Grandma","dialogType":"Normal","translates":[{"lang":"ru-RU","name":"Кто он?"},{"lang":"vi-VN","name":"Ông ấy là ai?"},{"lang":"zh-CN","name":"他是谁？"},{"lang":"hi-IN","name":"वह कौन है?"},{"lang":"th-TH","name":"เขาเป็นใคร?"},{"lang":"tr-TR","name":"O kim?"},{"lang":"pt-BR","name":"Quem é ele?"},{"lang":"de-DE","name":"Wer ist er?"},{"lang":"id-ID","name":"Siapa dia?"},{"lang":"fr-FR","name":"Qui est-ce ?"}],"actions":[{"name":"Father","isCorrect":true,"score":1,"translates":[{"lang":"ru-RU","name":"Папа"},{"lang":"vi-VN","name":"Bố"},{"lang":"zh-CN","name":"爸爸"},{"lang":"hi-IN","name":"पिता"},{"lang":"th-TH","name":"พ่อ"},{"lang":"tr-TR","name":"Baba"},{"lang":"pt-BR","name":"Pai"},{"lang":"de-DE","name":"Vater"},{"lang":"id-ID","name":"Ayah"},{"lang":"fr-FR","name":"Père"}]},{"name":"Sister","isCorrect":false,"score":0,"translates":[{"lang":"ru-RU","name":"Сестра"},{"lang":"vi-VN","name":"Chị gái"},{"lang":"zh-CN","name":"姐姐"},{"lang":"hi-IN","name":"बहन"},{"lang":"th-TH","name":"พี่สาว"},{"lang":"tr-TR","name":"Kız kardeş"},{"lang":"pt-BR","name":"Irmã"},{"lang":"de-DE","name":"Schwester"},{"lang":"id-ID","name":"Saudara perempuan"},{"lang":"fr-FR","name":"Sœur"}]},{"name":"Dog","isCorrect":false,"score":0,"translates":[{"lang":"ru-RU","name":"Собака"},{"lang":"vi-VN","name":"Chó"},{"lang":"zh-CN","name":"狗"},{"lang":"hi-IN","name":"कुत्ता"},{"lang":"th-TH","name":"หมา"},{"lang":"tr-TR","name":"Köpek"},{"lang":"pt-BR","name":"Cachorro"},{"lang":"de-DE","name":"Hund"},{"lang":"id-ID","name":"Anjing"},{"lang":"fr-FR","name":"Chien"}]}]},{"name":"Yes! He is my father.","actor":"Grandma","dialogType":"Normal","translates":[{"lang":"ru-RU","name":"Да! Это мой отец."},{"lang":"vi-VN","name":"Đúng rồi! Đó là cha tôi."},{"lang":"zh-CN","name":"对！他是我爸爸。"},{"lang":"hi-IN","name":"हाँ! वह मेरे पिताजी हैं।"},{"lang":"th-TH","name":"ใช่! เขาเป็นพ่อของฉัน"},{"lang":"tr-TR","name":"Evet! O benim babam."},{"lang":"pt-BR","name":"Sim! Ele é meu pai."},{"lang":"de-DE","name":"Ja! Das ist mein Vater."},{"lang":"id-ID","name":"Ya! Dia ayahku."},{"lang":"fr-FR","name":"Oui ! C’est mon père."}],"actions":[]},{"name":"Who is she?","image":"/img/dict/family/mother.png","actor":"Grandma","dialogType":"Normal","translates":[{"lang":"ru-RU","name":"Кто он?"},{"lang":"vi-VN","name":"Ông ấy là ai?"},{"lang":"zh-CN","name":"他是谁？"},{"lang":"hi-IN","name":"वह कौन है?"},{"lang":"th-TH","name":"เขาเป็นใคร?"},{"lang":"tr-TR","name":"O kim?"},{"lang":"pt-BR","name":"Quem é ele?"},{"lang":"de-DE","name":"Wer ist er?"},{"lang":"id-ID","name":"Siapa dia?"},{"lang":"fr-FR","name":"Qui est-ce ?"}],"actions":[{"name":"Mother","isCorrect":true,"score":1,"translates":[{"lang":"ru-RU","name":"Мама"},{"lang":"vi-VN","name":"Mẹ"},{"lang":"zh-CN","name":"妈妈"},{"lang":"hi-IN","name":"मां"},{"lang":"th-TH","name":"แม่"},{"lang":"tr-TR","name":"Anne"},{"lang":"pt-BR","name":"Mãe"},{"lang":"de-DE","name":"Mutter"},{"lang":"id-ID","name":"Ibu"},{"lang":"fr-FR","name":"Mère"}]},{"name":"Brother","isCorrect":false,"score":0,"translates":[{"lang":"ru-RU","name":"Брат"},{"lang":"vi-VN","name":"Anh trai"},{"lang":"zh-CN","name":"哥哥"},{"lang":"hi-IN","name":"भाई"},{"lang":"th-TH","name":"พี่ชาย"},{"lang":"tr-TR","name":"Erkek kardeş"},{"lang":"pt-BR","name":"Irmão"},{"lang":"de-DE","name":"Bruder"},{"lang":"id-ID","name":"Saudara laki-laki"},{"lang":"fr-FR","name":"Frère"}]},{"name":"Cat","isCorrect":false,"score":0,"translates":[{"lang":"ru-RU","name":"Кошка"},{"lang":"vi-VN","name":"Mèo"},{"lang":"zh-CN","name":"猫"},{"lang":"hi-IN","name":"बिल्ली"},{"lang":"th-TH","name":"แมว"},{"lang":"tr-TR","name":"Kedi"},{"lang":"pt-BR","name":"Gato"},{"lang":"de-DE","name":"Katze"},{"lang":"id-ID","name":"Kucing"},{"lang":"fr-FR","name":"Chat"}]}]},{"name":"Yes! She is my mother.","actor":"Grandma","dialogType":"Normal","translates":[{"lang":"ru-RU","name":"Да! Это моя мама."},{"lang":"vi-VN","name":"Đúng rồi! Đó là mẹ tôi."},{"lang":"zh-CN","name":"对！她是我妈妈。"},{"lang":"hi-IN","name":"हाँ! वह मेरी माँ हैं।"},{"lang":"th-TH","name":"ใช่! เธอเป็นแม่ของฉัน"},{"lang":"tr-TR","name":"Evet! O benim annem."},{"lang":"pt-BR","name":"Sim! Ela é minha mãe."},{"lang":"de-DE","name":"Ja! Das ist meine Mutter."},{"lang":"id-ID","name":"Ya! Dia ibuku."},{"lang":"fr-FR","name":"Oui ! C’est ma mère."}],"actions":[]},{"name":"They are my parents","image":"/img/dict/family/family.png","actor":"Grandma","dialogType":"Normal","translates":[{"lang":"ru-RU","name":"Это мои родители"},{"lang":"vi-VN","name":"Họ là bố mẹ tôi"},{"lang":"zh-CN","name":"他们是我的父母"},{"lang":"hi-IN","name":"ये मेरे माता-पिता हैं"},{"lang":"th-TH","name":"พวกเขาคือพ่อแม่ของฉัน"},{"lang":"tr-TR","name":"Onlar benim ailem"},{"lang":"pt-BR","name":"Eles são meus pais"},{"lang":"de-DE","name":"Das sind meine Eltern"},{"lang":"id-ID","name":"Mereka adalah orang tuaku"},{"lang":"fr-FR","name":"Ce sont mes parents"}],"actions":[]},{"name":"I love my parents","image":"/img/dict/family/family.png","actor":"Grandma","dialogType":"Normal","translates":[{"lang":"ru-RU","name":"Я люблю своих родителей"},{"lang":"vi-VN","name":"Tôi yêu bố mẹ tôi"},{"lang":"zh-CN","name":"我爱我的父母"},{"lang":"hi-IN","name":"मैं अपने माता-पिता से प्यार करता हूँ"},{"lang":"th-TH","name":"ฉันรักพ่อแม่ของฉัน"},{"lang":"tr-TR","name":"Ailemi seviyorum"},{"lang":"pt-BR","name":"Eu amo meus pais"},{"lang":"de-DE","name":"Ich liebe meine Eltern"},{"lang":"id-ID","name":"Aku sayang orang tuaku"},{"lang":"fr-FR","name":"J’aime mes parents"}],"actions":[]},{"name":"I love my mother","image":"/img/dict/family/family.png","actor":"Grandma","dialogType":"Normal","translates":[{"lang":"ru-RU","name":"Я люблю свою маму"},{"lang":"vi-VN","name":"Tôi yêu mẹ tôi"},{"lang":"zh-CN","name":"我爱我的妈妈"},{"lang":"hi-IN","name":"मुझे अपनी माँ से प्यार है"},{"lang":"th-TH","name":"ฉันรักแม่ของฉัน"},{"lang":"tr-TR","name":"Annemi seviyorum"},{"lang":"pt-BR","name":"Eu amo minha mãe"},{"lang":"de-DE","name":"Ich liebe meine Mutter"},{"lang":"id-ID","name":"Aku sayang ibuku"},{"lang":"fr-FR","name":"J’aime ma mère"}],"actions":[]},{"name":"I love my father","image":"/img/dict/family/family.png","actor":"Grandma","dialogType":"Normal","translates":[{"lang":"ru-RU","name":"Я люблю своего папу"},{"lang":"vi-VN","name":"Tôi yêu bố tôi"},{"lang":"zh-CN","name":"我爱我的爸爸"},{"lang":"hi-IN","name":"मुझे अपने पिताजी से प्यार है"},{"lang":"th-TH","name":"ฉันรักพ่อของฉัน"},{"lang":"tr-TR","name":"Babamı seviyorum"},{"lang":"pt-BR","name":"Eu amo meu pai"},{"lang":"de-DE","name":"Ich liebe meinen Vater"},{"lang":"id-ID","name":"Aku sayang ayahku"},{"lang":"fr-FR","name":"J’aime mon père"}],"actions":[]},{"name":"Who is he?","image":"/img/dict/family/grandfather.png","actor":"Grandma","dialogType":"Normal","translates":[{"lang":"ru-RU","name":"Кто он?"},{"lang":"vi-VN","name":"Ông ấy là ai?"},{"lang":"zh-CN","name":"他是谁？"},{"lang":"hi-IN","name":"वह कौन है?"},{"lang":"th-TH","name":"เขาเป็นใคร?"},{"lang":"tr-TR","name":"O kim?"},{"lang":"pt-BR","name":"Quem é ele?"},{"lang":"de-DE","name":"Wer ist er?"},{"lang":"id-ID","name":"Siapa dia?"},{"lang":"fr-FR","name":"Qui est-ce ?"}],"actions":[{"name":"Grandfather","isCorrect":true,"score":1,"translates":[{"lang":"ru-RU","name":"Дедушка"},{"lang":"vi-VN","name":"Ông"},{"lang":"zh-CN","name":"爷爷"},{"lang":"hi-IN","name":"दादा"},{"lang":"th-TH","name":"ปู่"},{"lang":"tr-TR","name":"Büyükbaba"},{"lang":"pt-BR","name":"Avô"},{"lang":"de-DE","name":"Großvater"},{"lang":"id-ID","name":"Kakek"},{"lang":"fr-FR","name":"Grand-père"}]},{"name":"Sister","isCorrect":false,"score":0,"translates":[{"lang":"ru-RU","name":"Сестра"},{"lang":"vi-VN","name":"Chị gái"},{"lang":"zh-CN","name":"姐姐"},{"lang":"hi-IN","name":"बहन"},{"lang":"th-TH","name":"พี่สาว"},{"lang":"tr-TR","name":"Kız kardeş"},{"lang":"pt-BR","name":"Irmã"},{"lang":"de-DE","name":"Schwester"},{"lang":"id-ID","name":"Saudara perempuan"},{"lang":"fr-FR","name":"Sœur"}]},{"name":"Dog","isCorrect":false,"score":0,"translates":[{"lang":"ru-RU","name":"Собака"},{"lang":"vi-VN","name":"Chó"},{"lang":"zh-CN","name":"狗"},{"lang":"hi-IN","name":"कुत्ता"},{"lang":"th-TH","name":"หมา"},{"lang":"tr-TR","name":"Köpek"},{"lang":"pt-BR","name":"Cachorro"},{"lang":"de-DE","name":"Hund"},{"lang":"id-ID","name":"Anjing"},{"lang":"fr-FR","name":"Chien"}]}]},{"name":"Yes! He is my grandfather.","image":"/img/dict/family/grandfather.png","actor":"Grandma","dialogType":"Normal","translates":[{"lang":"ru-RU","name":"Да! Это мой дедушка."},{"lang":"vi-VN","name":"Đúng rồi! Đó là ông tôi."},{"lang":"zh-CN","name":"对！他是我爷爷。"},{"lang":"hi-IN","name":"हाँ! वह मेरे दादा हैं।"},{"lang":"th-TH","name":"ใช่! เขาคือปู่ของฉัน"},{"lang":"tr-TR","name":"Evet! O benim büyükbabam."},{"lang":"pt-BR","name":"Sim! Ele é meu avô."},{"lang":"de-DE","name":"Ja! Das ist mein Großvater."},{"lang":"id-ID","name":"Ya! Dia kakek saya."},{"lang":"fr-FR","name":"Oui ! C’est mon grand-père."}],"actions":[]},{"name":"Who is she?","image":"/img/dict/family/grandmother.png","actor":"Grandma","dialogType":"Normal","translates":[{"lang":"ru-RU","name":"Кто он?"},{"lang":"vi-VN","name":"Ông ấy là ai?"},{"lang":"zh-CN","name":"他是谁？"},{"lang":"hi-IN","name":"वह कौन है?"},{"lang":"th-TH","name":"เขาเป็นใคร?"},{"lang":"tr-TR","name":"O kim?"},{"lang":"pt-BR","name":"Quem é ele?"},{"lang":"de-DE","name":"Wer ist er?"},{"lang":"id-ID","name":"Siapa dia?"},{"lang":"fr-FR","name":"Qui est-ce ?"}],"actions":[{"name":"Grandmother","isCorrect":true,"score":1,"translates":[{"lang":"ru-RU","name":"Бабушка"},{"lang":"vi-VN","name":"Bà"},{"lang":"zh-CN","name":"奶奶"},{"lang":"hi-IN","name":"दादी"},{"lang":"th-TH","name":"ย่า"},{"lang":"tr-TR","name":"Büyükanne"},{"lang":"pt-BR","name":"Avó"},{"lang":"de-DE","name":"Großmutter"},{"lang":"id-ID","name":"Nenek"},{"lang":"fr-FR","name":"Grand-mère"}]},{"name":"Brother","isCorrect":false,"score":0,"translates":[{"lang":"ru-RU","name":"Брат"},{"lang":"vi-VN","name":"Anh trai"},{"lang":"zh-CN","name":"哥哥"},{"lang":"hi-IN","name":"भाई"},{"lang":"th-TH","name":"พี่ชาย"},{"lang":"tr-TR","name":"Erkek kardeş"},{"lang":"pt-BR","name":"Irmão"},{"lang":"de-DE","name":"Bruder"},{"lang":"id-ID","name":"Saudara laki-laki"},{"lang":"fr-FR","name":"Frère"}]},{"name":"Cat","isCorrect":false,"score":0,"translates":[{"lang":"ru-RU","name":"Кошка"},{"lang":"vi-VN","name":"Mèo"},{"lang":"zh-CN","name":"猫"},{"lang":"hi-IN","name":"बिल्ली"},{"lang":"th-TH","name":"แมว"},{"lang":"tr-TR","name":"Kedi"},{"lang":"pt-BR","name":"Gato"},{"lang":"de-DE","name":"Katze"},{"lang":"id-ID","name":"Kucing"},{"lang":"fr-FR","name":"Chat"}]}]},{"name":"Yes! She is my grandmother.","image":"/img/dict/family/grandmother.png","actor":"Grandma","dialogType":"Normal","translates":[{"lang":"ru-RU","name":"Да! Это моя бабушка."},{"lang":"vi-VN","name":"Đúng rồi! Đó là bà tôi."},{"lang":"zh-CN","name":"对！她是我奶奶。"},{"lang":"hi-IN","name":"हाँ! वह मेरी दादी हैं।"},{"lang":"th-TH","name":"ใช่! เธอคือย่าของฉัน"},{"lang":"tr-TR","name":"Evet! O benim büyükannem."},{"lang":"pt-BR","name":"Sim! Ela é minha avó."},{"lang":"de-DE","name":"Ja! Das ist meine Großmutter."},{"lang":"id-ID","name":"Ya! Dia nenek saya."},{"lang":"fr-FR","name":"Oui ! C’est ma grand-mère."}],"actions":[]},{"name":"I love my brother","image":"/img/dict/family/brother.png","actor":"Grandma","dialogType":"Normal","translates":[{"lang":"ru-RU","name":"Я люблю своего брата"},{"lang":"vi-VN","name":"Tôi yêu anh trai tôi"},{"lang":"zh-CN","name":"我爱我的哥哥"},{"lang":"hi-IN","name":"मुझे अपने भाई से प्यार है"},{"lang":"th-TH","name":"ฉันรักพี่ชายของฉัน"},{"lang":"tr-TR","name":"Kardeşimi seviyorum"},{"lang":"pt-BR","name":"Eu amo meu irmão"},{"lang":"de-DE","name":"Ich liebe meinen Bruder"},{"lang":"id-ID","name":"Aku sayang saudaraku laki-laki"},{"lang":"fr-FR","name":"J’aime mon frère"}],"actions":[]},{"name":"I love my sister","image":"/img/dict/family/sister.png","actor":"Grandma","dialogType":"Normal","translates":[{"lang":"ru-RU","name":"Я люблю свою сестру"},{"lang":"vi-VN","name":"Tôi yêu chị gái tôi"},{"lang":"zh-CN","name":"我爱我的姐姐"},{"lang":"hi-IN","name":"मुझे अपनी बहन से प्यार है"},{"lang":"th-TH","name":"ฉันรักพี่สาวของฉัน"},{"lang":"tr-TR","name":"Kız kardeşimi seviyorum"},{"lang":"pt-BR","name":"Eu amo minha irmã"},{"lang":"de-DE","name":"Ich liebe meine Schwester"},{"lang":"id-ID","name":"Aku sayang saudariku perempuan"},{"lang":"fr-FR","name":"J’aime ma sœur"}],"actions":[]},{"name":"We are the family","image":"/img/dict/family/family.png","actor":"Grandma","dialogType":"Normal","translates":[{"lang":"ru-RU","name":"Мы — семья"},{"lang":"vi-VN","name":"Chúng tôi là gia đình"},{"lang":"zh-CN","name":"我们是一家人"},{"lang":"hi-IN","name":"हम एक परिवार हैं"},{"lang":"th-TH","name":"พวกเราคือครอบครัว"},{"lang":"tr-TR","name":"Biz aileyiz"},{"lang":"pt-BR","name":"Nós somos uma família"},{"lang":"de-DE","name":"Wir sind eine Familie"},{"lang":"id-ID","name":"Kami adalah keluarga"},{"lang":"fr-FR","name":"Nous sommes une famille"}],"actions":[]}],"actors":[{"id":"Grandma","name":"Grandma","image":"/img/dict/family/baby.png","s":"u"}]}