{"name":"Name","bg":"/img/story/bg/roads1.png","age":0,"translations":[{"lang":"ru-RU","name":"Имя"},{"lang":"vi-VN","name":"Tên"},{"lang":"zh-CN","name":"名字"},{"lang":"hi-IN","name":"नाम"},{"lang":"th-TH","name":"ชื่อ"},{"lang":"tr-TR","name":"İsim"},{"lang":"pt-BR","name":"Nome"},{"lang":"de-DE","name":"Name"},{"lang":"id-ID","name":"Nama"},{"lang":"fr-FR","name":"Nom"}],"items":[{"name":"Oh! Sorry, my friend. I forget to ask your name!","actor":"Wizard","dialogType":"Normal","translates":[{"lang":"ru-RU","name":"Ой! Прости, друг. Я забыл спросить твоё имя!"},{"lang":"vi-VN","name":"Ôi! Xin lỗi bạn. Tôi quên hỏi tên bạn!"},{"lang":"zh-CN","name":"哦！对不起朋友，我忘了问你的名字！"},{"lang":"hi-IN","name":"ओह! माफ करना दोस्त। मैं तुम्हारा नाम पूछना भूल गया!"},{"lang":"th-TH","name":"โอ้! ขอโทษนะเพื่อน ฉันลืมถามชื่อคุณ!"},{"lang":"tr-TR","name":"Ah! Üzgünüm dostum. Adını sormayı unuttum!"},{"lang":"pt-BR","name":"Oh! Desculpe, amigo. Esqueci de perguntar seu nome!"},{"lang":"de-DE","name":"Oh! Entschuldige, Freund. Ich habe vergessen, nach deinem Namen zu fragen!"},{"lang":"id-ID","name":"Oh! Maaf, teman. Aku lupa menanyakan namamu!"},{"lang":"fr-FR","name":"Oh! Désolé, mon ami. J\u0027ai oublié de te demander ton nom!"}],"actions":[{"name":"Ha! no problems!","isCorrect":true,"score":1,"translates":[{"lang":"ru-RU","name":"Ха! Без проблем!"},{"lang":"vi-VN","name":"Ha! Không vấn đề gì!"},{"lang":"zh-CN","name":"哈！没问题！"},{"lang":"hi-IN","name":"हा! कोई समस्या नहीं!"},{"lang":"th-TH","name":"ฮ่า! ไม่มีปัญหา!"},{"lang":"tr-TR","name":"Ha! Sorun değil!"},{"lang":"pt-BR","name":"Ha! Sem problemas!"},{"lang":"de-DE","name":"Ha! Kein Problem!"},{"lang":"id-ID","name":"Ha! Tidak masalah!"},{"lang":"fr-FR","name":"Ha! Pas de problème!"}]},{"name":"Bye","isCorrect":false,"score":0,"translates":[{"lang":"ru-RU","name":"Пока"},{"lang":"vi-VN","name":"Tạm biệt"},{"lang":"zh-CN","name":"再见"},{"lang":"hi-IN","name":"अलविदा"},{"lang":"th-TH","name":"ลาก่อน"},{"lang":"tr-TR","name":"Hoşçakal"},{"lang":"pt-BR","name":"Tchau"},{"lang":"de-DE","name":"Tschüss"},{"lang":"id-ID","name":"Selamat tinggal"},{"lang":"fr-FR","name":"Au revoir"}]},{"name":"No worries!","isCorrect":true,"score":2,"translates":[{"lang":"ru-RU","name":"Не беспокойся!"},{"lang":"vi-VN","name":"Đừng lo lắng!"},{"lang":"zh-CN","name":"别担心！"},{"lang":"hi-IN","name":"कोई चिंता नहीं!"},{"lang":"th-TH","name":"ไม่ต้องกังวล!"},{"lang":"tr-TR","name":"Endişelenme!"},{"lang":"pt-BR","name":"Não se preocupe!"},{"lang":"de-DE","name":"Keine Sorge!"},{"lang":"id-ID","name":"Jangan khawatir!"},{"lang":"fr-FR","name":"Ne t\u0027inquiète pas!"}]}]},{"name":"What is your name? Please, enter your name in English","meta":"pr_name","actor":"Wizard","dialogType":"ConfigString","translates":[{"lang":"ru-RU","name":"Как тебя зовут? Пожалуйста, введи своё имя на английском"},{"lang":"vi-VN","name":"Tên bạn là gì? Vui lòng nhập tên bằng tiếng Anh"},{"lang":"zh-CN","name":"你叫什么名字？请用英文输入你的名字"},{"lang":"hi-IN","name":"तुम्हारा नाम क्या है? कृपया अंग्रेजी में अपना नाम दर्ज करें"},{"lang":"th-TH","name":"คุณชื่ออะไร? กรุณากรอกชื่อเป็นภาษาอังกฤษ"},{"lang":"tr-TR","name":"Adın ne? Lütfen adını İngilizce olarak yaz"},{"lang":"pt-BR","name":"Qual é o seu nome? Por favor, digite seu nome em inglês"},{"lang":"de-DE","name":"Wie heißt du? Bitte gib deinen Namen auf Englisch ein"},{"lang":"id-ID","name":"Siapa namamu? Tolong masukkan nama dalam bahasa Inggris"},{"lang":"fr-FR","name":"Comment t\u0027appelles-tu? S\u0027il te plaît, écris ton nom en anglais"}],"actions":[]},{"name":"Nice to meet you, $pr_name","meta":"","actor":"Wizard","dialogType":"Normal","translates":[{"lang":"ru-RU","name":"Приятно познакомиться, $pr_name"},{"lang":"vi-VN","name":"Rất vui được gặp bạn, $pr_name"},{"lang":"zh-CN","name":"很高兴认识你，$pr_name"},{"lang":"hi-IN","name":"तुमसे मिलकर अच्छा लगा, $pr_name"},{"lang":"th-TH","name":"ยินดีที่ได้รู้จัก, $pr_name"},{"lang":"tr-TR","name":"Tanıştığımıza memnun oldum, $pr_name"},{"lang":"pt-BR","name":"Prazer em conhecê-lo, $pr_name"},{"lang":"de-DE","name":"Schön, dich kennenzulernen, $pr_name"},{"lang":"id-ID","name":"Senang bertemu denganmu, $pr_name"},{"lang":"fr-FR","name":"Enchanté de te rencontrer, $pr_name"}],"actions":[{"name":"Hello","isCorrect":false,"score":0,"translates":[{"lang":"ru-RU","name":"Привет"},{"lang":"vi-VN","name":"Xin chào"},{"lang":"zh-CN","name":"你好"},{"lang":"hi-IN","name":"नमस्ते"},{"lang":"th-TH","name":"สวัสดี"},{"lang":"tr-TR","name":"Merhaba"},{"lang":"pt-BR","name":"Olá"},{"lang":"de-DE","name":"Hallo"},{"lang":"id-ID","name":"Halo"},{"lang":"fr-FR","name":"Bonjour"}]},{"name":"Nice to meet you, Wiz too","isCorrect":true,"score":1,"translates":[{"lang":"ru-RU","name":"Взаимно, Виз!"},{"lang":"vi-VN","name":"Cũng rất vui được gặp bạn, Wiz!"},{"lang":"zh-CN","name":"我也很高兴认识你，威兹！"},{"lang":"hi-IN","name":"मुझे भी तुमसे मिलकर अच्छा लगा, विज़!"},{"lang":"th-TH","name":"ยินดีที่ได้รู้จักเช่นกัน วิซ!"},{"lang":"tr-TR","name":"Ben de tanıştığıma memnun oldum, Wiz!"},{"lang":"pt-BR","name":"Prazer em conhecê-lo também, Wiz!"},{"lang":"de-DE","name":"Freut mich auch, Wiz!"},{"lang":"id-ID","name":"Senang bertemu denganmu juga, Wiz!"},{"lang":"fr-FR","name":"Enchanté aussi, Wiz!"}]},{"name":"Ok","isCorrect":false,"score":0,"translates":[{"lang":"ru-RU","name":"Ок"},{"lang":"vi-VN","name":"Được"},{"lang":"zh-CN","name":"好的"},{"lang":"hi-IN","name":"ठीक"},{"lang":"th-TH","name":"ตกลง"},{"lang":"tr-TR","name":"Tamam"},{"lang":"pt-BR","name":"Ok"},{"lang":"de-DE","name":"Ok"},{"lang":"id-ID","name":"Oke"},{"lang":"fr-FR","name":"D\u0027accord"}]},{"name":"Good bye","isCorrect":false,"score":0,"translates":[{"lang":"ru-RU","name":"До свидания"},{"lang":"vi-VN","name":"Tạm biệt"},{"lang":"zh-CN","name":"再见"},{"lang":"hi-IN","name":"अलविदा"},{"lang":"th-TH","name":"ลาก่อน"},{"lang":"tr-TR","name":"Hoşçakal"},{"lang":"pt-BR","name":"Adeus"},{"lang":"de-DE","name":"Auf Wiedersehen"},{"lang":"id-ID","name":"Selamat tinggal"},{"lang":"fr-FR","name":"Au revoir"}]}]},{"name":"$pr_name, what color do you see?","image":"/img/dict/colors/blue.png","meta":"","isHideTransl":true,"actor":"Wizard","dialogType":"Normal","translates":[{"lang":"ru-RU","name":"$pr_name, какой цвет ты видишь?"},{"lang":"vi-VN","name":"$pr_name, bạn thấy màu gì?"},{"lang":"zh-CN","name":"$pr_name，你看到什么颜色？"},{"lang":"hi-IN","name":"$pr_name, आपको कौन सा रंग दिखाई दे रहा है?"},{"lang":"th-TH","name":"$pr_name คุณเห็นสีอะไร?"},{"lang":"tr-TR","name":"$pr_name, hangi rengi görüyorsun?"},{"lang":"pt-BR","name":"$pr_name, que cor você vê?"},{"lang":"de-DE","name":"$pr_name, welche Farbe siehst du?"},{"lang":"id-ID","name":"$pr_name, warna apa yang kamu lihat?"},{"lang":"fr-FR","name":"$pr_name, quelle couleur vois-tu?"}],"actions":[{"name":"White","isCorrect":false,"score":0,"translates":[{"lang":"ru-RU","name":"Белый"},{"lang":"vi-VN","name":"Trắng"},{"lang":"zh-CN","name":"白色"},{"lang":"hi-IN","name":"सफेद"},{"lang":"th-TH","name":"สีขาว"},{"lang":"tr-TR","name":"Beyaz"},{"lang":"pt-BR","name":"Branco"},{"lang":"de-DE","name":"Weiß"},{"lang":"id-ID","name":"Putih"},{"lang":"fr-FR","name":"Blanc"}]},{"name":"Red","isCorrect":false,"score":0,"translates":[{"lang":"ru-RU","name":"Красный"},{"lang":"vi-VN","name":"Đỏ"},{"lang":"zh-CN","name":"红色"},{"lang":"hi-IN","name":"लाल"},{"lang":"th-TH","name":"สีแดง"},{"lang":"tr-TR","name":"Kırmızı"},{"lang":"pt-BR","name":"Vermelho"},{"lang":"de-DE","name":"Rot"},{"lang":"id-ID","name":"Merah"},{"lang":"fr-FR","name":"Rouge"}]},{"name":"Blue","isCorrect":true,"score":1,"translates":[{"lang":"ru-RU","name":"Синий"},{"lang":"vi-VN","name":"Xanh dương"},{"lang":"zh-CN","name":"蓝色"},{"lang":"hi-IN","name":"नीला"},{"lang":"th-TH","name":"สีน้ำเงิน"},{"lang":"tr-TR","name":"Mavi"},{"lang":"pt-BR","name":"Azul"},{"lang":"de-DE","name":"Blau"},{"lang":"id-ID","name":"Biru"},{"lang":"fr-FR","name":"Bleu"}]},{"name":"Black","isCorrect":false,"score":0,"translates":[{"lang":"ru-RU","name":"Чёрный"},{"lang":"vi-VN","name":"Đen"},{"lang":"zh-CN","name":"黑色"},{"lang":"hi-IN","name":"काला"},{"lang":"th-TH","name":"สีดำ"},{"lang":"tr-TR","name":"Siyah"},{"lang":"pt-BR","name":"Preto"},{"lang":"de-DE","name":"Schwarz"},{"lang":"id-ID","name":"Hitam"},{"lang":"fr-FR","name":"Noir"}]}]},{"name":"You cant tap on image for zoom it","image":"/img/dict/emoji/kiss.png","actor":"Wizard","dialogType":"Normal","translates":[{"lang":"ru-RU","name":"Ты можешь нажать на изображение, чтобы увеличить его"},{"lang":"vi-VN","name":"Bạn có thể chạm vào hình ảnh để phóng to"},{"lang":"zh-CN","name":"你可以点击图片放大"},{"lang":"hi-IN","name":"आप ज़ूम करने के लिए छवि पर टैप कर सकते हैं"},{"lang":"th-TH","name":"คุณสามารถแตะที่ภาพเพื่อซูมเข้าได้"},{"lang":"tr-TR","name":"Yakınlaştırmak için resme dokunabilirsiniz"},{"lang":"pt-BR","name":"Você pode tocar na imagem para ampliá-la"},{"lang":"de-DE","name":"Du kannst auf das Bild tippen, um es zu vergrößern"},{"lang":"id-ID","name":"Anda dapat mengetuk gambar untuk memperbesarnya"},{"lang":"fr-FR","name":"Tu peux appuyer sur l\u0027image pour zoomer"}],"actions":[]},{"name":"$pr_name, well done! And what about this shape?","image":"/img/dict/shapes/heart.png","meta":"","isHideTransl":true,"actor":"Wizard","dialogType":"Normal","translates":[{"lang":"ru-RU","name":"$pr_name, отлично! А что насчёт этой фигуры?"},{"lang":"vi-VN","name":"$pr_name, làm tốt lắm! Còn hình này thì sao?"},{"lang":"zh-CN","name":"$pr_name，做得好！那么这个形状呢？"},{"lang":"hi-IN","name":"$pr_name, बहुत अच्छे! और इस आकृति के बारे में क्या?"},{"lang":"th-TH","name":"$pr_name ทำได้ดีมาก! แล้วรูปทรงนี้ล่ะ?"},{"lang":"tr-TR","name":"$pr_name, aferin! Peki ya bu şekil?"},{"lang":"pt-BR","name":"$pr_name, muito bem! E quanto a esta forma?"},{"lang":"de-DE","name":"$pr_name, gut gemacht! Und was ist mit dieser Form?"},{"lang":"id-ID","name":"$pr_name, bagus sekali! Bagaimana dengan bentuk ini?"},{"lang":"fr-FR","name":"$pr_name, bien joué! Et cette forme?"}],"actions":[{"name":"Helix","isCorrect":false,"score":0,"translates":[{"lang":"ru-RU","name":"Спираль"},{"lang":"vi-VN","name":"Xoắn ốc"},{"lang":"zh-CN","name":"螺旋"},{"lang":"hi-IN","name":"हेलिक्स"},{"lang":"th-TH","name":"เกลียว"},{"lang":"tr-TR","name":"Sarmal"},{"lang":"pt-BR","name":"Hélice"},{"lang":"de-DE","name":"Helix"},{"lang":"id-ID","name":"Heliks"},{"lang":"fr-FR","name":"Hélice"}]},{"name":"Oval","isCorrect":false,"score":0,"translates":[{"lang":"ru-RU","name":"Овал"},{"lang":"vi-VN","name":"Hình bầu dục"},{"lang":"zh-CN","name":"椭圆形"},{"lang":"hi-IN","name":"अंडाकार"},{"lang":"th-TH","name":"วงรี"},{"lang":"tr-TR","name":"Oval"},{"lang":"pt-BR","name":"Oval"},{"lang":"de-DE","name":"Oval"},{"lang":"id-ID","name":"Oval"},{"lang":"fr-FR","name":"Ovale"}]},{"name":"Circle","isCorrect":false,"score":0,"translates":[{"lang":"ru-RU","name":"Круг"},{"lang":"vi-VN","name":"Hình tròn"},{"lang":"zh-CN","name":"圆形"},{"lang":"hi-IN","name":"वृत्त"},{"lang":"th-TH","name":"วงกลม"},{"lang":"tr-TR","name":"Daire"},{"lang":"pt-BR","name":"Círculo"},{"lang":"de-DE","name":"Kreis"},{"lang":"id-ID","name":"Lingkaran"},{"lang":"fr-FR","name":"Cercle"}]},{"name":"Heart","isCorrect":true,"score":1,"translates":[{"lang":"ru-RU","name":"Сердце"},{"lang":"vi-VN","name":"Trái tim"},{"lang":"zh-CN","name":"心形"},{"lang":"hi-IN","name":"दिल"},{"lang":"th-TH","name":"หัวใจ"},{"lang":"tr-TR","name":"Kalp"},{"lang":"pt-BR","name":"Coração"},{"lang":"de-DE","name":"Herz"},{"lang":"id-ID","name":"Hati"},{"lang":"fr-FR","name":"Cœur"}]}]},{"name":"You are the best! Let\u0027s continue","actor":"Wizard","dialogType":"Normal","translates":[{"lang":"ru-RU","name":"Ты лучший! Продолжим"},{"lang":"vi-VN","name":"Bạn là số một! Hãy tiếp tục"},{"lang":"zh-CN","name":"你是最棒的！我们继续"},{"lang":"hi-IN","name":"तुम सबसे अच्छे हो! चलो जारी रखें"},{"lang":"th-TH","name":"คุณคือที่สุด! มาต่อกัน"},{"lang":"tr-TR","name":"Sen en iyisisin! Devam edelim"},{"lang":"pt-BR","name":"Você é o melhor! Vamos continuar"},{"lang":"de-DE","name":"Du bist der Beste! Lass uns weitermachen"},{"lang":"id-ID","name":"Kamu yang terbaik! Mari lanjutkan"},{"lang":"fr-FR","name":"Tu es le meilleur! Continuons"}],"actions":[]},{"name":"$pr_name, you can return to any activity for practice or go to \u0022All cards\u0022","actor":"Wizard","dialogType":"Normal","translates":[{"lang":"ru-RU","name":"$pr_name, ты можешь вернуться к любому заданию для практики или перейти в \u0022Все карточки\u0022"},{"lang":"vi-VN","name":"$pr_name, bạn có thể quay lại bất kỳ hoạt động nào để luyện tập hoặc đi đến \u0022Tất cả thẻ\u0022"},{"lang":"zh-CN","name":"$pr_name，你可以返回任何练习活动或前往\u0022所有卡片\u0022"},{"lang":"hi-IN","name":"$pr_name, आप अभ्यास के लिए किसी भी गतिविधि पर वापस जा सकते हैं या \u0022सभी कार्ड\u0022 पर जा सकते हैं"},{"lang":"th-TH","name":"$pr_name คุณสามารถกลับไปที่กิจกรรมใดก็ได้เพื่อฝึกฝนหรือไปที่ \u0022การ์ดทั้งหมด\u0022"},{"lang":"tr-TR","name":"$pr_name, pratik yapmak için herhangi bir etkinliğe dönebilir veya \u0022Tüm Kartlar\u0022a gidebilirsin"},{"lang":"pt-BR","name":"$pr_name, você pode voltar a qualquer atividade para praticar ou ir para \u0022Todos os cartões\u0022"},{"lang":"de-DE","name":"$pr_name, du kannst zu jeder Aktivität zurückkehren, um zu üben, oder zu \u0022Alle Karten\u0022 gehen"},{"lang":"id-ID","name":"$pr_name, kamu bisa kembali ke aktivitas apa pun untuk berlatih atau pergi ke \u0022Semua Kartu\u0022"},{"lang":"fr-FR","name":"$pr_name, tu peux revenir à n\u0027importe quelle activité pour t\u0027entraîner ou aller à \u0022Toutes les cartes\u0022"}],"actions":[{"name":"Thank you!","isCorrect":true,"score":1,"translates":[{"lang":"ru-RU","name":"Спасибо!"},{"lang":"vi-VN","name":"Cảm ơn!"},{"lang":"zh-CN","name":"谢谢！"},{"lang":"hi-IN","name":"धन्यवाद!"},{"lang":"th-TH","name":"ขอบคุณ!"},{"lang":"tr-TR","name":"Teşekkürler!"},{"lang":"pt-BR","name":"Obrigado!"},{"lang":"de-DE","name":"Danke!"},{"lang":"id-ID","name":"Terima kasih!"},{"lang":"fr-FR","name":"Merci!"}]}]}],"actors":[{"id":"Wizard","name":"Wiz","image":"/img/story/npc/wiz.png","s":"u"}]}