{"name":"Let’s Count!","bg":"/img/story/bg/market1.png","age":0,"translations":[{"lang":"ru-RU","name":"Давай считать!"},{"lang":"vi-VN","name":"Hãy đếm nào!"},{"lang":"zh-CN","name":"让我们数一数！"},{"lang":"hi-IN","name":"आइए गिनती करें!"},{"lang":"th-TH","name":"มานับกันเถอะ!"},{"lang":"tr-TR","name":"Hadi sayalım!"},{"lang":"pt-BR","name":"Vamos contar!"},{"lang":"de-DE","name":"Lass uns zählen!"},{"lang":"id-ID","name":"Ayo menghitung!"},{"lang":"fr-FR","name":"Comptons ensemble !"}],"items":[{"name":"Welcome to the market, $pr_name!","actor":"Seller","dialogType":"Normal","translates":[{"lang":"ru-RU","name":"Добро пожаловать на рынок, $pr_name!"},{"lang":"vi-VN","name":"Chào mừng đến chợ, $pr_name!"},{"lang":"zh-CN","name":"欢迎来到市场，$pr_name！"},{"lang":"hi-IN","name":"बाज़ार में आपका स्वागत है, $pr_name!"},{"lang":"th-TH","name":"ยินดีต้อนรับสู่ตลาด, $pr_name!"},{"lang":"tr-TR","name":"Pazara hoş geldin, $pr_name!"},{"lang":"pt-BR","name":"Bem-vindo ao mercado, $pr_name!"},{"lang":"de-DE","name":"Willkommen auf dem Markt, $pr_name!"},{"lang":"id-ID","name":"Selamat datang di pasar, $pr_name!"},{"lang":"fr-FR","name":"Bienvenue au marché, $pr_name !"}],"actions":[]},{"name":"$pr_name, i have some apples for you","image":"","actor":"Seller","dialogType":"Normal","translates":[{"lang":"ru-RU","name":"$pr_name, у меня есть для тебя немного яблок"},{"lang":"vi-VN","name":"Chào mừng đến chợ, $pr_name!"},{"lang":"zh-CN","name":"欢迎来到市场，$pr_name！"},{"lang":"hi-IN","name":"बाज़ार में आपका स्वागत है, $pr_name!"},{"lang":"th-TH","name":"ยินดีต้อนรับสู่ตลาด, $pr_name!"},{"lang":"tr-TR","name":"Pazara hoş geldin, $pr_name!"},{"lang":"pt-BR","name":"Bem-vindo ao mercado, $pr_name!"},{"lang":"de-DE","name":"Willkommen auf dem Markt, $pr_name!"},{"lang":"id-ID","name":"Selamat datang di pasar, $pr_name!"},{"lang":"fr-FR","name":"Bienvenue au marché, $pr_name !"}],"actions":[]},{"name":"Let’s count apples together! You cant tap on image to zoom in.","image":"/img/story/a0/apples.png","actor":"Seller","dialogType":"Normal","translates":[{"lang":"ru-RU","name":"Давай посчитаем яблоки вместе! Ты можешь нажать на картинку, чтобы увеличить её."},{"lang":"vi-VN","name":"Hãy cùng đếm táo nào!"},{"lang":"zh-CN","name":"让我们一起数苹果吧！"},{"lang":"hi-IN","name":"आओ सेब गिनें!"},{"lang":"th-TH","name":"มานับแอปเปิ้ลด้วยกันเถอะ!"},{"lang":"tr-TR","name":"Haydi birlikte elma sayalım!"},{"lang":"pt-BR","name":"Vamos contar maçãs juntos!"},{"lang":"de-DE","name":"Lass uns zusammen Äpfel zählen!"},{"lang":"id-ID","name":"Mari hitung apel bersama!"},{"lang":"fr-FR","name":"Comptons les pommes ensemble !"}],"actions":[]},{"name":"How many apples do you see?","image":"/img/story/a0/apples.png","actor":"Seller","dialogType":"Normal","translates":[{"lang":"ru-RU","name":"Сколько яблок ты видишь?"},{"lang":"vi-VN","name":"Bạn thấy bao nhiêu quả táo?"},{"lang":"zh-CN","name":"你看到几个苹果？"},{"lang":"hi-IN","name":"आप कितने सेब देख रहे हैं?"},{"lang":"th-TH","name":"คุณเห็นแอปเปิ้ลกี่ลูก?"},{"lang":"tr-TR","name":"Kaç elma görüyorsun?"},{"lang":"pt-BR","name":"Quantas maçãs você vê?"},{"lang":"de-DE","name":"Wie viele Äpfel siehst du?"},{"lang":"id-ID","name":"Berapa apel yang kamu lihat?"},{"lang":"fr-FR","name":"Combien de pommes vois-tu ?"}],"actions":[{"name":"One","isCorrect":false,"score":0,"translates":[{"lang":"ru-RU","name":"Один"},{"lang":"vi-VN","name":"Một"},{"lang":"zh-CN","name":"一"},{"lang":"hi-IN","name":"एक"},{"lang":"th-TH","name":"หนึ่ง"},{"lang":"tr-TR","name":"Bir"},{"lang":"pt-BR","name":"Um"},{"lang":"de-DE","name":"Eins"},{"lang":"id-ID","name":"Satu"},{"lang":"fr-FR","name":"Un"}]},{"name":"Three","isCorrect":true,"score":1,"translates":[{"lang":"ru-RU","name":"Три"},{"lang":"vi-VN","name":"Ba"},{"lang":"zh-CN","name":"三"},{"lang":"hi-IN","name":"तीन"},{"lang":"th-TH","name":"สาม"},{"lang":"tr-TR","name":"Üç"},{"lang":"pt-BR","name":"Três"},{"lang":"de-DE","name":"Drei"},{"lang":"id-ID","name":"Tiga"},{"lang":"fr-FR","name":"Trois"}]},{"name":"Five","isCorrect":false,"score":0,"translates":[{"lang":"ru-RU","name":"Пять"},{"lang":"vi-VN","name":"Năm"},{"lang":"zh-CN","name":"五"},{"lang":"hi-IN","name":"पांच"},{"lang":"th-TH","name":"ห้า"},{"lang":"tr-TR","name":"Beş"},{"lang":"pt-BR","name":"Cinco"},{"lang":"de-DE","name":"Fünf"},{"lang":"id-ID","name":"Lima"},{"lang":"fr-FR","name":"Cinq"}]}]},{"name":"Great! You counted three apples!","image":"/img/dict/numbers/3.png","actor":"Seller","dialogType":"Normal","translates":[{"lang":"ru-RU","name":"Отлично! Ты посчитал три яблока!"},{"lang":"vi-VN","name":"Tuyệt vời! Bạn đã đếm được ba quả táo!"},{"lang":"zh-CN","name":"太棒了！你数了三个苹果！"},{"lang":"hi-IN","name":"शानदार! आपने तीन सेब गिने!"},{"lang":"th-TH","name":"เยี่ยมมาก! คุณนับได้สามลูก!"},{"lang":"tr-TR","name":"Harika! Üç elma saydın!"},{"lang":"pt-BR","name":"Ótimo! Você contou três maçãs!"},{"lang":"de-DE","name":"Großartig! Du hast drei Äpfel gezählt!"},{"lang":"id-ID","name":"Hebat! Kamu menghitung tiga apel!"},{"lang":"fr-FR","name":"Super ! Tu as compté trois pommes !"}],"actions":[]}],"actors":[{"id":"Seller","name":"Tommy","image":"/img/story/npc/seller1.png","s":"u"}]}