{
  "name": "A Day at the Park",
  "bg": "/img/story/bg/park1.png",
  "age": 0,
  "translations": [
    {
      "lang": "ru-RU",
      "name": "День в парке"
    },
    {
      "lang": "vi-VN",
      "name": "Một ngày ở công viên"
    },
    {
      "lang": "zh-CN",
      "name": "在公园的一天"
    },
    {
      "lang": "hi-IN",
      "name": "पार्क में एक दिन"
    },
    {
      "lang": "th-TH",
      "name": "หนึ่งวันที่สวนสาธารณะ"
    },
    {
      "lang": "tr-TR",
      "name": "Parkta bir gün"
    },
    {
      "lang": "pt-BR",
      "name": "Um dia no parque"
    },
    {
      "lang": "de-DE",
      "name": "Ein Tag im Park"
    },
    {
      "lang": "id-ID",
      "name": "Sehari di taman"
    },
    {
      "lang": "fr-FR",
      "name": "Une journée au parc"
    }
  ],
  "items": [
    {
      "name": "Hello, Tom!",
      "actor": "Anna",
      "dialogType": "Normal",
      "translates": [
        {
          "lang": "ru-RU",
          "name": "Привет, Том!"
        }
      ],
      "actions": []
    },
    {
      "name": "Hi, Anna! Let’s go to the park.",
      "actor": "Tom",
      "dialogType": "Normal",
      "translates": [
        {
          "lang": "ru-RU",
          "name": "Привет, Анна! Пойдем в парк."
        }
      ],
      "actions": []
    },
    {
      "name": "Good idea! I like the park.",
      "actor": "Anna",
      "dialogType": "Normal",
      "translates": [
        {
          "lang": "ru-RU",
          "name": "Хорошая идея! Мне нравится парк."
        }
      ],
      "actions": []
    },
    {
      "name": "Look! The sun is shining.",
      "actor": "Tom",
      "dialogType": "Normal",
      "translates": [
        {
          "lang": "ru-RU",
          "name": "Смотри! Солнце светит."
        }
      ],
      "actions": []
    },
    {
      "name": "Yes! I see birds.",
      "actor": "Anna",
      "dialogType": "Normal",
      "translates": [
        {
          "lang": "ru-RU",
          "name": "Да! Я вижу птиц."
        }
      ],
      "actions": []
    },
    {
      "name": "The birds fly.",
      "actor": "Tom",
      "dialogType": "Normal",
      "translates": [
        {
          "lang": "ru-RU",
          "name": "Птицы летят."
        }
      ],
      "actions": []
    },
    {
      "name": "I sit on the bench.",
      "actor": "Anna",
      "dialogType": "Normal",
      "translates": [
        {
          "lang": "ru-RU",
          "name": "Я сажусь на скамейку."
        }
      ],
      "actions": []
    },
    {
      "name": "I run on the grass.",
      "actor": "Tom",
      "dialogType": "Normal",
      "translates": [
        {
          "lang": "ru-RU",
          "name": "Я бегаю по траве."
        }
      ],
      "actions": []
    },
    {
      "name": "Come here, Tom!",
      "actor": "Anna",
      "dialogType": "Normal",
      "translates": [
        {
          "lang": "ru-RU",
          "name": "Иди сюда, Том!"
        }
      ],
      "actions": []
    },
    {
      "name": "OK! I come.",
      "actor": "Tom",
      "dialogType": "Normal",
      "translates": [
        {
          "lang": "ru-RU",
          "name": "Хорошо! Я иду."
        }
      ],
      "actions": []
    },
    {
      "name": "Take this apple.",
      "actor": "Anna",
      "dialogType": "Normal",
      "translates": [
        {
          "lang": "ru-RU",
          "name": "Возьми это яблоко."
        }
      ],
      "actions": []
    },
    {
      "name": "Thank you! I eat the apple.",
      "actor": "Tom",
      "dialogType": "Normal",
      "translates": [
        {
          "lang": "ru-RU",
          "name": "Спасибо! Я ем яблоко."
        }
      ],
      "actions": []
    },
    {
      "name": "I drink water.",
      "actor": "Anna",
      "dialogType": "Normal",
      "translates": [
        {
          "lang": "ru-RU",
          "name": "Я пью воду."
        }
      ],
      "actions": []
    },
    {
      "name": "I jump! Look at me!",
      "actor": "Tom",
      "dialogType": "Normal",
      "translates": [
        {
          "lang": "ru-RU",
          "name": "Я прыгаю! Смотри на меня!"
        }
      ],
      "actions": []
    },
    {
      "name": "Good job! You jump high.",
      "actor": "Anna",
      "dialogType": "Normal",
      "translates": [
        {
          "lang": "ru-RU",
          "name": "Молодец! Ты прыгаешь высоко."
        }
      ],
      "actions": []
    },
    {
      "name": "Let’s play with the ball.",
      "actor": "Tom",
      "dialogType": "Normal",
      "translates": [
        {
          "lang": "ru-RU",
          "name": "Давай играть с мячом."
        }
      ],
      "actions": []
    },
    {
      "name": "Yes! I throw the ball.",
      "actor": "Anna",
      "dialogType": "Normal",
      "translates": [
        {
          "lang": "ru-RU",
          "name": "Да! Я бросаю мяч."
        }
      ],
      "actions": []
    },
    {
      "name": "I catch the ball!",
      "actor": "Tom",
      "dialogType": "Normal",
      "translates": [
        {
          "lang": "ru-RU",
          "name": "Я ловлю мяч!"
        }
      ],
      "actions": []
    },
    {
      "name": "Let’s go home now.",
      "actor": "Anna",
      "dialogType": "Normal",
      "translates": [
        {
          "lang": "ru-RU",
          "name": "Давай теперь пойдем домой."
        }
      ],
      "actions": []
    },
    {
      "name": "Yes. We walk home together.",
      "actor": "Tom",
      "dialogType": "Normal",
      "translates": [
        {
          "lang": "ru-RU",
          "name": "Да. Мы идем домой вместе."
        }
      ],
      "actions": []
    }
  ],
  "actors": [
    {
      "id": "Anna",
      "name": "Anna",
      "image": "/img/story/npc/girl1.png",
      "s": "f"
    },
    {
      "id": "Tom",
      "name": "Tom",
      "image": "/img/story/npc/boy1.png",
      "s": "m"
    }
  ]
}