{"name":"Intro","bg":"/img/story/bg/roads1.png","age":0,"translations":[{"lang":"ru-RU","name":"Введение"},{"lang":"vi-VN","name":"Giới thiệu"},{"lang":"zh-CN","name":"介绍"},{"lang":"hi-IN","name":"परिचय"},{"lang":"th-TH","name":"บทนำ"},{"lang":"tr-TR","name":"Giriş"},{"lang":"pt-BR","name":"Introdução"},{"lang":"de-DE","name":"Einführung"},{"lang":"id-ID","name":"Pengantar"},{"lang":"fr-FR","name":"Introduction"}],"items":[{"name":"Hello","actor":"Wizard","dialogType":"Normal","translates":[{"lang":"ru-RU","name":"Привет"},{"lang":"vi-VN","name":"Xin chào"},{"lang":"zh-CN","name":"你好"},{"lang":"hi-IN","name":"नमस्ते"},{"lang":"th-TH","name":"สวัสดี"},{"lang":"tr-TR","name":"Merhaba"},{"lang":"pt-BR","name":"Olá"},{"lang":"de-DE","name":"Hallo"},{"lang":"id-ID","name":"Halo"},{"lang":"fr-FR","name":"Bonjour"}],"actions":[{"name":"Hello","isCorrect":true,"score":1,"translates":[{"lang":"ru-RU","name":"Привет"},{"lang":"vi-VN","name":"Xin chào"},{"lang":"zh-CN","name":"你好"},{"lang":"hi-IN","name":"नमस्ते"},{"lang":"th-TH","name":"สวัสดี"},{"lang":"tr-TR","name":"Merhaba"},{"lang":"pt-BR","name":"Olá"},{"lang":"de-DE","name":"Hallo"},{"lang":"id-ID","name":"Halo"},{"lang":"fr-FR","name":"Bonjour"}]},{"name":"Bye","isCorrect":false,"score":0,"translates":[{"lang":"ru-RU","name":"Пока"},{"lang":"vi-VN","name":"Tạm biệt"},{"lang":"zh-CN","name":"再见"},{"lang":"hi-IN","name":"अलविदा"},{"lang":"th-TH","name":"ลาก่อน"},{"lang":"tr-TR","name":"Hoşçakal"},{"lang":"pt-BR","name":"Tchau"},{"lang":"de-DE","name":"Tschüss"},{"lang":"id-ID","name":"Selamat tinggal"},{"lang":"fr-FR","name":"Au revoir"}]}]},{"name":"My name is wiz","actor":"Wizard","dialogType":"Normal","translates":[{"lang":"ru-RU","name":"Меня зовут Виз"},{"lang":"vi-VN","name":"Tên tôi là Wiz"},{"lang":"zh-CN","name":"我的名字是威兹"},{"lang":"hi-IN","name":"मेरा नाम विज़ है"},{"lang":"th-TH","name":"ฉันชื่อวิซ"},{"lang":"tr-TR","name":"Benim adım Wiz"},{"lang":"pt-BR","name":"Meu nome é Wiz"},{"lang":"de-DE","name":"Mein Name ist Wiz"},{"lang":"id-ID","name":"Nama saya Wiz"},{"lang":"fr-FR","name":"Je m\u0027appelle Wiz"}],"actions":[]},{"name":"I am a Wizard","actor":"Wizard","dialogType":"Normal","translates":[{"lang":"ru-RU","name":"Я волшебник"},{"lang":"vi-VN","name":"Tôi là phù thủy"},{"lang":"zh-CN","name":"我是一个巫师"},{"lang":"hi-IN","name":"मैं एक जादूगर हूँ"},{"lang":"th-TH","name":"ฉันเป็นพ่อมด"},{"lang":"tr-TR","name":"Ben bir büyücüyüm"},{"lang":"pt-BR","name":"Eu sou um Mago"},{"lang":"de-DE","name":"Ich bin ein Zauberer"},{"lang":"id-ID","name":"Saya seorang Penyihir"},{"lang":"fr-FR","name":"Je suis un sorcier"}],"actions":[]},{"name":"Welcome to our english world","actor":"Wizard","dialogType":"Normal","translates":[{"lang":"ru-RU","name":"Добро пожаловать в наш мир английского"},{"lang":"vi-VN","name":"Chào mừng đến với thế giới tiếng Anh của chúng tôi"},{"lang":"zh-CN","name":"欢迎来到我们的英语世界"},{"lang":"hi-IN","name":"हमारी अंग्रेजी दुनिया में आपका स्वागत है"},{"lang":"th-TH","name":"ยินดีต้อนรับสู่โลกภาษาอังกฤษของเรา"},{"lang":"tr-TR","name":"İngilizce dünyamıza hoş geldiniz"},{"lang":"pt-BR","name":"Bem-vindo ao nosso mundo de inglês"},{"lang":"de-DE","name":"Willkommen in unserer englischen Welt"},{"lang":"id-ID","name":"Selamat datang di dunia bahasa Inggris kami"},{"lang":"fr-FR","name":"Bienvenue dans notre monde anglais"}],"actions":[]},{"name":"We speak english here","actor":"Wizard","dialogType":"Normal","translates":[{"lang":"ru-RU","name":"Здесь мы говорим по-английски"},{"lang":"vi-VN","name":"Chúng tôi nói tiếng Anh ở đây"},{"lang":"zh-CN","name":"我们在这里说英语"},{"lang":"hi-IN","name":"हम यहां अंग्रेजी बोलते हैं"},{"lang":"th-TH","name":"เราพูดภาษาอังกฤษที่นี่"},{"lang":"tr-TR","name":"Burada İngilizce konuşuyoruz"},{"lang":"pt-BR","name":"Nós falamos inglês aqui"},{"lang":"de-DE","name":"Wir sprechen hier Englisch"},{"lang":"id-ID","name":"Kami berbicara bahasa Inggris di sini"},{"lang":"fr-FR","name":"Nous parlons anglais ici"}],"actions":[]},{"name":"I will help you to learn english","actor":"Wizard","dialogType":"Normal","translates":[{"lang":"ru-RU","name":"Я помогу вам освоить английский"},{"lang":"vi-VN","name":"Tôi sẽ giúp bạn học tiếng Anh"},{"lang":"zh-CN","name":"我会帮你学习英语"},{"lang":"hi-IN","name":"मैं आपको अंग्रेजी सीखने में मदद करूंगा"},{"lang":"th-TH","name":"ฉันจะช่วยคุณเรียนภาษาอังกฤษ"},{"lang":"tr-TR","name":"İngilizce öğrenmenize yardımcı olacağım"},{"lang":"pt-BR","name":"Eu vou te ajudar a aprender inglês"},{"lang":"de-DE","name":"Ich werde dir helfen, Englisch zu lernen"},{"lang":"id-ID","name":"Saya akan membantu Anda belajar bahasa Inggris"},{"lang":"fr-FR","name":"Je vais vous aider à apprendre l\u0027anglais"}],"actions":[]},{"name":"Complete the tasks and open new levels","actor":"Wizard","dialogType":"Normal","translates":[{"lang":"ru-RU","name":"Выполняйте задания и открывайте новые уровни"},{"lang":"vi-VN","name":"Hoàn thành nhiệm vụ và mở khóa cấp độ mới"},{"lang":"zh-CN","name":"完成任务并解锁新关卡"},{"lang":"hi-IN","name":"कार्यों को पूरा करें और नए स्तर खोलें"},{"lang":"th-TH","name":"ทำงานให้เสร็จและปลดล็อกระดับใหม่"},{"lang":"tr-TR","name":"Görevleri tamamlayın ve yeni seviyeleri açın"},{"lang":"pt-BR","name":"Complete as tarefas e desbloqueie novos níveis"},{"lang":"de-DE","name":"Erledige die Aufgaben und schalte neue Level frei"},{"lang":"id-ID","name":"Selesaikan tugas dan buka level baru"},{"lang":"fr-FR","name":"Terminez les tâches et débloquez de nouveaux niveaux"}],"actions":[]},{"name":"Let us start","actor":"Wizard","dialogType":"Normal","translates":[{"lang":"ru-RU","name":"Давайте начнём!"},{"lang":"vi-VN","name":"Hãy bắt đầu"},{"lang":"zh-CN","name":"让我们开始吧"},{"lang":"hi-IN","name":"चलो शुरू करते हैं"},{"lang":"th-TH","name":"มาเริ่มกันเลย"},{"lang":"tr-TR","name":"Hadi başlayalım"},{"lang":"pt-BR","name":"Vamos começar"},{"lang":"de-DE","name":"Lass uns anfangen"},{"lang":"id-ID","name":"Mari kita mulai"},{"lang":"fr-FR","name":"Commençons"}],"actions":[{"name":"Yes","isCorrect":true,"score":1,"translates":[{"lang":"ru-RU","name":"Да"},{"lang":"vi-VN","name":"Có"},{"lang":"zh-CN","name":"是的"},{"lang":"hi-IN","name":"हाँ"},{"lang":"th-TH","name":"ใช่"},{"lang":"tr-TR","name":"Evet"},{"lang":"pt-BR","name":"Sim"},{"lang":"de-DE","name":"Ja"},{"lang":"id-ID","name":"Ya"},{"lang":"fr-FR","name":"Oui"}]},{"name":"No","isCorrect":false,"score":0,"translates":[{"lang":"ru-RU","name":"Нет"},{"lang":"vi-VN","name":"Không"},{"lang":"zh-CN","name":"不"},{"lang":"hi-IN","name":"नहीं"},{"lang":"th-TH","name":"ไม่"},{"lang":"tr-TR","name":"Hayır"},{"lang":"pt-BR","name":"Não"},{"lang":"de-DE","name":"Nein"},{"lang":"id-ID","name":"Tidak"},{"lang":"fr-FR","name":"Non"}]},{"name":"Sure","isCorrect":true,"score":2,"translates":[{"lang":"ru-RU","name":"Конечно!"},{"lang":"vi-VN","name":"Chắc chắn"},{"lang":"zh-CN","name":"当然"},{"lang":"hi-IN","name":"ज़रूर"},{"lang":"th-TH","name":"แน่นอน"},{"lang":"tr-TR","name":"Tabii"},{"lang":"pt-BR","name":"Claro"},{"lang":"de-DE","name":"Sicher"},{"lang":"id-ID","name":"Tentu"},{"lang":"fr-FR","name":"Bien sûr"}]}]},{"name":"The more levels your pass - the more words you will learn","actor":"Wizard","dialogType":"Normal","translates":[{"lang":"ru-RU","name":"Чем больше уровней вы пройдёте — тем больше слов выучите"},{"lang":"vi-VN","name":"Bạn càng vượt qua nhiều cấp độ — bạn càng học được nhiều từ"},{"lang":"zh-CN","name":"通过的关卡越多，学到的单词就越多"},{"lang":"hi-IN","name":"जितने अधिक स्तर आप पूरा करेंगे, उतने ही अधिक शब्द सीखेंगे"},{"lang":"th-TH","name":"ยิ่งผ่านด่านมากเท่าไหร่ ก็จะเรียนรู้คำศัพท์มากขึ้นเท่านั้น"},{"lang":"tr-TR","name":"Ne kadar çok seviye geçerseniz, o kadar çok kelime öğrenirsiniz"},{"lang":"pt-BR","name":"Quanto mais níveis você passar, mais palavras aprenderá"},{"lang":"de-DE","name":"Je mehr Level du abschließt, desto mehr Wörter lernst du"},{"lang":"id-ID","name":"Semakin banyak level yang Anda lewati — semakin banyak kata yang dipelajari"},{"lang":"fr-FR","name":"Plus vous passerez de niveaux, plus vous apprendrez de mots"}],"actions":[]},{"name":"Don\u0027t forget to practice every day","actor":"Wizard","dialogType":"Normal","translates":[{"lang":"ru-RU","name":"Не забывайте практиковаться каждый день"},{"lang":"vi-VN","name":"Đừng quên luyện tập hàng ngày"},{"lang":"zh-CN","name":"别忘了每天练习"},{"lang":"hi-IN","name":"रोज अभ्यास करना न भूलें"},{"lang":"th-TH","name":"อย่าลืมฝึกฝนทุกวัน"},{"lang":"tr-TR","name":"Her gün pratik yapmayı unutmayın"},{"lang":"pt-BR","name":"Não se esqueça de praticar todos os dias"},{"lang":"de-DE","name":"Vergiss nicht, täglich zu üben"},{"lang":"id-ID","name":"Jangan lupa berlatih setiap hari"},{"lang":"fr-FR","name":"N\u0027oubliez pas de pratiquer tous les jours"}],"actions":[{"name":"No way","isCorrect":false,"score":0,"translates":[{"lang":"ru-RU","name":"Ни за что"},{"lang":"vi-VN","name":"Không đời nào"},{"lang":"zh-CN","name":"没门"},{"lang":"hi-IN","name":"बिल्कुल नहीं"},{"lang":"th-TH","name":"ไม่มีทาง"},{"lang":"tr-TR","name":"Olmaz"},{"lang":"pt-BR","name":"De jeito nenhum"},{"lang":"de-DE","name":"Auf keinen Fall"},{"lang":"id-ID","name":"Tidak mungkin"},{"lang":"fr-FR","name":"Pas question"}]},{"name":"I promise","isCorrect":true,"score":2,"translates":[{"lang":"ru-RU","name":"Обещаю"},{"lang":"vi-VN","name":"Tôi hứa"},{"lang":"zh-CN","name":"我保证"},{"lang":"hi-IN","name":"मैं वादा करता हूँ"},{"lang":"th-TH","name":"ฉันสัญญา"},{"lang":"tr-TR","name":"Söz veriyorum"},{"lang":"pt-BR","name":"Eu prometo"},{"lang":"de-DE","name":"Ich verspreche es"},{"lang":"id-ID","name":"Saya berjanji"},{"lang":"fr-FR","name":"Je promets"}]},{"name":"May be...","isCorrect":true,"score":1,"translates":[{"lang":"ru-RU","name":"Может быть..."},{"lang":"vi-VN","name":"Có lẽ..."},{"lang":"zh-CN","name":"也许..."},{"lang":"hi-IN","name":"शायद..."},{"lang":"th-TH","name":"อาจจะ..."},{"lang":"tr-TR","name":"Belki..."},{"lang":"pt-BR","name":"Talvez..."},{"lang":"de-DE","name":"Vielleicht..."},{"lang":"id-ID","name":"Mungkin..."},{"lang":"fr-FR","name":"Peut-être..."}]}]}],"actors":[{"id":"Wizard","name":"Wiz","image":"/img/story/npc/wiz.png","s":"u"}]}