{
  "name": "Let's Clean Up",
  "bg": "/img/story/bg/livingroom.png",
  "age": 0,
  "translations": [
    {
      "lang": "ru-RU",
      "name": "Let's Clean Up"
    }
  ],
  "items": [
    {
      "name": "The room is messy!",
      "actor": "Mom",
      "dialogType": "Normal",
      "translates": [
        {
          "lang": "ru-RU",
          "name": "В комнате беспорядок!"
        }
      ],
      "actions": []
    },
    {
      "name": "Let’s clean up.",
      "actor": "Tom",
      "dialogType": "Normal",
      "translates": [
        {
          "lang": "ru-RU",
          "name": "Давай уберем."
        }
      ],
      "actions": []
    },
    {
      "name": "Pick up the toys.",
      "actor": "Mom",
      "dialogType": "Normal",
      "translates": [
        {
          "lang": "ru-RU",
          "name": "Подними игрушки."
        }
      ],
      "actions": []
    },
    {
      "name": "I pick up the toys.",
      "actor": "Tom",
      "dialogType": "Normal",
      "translates": [
        {
          "lang": "ru-RU",
          "name": "Я поднимаю игрушки."
        }
      ],
      "actions": []
    },
    {
      "name": "Put books on the shelf.",
      "actor": "Mom",
      "dialogType": "Normal",
      "translates": [
        {
          "lang": "ru-RU",
          "name": "Поставь книги на полку."
        }
      ],
      "actions": []
    },
    {
      "name": "I put books on the shelf.",
      "actor": "Tom",
      "dialogType": "Normal",
      "translates": [
        {
          "lang": "ru-RU",
          "name": "Я ставлю книги на полку."
        }
      ],
      "actions": []
    },
    {
      "name": "Throw the trash away.",
      "actor": "Mom",
      "dialogType": "Normal",
      "translates": [
        {
          "lang": "ru-RU",
          "name": "Выбрось мусор."
        }
      ],
      "actions": []
    },
    {
      "name": "I throw the trash away.",
      "actor": "Tom",
      "dialogType": "Normal",
      "translates": [
        {
          "lang": "ru-RU",
          "name": "Я выбрасываю мусор."
        }
      ],
      "actions": []
    },
    {
      "name": "Let’s sweep the floor.",
      "actor": "Mom",
      "dialogType": "Normal",
      "translates": [
        {
          "lang": "ru-RU",
          "name": "Давай подметем пол."
        }
      ],
      "actions": []
    },
    {
      "name": "I sweep now.",
      "actor": "Tom",
      "dialogType": "Normal",
      "translates": [
        {
          "lang": "ru-RU",
          "name": "Я подметаю."
        }
      ],
      "actions": []
    },
    {
      "name": "Now the room is clean!",
      "actor": "Mom",
      "dialogType": "Normal",
      "translates": [
        {
          "lang": "ru-RU",
          "name": "Теперь комната чистая!"
        }
      ],
      "actions": []
    },
    {
      "name": "Great!",
      "actor": "Tom",
      "dialogType": "Normal",
      "translates": [
        {
          "lang": "ru-RU",
          "name": "Отлично!"
        }
      ],
      "actions": []
    }
  ],
  "actors": [
    {
      "id": "Mom",
      "name": "Mom",
      "image": "/img/story/npc/mom.png",
      "s": "f"
    },
    {
      "id": "Tom",
      "name": "Tom",
      "image": "/img/story/npc/tom.png",
      "s": "m"
    }
  ]
}