{"name":"Let’s Talk!","bg":"/img/story/bg/square.png","age":0,"translations":[{"lang":"ru-RU","name":"Давай поговорим!"},{"lang":"vi-VN","name":"Hãy nói chuyện nào!"},{"lang":"zh-CN","name":"让我们聊天吧！"},{"lang":"hi-IN","name":"आइए बात करें!"},{"lang":"th-TH","name":"มาคุยกันเถอะ!"},{"lang":"tr-TR","name":"Haydi konuşalım!"},{"lang":"pt-BR","name":"Vamos conversar!"},{"lang":"de-DE","name":"Lass uns reden!"},{"lang":"id-ID","name":"Ayo bicara!"},{"lang":"fr-FR","name":"Parlons un peu !"}],"items":[{"name":"Hi $pr_name! Let’s have a talk!","actor":"Friend","dialogType":"Normal","translates":[{"lang":"ru-RU","name":"Привет, $pr_name! Давай поболтаем!"},{"lang":"vi-VN","name":"Chào $pr_name! Hãy cùng trò chuyện nhé!"},{"lang":"zh-CN","name":"嗨，$pr_name！让我们聊聊吧！"},{"lang":"hi-IN","name":"हाय $pr_name! चलो बात करें!"},{"lang":"th-TH","name":"สวัสดี $pr_name! มาคุยกันเถอะ!"},{"lang":"tr-TR","name":"Merhaba $pr_name! Haydi biraz sohbet edelim!"},{"lang":"pt-BR","name":"Oi $pr_name! Vamos conversar!"},{"lang":"de-DE","name":"Hallo $pr_name! Lass uns plaudern!"},{"lang":"id-ID","name":"Hai $pr_name! Ayo ngobrol!"},{"lang":"fr-FR","name":"Salut $pr_name ! Parlons un peu !"}],"actions":[]},{"name":"What’s your name?","actor":"Friend","dialogType":"Normal","translates":[{"lang":"ru-RU","name":"Как тебя зовут?"},{"lang":"vi-VN","name":"Tên bạn là gì?"},{"lang":"zh-CN","name":"你叫什么名字？"},{"lang":"hi-IN","name":"तुम्हारा नाम क्या है?"},{"lang":"th-TH","name":"คุณชื่ออะไร?"},{"lang":"tr-TR","name":"Adın ne?"},{"lang":"pt-BR","name":"Qual é o seu nome?"},{"lang":"de-DE","name":"Wie heißt du?"},{"lang":"id-ID","name":"Siapa namamu?"},{"lang":"fr-FR","name":"Comment tu t\u0027appelles ?"}],"actions":[{"name":"My name is $pr_name","isCorrect":true,"score":1,"translates":[{"lang":"ru-RU","name":"Меня зовут $pr_name"},{"lang":"vi-VN","name":"Tên tôi là $pr_name"},{"lang":"zh-CN","name":"我叫$pr_name"},{"lang":"hi-IN","name":"मेरा नाम $pr_name है"},{"lang":"th-TH","name":"ฉันชื่อ $pr_name"},{"lang":"tr-TR","name":"Benim adım $pr_name"},{"lang":"pt-BR","name":"Meu nome é $pr_name"},{"lang":"de-DE","name":"Ich heiße $pr_name"},{"lang":"id-ID","name":"Nama saya $pr_name"},{"lang":"fr-FR","name":"Je m\u0027appelle $pr_name"}]},{"name":"I am good","isCorrect":false,"score":0,"translates":[{"lang":"ru-RU","name":"У меня всё хорошо"},{"lang":"vi-VN","name":"Tôi ổn"},{"lang":"zh-CN","name":"我很好"},{"lang":"hi-IN","name":"मैं अच्छा हूँ"},{"lang":"th-TH","name":"ฉันสบายดี"},{"lang":"tr-TR","name":"Ben iyiyim"},{"lang":"pt-BR","name":"Estou bem"},{"lang":"de-DE","name":"Mir geht\u0027s gut"},{"lang":"id-ID","name":"Saya baik"},{"lang":"fr-FR","name":"Je vais bien"}]},{"name":"I don\u0027t understand","isCorrect":false,"score":0,"translates":[{"lang":"ru-RU","name":"Я не понимаю"},{"lang":"vi-VN","name":"Tôi không hiểu"},{"lang":"zh-CN","name":"我不明白"},{"lang":"hi-IN","name":"मुझे समझ नहीं आया"},{"lang":"th-TH","name":"ฉันไม่เข้าใจ"},{"lang":"tr-TR","name":"Anlamıyorum"},{"lang":"pt-BR","name":"Eu não entendo"},{"lang":"de-DE","name":"Ich verstehe nicht"},{"lang":"id-ID","name":"Saya tidak mengerti"},{"lang":"fr-FR","name":"Je ne comprends pas"}]}]},{"name":"Nice to meet you!","actor":"Friend","dialogType":"Normal","translates":[{"lang":"ru-RU","name":"Приятно познакомиться!"},{"lang":"vi-VN","name":"Rất vui được gặp bạn!"},{"lang":"zh-CN","name":"很高兴认识你！"},{"lang":"hi-IN","name":"आपसे मिलकर अच्छा लगा!"},{"lang":"th-TH","name":"ยินดีที่ได้รู้จัก!"},{"lang":"tr-TR","name":"Tanıştığımıza memnun oldum!"},{"lang":"pt-BR","name":"Prazer em conhecê-lo!"},{"lang":"de-DE","name":"Schön dich kennenzulernen!"},{"lang":"id-ID","name":"Senang bertemu denganmu!"},{"lang":"fr-FR","name":"Ravi de te rencontrer !"}],"actions":[{"name":"Nice to meet you too","isCorrect":true,"score":1,"translates":[{"lang":"ru-RU","name":"Мне тоже приятно познакомиться"},{"lang":"vi-VN","name":"Tôi cũng rất vui được gặp bạn"},{"lang":"zh-CN","name":"我也很高兴认识你"},{"lang":"hi-IN","name":"मुझे भी आपसे मिलकर खुशी हुई"},{"lang":"th-TH","name":"ฉันก็ยินดีที่ได้รู้จักคุณ"},{"lang":"tr-TR","name":"Ben de tanıştığımıza memnun oldum"},{"lang":"pt-BR","name":"Prazer em conhecê-lo também"},{"lang":"de-DE","name":"Freut mich auch"},{"lang":"id-ID","name":"Senang bertemu denganmu juga"},{"lang":"fr-FR","name":"Ravi de te rencontrer aussi"}]},{"name":"Hello","isCorrect":false,"score":0,"translates":[{"lang":"ru-RU","name":"Привет"},{"lang":"vi-VN","name":"Xin chào"},{"lang":"zh-CN","name":"你好"},{"lang":"hi-IN","name":"नमस्ते"},{"lang":"th-TH","name":"สวัสดี"},{"lang":"tr-TR","name":"Merhaba"},{"lang":"pt-BR","name":"Olá"},{"lang":"de-DE","name":"Hallo"},{"lang":"id-ID","name":"Halo"},{"lang":"fr-FR","name":"Bonjour"}]},{"name":"Bye","isCorrect":false,"score":0,"translates":[{"lang":"ru-RU","name":"Пока"},{"lang":"vi-VN","name":"Tạm biệt"},{"lang":"zh-CN","name":"再见"},{"lang":"hi-IN","name":"अलविदा"},{"lang":"th-TH","name":"ลาก่อน"},{"lang":"tr-TR","name":"Hoşça kal"},{"lang":"pt-BR","name":"Tchau"},{"lang":"de-DE","name":"Tschüss"},{"lang":"id-ID","name":"Selamat tinggal"},{"lang":"fr-FR","name":"Au revoir"}]}]},{"name":"How old are you?","meta":"pr_age","actor":"Friend","dialogType":"ConfigNum","translates":[{"lang":"ru-RU","name":"Сколько тебе лет?"},{"lang":"vi-VN","name":"Bạn bao nhiêu tuổi?"},{"lang":"zh-CN","name":"你几岁了？"},{"lang":"hi-IN","name":"तुम्हारी उम्र क्या है?"},{"lang":"th-TH","name":"คุณอายุเท่าไหร่?"},{"lang":"tr-TR","name":"Kaç yaşındasın?"},{"lang":"pt-BR","name":"Quantos anos você tem?"},{"lang":"de-DE","name":"Wie alt bist du?"},{"lang":"id-ID","name":"Berapa umurmu?"},{"lang":"fr-FR","name":"Quel âge as-tu ?"}],"actions":[]},{"name":"Can you say it?","meta":"pr_age","actor":"Friend","dialogType":"Normal","translates":[{"lang":"ru-RU","name":"Сколько тебе лет?"},{"lang":"vi-VN","name":"Bạn bao nhiêu tuổi?"},{"lang":"zh-CN","name":"你几岁了？"},{"lang":"hi-IN","name":"तुम्हारी उम्र क्या है?"},{"lang":"th-TH","name":"คุณอายุเท่าไหร่?"},{"lang":"tr-TR","name":"Kaç yaşındasın?"},{"lang":"pt-BR","name":"Quantos anos você tem?"},{"lang":"de-DE","name":"Wie alt bist du?"},{"lang":"id-ID","name":"Berapa umurmu?"},{"lang":"fr-FR","name":"Quel âge as-tu ?"}],"actions":[{"name":"I am $pr_age","isCorrect":true,"score":1,"translates":[{"lang":"ru-RU","name":"Мне $pr_age лет"},{"lang":"vi-VN","name":"Tôi $pr_age tuổi"},{"lang":"zh-CN","name":"我$pr_age岁"},{"lang":"hi-IN","name":"मैं $pr_age साल का हूँ"},{"lang":"th-TH","name":"ฉันอายุ $pr_age ปี"},{"lang":"tr-TR","name":"$pr_age yaşındayım"},{"lang":"pt-BR","name":"Eu tenho $pr_age anos"},{"lang":"de-DE","name":"Ich bin $pr_age Jahre alt"},{"lang":"id-ID","name":"Saya berumur $pr_age tahun"},{"lang":"fr-FR","name":"J’ai $pr_age ans"}]},{"name":"No","isCorrect":false,"score":0,"translates":[{"lang":"ru-RU","name":"Нет"},{"lang":"vi-VN","name":"Không"},{"lang":"zh-CN","name":"不"},{"lang":"hi-IN","name":"नहीं"},{"lang":"th-TH","name":"ไม่"},{"lang":"tr-TR","name":"Hayır"},{"lang":"pt-BR","name":"Não"},{"lang":"de-DE","name":"Nein"},{"lang":"id-ID","name":"Tidak"},{"lang":"fr-FR","name":"Non"}]}]},{"name":"What do you like to eat?","actor":"Friend","dialogType":"Normal","translates":[{"lang":"ru-RU","name":"Что тебе нравится есть?"},{"lang":"vi-VN","name":"Bạn thích ăn gì?"},{"lang":"zh-CN","name":"你喜欢吃什么？"},{"lang":"hi-IN","name":"आपको क्या खाना पसंद है?"},{"lang":"th-TH","name":"คุณชอบกินอะไร?"},{"lang":"tr-TR","name":"Ne yemeyi seversin?"},{"lang":"pt-BR","name":"O que você gosta de comer?"},{"lang":"de-DE","name":"Was isst du gerne?"},{"lang":"id-ID","name":"Kamu suka makan apa?"},{"lang":"fr-FR","name":"Qu’est-ce que tu aimes manger ?"}],"actions":[{"name":"I like fast food","isCorrect":true,"score":1,"translates":[{"lang":"ru-RU","name":"Мне нравится фастфуд"},{"lang":"vi-VN","name":"Tôi thích đồ ăn nhanh"},{"lang":"zh-CN","name":"我喜欢快餐"},{"lang":"hi-IN","name":"मुझे फास्ट फूड पसंद है"},{"lang":"th-TH","name":"ฉันชอบอาหารจานด่วน"},{"lang":"tr-TR","name":"Fast food severim"},{"lang":"pt-BR","name":"Gosto de fast food"},{"lang":"de-DE","name":"Ich mag Fast Food"},{"lang":"id-ID","name":"Saya suka makanan cepat saji"},{"lang":"fr-FR","name":"J’aime la restauration rapide"}]},{"name":"I like vegetables","isCorrect":true,"score":1,"translates":[{"lang":"ru-RU","name":"Мне нравятся овощи"},{"lang":"vi-VN","name":"Tôi thích rau"},{"lang":"zh-CN","name":"我喜欢蔬菜"},{"lang":"hi-IN","name":"मुझे सब्जियाँ पसंद हैं"},{"lang":"th-TH","name":"ฉันชอบผัก"},{"lang":"tr-TR","name":"Sebze severim"},{"lang":"pt-BR","name":"Gosto de vegetais"},{"lang":"de-DE","name":"Ich mag Gemüse"},{"lang":"id-ID","name":"Saya suka sayuran"},{"lang":"fr-FR","name":"J’aime les légumes"}]},{"name":"I like fruit","isCorrect":true,"score":1,"translates":[{"lang":"ru-RU","name":"Мне нравятся фрукты"},{"lang":"vi-VN","name":"Tôi thích trái cây"},{"lang":"zh-CN","name":"我喜欢水果"},{"lang":"hi-IN","name":"मुझे फल पसंद हैं"},{"lang":"th-TH","name":"ฉันชอบผลไม้"},{"lang":"tr-TR","name":"Meyve severim"},{"lang":"pt-BR","name":"Gosto de frutas"},{"lang":"de-DE","name":"Ich mag Obst"},{"lang":"id-ID","name":"Saya suka buah"},{"lang":"fr-FR","name":"J’aime les fruits"}]}]},{"name":"Do you like animals?","actor":"Friend","dialogType":"Normal","translates":[{"lang":"ru-RU","name":"Ты любишь животных?"},{"lang":"vi-VN","name":"Bạn có thích động vật không?"},{"lang":"zh-CN","name":"你喜欢动物吗？"},{"lang":"hi-IN","name":"क्या आपको जानवर पसंद हैं?"},{"lang":"th-TH","name":"คุณชอบสัตว์ไหม?"},{"lang":"tr-TR","name":"Hayvanları sever misin?"},{"lang":"pt-BR","name":"Você gosta de animais?"},{"lang":"de-DE","name":"Magst du Tiere?"},{"lang":"id-ID","name":"Kamu suka hewan?"},{"lang":"fr-FR","name":"Tu aimes les animaux ?"}],"actions":[{"name":"Yes, i do","isCorrect":true,"score":1,"translates":[{"lang":"ru-RU","name":"Да, люблю"},{"lang":"vi-VN","name":"Có, tôi thích"},{"lang":"zh-CN","name":"是的，我喜欢"},{"lang":"hi-IN","name":"हाँ, मुझे पसंद है"},{"lang":"th-TH","name":"ใช่ ฉันชอบ"},{"lang":"tr-TR","name":"Evet, severim"},{"lang":"pt-BR","name":"Sim, eu gosto"},{"lang":"de-DE","name":"Ja, ich mag"},{"lang":"id-ID","name":"Ya, saya suka"},{"lang":"fr-FR","name":"Oui, j’aime"}]},{"name":"Nope","isCorrect":false,"score":0,"translates":[{"lang":"ru-RU","name":"Нет"},{"lang":"vi-VN","name":"Không"},{"lang":"zh-CN","name":"不"},{"lang":"hi-IN","name":"नहीं"},{"lang":"th-TH","name":"ไม่"},{"lang":"tr-TR","name":"Hayır"},{"lang":"pt-BR","name":"Não"},{"lang":"de-DE","name":"Nein"},{"lang":"id-ID","name":"Tidak"},{"lang":"fr-FR","name":"Non"}]}]},{"name":"That’s great! I love animals too.","actor":"Friend","dialogType":"Normal","translates":[{"lang":"ru-RU","name":"Здорово! Я тоже люблю животных."},{"lang":"vi-VN","name":"Tuyệt quá! Mình cũng thích động vật."},{"lang":"zh-CN","name":"太好了！我也喜欢动物。"},{"lang":"hi-IN","name":"बहुत अच्छा! मुझे भी जानवर पसंद हैं।"},{"lang":"th-TH","name":"เยี่ยมเลย! ฉันก็ชอบสัตว์เหมือนกัน"},{"lang":"tr-TR","name":"Harika! Ben de hayvanları severim."},{"lang":"pt-BR","name":"Que ótimo! Eu também amo animais."},{"lang":"de-DE","name":"Das ist toll! Ich liebe auch Tiere."},{"lang":"id-ID","name":"Bagus! Aku juga suka hewan."},{"lang":"fr-FR","name":"Génial ! Moi aussi, j’adore les animaux."}],"actions":[]},{"name":"What is your favorite color?","actor":"Friend","dialogType":"Normal","translates":[{"lang":"ru-RU","name":"Какой твой любимый цвет?"},{"lang":"vi-VN","name":"Màu yêu thích của bạn là gì?"},{"lang":"zh-CN","name":"你最喜欢的颜色是什么？"},{"lang":"hi-IN","name":"तुम्हारा पसंदीदा रंग कौन सा है?"},{"lang":"th-TH","name":"สีโปรดของคุณคืออะไร?"},{"lang":"tr-TR","name":"En sevdiğin renk nedir?"},{"lang":"pt-BR","name":"Qual é sua cor favorita?"},{"lang":"de-DE","name":"Was ist deine Lieblingsfarbe?"},{"lang":"id-ID","name":"Apa warna favoritmu?"},{"lang":"fr-FR","name":"Quelle est ta couleur préférée ?"}],"actions":[{"name":"My favorite color is blue","isCorrect":true,"score":1,"translates":[{"lang":"ru-RU","name":"Мой любимый цвет — синий"},{"lang":"vi-VN","name":"Màu yêu thích của tôi là xanh dương"},{"lang":"zh-CN","name":"我最喜欢的颜色是蓝色"},{"lang":"hi-IN","name":"मेरा पसंदीदा रंग नीला है"},{"lang":"th-TH","name":"สีโปรดของฉันคือสีน้ำเงิน"},{"lang":"tr-TR","name":"En sevdiğim renk mavi"},{"lang":"pt-BR","name":"Minha cor favorita é azul"},{"lang":"de-DE","name":"Meine Lieblingsfarbe ist Blau"},{"lang":"id-ID","name":"Warna favorit saya biru"},{"lang":"fr-FR","name":"Ma couleur préférée est le bleu"}]},{"name":"My favorite color is red","isCorrect":true,"score":0,"translates":[{"lang":"ru-RU","name":"Мой любимый цвет — красный"},{"lang":"vi-VN","name":"Màu yêu thích của tôi là đỏ"},{"lang":"zh-CN","name":"我最喜欢的颜色是红色"},{"lang":"hi-IN","name":"मेरा पसंदीदा रंग लाल है"},{"lang":"th-TH","name":"สีโปรดของฉันคือสีแดง"},{"lang":"tr-TR","name":"En sevdiğim renk kırmızı"},{"lang":"pt-BR","name":"Minha cor favorita é vermelho"},{"lang":"de-DE","name":"Meine Lieblingsfarbe ist Rot"},{"lang":"id-ID","name":"Warna favorit saya merah"},{"lang":"fr-FR","name":"Ma couleur préférée est le rouge"}]},{"name":"My favorite color is green","isCorrect":true,"score":1,"translates":[{"lang":"ru-RU","name":"Мой любимый цвет — зелёный"},{"lang":"vi-VN","name":"Màu yêu thích của tôi là xanh lá"},{"lang":"zh-CN","name":"我最喜欢的颜色是绿色"},{"lang":"hi-IN","name":"मेरा पसंदीदा रंग हरा है"},{"lang":"th-TH","name":"สีโปรดของฉันคือสีเขียว"},{"lang":"tr-TR","name":"En sevdiğim renk yeşil"},{"lang":"pt-BR","name":"Minha cor favorita é verde"},{"lang":"de-DE","name":"Meine Lieblingsfarbe ist Grün"},{"lang":"id-ID","name":"Warna favorit saya hijau"},{"lang":"fr-FR","name":"Ma couleur préférée est le vert"}]},{"name":"I don\u0027t know","isCorrect":false,"score":0,"translates":[{"lang":"ru-RU","name":"Я не знаю"},{"lang":"vi-VN","name":"Tôi không biết"},{"lang":"zh-CN","name":"我不知道"},{"lang":"hi-IN","name":"मुझे नहीं पता"},{"lang":"th-TH","name":"ฉันไม่รู้"},{"lang":"tr-TR","name":"Bilmiyorum"},{"lang":"pt-BR","name":"Eu não sei"},{"lang":"de-DE","name":"Ich weiß nicht"},{"lang":"id-ID","name":"Saya tidak tahu"},{"lang":"fr-FR","name":"Je ne sais pas"}]}]},{"name":"Can you say \u0027hello\u0027 and \u0027goodbye\u0027?","actor":"Friend","dialogType":"Normal","translates":[{"lang":"ru-RU","name":"Можешь сказать \u0027привет\u0027 и \u0027пока\u0027?"},{"lang":"vi-VN","name":"Bạn có thể nói \u0027hello\u0027 và \u0027goodbye\u0027 không?"},{"lang":"zh-CN","name":"你会说“你好”和“再见”吗？"},{"lang":"hi-IN","name":"क्या आप \u0027hello\u0027 और \u0027goodbye\u0027 कह सकते हैं?"},{"lang":"th-TH","name":"คุณพูดว่า \u0027hello\u0027 และ \u0027goodbye\u0027 ได้ไหม?"},{"lang":"tr-TR","name":"\u0027Hello\u0027 ve \u0027Goodbye\u0027 diyebilir misin?"},{"lang":"pt-BR","name":"Você pode dizer \u0027hello\u0027 e \u0027goodbye\u0027?"},{"lang":"de-DE","name":"Kannst du \u0027hello\u0027 und \u0027goodbye\u0027 sagen?"},{"lang":"id-ID","name":"Bisakah kamu bilang \u0027hello\u0027 dan \u0027goodbye\u0027?"},{"lang":"fr-FR","name":"Peux-tu dire \u0027hello\u0027 et \u0027goodbye\u0027 ?"}],"actions":[{"name":"Yes, I can!","isCorrect":true,"score":1,"translates":[{"lang":"ru-RU","name":"Да, я могу!"},{"lang":"vi-VN","name":"Vâng, tôi có thể!"},{"lang":"zh-CN","name":"是的，我可以！"},{"lang":"hi-IN","name":"हाँ, मैं कह सकता हूँ!"},{"lang":"th-TH","name":"ใช่ ฉันพูดได้!"},{"lang":"tr-TR","name":"Evet, söyleyebilirim!"},{"lang":"pt-BR","name":"Sim, eu posso!"},{"lang":"de-DE","name":"Ja, ich kann!"},{"lang":"id-ID","name":"Ya, saya bisa!"},{"lang":"fr-FR","name":"Oui, je peux !"}]},{"name":"Not yet.","isCorrect":false,"score":0,"translates":[{"lang":"ru-RU","name":"Пока нет"},{"lang":"vi-VN","name":"Chưa"},{"lang":"zh-CN","name":"还不行"},{"lang":"hi-IN","name":"अभी नहीं"},{"lang":"th-TH","name":"ยังไม่ได้"},{"lang":"tr-TR","name":"Henüz değil"},{"lang":"pt-BR","name":"Ainda não"},{"lang":"de-DE","name":"Noch nicht"},{"lang":"id-ID","name":"Belum"},{"lang":"fr-FR","name":"Pas encore"}]}]},{"name":"You’re amazing! You’ve learned a lot!","actor":"Friend","dialogType":"Normal","translates":[{"lang":"ru-RU","name":"Ты молодец! Ты многому научился!"},{"lang":"vi-VN","name":"Bạn thật tuyệt! Bạn đã học được rất nhiều!"},{"lang":"zh-CN","name":"你太棒了！你学了很多！"},{"lang":"hi-IN","name":"आप अद्भुत हैं! आपने बहुत कुछ सीखा है!"},{"lang":"th-TH","name":"คุณเก่งมาก! คุณได้เรียนรู้มามากมาย!"},{"lang":"tr-TR","name":"Harikasın! Çok şey öğrendin!"},{"lang":"pt-BR","name":"Você é incrível! Aprendeu muito!"},{"lang":"de-DE","name":"Du bist großartig! Du hast viel gelernt!"},{"lang":"id-ID","name":"Kamu luar biasa! Kamu sudah belajar banyak!"},{"lang":"fr-FR","name":"Tu es génial ! Tu as beaucoup appris !"}],"actions":[{"name":"Thank you","isCorrect":true,"score":1,"translates":[{"lang":"ru-RU","name":"Спасибо"},{"lang":"vi-VN","name":"Cảm ơn"},{"lang":"zh-CN","name":"谢谢"},{"lang":"hi-IN","name":"धन्यवाद"},{"lang":"th-TH","name":"ขอบคุณ"},{"lang":"tr-TR","name":"Teşekkürler"},{"lang":"pt-BR","name":"Obrigado"},{"lang":"de-DE","name":"Danke"},{"lang":"id-ID","name":"Terima kasih"},{"lang":"fr-FR","name":"Merci"}]},{"name":"Ok","isCorrect":false,"score":0,"translates":[{"lang":"ru-RU","name":"Хорошо"},{"lang":"vi-VN","name":"Được rồi"},{"lang":"zh-CN","name":"好的"},{"lang":"hi-IN","name":"ठीक है"},{"lang":"th-TH","name":"โอเค"},{"lang":"tr-TR","name":"Tamam"},{"lang":"pt-BR","name":"Ok"},{"lang":"de-DE","name":"Ok"},{"lang":"id-ID","name":"Oke"},{"lang":"fr-FR","name":"D’accord"}]},{"name":"Not sure","isCorrect":false,"score":0,"translates":[{"lang":"ru-RU","name":"Не уверен"},{"lang":"vi-VN","name":"Không chắc"},{"lang":"zh-CN","name":"不确定"},{"lang":"hi-IN","name":"पक्का नहीं कह सकता"},{"lang":"th-TH","name":"ไม่แน่ใจ"},{"lang":"tr-TR","name":"Emin değilim"},{"lang":"pt-BR","name":"Não tenho certeza"},{"lang":"de-DE","name":"Nicht sicher"},{"lang":"id-ID","name":"Tidak yakin"},{"lang":"fr-FR","name":"Pas sûr"}]}]},{"name":"Here you are. Good bye","actor":"Friend","dialogType":"Normal","translates":[{"lang":"ru-RU","name":"Вот и всё. Пока!"},{"lang":"vi-VN","name":"Vậy là xong. Tạm biệt!"},{"lang":"zh-CN","name":"就这样吧，再见！"},{"lang":"hi-IN","name":"बस इतना ही। अलविदा!"},{"lang":"th-TH","name":"เรียบร้อยแล้ว ลาก่อน!"},{"lang":"tr-TR","name":"İşte bu kadar. Hoşça kal!"},{"lang":"pt-BR","name":"Pronto. Tchau!"},{"lang":"de-DE","name":"Das war’s. Auf Wiedersehen!"},{"lang":"id-ID","name":"Sudah selesai. Sampai jumpa!"},{"lang":"fr-FR","name":"C’est tout. Au revoir !"}],"actions":[{"name":"Good bye","isCorrect":true,"score":1,"translates":[{"lang":"ru-RU","name":"До свидания"},{"lang":"vi-VN","name":"Tạm biệt"},{"lang":"zh-CN","name":"再见"},{"lang":"hi-IN","name":"अलविदा"},{"lang":"th-TH","name":"ลาก่อน"},{"lang":"tr-TR","name":"Hoşça kal"},{"lang":"pt-BR","name":"Tchau"},{"lang":"de-DE","name":"Auf Wiedersehen"},{"lang":"id-ID","name":"Selamat tinggal"},{"lang":"fr-FR","name":"Au revoir"}]},{"name":"Thank you","isCorrect":false,"score":0,"translates":[{"lang":"ru-RU","name":"Спасибо"},{"lang":"vi-VN","name":"Cảm ơn"},{"lang":"zh-CN","name":"谢谢"},{"lang":"hi-IN","name":"धन्यवाद"},{"lang":"th-TH","name":"ขอบคุณ"},{"lang":"tr-TR","name":"Teşekkürler"},{"lang":"pt-BR","name":"Obrigado"},{"lang":"de-DE","name":"Danke"},{"lang":"id-ID","name":"Terima kasih"},{"lang":"fr-FR","name":"Merci"}]},{"name":"Hello","isCorrect":false,"score":0,"translates":[{"lang":"ru-RU","name":"Привет"},{"lang":"vi-VN","name":"Xin chào"},{"lang":"zh-CN","name":"你好"},{"lang":"hi-IN","name":"नमस्ते"},{"lang":"th-TH","name":"สวัสดี"},{"lang":"tr-TR","name":"Merhaba"},{"lang":"pt-BR","name":"Olá"},{"lang":"de-DE","name":"Hallo"},{"lang":"id-ID","name":"Halo"},{"lang":"fr-FR","name":"Bonjour"}]}]}],"actors":[{"id":"Friend","name":"Friend","image":"/img/story/npc/npc_friend.png","s":"u"}]}