{"name":"Animal World","bg":"/img/story/bg/zoo.png","age":0,"translations":[{"lang":"ru-RU","name":"Мир животных"},{"lang":"vi-VN","name":"Thế giới động vật"},{"lang":"zh-CN","name":"动物世界"},{"lang":"hi-IN","name":"जानवरों की दुनिया"},{"lang":"th-TH","name":"โลกของสัตว์"},{"lang":"tr-TR","name":"Hayvanlar Dünyası"},{"lang":"pt-BR","name":"Mundo Animal"},{"lang":"de-DE","name":"Tierwelt"},{"lang":"id-ID","name":"Dunia Hewan"},{"lang":"fr-FR","name":"Le monde des animaux"}],"items":[{"name":"Welcome to the animal world!","actor":"Ranger","dialogType":"Normal","translates":[{"lang":"ru-RU","name":"Добро пожаловать в мир животных!"},{"lang":"vi-VN","name":"Chào mừng đến với thế giới động vật!"},{"lang":"zh-CN","name":"欢迎来到动物世界！"},{"lang":"hi-IN","name":"जानवरों की दुनिया में आपका स्वागत है!"},{"lang":"th-TH","name":"ยินดีต้อนรับสู่โลกของสัตว์!"},{"lang":"tr-TR","name":"Hayvanlar dünyasına hoş geldin!"},{"lang":"pt-BR","name":"Bem-vindo ao Mundo Animal!"},{"lang":"de-DE","name":"Willkommen in der Tierwelt!"},{"lang":"id-ID","name":"Selamat datang di Dunia Hewan!"},{"lang":"fr-FR","name":"Bienvenue dans le monde des animaux !"}],"actions":[]},{"name":"Let’s meet some animals!","actor":"Ranger","dialogType":"Normal","translates":[{"lang":"ru-RU","name":"Давайте познакомимся с животными!"},{"lang":"vi-VN","name":"Hãy gặp một số loài động vật nhé!"},{"lang":"zh-CN","name":"让我们认识一些动物吧！"},{"lang":"hi-IN","name":"आओ कुछ जानवरों से मिलें!"},{"lang":"th-TH","name":"มาทำความรู้จักกับสัตว์กันเถอะ!"},{"lang":"tr-TR","name":"Haydi bazı hayvanlarla tanışalım!"},{"lang":"pt-BR","name":"Vamos conhecer alguns animais!"},{"lang":"de-DE","name":"Lass uns einige Tiere kennenlernen!"},{"lang":"id-ID","name":"Ayo bertemu beberapa hewan!"},{"lang":"fr-FR","name":"Allons rencontrer quelques animaux !"}],"actions":[]},{"name":"Which one is a cat?","image":"/img/story/a0/zoo1.png","actor":"Ranger","dialogType":"Normal","translates":[{"lang":"ru-RU","name":"Кто из них — кошка?"},{"lang":"vi-VN","name":"Con nào là con mèo?"},{"lang":"zh-CN","name":"哪一个是猫？"},{"lang":"hi-IN","name":"बिल्ली कौन सी है?"},{"lang":"th-TH","name":"ตัวไหนคือแมว?"},{"lang":"tr-TR","name":"Hangisi kedi?"},{"lang":"pt-BR","name":"Qual é o gato?"},{"lang":"de-DE","name":"Welches ist die Katze?"},{"lang":"id-ID","name":"Yang mana kucing?"},{"lang":"fr-FR","name":"Lequel est un chat ?"}],"actions":[{"name":"Cat","isCorrect":true,"score":1,"translates":[{"lang":"ru-RU","name":"Кошка"},{"lang":"vi-VN","name":"Con mèo"},{"lang":"zh-CN","name":"猫"},{"lang":"hi-IN","name":"बिल्ली"},{"lang":"th-TH","name":"แมว"},{"lang":"tr-TR","name":"Kedi"},{"lang":"pt-BR","name":"Gato"},{"lang":"de-DE","name":"Katze"},{"lang":"id-ID","name":"Kucing"},{"lang":"fr-FR","name":"Chat"}]},{"name":"Dog","isCorrect":false,"score":0,"translates":[{"lang":"ru-RU","name":"Собака"},{"lang":"vi-VN","name":"Con chó"},{"lang":"zh-CN","name":"狗"},{"lang":"hi-IN","name":"कुत्ता"},{"lang":"th-TH","name":"สุนัข"},{"lang":"tr-TR","name":"Köpek"},{"lang":"pt-BR","name":"Cachorro"},{"lang":"de-DE","name":"Hund"},{"lang":"id-ID","name":"Anjing"},{"lang":"fr-FR","name":"Chien"}]},{"name":"Fish","isCorrect":false,"score":0,"translates":[{"lang":"ru-RU","name":"Рыба"},{"lang":"vi-VN","name":"Cá"},{"lang":"zh-CN","name":"鱼"},{"lang":"hi-IN","name":"मछली"},{"lang":"th-TH","name":"ปลา"},{"lang":"tr-TR","name":"Balık"},{"lang":"pt-BR","name":"Peixe"},{"lang":"de-DE","name":"Fisch"},{"lang":"id-ID","name":"Ikan"},{"lang":"fr-FR","name":"Poisson"}]}]},{"name":"Good job! That is a cat.","image":"/img/dict/animals/cat.png","actor":"Ranger","dialogType":"Normal","translates":[{"lang":"ru-RU","name":"Хорошо! Это кошка."},{"lang":"vi-VN","name":"Tốt lắm! Đó là con mèo."},{"lang":"zh-CN","name":"干得好！那是一只猫。"},{"lang":"hi-IN","name":"शाबाश! यह बिल्ली है।"},{"lang":"th-TH","name":"เก่งมาก! นั่นคือแมว"},{"lang":"tr-TR","name":"Aferin! Bu bir kedi."},{"lang":"pt-BR","name":"Bom trabalho! Isso é um gato."},{"lang":"de-DE","name":"Gut gemacht! Das ist eine Katze."},{"lang":"id-ID","name":"Kerja bagus! Itu kucing."},{"lang":"fr-FR","name":"Bravo ! C’est un chat."}],"actions":[]},{"name":"Look! This is a lion.","image":"/img/dict/animals/lion.png","actor":"Ranger","dialogType":"Normal","translates":[{"lang":"ru-RU","name":"Смотри! Это лев."},{"lang":"vi-VN","name":"Nhìn kìa! Đó là một con sư tử."},{"lang":"zh-CN","name":"看！这是一头狮子。"},{"lang":"hi-IN","name":"देखो! यह एक शेर है।"},{"lang":"th-TH","name":"ดูสิ! นั่นคือสิงโต"},{"lang":"tr-TR","name":"Bak! Bu bir aslan."},{"lang":"pt-BR","name":"Olha! Este é um leão."},{"lang":"de-DE","name":"Sieh mal! Das ist ein Löwe."},{"lang":"id-ID","name":"Lihat! Ini adalah singa."},{"lang":"fr-FR","name":"Regarde ! C’est un lion."}],"actions":[]},{"name":"Can you say lion?","image":"/img/dict/animals/lion.png","actor":"Ranger","dialogType":"Normal","translates":[{"lang":"ru-RU","name":"Скажи: лев!"},{"lang":"vi-VN","name":"Bạn có thể nói \u0027sư tử\u0027 không?"},{"lang":"zh-CN","name":"你会说“狮子”吗？"},{"lang":"hi-IN","name":"क्या आप \u0027शेर\u0027 कह सकते हैं?"},{"lang":"th-TH","name":"คุณพูดว่า สิงโต ได้ไหม?"},{"lang":"tr-TR","name":"Aslan diyebilir misin?"},{"lang":"pt-BR","name":"Você pode dizer \u0027leão\u0027?"},{"lang":"de-DE","name":"Kannst du ‚Löwe‘ sagen?"},{"lang":"id-ID","name":"Bisakah kamu bilang \u0027singa\u0027?"},{"lang":"fr-FR","name":"Peux-tu dire \u0027lion\u0027 ?"}],"actions":[]},{"name":"Which one is a lion?","image":"/img/story/a0/zoo2.png","actor":"Ranger","dialogType":"Normal","translates":[{"lang":"ru-RU","name":"Кто из них — лев?"},{"lang":"vi-VN","name":"Con nào là con sư tử?"},{"lang":"zh-CN","name":"哪一个是狮子？"},{"lang":"hi-IN","name":"इनमें से शेर कौन है?"},{"lang":"th-TH","name":"ตัวไหนคือสิงโต?"},{"lang":"tr-TR","name":"Hangisi aslan?"},{"lang":"pt-BR","name":"Qual é o leão?"},{"lang":"de-DE","name":"Welches ist der Löwe?"},{"lang":"id-ID","name":"Yang mana singa?"},{"lang":"fr-FR","name":"Lequel est un lion ?"}],"actions":[{"name":"Lion","isCorrect":true,"score":1,"translates":[{"lang":"ru-RU","name":"Лев"},{"lang":"vi-VN","name":"Sư tử"},{"lang":"zh-CN","name":"狮子"},{"lang":"hi-IN","name":"शेर"},{"lang":"th-TH","name":"สิงโต"},{"lang":"tr-TR","name":"Aslan"},{"lang":"pt-BR","name":"Leão"},{"lang":"de-DE","name":"Löwe"},{"lang":"id-ID","name":"Singa"},{"lang":"fr-FR","name":"Lion"}]},{"name":"Elephant","isCorrect":false,"score":0,"translates":[{"lang":"ru-RU","name":"Слон"},{"lang":"vi-VN","name":"Voi"},{"lang":"zh-CN","name":"大象"},{"lang":"hi-IN","name":"हाथी"},{"lang":"th-TH","name":"ช้าง"},{"lang":"tr-TR","name":"Fil"},{"lang":"pt-BR","name":"Elefante"},{"lang":"de-DE","name":"Elefant"},{"lang":"id-ID","name":"Gajah"},{"lang":"fr-FR","name":"Éléphant"}]},{"name":"Zebra","isCorrect":false,"score":0,"translates":[{"lang":"ru-RU","name":"Зебра"},{"lang":"vi-VN","name":"Ngựa vằn"},{"lang":"zh-CN","name":"斑马"},{"lang":"hi-IN","name":"ज़ेबरा"},{"lang":"th-TH","name":"ม้าลาย"},{"lang":"tr-TR","name":"Zebra"},{"lang":"pt-BR","name":"Zebra"},{"lang":"de-DE","name":"Zebra"},{"lang":"id-ID","name":"Zebra"},{"lang":"fr-FR","name":"Zèbre"}]}]},{"name":"Yes! That is a lion!","image":"/img/dict/animals/lion.png","actor":"Ranger","dialogType":"Normal","translates":[{"lang":"ru-RU","name":"Да! Это лев!"},{"lang":"vi-VN","name":"Đúng rồi! Đó là một con sư tử!"},{"lang":"zh-CN","name":"对！那是一头狮子！"},{"lang":"hi-IN","name":"हाँ! यह शेर है!"},{"lang":"th-TH","name":"ใช่! นั่นคือสิงโต!"},{"lang":"tr-TR","name":"Evet! Bu bir aslan!"},{"lang":"pt-BR","name":"Sim! Esse é um leão!"},{"lang":"de-DE","name":"Ja! Das ist ein Löwe!"},{"lang":"id-ID","name":"Ya! Itu adalah singa!"},{"lang":"fr-FR","name":"Oui ! C’est un lion !"}],"actions":[]},{"name":"Do you like animals?","image":"/img/dict/animals/lion.png","actor":"Ranger","dialogType":"Normal","translates":[{"lang":"ru-RU","name":"Тебе нравятся животные?"},{"lang":"vi-VN","name":"Bạn có thích động vật không?"},{"lang":"zh-CN","name":"你喜欢动物吗？"},{"lang":"hi-IN","name":"क्या आपको जानवर पसंद हैं?"},{"lang":"th-TH","name":"คุณชอบสัตว์ไหม?"},{"lang":"tr-TR","name":"Hayvanları sever misin?"},{"lang":"pt-BR","name":"Você gosta de animais?"},{"lang":"de-DE","name":"Magst du Tiere?"},{"lang":"id-ID","name":"Apakah kamu suka hewan?"},{"lang":"fr-FR","name":"Tu aimes les animaux ?"}],"actions":[{"name":"Yes, i like","isCorrect":true,"score":1,"translates":[{"lang":"ru-RU","name":"Да, мне нравятся"},{"lang":"vi-VN","name":"Có, tôi thích"},{"lang":"zh-CN","name":"是的，我喜欢"},{"lang":"hi-IN","name":"हाँ, मुझे पसंद हैं"},{"lang":"th-TH","name":"ใช่ ฉันชอบ"},{"lang":"tr-TR","name":"Evet, severim"},{"lang":"pt-BR","name":"Sim, eu gosto"},{"lang":"de-DE","name":"Ja, ich mag sie"},{"lang":"id-ID","name":"Ya, saya suka"},{"lang":"fr-FR","name":"Oui, j’aime ça"}]},{"name":"No, i don\u0027t","isCorrect":true,"score":0,"translates":[{"lang":"ru-RU","name":"Нет, не очень"},{"lang":"vi-VN","name":"Không, tôi không thích"},{"lang":"zh-CN","name":"不，我不喜欢"},{"lang":"hi-IN","name":"नहीं, मुझे नहीं पसंद"},{"lang":"th-TH","name":"ไม่ ฉันไม่ชอบ"},{"lang":"tr-TR","name":"Hayır, sevmem"},{"lang":"pt-BR","name":"Não, eu não gosto"},{"lang":"de-DE","name":"Nein, ich mag sie nicht"},{"lang":"id-ID","name":"Tidak, saya tidak suka"},{"lang":"fr-FR","name":"Non, je n’aime pas"}]}]}],"actors":[{"id":"Ranger","name":"Ranger","image":"/img/story/npc/npc_ranger.png","s":"u"}]}