{"name":"Phonics /e/","nameA":"","img":"","isRandom":false,"isBlur":false,"isUpper":true,"isByWords":false,"isForAdult":false,"separator":"","numWords":46,"Translations":[{"lang":"ru-RU","name":"Алфавит","nameA":""},{"lang":"vi-VN","name":"Âm thanh /e/","nameA":""},{"lang":"zh-CN","name":"语音 /e/","nameA":""},{"lang":"hi-IN","name":"ध्वनि /e/","nameA":""},{"lang":"th-TH","name":"เสียง /e/","nameA":""},{"lang":"tr-TR","name":"Ses /e/","nameA":""},{"lang":"pt-BR","name":"Fonética /e/","nameA":""},{"lang":"de-DE","name":"Phonik /e/","nameA":""},{"lang":"id-ID","name":"Fonik /e/","nameA":""},{"lang":"fr-FR","name":"Phonétique /e/","nameA":""}],"items":[{"id":0,"name":"edge","transcription":"[ɛdʒ]","nameA":"","image":" ","bg":"transparent","nameAnswer":"","translates":[{"lang":"ru-RU","name":"Край","nameA":""},{"lang":"vi-VN","name":"Rìa","nameA":""},{"lang":"zh-CN","name":"边缘","nameA":""},{"lang":"hi-IN","name":"किनारा","nameA":""},{"lang":"th-TH","name":"ขอบ","nameA":""},{"lang":"tr-TR","name":"Kenar","nameA":""},{"lang":"pt-BR","name":"Borda","nameA":""},{"lang":"de-DE","name":"Rand","nameA":""},{"lang":"id-ID","name":"Tepi","nameA":""},{"lang":"fr-FR","name":"Bord","nameA":""}]},{"id":0,"name":"effort","transcription":"[ˈɛfərt]","nameA":"","image":" ","bg":"transparent","nameAnswer":"","translates":[{"lang":"ru-RU","name":"Усилие","nameA":""},{"lang":"vi-VN","name":"Nỗ lực","nameA":""},{"lang":"zh-CN","name":"努力","nameA":""},{"lang":"hi-IN","name":"प्रयास","nameA":""},{"lang":"th-TH","name":"ความพยายาม","nameA":""},{"lang":"tr-TR","name":"Çaba","nameA":""},{"lang":"pt-BR","name":"Esforço","nameA":""},{"lang":"de-DE","name":"Anstrengung","nameA":""},{"lang":"id-ID","name":"Usaha","nameA":""},{"lang":"fr-FR","name":"Effort","nameA":""}]},{"id":0,"name":"egg","transcription":"[ɛɡ]","nameA":"","image":"/img/dict/food/egg.png","bg":"transparent","nameAnswer":"","translates":[{"lang":"ru-RU","name":"Яйцо","nameA":""},{"lang":"vi-VN","name":"Trứng","nameA":""},{"lang":"zh-CN","name":"鸡蛋","nameA":""},{"lang":"hi-IN","name":"अंडा","nameA":""},{"lang":"th-TH","name":"ไข่","nameA":""},{"lang":"tr-TR","name":"Yumurta","nameA":""},{"lang":"pt-BR","name":"Ovo","nameA":""},{"lang":"de-DE","name":"Ei","nameA":""},{"lang":"id-ID","name":"Telur","nameA":""},{"lang":"fr-FR","name":"Œuf","nameA":""}]},{"id":0,"name":"elastic","transcription":"[ɪˈlæstɪk]","nameA":"","image":" ","bg":"transparent","nameAnswer":"","translates":[{"lang":"ru-RU","name":"Эластичный","nameA":""},{"lang":"vi-VN","name":"Đàn hồi","nameA":""},{"lang":"zh-CN","name":"有弹性的","nameA":""},{"lang":"hi-IN","name":"लचीला","nameA":""},{"lang":"th-TH","name":"ยืดหยุ่น","nameA":""},{"lang":"tr-TR","name":"Esnek","nameA":""},{"lang":"pt-BR","name":"Elástico","nameA":""},{"lang":"de-DE","name":"Elastisch","nameA":""},{"lang":"id-ID","name":"Elastis","nameA":""},{"lang":"fr-FR","name":"Élastique","nameA":""}]},{"id":0,"name":"elbow","transcription":"[ˈɛlboʊ]","nameA":"","image":"/img/dict/body/elbow.png","bg":"transparent","nameAnswer":"","translates":[{"lang":"ru-RU","name":"Локоть","nameA":""},{"lang":"vi-VN","name":"Khuỷu tay","nameA":""},{"lang":"zh-CN","name":"肘部","nameA":""},{"lang":"hi-IN","name":"कोहनी","nameA":""},{"lang":"th-TH","name":"ข้อศอก","nameA":""},{"lang":"tr-TR","name":"Dirsek","nameA":""},{"lang":"pt-BR","name":"Cotovelo","nameA":""},{"lang":"de-DE","name":"Ellbogen","nameA":""},{"lang":"id-ID","name":"Siku","nameA":""},{"lang":"fr-FR","name":"Coude","nameA":""}]},{"id":0,"name":"electricity","transcription":"[ɪˌlɛkˈtrɪsɪti]","nameA":"","image":" ","bg":"transparent","nameAnswer":"","translates":[{"lang":"ru-RU","name":"Электричество","nameA":""},{"lang":"vi-VN","name":"Điện","nameA":""},{"lang":"zh-CN","name":"电","nameA":""},{"lang":"hi-IN","name":"बिजली","nameA":""},{"lang":"th-TH","name":"ไฟฟ้า","nameA":""},{"lang":"tr-TR","name":"Elektrik","nameA":""},{"lang":"pt-BR","name":"Eletricidade","nameA":""},{"lang":"de-DE","name":"Elektrizität","nameA":""},{"lang":"id-ID","name":"Listrik","nameA":""},{"lang":"fr-FR","name":"Électricité","nameA":""}]},{"id":0,"name":"elephant","transcription":"[ˈɛləfənt]","nameA":"","image":"/img/dict/animals/elephant.png","bg":"transparent","nameAnswer":"","translates":[{"lang":"ru-RU","name":"Слон","nameA":""},{"lang":"vi-VN","name":"Voi","nameA":""},{"lang":"zh-CN","name":"大象","nameA":""},{"lang":"hi-IN","name":"हाथी","nameA":""},{"lang":"th-TH","name":"ช้าง","nameA":""},{"lang":"tr-TR","name":"Fil","nameA":""},{"lang":"pt-BR","name":"Elefante","nameA":""},{"lang":"de-DE","name":"Elefant","nameA":""},{"lang":"id-ID","name":"Gajah","nameA":""},{"lang":"fr-FR","name":"Éléphant","nameA":""}]},{"id":0,"name":"empty","transcription":"[ˈɛmpti]","nameA":"","image":" ","bg":"transparent","nameAnswer":"","translates":[{"lang":"ru-RU","name":"Пустой","nameA":""},{"lang":"vi-VN","name":"Trống rỗng","nameA":""},{"lang":"zh-CN","name":"空的","nameA":""},{"lang":"hi-IN","name":"खाली","nameA":""},{"lang":"th-TH","name":"ว่างเปล่า","nameA":""},{"lang":"tr-TR","name":"Boş","nameA":""},{"lang":"pt-BR","name":"Vazio","nameA":""},{"lang":"de-DE","name":"Leer","nameA":""},{"lang":"id-ID","name":"Kosong","nameA":""},{"lang":"fr-FR","name":"Vide","nameA":""}]},{"id":0,"name":"end","transcription":"[ɛnd]","nameA":"","image":" ","bg":"transparent","nameAnswer":"","translates":[{"lang":"ru-RU","name":"Конец","nameA":""},{"lang":"vi-VN","name":"Kết thúc","nameA":""},{"lang":"zh-CN","name":"结束","nameA":""},{"lang":"hi-IN","name":"अंत","nameA":""},{"lang":"th-TH","name":"จบ","nameA":""},{"lang":"tr-TR","name":"Son","nameA":""},{"lang":"pt-BR","name":"Fim","nameA":""},{"lang":"de-DE","name":"Ende","nameA":""},{"lang":"id-ID","name":"Akhir","nameA":""},{"lang":"fr-FR","name":"Fin","nameA":""}]},{"id":0,"name":"enemy","transcription":"[ˈɛnəmi]","nameA":"","image":" ","bg":"transparent","nameAnswer":"","translates":[{"lang":"ru-RU","name":"Враг","nameA":""},{"lang":"vi-VN","name":"Kẻ thù","nameA":""},{"lang":"zh-CN","name":"敌人","nameA":""},{"lang":"hi-IN","name":"दुश्मन","nameA":""},{"lang":"th-TH","name":"ศัตรู","nameA":""},{"lang":"tr-TR","name":"Düşman","nameA":""},{"lang":"pt-BR","name":"Inimigo","nameA":""},{"lang":"de-DE","name":"Feind","nameA":""},{"lang":"id-ID","name":"Musuh","nameA":""},{"lang":"fr-FR","name":"Ennemi","nameA":""}]},{"id":0,"name":"energy","transcription":"[ˈɛnərdʒi]","nameA":"","image":" ","bg":"transparent","nameAnswer":"","translates":[{"lang":"ru-RU","name":"Энергия","nameA":""},{"lang":"vi-VN","name":"Năng lượng","nameA":""},{"lang":"zh-CN","name":"能量","nameA":""},{"lang":"hi-IN","name":"ऊर्जा","nameA":""},{"lang":"th-TH","name":"พลังงาน","nameA":""},{"lang":"tr-TR","name":"Enerji","nameA":""},{"lang":"pt-BR","name":"Energia","nameA":""},{"lang":"de-DE","name":"Energie","nameA":""},{"lang":"id-ID","name":"Energi","nameA":""},{"lang":"fr-FR","name":"Énergie","nameA":""}]},{"id":0,"name":"engine","transcription":"[ˈɛndʒɪn]","nameA":"","image":"/img/dict/transport/engine.png","bg":"transparent","nameAnswer":"","translates":[{"lang":"ru-RU","name":"Двигатель","nameA":""},{"lang":"vi-VN","name":"Động cơ","nameA":""},{"lang":"zh-CN","name":"发动机","nameA":""},{"lang":"hi-IN","name":"इंजन","nameA":""},{"lang":"th-TH","name":"เครื่องยนต์","nameA":""},{"lang":"tr-TR","name":"Motor","nameA":""},{"lang":"pt-BR","name":"Motor","nameA":""},{"lang":"de-DE","name":"Motor","nameA":""},{"lang":"id-ID","name":"Mesin","nameA":""},{"lang":"fr-FR","name":"Moteur","nameA":""}]},{"id":0,"name":"enjoy","transcription":"[ɪnˈdʒɔɪ]","nameA":"","image":" ","bg":"transparent","nameAnswer":"","translates":[{"lang":"ru-RU","name":"Наслаждаться","nameA":""},{"lang":"vi-VN","name":"Thưởng thức","nameA":""},{"lang":"zh-CN","name":"享受","nameA":""},{"lang":"hi-IN","name":"आनंद लेना","nameA":""},{"lang":"th-TH","name":"สนุก","nameA":""},{"lang":"tr-TR","name":"Keyif almak","nameA":""},{"lang":"pt-BR","name":"Aproveitar","nameA":""},{"lang":"de-DE","name":"Genießen","nameA":""},{"lang":"id-ID","name":"Menikmati","nameA":""},{"lang":"fr-FR","name":"Profiter","nameA":""}]},{"id":0,"name":"enter","transcription":"[ˈɛntər]","nameA":"","image":" ","bg":"transparent","nameAnswer":"","translates":[{"lang":"ru-RU","name":"Входить","nameA":""},{"lang":"vi-VN","name":"Vào","nameA":""},{"lang":"zh-CN","name":"进入","nameA":""},{"lang":"hi-IN","name":"प्रवेश","nameA":""},{"lang":"th-TH","name":"เข้า","nameA":""},{"lang":"tr-TR","name":"Girmek","nameA":""},{"lang":"pt-BR","name":"Entrar","nameA":""},{"lang":"de-DE","name":"Betreten","nameA":""},{"lang":"id-ID","name":"Masuk","nameA":""},{"lang":"fr-FR","name":"Entrer","nameA":""}]},{"id":0,"name":"entertainment","transcription":"[ˌɛntərˈteɪnmənt]","nameA":"","image":" ","bg":"transparent","nameAnswer":"","translates":[{"lang":"ru-RU","name":"Развлечение","nameA":""},{"lang":"vi-VN","name":"Giải trí","nameA":""},{"lang":"zh-CN","name":"娱乐","nameA":""},{"lang":"hi-IN","name":"मनोरंजन","nameA":""},{"lang":"th-TH","name":"ความบันเทิง","nameA":""},{"lang":"tr-TR","name":"Eğlence","nameA":""},{"lang":"pt-BR","name":"Entretenimento","nameA":""},{"lang":"de-DE","name":"Unterhaltung","nameA":""},{"lang":"id-ID","name":"Hiburan","nameA":""},{"lang":"fr-FR","name":"Divertissement","nameA":""}]},{"id":0,"name":"entrance","transcription":"[ˈɛntrəns]","nameA":"","image":" ","bg":"transparent","nameAnswer":"","translates":[{"lang":"ru-RU","name":"Вход","nameA":""},{"lang":"vi-VN","name":"Lối vào","nameA":""},{"lang":"zh-CN","name":"入口","nameA":""},{"lang":"hi-IN","name":"प्रवेश द्वार","nameA":""},{"lang":"th-TH","name":"ทางเข้า","nameA":""},{"lang":"tr-TR","name":"Giriş","nameA":""},{"lang":"pt-BR","name":"Entrada","nameA":""},{"lang":"de-DE","name":"Eingang","nameA":""},{"lang":"id-ID","name":"Pintu masuk","nameA":""},{"lang":"fr-FR","name":"Entrée","nameA":""}]},{"id":0,"name":"envelope","transcription":"[ˈɛnvəloʊp]","nameA":"","image":"/img/dict/classroom/envelope.png","bg":"transparent","nameAnswer":"","translates":[{"lang":"ru-RU","name":"Конверт","nameA":""},{"lang":"vi-VN","name":"Phong bì","nameA":""},{"lang":"zh-CN","name":"信封","nameA":""},{"lang":"hi-IN","name":"लिफाफा","nameA":""},{"lang":"th-TH","name":"ซองจดหมาย","nameA":""},{"lang":"tr-TR","name":"Zarf","nameA":""},{"lang":"pt-BR","name":"Envelope","nameA":""},{"lang":"de-DE","name":"Umschlag","nameA":""},{"lang":"id-ID","name":"Amplop","nameA":""},{"lang":"fr-FR","name":"Enveloppe","nameA":""}]},{"id":0,"name":"environment","transcription":"[ɪnˈvaɪrənmənt]","nameA":"","image":" ","bg":"transparent","nameAnswer":"","translates":[{"lang":"ru-RU","name":"Окружающая среда","nameA":""},{"lang":"vi-VN","name":"Môi trường","nameA":""},{"lang":"zh-CN","name":"环境","nameA":""},{"lang":"hi-IN","name":"पर्यावरण","nameA":""},{"lang":"th-TH","name":"สิ่งแวดล้อม","nameA":""},{"lang":"tr-TR","name":"Çevre","nameA":""},{"lang":"pt-BR","name":"Meio ambiente","nameA":""},{"lang":"de-DE","name":"Umwelt","nameA":""},{"lang":"id-ID","name":"Lingkungan","nameA":""},{"lang":"fr-FR","name":"Environnement","nameA":""}]},{"id":0,"name":"escape","transcription":"[ɪˈskeɪp]","nameA":"","image":" ","bg":"transparent","nameAnswer":"","translates":[{"lang":"ru-RU","name":"Сбежать","nameA":""},{"lang":"vi-VN","name":"Trốn thoát","nameA":""},{"lang":"zh-CN","name":"逃跑","nameA":""},{"lang":"hi-IN","name":"भागना","nameA":""},{"lang":"th-TH","name":"หลบหนี","nameA":""},{"lang":"tr-TR","name":"Kaçmak","nameA":""},{"lang":"pt-BR","name":"Escapar","nameA":""},{"lang":"de-DE","name":"Fliehen","nameA":""},{"lang":"id-ID","name":"Melarikan diri","nameA":""},{"lang":"fr-FR","name":"Échapper","nameA":""}]},{"id":0,"name":"exact","transcription":"[ɪɡˈzækt]","nameA":"","image":" ","bg":"transparent","nameAnswer":"","translates":[{"lang":"ru-RU","name":"Точный","nameA":""},{"lang":"vi-VN","name":"Chính xác","nameA":""},{"lang":"zh-CN","name":"精确的","nameA":""},{"lang":"hi-IN","name":"सटीक","nameA":""},{"lang":"th-TH","name":"แน่นอน","nameA":""},{"lang":"tr-TR","name":"Kesin","nameA":""},{"lang":"pt-BR","name":"Exato","nameA":""},{"lang":"de-DE","name":"Genau","nameA":""},{"lang":"id-ID","name":"Tepat","nameA":""},{"lang":"fr-FR","name":"Exact","nameA":""}]},{"id":0,"name":"exaggerate","transcription":"[ɪɡˈzædʒəreɪt]","nameA":"","image":" ","bg":"transparent","nameAnswer":"","translates":[{"lang":"ru-RU","name":"Преувеличивать","nameA":""},{"lang":"vi-VN","name":"Phóng đại","nameA":""},{"lang":"zh-CN","name":"夸大","nameA":""},{"lang":"hi-IN","name":"अतिशयोक्ति","nameA":""},{"lang":"th-TH","name":"พูดเกินจริง","nameA":""},{"lang":"tr-TR","name":"Abartmak","nameA":""},{"lang":"pt-BR","name":"Exagerar","nameA":""},{"lang":"de-DE","name":"Übertreiben","nameA":""},{"lang":"id-ID","name":"Melebih-lebihkan","nameA":""},{"lang":"fr-FR","name":"Exagérer","nameA":""}]},{"id":0,"name":"excellent","transcription":"[ˈɛksələnt]","nameA":"","image":" ","bg":"transparent","nameAnswer":"","translates":[{"lang":"ru-RU","name":"Отличный","nameA":""},{"lang":"vi-VN","name":"Xuất sắc","nameA":""},{"lang":"zh-CN","name":"优秀的","nameA":""},{"lang":"hi-IN","name":"उत्कृष्ट","nameA":""},{"lang":"th-TH","name":"ยอดเยี่ยม","nameA":""},{"lang":"tr-TR","name":"Mükemmel","nameA":""},{"lang":"pt-BR","name":"Excelente","nameA":""},{"lang":"de-DE","name":"Ausgezeichnet","nameA":""},{"lang":"id-ID","name":"Luar biasa","nameA":""},{"lang":"fr-FR","name":"Excellent","nameA":""}]},{"id":0,"name":"excited","transcription":"[ɪkˈsaɪtɪd]","nameA":"","image":" ","bg":"transparent","nameAnswer":"","translates":[{"lang":"ru-RU","name":"Взволнованный","nameA":""},{"lang":"vi-VN","name":"Hào hứng","nameA":""},{"lang":"zh-CN","name":"兴奋的","nameA":""},{"lang":"hi-IN","name":"उत्साहित","nameA":""},{"lang":"th-TH","name":"ตื่นเต้น","nameA":""},{"lang":"tr-TR","name":"Heyecanlı","nameA":""},{"lang":"pt-BR","name":"Animado","nameA":""},{"lang":"de-DE","name":"Aufgeregt","nameA":""},{"lang":"id-ID","name":"Bersemangat","nameA":""},{"lang":"fr-FR","name":"Excité","nameA":""}]},{"id":0,"name":"excuse","transcription":"[ɪkˈskjuːz]","nameA":"","image":" ","bg":"transparent","nameAnswer":"","translates":[{"lang":"ru-RU","name":"Извинение","nameA":""},{"lang":"vi-VN","name":"Xin lỗi","nameA":""},{"lang":"zh-CN","name":"借口","nameA":""},{"lang":"hi-IN","name":"माफी","nameA":""},{"lang":"th-TH","name":"ขอโทษ","nameA":""},{"lang":"tr-TR","name":"Özür","nameA":""},{"lang":"pt-BR","name":"Desculpa","nameA":""},{"lang":"de-DE","name":"Entschuldigung","nameA":""},{"lang":"id-ID","name":"Maaf","nameA":""},{"lang":"fr-FR","name":"Excuse","nameA":""}]},{"id":0,"name":"exercise","transcription":"[ˈɛksərsaɪz]","nameA":"","image":" ","bg":"transparent","nameAnswer":"","translates":[{"lang":"ru-RU","name":"Упражнение","nameA":""},{"lang":"vi-VN","name":"Bài tập","nameA":""},{"lang":"zh-CN","name":"练习","nameA":""},{"lang":"hi-IN","name":"अभ्यास","nameA":""},{"lang":"th-TH","name":"การออกกำลังกาย","nameA":""},{"lang":"tr-TR","name":"Egzersiz","nameA":""},{"lang":"pt-BR","name":"Exercício","nameA":""},{"lang":"de-DE","name":"Übung","nameA":""},{"lang":"id-ID","name":"Latihan","nameA":""},{"lang":"fr-FR","name":"Exercice","nameA":""}]},{"id":0,"name":"expect","transcription":"[ɪkˈspɛkt]","nameA":"","image":" ","bg":"transparent","nameAnswer":"","translates":[{"lang":"ru-RU","name":"Ожидать","nameA":""},{"lang":"vi-VN","name":"Mong đợi","nameA":""},{"lang":"zh-CN","name":"期待","nameA":""},{"lang":"hi-IN","name":"उम्मीद","nameA":""},{"lang":"th-TH","name":"คาดหวัง","nameA":""},{"lang":"tr-TR","name":"Beklemek","nameA":""},{"lang":"pt-BR","name":"Esperar","nameA":""},{"lang":"de-DE","name":"Erwarten","nameA":""},{"lang":"id-ID","name":"Mengharapkan","nameA":""},{"lang":"fr-FR","name":"Attendre","nameA":""}]},{"id":0,"name":"expensive","transcription":"[ɪkˈspɛnsɪv]","nameA":"","image":" ","bg":"transparent","nameAnswer":"","translates":[{"lang":"ru-RU","name":"Дорогой","nameA":""},{"lang":"vi-VN","name":"Đắt","nameA":""},{"lang":"zh-CN","name":"昂贵的","nameA":""},{"lang":"hi-IN","name":"महंगा","nameA":""},{"lang":"th-TH","name":"แพง","nameA":""},{"lang":"tr-TR","name":"Pahalı","nameA":""},{"lang":"pt-BR","name":"Caro","nameA":""},{"lang":"de-DE","name":"Teuer","nameA":""},{"lang":"id-ID","name":"Mahal","nameA":""},{"lang":"fr-FR","name":"Cher","nameA":""}]},{"id":0,"name":"explain","transcription":"[ɪkˈspleɪn]","nameA":"","image":" ","bg":"transparent","nameAnswer":"","translates":[{"lang":"ru-RU","name":"Объяснять","nameA":""},{"lang":"vi-VN","name":"Giải thích","nameA":""},{"lang":"zh-CN","name":"解释","nameA":""},{"lang":"hi-IN","name":"समझाना","nameA":""},{"lang":"th-TH","name":"อธิบาย","nameA":""},{"lang":"tr-TR","name":"Açıklamak","nameA":""},{"lang":"pt-BR","name":"Explicar","nameA":""},{"lang":"de-DE","name":"Erklären","nameA":""},{"lang":"id-ID","name":"Menjelaskan","nameA":""},{"lang":"fr-FR","name":"Expliquer","nameA":""}]},{"id":0,"name":"explode","transcription":"[ɪkˈsploʊd]","nameA":"","image":" ","bg":"transparent","nameAnswer":"","translates":[{"lang":"ru-RU","name":"Взрываться","nameA":""},{"lang":"vi-VN","name":"Nổ","nameA":""},{"lang":"zh-CN","name":"爆炸","nameA":""},{"lang":"hi-IN","name":"विस्फोट","nameA":""},{"lang":"th-TH","name":"ระเบิด","nameA":""},{"lang":"tr-TR","name":"Patlamak","nameA":""},{"lang":"pt-BR","name":"Explodir","nameA":""},{"lang":"de-DE","name":"Explodieren","nameA":""},{"lang":"id-ID","name":"Meledak","nameA":""},{"lang":"fr-FR","name":"Exploser","nameA":""}]},{"id":0,"name":"explore","transcription":"[ɪkˈsplɔːr]","nameA":"","image":" ","bg":"transparent","nameAnswer":"","translates":[{"lang":"ru-RU","name":"Исследовать","nameA":""},{"lang":"vi-VN","name":"Khám phá","nameA":""},{"lang":"zh-CN","name":"探索","nameA":""},{"lang":"hi-IN","name":"अन्वेषण","nameA":""},{"lang":"th-TH","name":"สำรวจ","nameA":""},{"lang":"tr-TR","name":"Keşfetmek","nameA":""},{"lang":"pt-BR","name":"Explorar","nameA":""},{"lang":"de-DE","name":"Erkunden","nameA":""},{"lang":"id-ID","name":"Menjelajahi","nameA":""},{"lang":"fr-FR","name":"Explorer","nameA":""}]},{"id":0,"name":"extent","transcription":"[ɪkˈstɛnt]","nameA":"","image":" ","bg":"transparent","nameAnswer":"","translates":[{"lang":"ru-RU","name":"Степень","nameA":""},{"lang":"vi-VN","name":"Mức độ","nameA":""},{"lang":"zh-CN","name":"程度","nameA":""},{"lang":"hi-IN","name":"सीमा","nameA":""},{"lang":"th-TH","name":"ขอบเขต","nameA":""},{"lang":"tr-TR","name":"Derece","nameA":""},{"lang":"pt-BR","name":"Extensão","nameA":""},{"lang":"de-DE","name":"Ausmaß","nameA":""},{"lang":"id-ID","name":"Tingkat","nameA":""},{"lang":"fr-FR","name":"Étendue","nameA":""}]},{"id":0,"name":"extinct","transcription":"[ɪkˈstɪŋkt]","nameA":"","image":" ","bg":"transparent","nameAnswer":"","translates":[{"lang":"ru-RU","name":"Вымерший","nameA":""},{"lang":"vi-VN","name":"Tuyệt chủng","nameA":""},{"lang":"zh-CN","name":"灭绝的","nameA":""},{"lang":"hi-IN","name":"विलुप्त","nameA":""},{"lang":"th-TH","name":"สูญพันธุ์","nameA":""},{"lang":"tr-TR","name":"Soyu tükenmiş","nameA":""},{"lang":"pt-BR","name":"Extinto","nameA":""},{"lang":"de-DE","name":"Ausgestorben","nameA":""},{"lang":"id-ID","name":"Punah","nameA":""},{"lang":"fr-FR","name":"Éteint","nameA":""}]},{"id":0,"name":"extra","transcription":"[ˈɛkstrə]","nameA":"","image":" ","bg":"transparent","nameAnswer":"","translates":[{"lang":"ru-RU","name":"Дополнительный","nameA":""},{"lang":"vi-VN","name":"Thêm","nameA":""},{"lang":"zh-CN","name":"额外的","nameA":""},{"lang":"hi-IN","name":"अतिरिक्त","nameA":""},{"lang":"th-TH","name":"พิเศษ","nameA":""},{"lang":"tr-TR","name":"Ekstra","nameA":""},{"lang":"pt-BR","name":"Extra","nameA":""},{"lang":"de-DE","name":"Extra","nameA":""},{"lang":"id-ID","name":"Tambahan","nameA":""},{"lang":"fr-FR","name":"Supplémentaire","nameA":""}]},{"id":0,"name":"extraordinary","transcription":"[ɪkˈstrɔːrdənɛri]","nameA":"","image":" ","bg":"transparent","nameAnswer":"","translates":[{"lang":"ru-RU","name":"Необыкновенный","nameA":""},{"lang":"vi-VN","name":"Phi thường","nameA":""},{"lang":"zh-CN","name":"非凡的","nameA":""},{"lang":"hi-IN","name":"असाधारण","nameA":""},{"lang":"th-TH","name":"พิเศษ","nameA":""},{"lang":"tr-TR","name":"Olağanüstü","nameA":""},{"lang":"pt-BR","name":"Extraordinário","nameA":""},{"lang":"de-DE","name":"Außergewöhnlich","nameA":""},{"lang":"id-ID","name":"Luar biasa","nameA":""},{"lang":"fr-FR","name":"Extraordinaire","nameA":""}]},{"id":0,"name":"bread","transcription":"[brɛd]","nameA":"","image":"/img/dict/food/bread.png","bg":"transparent","nameAnswer":"","translates":[{"lang":"ru-RU","name":"Хлеб","nameA":""},{"lang":"vi-VN","name":"Bánh mì","nameA":""},{"lang":"zh-CN","name":"面包","nameA":""},{"lang":"hi-IN","name":"रोटी","nameA":""},{"lang":"th-TH","name":"ขนมปัง","nameA":""},{"lang":"tr-TR","name":"Ekmek","nameA":""},{"lang":"pt-BR","name":"Pão","nameA":""},{"lang":"de-DE","name":"Brot","nameA":""},{"lang":"id-ID","name":"Roti","nameA":""},{"lang":"fr-FR","name":"Pain","nameA":""}]},{"id":0,"name":"dread","transcription":"[drɛd]","nameA":"","image":" ","bg":"transparent","nameAnswer":"","translates":[{"lang":"ru-RU","name":"Страх","nameA":""},{"lang":"vi-VN","name":"Sợ hãi","nameA":""},{"lang":"zh-CN","name":"恐惧","nameA":""},{"lang":"hi-IN","name":"डर","nameA":""},{"lang":"th-TH","name":"ความกลัว","nameA":""},{"lang":"tr-TR","name":"Korku","nameA":""},{"lang":"pt-BR","name":"Temor","nameA":""},{"lang":"de-DE","name":"Furcht","nameA":""},{"lang":"id-ID","name":"Ketakutan","nameA":""},{"lang":"fr-FR","name":"Peur","nameA":""}]},{"id":0,"name":"feather","transcription":"[ˈfɛðər]","nameA":"","image":" ","bg":"transparent","nameAnswer":"","translates":[{"lang":"ru-RU","name":"Перо","nameA":""},{"lang":"vi-VN","name":"Lông vũ","nameA":""},{"lang":"zh-CN","name":"羽毛","nameA":""},{"lang":"hi-IN","name":"पंख","nameA":""},{"lang":"th-TH","name":"ขนนก","nameA":""},{"lang":"tr-TR","name":"Tüy","nameA":""},{"lang":"pt-BR","name":"Pena","nameA":""},{"lang":"de-DE","name":"Feder","nameA":""},{"lang":"id-ID","name":"Bulu","nameA":""},{"lang":"fr-FR","name":"Plume","nameA":""}]},{"id":0,"name":"head","transcription":"[hɛd]","nameA":"","image":"/img/dict/body/head.png","bg":"transparent","nameAnswer":"","translates":[{"lang":"ru-RU","name":"Голова","nameA":""},{"lang":"vi-VN","name":"Đầu","nameA":""},{"lang":"zh-CN","name":"头","nameA":""},{"lang":"hi-IN","name":"सिर","nameA":""},{"lang":"th-TH","name":"หัว","nameA":""},{"lang":"tr-TR","name":"Kafa","nameA":""},{"lang":"pt-BR","name":"Cabeça","nameA":""},{"lang":"de-DE","name":"Kopf","nameA":""},{"lang":"id-ID","name":"Kepala","nameA":""},{"lang":"fr-FR","name":"Tête","nameA":""}]},{"id":0,"name":"instead","transcription":"[ɪnˈstɛd]","nameA":"","image":" ","bg":"transparent","nameAnswer":"","translates":[{"lang":"ru-RU","name":"Вместо","nameA":""},{"lang":"vi-VN","name":"Thay vì","nameA":""},{"lang":"zh-CN","name":"代替","nameA":""},{"lang":"hi-IN","name":"बजाय","nameA":""},{"lang":"th-TH","name":"แทน","nameA":""},{"lang":"tr-TR","name":"Yerine","nameA":""},{"lang":"pt-BR","name":"Em vez de","nameA":""},{"lang":"de-DE","name":"Stattdessen","nameA":""},{"lang":"id-ID","name":"Sebagai gantinya","nameA":""},{"lang":"fr-FR","name":"Au lieu de","nameA":""}]},{"id":0,"name":"jealous","transcription":"[ˈdʒɛləs]","nameA":"","image":" ","bg":"transparent","nameAnswer":"","translates":[{"lang":"ru-RU","name":"Ревнивый","nameA":""},{"lang":"vi-VN","name":"Ghen tị","nameA":""},{"lang":"zh-CN","name":"嫉妒的","nameA":""},{"lang":"hi-IN","name":"ईर्ष्यालु","nameA":""},{"lang":"th-TH","name":"อิจฉา","nameA":""},{"lang":"tr-TR","name":"Kıskanç","nameA":""},{"lang":"pt-BR","name":"Ciumento","nameA":""},{"lang":"de-DE","name":"Eifersüchtig","nameA":""},{"lang":"id-ID","name":"Cemburu","nameA":""},{"lang":"fr-FR","name":"Jaloux","nameA":""}]},{"id":0,"name":"meadow","transcription":"[ˈmɛdoʊ]","nameA":"","image":" ","bg":"transparent","nameAnswer":"","translates":[{"lang":"ru-RU","name":"Луг","nameA":""},{"lang":"vi-VN","name":"Đồng cỏ","nameA":""},{"lang":"zh-CN","name":"草地","nameA":""},{"lang":"hi-IN","name":"घास का मैदान","nameA":""},{"lang":"th-TH","name":"ทุ่งหญ้า","nameA":""},{"lang":"tr-TR","name":"Çayır","nameA":""},{"lang":"pt-BR","name":"Prado","nameA":""},{"lang":"de-DE","name":"Wiese","nameA":""},{"lang":"id-ID","name":"Padang rumput","nameA":""},{"lang":"fr-FR","name":"Prairie","nameA":""}]},{"id":0,"name":"ready","transcription":"[ˈrɛdi]","nameA":"","image":" ","bg":"transparent","nameAnswer":"","translates":[{"lang":"ru-RU","name":"Готовый","nameA":""},{"lang":"vi-VN","name":"Sẵn sàng","nameA":""},{"lang":"zh-CN","name":"准备好的","nameA":""},{"lang":"hi-IN","name":"तैयार","nameA":""},{"lang":"th-TH","name":"พร้อม","nameA":""},{"lang":"tr-TR","name":"Hazır","nameA":""},{"lang":"pt-BR","name":"Pronto","nameA":""},{"lang":"de-DE","name":"Bereit","nameA":""},{"lang":"id-ID","name":"Siap","nameA":""},{"lang":"fr-FR","name":"Prêt","nameA":""}]},{"id":0,"name":"spread","transcription":"[sprɛd]","nameA":"","image":" ","bg":"transparent","nameAnswer":"","translates":[{"lang":"ru-RU","name":"Распространять","nameA":""},{"lang":"vi-VN","name":"Lan rộng","nameA":""},{"lang":"zh-CN","name":"传播","nameA":""},{"lang":"hi-IN","name":"फैलाना","nameA":""},{"lang":"th-TH","name":"แพร่กระจาย","nameA":""},{"lang":"tr-TR","name":"Yayılmak","nameA":""},{"lang":"pt-BR","name":"Espalhar","nameA":""},{"lang":"de-DE","name":"Verbreiten","nameA":""},{"lang":"id-ID","name":"Menyebar","nameA":""},{"lang":"fr-FR","name":"Étaler","nameA":""}]},{"id":0,"name":"steady","transcription":"[ˈstɛdi]","nameA":"","image":" ","bg":"transparent","nameAnswer":"","translates":[{"lang":"ru-RU","name":"Устойчивый","nameA":""},{"lang":"vi-VN","name":"Ổn định","nameA":""},{"lang":"zh-CN","name":"稳定的","nameA":""},{"lang":"hi-IN","name":"स्थिर","nameA":""},{"lang":"th-TH","name":"มั่นคง","nameA":""},{"lang":"tr-TR","name":"Sabit","nameA":""},{"lang":"pt-BR","name":"Estável","nameA":""},{"lang":"de-DE","name":"Stabil","nameA":""},{"lang":"id-ID","name":"Stabil","nameA":""},{"lang":"fr-FR","name":"Stable","nameA":""}]},{"id":0,"name":"thread","transcription":"[θrɛd]","nameA":"","image":" ","bg":"transparent","nameAnswer":"","translates":[{"lang":"ru-RU","name":"Нить","nameA":""},{"lang":"vi-VN","name":"Sợi chỉ","nameA":""},{"lang":"zh-CN","name":"线","nameA":""},{"lang":"hi-IN","name":"धागा","nameA":""},{"lang":"th-TH","name":"เส้นด้าย","nameA":""},{"lang":"tr-TR","name":"İplik","nameA":""},{"lang":"pt-BR","name":"Fio","nameA":""},{"lang":"de-DE","name":"Faden","nameA":""},{"lang":"id-ID","name":"Benang","nameA":""},{"lang":"fr-FR","name":"Fil","nameA":""}]},{"id":0,"name":"weather","transcription":"[ˈwɛðər]","nameA":"","image":" ","bg":"transparent","nameAnswer":"","translates":[{"lang":"ru-RU","name":"Погода","nameA":""},{"lang":"vi-VN","name":"Thời tiết","nameA":""},{"lang":"zh-CN","name":"天气","nameA":""},{"lang":"hi-IN","name":"मौसम","nameA":""},{"lang":"th-TH","name":"อากาศ","nameA":""},{"lang":"tr-TR","name":"Hava","nameA":""},{"lang":"pt-BR","name":"Tempo","nameA":""},{"lang":"de-DE","name":"Wetter","nameA":""},{"lang":"id-ID","name":"Cuaca","nameA":""},{"lang":"fr-FR","name":"Temps","nameA":""}]}]}