{"name":"farm animals","img":"/img/dict/animals/farm.png","isRandom":true,"isBlur":true,"isForAdult":false,"separator":"","numWords":20,"Translations":[{"lang":"ru-RU","name":"Животные на ферме"},{"lang":"vi-VN","name":"Động vật nông trại"},{"lang":"zh-CN","name":"农场动物"},{"lang":"hi-IN","name":"खेत के जानवर"},{"lang":"th-TH","name":"สัตว์ในฟาร์ม"},{"lang":"tr-TR","name":"Çiftlik hayvanları"},{"lang":"pt-BR","name":"Animais da fazenda"},{"lang":"de-DE","name":"Nutztiere"},{"lang":"id-ID","name":"Hewan ternak"},{"lang":"fr-FR","name":"Animaux de la ferme"}],"items":[{"id":0,"name":"rabbit","transcription":"[ˈræbɪt]","image":"/img/dict/animals/rabbit.png","translates":[{"lang":"ru-RU","name":"кролик"},{"lang":"vi-VN","name":"thỏ"},{"lang":"zh-CN","name":"兔子"},{"lang":"hi-IN","name":"खरगोश"},{"lang":"th-TH","name":"กระต่าย"},{"lang":"tr-TR","name":"tavşan"},{"lang":"pt-BR","name":"coelho"},{"lang":"de-DE","name":"Hase"},{"lang":"id-ID","name":"kelinci"},{"lang":"fr-FR","name":"lapin"}]},{"id":1,"name":"goat","transcription":"[ɡəʊt]","image":"/img/dict/animals/goat.png","translates":[{"lang":"ru-RU","name":"коза"},{"lang":"vi-VN","name":"dê"},{"lang":"zh-CN","name":"山羊"},{"lang":"hi-IN","name":"बकरी"},{"lang":"th-TH","name":"แพะ"},{"lang":"tr-TR","name":"keçi"},{"lang":"pt-BR","name":"cabra"},{"lang":"de-DE","name":"Ziege"},{"lang":"id-ID","name":"kambing"},{"lang":"fr-FR","name":"chèvre"}]},{"id":2,"name":"chicken","transcription":"[ˈtʃɪkɪn]","image":"/img/dict/animals/chicken.png","translates":[{"lang":"ru-RU","name":"цыплёнок"},{"lang":"vi-VN","name":"gà con"},{"lang":"zh-CN","name":"小鸡"},{"lang":"hi-IN","name":"मुर्गे का बच्चा"},{"lang":"th-TH","name":"ลูกไก่"},{"lang":"tr-TR","name":"civciv"},{"lang":"pt-BR","name":"pintinho"},{"lang":"de-DE","name":"Küken"},{"lang":"id-ID","name":"anak ayam"},{"lang":"fr-FR","name":"poussin"}]},{"id":3,"name":"donkey","transcription":"[ˈdɔːŋkɪ]","image":"/img/dict/animals/donkey.png","translates":[{"lang":"ru-RU","name":"осёл"},{"lang":"vi-VN","name":"lừa"},{"lang":"zh-CN","name":"驴"},{"lang":"hi-IN","name":"गधा"},{"lang":"th-TH","name":"ลา"},{"lang":"tr-TR","name":"eşek"},{"lang":"pt-BR","name":"burro"},{"lang":"de-DE","name":"Esel"},{"lang":"id-ID","name":"keledai"},{"lang":"fr-FR","name":"âne"}]},{"id":4,"name":"ram","transcription":"[ræm]","image":"/img/dict/animals/ram.png","translates":[{"lang":"ru-RU","name":"баран"},{"lang":"vi-VN","name":"cừu đực"},{"lang":"zh-CN","name":"公羊"},{"lang":"hi-IN","name":"मेढ़ा"},{"lang":"th-TH","name":"แกะตัวผู้"},{"lang":"tr-TR","name":"koç"},{"lang":"pt-BR","name":"carneiro"},{"lang":"de-DE","name":"Widder"},{"lang":"id-ID","name":"domba jantan"},{"lang":"fr-FR","name":"bélier"}]},{"id":5,"name":"duckling","transcription":"[ˈdʌklɪŋ]","image":"/img/dict/animals/duckling.png","translates":[{"lang":"ru-RU","name":"утёнок"},{"lang":"vi-VN","name":"vịt con"},{"lang":"zh-CN","name":"小鸭"},{"lang":"hi-IN","name":"बत्तख़ का बच्चा"},{"lang":"th-TH","name":"ลูกเป็ด"},{"lang":"tr-TR","name":"ördek yavrusu"},{"lang":"pt-BR","name":"patinho"},{"lang":"de-DE","name":"Entenküken"},{"lang":"id-ID","name":"anak bebek"},{"lang":"fr-FR","name":"caneton"}]},{"id":6,"name":"piglet","transcription":"[ˈpɪɡlət]","image":"/img/dict/animals/piglet.png","translates":[{"lang":"ru-RU","name":"поросёнок"},{"lang":"vi-VN","name":"lợn con"},{"lang":"zh-CN","name":"小猪"},{"lang":"hi-IN","name":"सूअर का बच्चा"},{"lang":"th-TH","name":"ลูกหมู"},{"lang":"tr-TR","name":"domuz yavrusu"},{"lang":"pt-BR","name":"leitão"},{"lang":"de-DE","name":"Ferkel"},{"lang":"id-ID","name":"anak babi"},{"lang":"fr-FR","name":"porcelet"}]},{"id":7,"name":"turkey","transcription":"[ˈtɜːrkɪ]","image":"/img/dict/animals/turkey.png","translates":[{"lang":"ru-RU","name":"индейка"},{"lang":"vi-VN","name":"gà tây"},{"lang":"zh-CN","name":"火鸡"},{"lang":"hi-IN","name":"टर्की"},{"lang":"th-TH","name":"ไก่งวง"},{"lang":"tr-TR","name":"hindi"},{"lang":"pt-BR","name":"peru"},{"lang":"de-DE","name":"Truthahn"},{"lang":"id-ID","name":"kalkun"},{"lang":"fr-FR","name":"dinde"}]},{"id":8,"name":"horse","transcription":"[hɔːrs]","image":"/img/dict/animals/horse.png","translates":[{"lang":"ru-RU","name":"лошадь"},{"lang":"vi-VN","name":"ngựa"},{"lang":"zh-CN","name":"马"},{"lang":"hi-IN","name":"घोड़ा"},{"lang":"th-TH","name":"ม้า"},{"lang":"tr-TR","name":"at"},{"lang":"pt-BR","name":"cavalo"},{"lang":"de-DE","name":"Pferd"},{"lang":"id-ID","name":"kuda"},{"lang":"fr-FR","name":"cheval"}]},{"id":9,"name":"duck","transcription":"[dʌk]","image":"/img/dict/animals/duck.png","translates":[{"lang":"ru-RU","name":"утка"},{"lang":"vi-VN","name":"vịt"},{"lang":"zh-CN","name":"鸭"},{"lang":"hi-IN","name":"बत्तख"},{"lang":"th-TH","name":"เป็ด"},{"lang":"tr-TR","name":"ördek"},{"lang":"pt-BR","name":"pato"},{"lang":"de-DE","name":"Ente"},{"lang":"id-ID","name":"bebek"},{"lang":"fr-FR","name":"canard"}]},{"id":10,"name":"rooster","transcription":"[ˈruːstər]","image":"/img/dict/animals/rooster.png","translates":[{"lang":"ru-RU","name":"петух"},{"lang":"vi-VN","name":"gà trống"},{"lang":"zh-CN","name":"公鸡"},{"lang":"hi-IN","name":"मुर्गा"},{"lang":"th-TH","name":"ไก่ตัวผู้"},{"lang":"tr-TR","name":"horoz"},{"lang":"pt-BR","name":"galo"},{"lang":"de-DE","name":"Hahn"},{"lang":"id-ID","name":"ayam jago"},{"lang":"fr-FR","name":"coq"}]},{"id":11,"name":"calf","transcription":"[kæf]","image":"/img/dict/animals/calf.png","translates":[{"lang":"ru-RU","name":"телёнок"},{"lang":"vi-VN","name":"bê con"},{"lang":"zh-CN","name":"小牛"},{"lang":"hi-IN","name":"बछड़ा"},{"lang":"th-TH","name":"ลูกวัว"},{"lang":"tr-TR","name":"buzağı"},{"lang":"pt-BR","name":"bezerro"},{"lang":"de-DE","name":"Kalb"},{"lang":"id-ID","name":"anak sapi"},{"lang":"fr-FR","name":"veau"}]},{"id":12,"name":"pig","transcription":"[pɪɡ]","image":"/img/dict/animals/pig.png","translates":[{"lang":"ru-RU","name":"свинья"},{"lang":"vi-VN","name":"lợn"},{"lang":"zh-CN","name":"猪"},{"lang":"hi-IN","name":"सूअर"},{"lang":"th-TH","name":"หมู"},{"lang":"tr-TR","name":"domuz"},{"lang":"pt-BR","name":"porco"},{"lang":"de-DE","name":"Schwein"},{"lang":"id-ID","name":"babi"},{"lang":"fr-FR","name":"cochon"}]},{"id":13,"name":"cat","transcription":"[kæt]","image":"/img/dict/animals/cat.png","translates":[{"lang":"ru-RU","name":"кошка"},{"lang":"vi-VN","name":"mèo"},{"lang":"zh-CN","name":"猫"},{"lang":"hi-IN","name":"बिल्ली"},{"lang":"th-TH","name":"แมว"},{"lang":"tr-TR","name":"kedi"},{"lang":"pt-BR","name":"gato"},{"lang":"de-DE","name":"Katze"},{"lang":"id-ID","name":"kucing"},{"lang":"fr-FR","name":"chat"}]},{"id":14,"name":"goose","transcription":"[ɡuːs]","image":"/img/dict/animals/goose.png","translates":[{"lang":"ru-RU","name":"гусь"},{"lang":"vi-VN","name":"ngỗng"},{"lang":"zh-CN","name":"鹅"},{"lang":"hi-IN","name":"हंस"},{"lang":"th-TH","name":"ห่าน"},{"lang":"tr-TR","name":"kaz"},{"lang":"pt-BR","name":"ganso"},{"lang":"de-DE","name":"Gans"},{"lang":"id-ID","name":"angsa"},{"lang":"fr-FR","name":"oie"}]},{"id":15,"name":"cow","transcription":"[kaʊ]","image":"/img/dict/animals/cow.png","translates":[{"lang":"ru-RU","name":"корова"},{"lang":"vi-VN","name":"bò cái"},{"lang":"zh-CN","name":"奶牛"},{"lang":"hi-IN","name":"गाय"},{"lang":"th-TH","name":"วัว"},{"lang":"tr-TR","name":"inek"},{"lang":"pt-BR","name":"vaca"},{"lang":"de-DE","name":"Kuh"},{"lang":"id-ID","name":"sapi"},{"lang":"fr-FR","name":"vache"}]},{"id":16,"name":"lamb","transcription":"[læm]","image":"/img/dict/animals/lamb.png","translates":[{"lang":"ru-RU","name":"ягнёнок"},{"lang":"vi-VN","name":"cừu non"},{"lang":"zh-CN","name":"小羊"},{"lang":"hi-IN","name":"मेमना"},{"lang":"th-TH","name":"ลูกแกะ"},{"lang":"tr-TR","name":"kuzu"},{"lang":"pt-BR","name":"cordeiro"},{"lang":"de-DE","name":"Lamm"},{"lang":"id-ID","name":"anak domba"},{"lang":"fr-FR","name":"agneau"}]},{"id":17,"name":"sheep","transcription":"[ʃiːp]","image":"/img/dict/animals/sheep.png","translates":[{"lang":"ru-RU","name":"овца"},{"lang":"vi-VN","name":"cừu"},{"lang":"zh-CN","name":"绵羊"},{"lang":"hi-IN","name":"भेड़"},{"lang":"th-TH","name":"แกะ"},{"lang":"tr-TR","name":"koyun"},{"lang":"pt-BR","name":"ovelha"},{"lang":"de-DE","name":"Schaf"},{"lang":"id-ID","name":"domba"},{"lang":"fr-FR","name":"mouton"}]},{"id":18,"name":"hen","transcription":"[hen]","image":"/img/dict/animals/hen.png","translates":[{"lang":"ru-RU","name":"курица"},{"lang":"vi-VN","name":"gà mái"},{"lang":"zh-CN","name":"母鸡"},{"lang":"hi-IN","name":"मुर्गी"},{"lang":"th-TH","name":"แม่ไก่"},{"lang":"tr-TR","name":"tavuk"},{"lang":"pt-BR","name":"galinha"},{"lang":"de-DE","name":"Henne"},{"lang":"id-ID","name":"ayam betina"},{"lang":"fr-FR","name":"poule"}]},{"id":19,"name":"dog","transcription":"[dɔːɡ]","image":"/img/dict/animals/dog.png","translates":[{"lang":"ru-RU","name":"собака"},{"lang":"vi-VN","name":"chó"},{"lang":"zh-CN","name":"狗"},{"lang":"hi-IN","name":"कुत्ता"},{"lang":"th-TH","name":"หมา"},{"lang":"tr-TR","name":"köpek"},{"lang":"pt-BR","name":"cão"},{"lang":"de-DE","name":"Hund"},{"lang":"id-ID","name":"anjing"},{"lang":"fr-FR","name":"chien"}]}]}