{"name":"Phonics /ch/","isRandom":false,"isBlur":false,"isUpper":true,"isByWords":false,"isForAdult":false,"separator":"","numWords":43,"Translations":[{"lang":"ru-RU","name":"Фонетика /ch/"}],"items":[{"id":0,"name":"chain","transcription":"[tʃeɪn]","nameA":"","image":" ","bg":"transparent","translates":[{"lang":"ru-RU","name":"Цепь"},{"lang":"vi-VN","name":"Dây xích"},{"lang":"zh-CN","name":"链条"},{"lang":"hi-IN","name":"ज़ंजीर"},{"lang":"th-TH","name":"โซ่"},{"lang":"tr-TR","name":"Zincir"},{"lang":"pt-BR","name":"Corrente"},{"lang":"de-DE","name":"Kette"},{"lang":"id-ID","name":"Rantai"},{"lang":"fr-FR","name":"Chaîne"}]},{"id":0,"name":"chair","transcription":"[tʃɛər]","nameA":"","image":"/img/dict/classroom/chair.png","bg":"transparent","translates":[{"lang":"ru-RU","name":"Стул"},{"lang":"vi-VN","name":"Ghế"},{"lang":"zh-CN","name":"椅子"},{"lang":"hi-IN","name":"कुर्सी"},{"lang":"th-TH","name":"เก้าอี้"},{"lang":"tr-TR","name":"Sandalye"},{"lang":"pt-BR","name":"Cadeira"},{"lang":"de-DE","name":"Stuhl"},{"lang":"id-ID","name":"Kursi"},{"lang":"fr-FR","name":"Chaise"}]},{"id":0,"name":"chalk","transcription":"[tʃɔːk]","nameA":"","image":"/img/dict/classroom/chalk.png","bg":"transparent","translates":[{"lang":"ru-RU","name":"Мел"},{"lang":"vi-VN","name":"Phấn"},{"lang":"zh-CN","name":"粉笔"},{"lang":"hi-IN","name":"चॉक"},{"lang":"th-TH","name":"ชอล์ก"},{"lang":"tr-TR","name":"Tebeşir"},{"lang":"pt-BR","name":"Giz"},{"lang":"de-DE","name":"Kreide"},{"lang":"id-ID","name":"Kapur"},{"lang":"fr-FR","name":"Craie"}]},{"id":0,"name":"challenge","transcription":"[ˈtʃælɪndʒ]","nameA":"","image":" ","bg":"transparent","translates":[{"lang":"ru-RU","name":"Вызов"},{"lang":"vi-VN","name":"Thử thách"},{"lang":"zh-CN","name":"挑战"},{"lang":"hi-IN","name":"चुनौती"},{"lang":"th-TH","name":"ความท้าทาย"},{"lang":"tr-TR","name":"Meydan okuma"},{"lang":"pt-BR","name":"Desafio"},{"lang":"de-DE","name":"Herausforderung"},{"lang":"id-ID","name":"Tantangan"},{"lang":"fr-FR","name":"Défi"}]},{"id":0,"name":"change","transcription":"[tʃeɪndʒ]","nameA":"","image":" ","bg":"transparent","translates":[{"lang":"ru-RU","name":"Изменять"},{"lang":"vi-VN","name":"Thay đổi"},{"lang":"zh-CN","name":"改变"},{"lang":"hi-IN","name":"बदलना"},{"lang":"th-TH","name":"เปลี่ยน"},{"lang":"tr-TR","name":"Değiştirmek"},{"lang":"pt-BR","name":"Mudar"},{"lang":"de-DE","name":"Verändern"},{"lang":"id-ID","name":"Mengubah"},{"lang":"fr-FR","name":"Changer"}]},{"id":0,"name":"chapter","transcription":"[ˈtʃæptər]","nameA":"","image":" ","bg":"transparent","translates":[{"lang":"ru-RU","name":"Глава"},{"lang":"vi-VN","name":"Chương"},{"lang":"zh-CN","name":"章节"},{"lang":"hi-IN","name":"अध्याय"},{"lang":"th-TH","name":"บท"},{"lang":"tr-TR","name":"Bölüm"},{"lang":"pt-BR","name":"Capítulo"},{"lang":"de-DE","name":"Kapitel"},{"lang":"id-ID","name":"Bab"},{"lang":"fr-FR","name":"Chapitre"}]},{"id":0,"name":"charge","transcription":"[tʃɑːrdʒ]","nameA":"","image":" ","bg":"transparent","translates":[{"lang":"ru-RU","name":"Заряд"},{"lang":"vi-VN","name":"Sạc"},{"lang":"zh-CN","name":"充电"},{"lang":"hi-IN","name":"चार्ज"},{"lang":"th-TH","name":"ชาร์จ"},{"lang":"tr-TR","name":"Şarj"},{"lang":"pt-BR","name":"Carregar"},{"lang":"de-DE","name":"Aufladen"},{"lang":"id-ID","name":"Mengisi"},{"lang":"fr-FR","name":"Charger"}]},{"id":0,"name":"chase","transcription":"[tʃeɪs]","nameA":"","image":" ","bg":"transparent","translates":[{"lang":"ru-RU","name":"Погоня"},{"lang":"vi-VN","name":"Đuổi theo"},{"lang":"zh-CN","name":"追逐"},{"lang":"hi-IN","name":"पीछा करना"},{"lang":"th-TH","name":"ไล่ล่า"},{"lang":"tr-TR","name":"Kovalamak"},{"lang":"pt-BR","name":"Perseguir"},{"lang":"de-DE","name":"Jagen"},{"lang":"id-ID","name":"Mengejar"},{"lang":"fr-FR","name":"Poursuivre"}]},{"id":0,"name":"cheap","transcription":"[tʃiːp]","nameA":"","image":" ","bg":"transparent","translates":[{"lang":"ru-RU","name":"Дешевый"},{"lang":"vi-VN","name":"Rẻ"},{"lang":"zh-CN","name":"便宜的"},{"lang":"hi-IN","name":"सस्ता"},{"lang":"th-TH","name":"ถูก"},{"lang":"tr-TR","name":"Ucuz"},{"lang":"pt-BR","name":"Barato"},{"lang":"de-DE","name":"Billig"},{"lang":"id-ID","name":"Murah"},{"lang":"fr-FR","name":"Bon marché"}]},{"id":0,"name":"check","transcription":"[tʃɛk]","nameA":"","image":" ","bg":"transparent","translates":[{"lang":"ru-RU","name":"Проверять"},{"lang":"vi-VN","name":"Kiểm tra"},{"lang":"zh-CN","name":"检查"},{"lang":"hi-IN","name":"जाँच करना"},{"lang":"th-TH","name":"ตรวจสอบ"},{"lang":"tr-TR","name":"Kontrol etmek"},{"lang":"pt-BR","name":"Verificar"},{"lang":"de-DE","name":"Prüfen"},{"lang":"id-ID","name":"Memeriksa"},{"lang":"fr-FR","name":"Vérifier"}]},{"id":0,"name":"cheek","transcription":"[tʃiːk]","nameA":"","image":"/img/dict/body/cheek.png","bg":"transparent","translates":[{"lang":"ru-RU","name":"Щека"},{"lang":"vi-VN","name":"Má"},{"lang":"zh-CN","name":"脸颊"},{"lang":"hi-IN","name":"गाल"},{"lang":"th-TH","name":"แก้ม"},{"lang":"tr-TR","name":"Yanak"},{"lang":"pt-BR","name":"Bochecha"},{"lang":"de-DE","name":"Wange"},{"lang":"id-ID","name":"Pipi"},{"lang":"fr-FR","name":"Joue"}]},{"id":0,"name":"cheer","transcription":"[tʃɪər]","nameA":"","image":" ","bg":"transparent","translates":[{"lang":"ru-RU","name":"Аплодисменты"},{"lang":"vi-VN","name":"Cổ vũ"},{"lang":"zh-CN","name":"欢呼"},{"lang":"hi-IN","name":"जयकार"},{"lang":"th-TH","name":"เชียร์"},{"lang":"tr-TR","name":"Tezahürat"},{"lang":"pt-BR","name":"Aplaudir"},{"lang":"de-DE","name":"Jubeln"},{"lang":"id-ID","name":"Bersorak"},{"lang":"fr-FR","name":"Acclamer"}]},{"id":0,"name":"cheese","transcription":"[tʃiːz]","nameA":"","image":"/img/dict/food/cheese.png","bg":"transparent","translates":[{"lang":"ru-RU","name":"Сыр"},{"lang":"vi-VN","name":"Phô mai"},{"lang":"zh-CN","name":"奶酪"},{"lang":"hi-IN","name":"पनीर"},{"lang":"th-TH","name":"ชีส"},{"lang":"tr-TR","name":"Peynir"},{"lang":"pt-BR","name":"Queijo"},{"lang":"de-DE","name":"Käse"},{"lang":"id-ID","name":"Keju"},{"lang":"fr-FR","name":"Fromage"}]},{"id":0,"name":"cherry","transcription":"[ˈtʃɛri]","nameA":"","image":"/img/dict/food/cherry.png","bg":"transparent","translates":[{"lang":"ru-RU","name":"Вишня"},{"lang":"vi-VN","name":"Anh đào"},{"lang":"zh-CN","name":"樱桃"},{"lang":"hi-IN","name":"चेरी"},{"lang":"th-TH","name":"เชอร์รี่"},{"lang":"tr-TR","name":"Kiraz"},{"lang":"pt-BR","name":"Cereja"},{"lang":"de-DE","name":"Kirsche"},{"lang":"id-ID","name":"Ceri"},{"lang":"fr-FR","name":"Cerise"}]},{"id":0,"name":"chess","transcription":"[tʃɛs]","nameA":"","image":"/img/dict/sports/chess.png","bg":"transparent","translates":[{"lang":"ru-RU","name":"Шахматы"},{"lang":"vi-VN","name":"Cờ vua"},{"lang":"zh-CN","name":"国际象棋"},{"lang":"hi-IN","name":"शतरंज"},{"lang":"th-TH","name":"หมากรุก"},{"lang":"tr-TR","name":"Satranç"},{"lang":"pt-BR","name":"Xadrez"},{"lang":"de-DE","name":"Schach"},{"lang":"id-ID","name":"Catur"},{"lang":"fr-FR","name":"Échecs"}]},{"id":0,"name":"chest","transcription":"[tʃɛst]","nameA":"","image":"/img/dict/home/chest.png","bg":"transparent","translates":[{"lang":"ru-RU","name":"Сундук"},{"lang":"vi-VN","name":"Rương"},{"lang":"zh-CN","name":"箱子"},{"lang":"hi-IN","name":"संदूक"},{"lang":"th-TH","name":"หีบ"},{"lang":"tr-TR","name":"Sandık"},{"lang":"pt-BR","name":"Baú"},{"lang":"de-DE","name":"Truhe"},{"lang":"id-ID","name":"Peti"},{"lang":"fr-FR","name":"Coffre"}]},{"id":0,"name":"chestnut","transcription":"[ˈtʃɛsˌnʌt]","nameA":"","image":"/img/dict/food/chestnut.png","bg":"transparent","translates":[{"lang":"ru-RU","name":"Каштан"},{"lang":"vi-VN","name":"Hạt dẻ"},{"lang":"zh-CN","name":"栗子"},{"lang":"hi-IN","name":"शाहबलूत"},{"lang":"th-TH","name":"เกาลัด"},{"lang":"tr-TR","name":"Kestane"},{"lang":"pt-BR","name":"Castanha"},{"lang":"de-DE","name":"Kastanie"},{"lang":"id-ID","name":"Kastanye"},{"lang":"fr-FR","name":"Châtaigne"}]},{"id":0,"name":"chew","transcription":"[tʃuː]","nameA":"","image":" ","bg":"transparent","translates":[{"lang":"ru-RU","name":"Жевать"},{"lang":"vi-VN","name":"Nhai"},{"lang":"zh-CN","name":"咀嚼"},{"lang":"hi-IN","name":"चबाना"},{"lang":"th-TH","name":"เคี้ยว"},{"lang":"tr-TR","name":"Çiğnemek"},{"lang":"pt-BR","name":"Mastigar"},{"lang":"de-DE","name":"Kauen"},{"lang":"id-ID","name":"Mengunyah"},{"lang":"fr-FR","name":"Mâcher"}]},{"id":0,"name":"chick","transcription":"[tʃɪk]","nameA":"","image":" ","bg":"transparent","translates":[{"lang":"ru-RU","name":"Цыпленок"},{"lang":"vi-VN","name":"Gà con"},{"lang":"zh-CN","name":"小鸡"},{"lang":"hi-IN","name":"चूजा"},{"lang":"th-TH","name":"ลูกไก่"},{"lang":"tr-TR","name":"Civciv"},{"lang":"pt-BR","name":"Pintinho"},{"lang":"de-DE","name":"Küken"},{"lang":"id-ID","name":"Anak ayam"},{"lang":"fr-FR","name":"Poussin"}]},{"id":0,"name":"chicken","transcription":"[ˈtʃɪkɪn]","nameA":"","image":"/img/dict/animals/chicken.png","bg":"transparent","translates":[{"lang":"ru-RU","name":"Курица"},{"lang":"vi-VN","name":"Gà"},{"lang":"zh-CN","name":"鸡"},{"lang":"hi-IN","name":"मुर्गी"},{"lang":"th-TH","name":"ไก่"},{"lang":"tr-TR","name":"Tavuk"},{"lang":"pt-BR","name":"Frango"},{"lang":"de-DE","name":"Huhn"},{"lang":"id-ID","name":"Ayam"},{"lang":"fr-FR","name":"Poulet"}]},{"id":0,"name":"child","transcription":"[tʃaɪld]","nameA":"","image":" ","bg":"transparent","translates":[{"lang":"ru-RU","name":"Ребенок"},{"lang":"vi-VN","name":"Trẻ em"},{"lang":"zh-CN","name":"孩子"},{"lang":"hi-IN","name":"बच्चा"},{"lang":"th-TH","name":"เด็ก"},{"lang":"tr-TR","name":"Çocuk"},{"lang":"pt-BR","name":"Criança"},{"lang":"de-DE","name":"Kind"},{"lang":"id-ID","name":"Anak"},{"lang":"fr-FR","name":"Enfant"}]},{"id":0,"name":"chimney","transcription":"[ˈtʃɪmni]","nameA":"","image":"/img/dict/home/chimney.png","bg":"transparent","translates":[{"lang":"ru-RU","name":"Дымоход"},{"lang":"vi-VN","name":"Ống khói"},{"lang":"zh-CN","name":"烟囱"},{"lang":"hi-IN","name":"चिमनी"},{"lang":"th-TH","name":"ปล่องไฟ"},{"lang":"tr-TR","name":"Baca"},{"lang":"pt-BR","name":"Chaminé"},{"lang":"de-DE","name":"Schornstein"},{"lang":"id-ID","name":"Cerobong"},{"lang":"fr-FR","name":"Cheminée"}]},{"id":0,"name":"chimpanzee","transcription":"[ˌtʃɪmpænˈziː]","nameA":"","image":"/img/dict/animals/chimpanzee.png","bg":"transparent","translates":[{"lang":"ru-RU","name":"Шимпанзе"},{"lang":"vi-VN","name":"Tinh tinh"},{"lang":"zh-CN","name":"黑猩猩"},{"lang":"hi-IN","name":"चिंपैंजी"},{"lang":"th-TH","name":"ชิมแปนซี"},{"lang":"tr-TR","name":"Şempanze"},{"lang":"pt-BR","name":"Chimpanzé"},{"lang":"de-DE","name":"Schimpanse"},{"lang":"id-ID","name":"Simpanse"},{"lang":"fr-FR","name":"Chimpanzé"}]},{"id":0,"name":"chin","transcription":"[tʃɪn]","nameA":"","image":"/img/dict/body/chin.png","bg":"transparent","translates":[{"lang":"ru-RU","name":"Подбородок"},{"lang":"vi-VN","name":"Cằm"},{"lang":"zh-CN","name":"下巴"},{"lang":"hi-IN","name":"ठोड़ी"},{"lang":"th-TH","name":"คาง"},{"lang":"tr-TR","name":"Çene"},{"lang":"pt-BR","name":"Queixo"},{"lang":"de-DE","name":"Kinn"},{"lang":"id-ID","name":"Dagu"},{"lang":"fr-FR","name":"Menton"}]},{"id":0,"name":"chip","transcription":"[tʃɪp]","nameA":"","image":" ","bg":"transparent","translates":[{"lang":"ru-RU","name":"Чип"},{"lang":"vi-VN","name":"Chip"},{"lang":"zh-CN","name":"芯片"},{"lang":"hi-IN","name":"चिप"},{"lang":"th-TH","name":"ชิป"},{"lang":"tr-TR","name":"Çip"},{"lang":"pt-BR","name":"Chip"},{"lang":"de-DE","name":"Chip"},{"lang":"id-ID","name":"Chip"},{"lang":"fr-FR","name":"Puce"}]},{"id":0,"name":"chocolate","transcription":"[ˈtʃɒkəlɪt]","nameA":"","image":"/img/dict/food/chocolate.png","bg":"transparent","translates":[{"lang":"ru-RU","name":"Шоколад"},{"lang":"vi-VN","name":"Sô cô la"},{"lang":"zh-CN","name":"巧克力"},{"lang":"hi-IN","name":"चॉकलेट"},{"lang":"th-TH","name":"ช็อกโกแลต"},{"lang":"tr-TR","name":"Çikolata"},{"lang":"pt-BR","name":"Chocolate"},{"lang":"de-DE","name":"Schokolade"},{"lang":"id-ID","name":"Cokelat"},{"lang":"fr-FR","name":"Chocolat"}]},{"id":0,"name":"choose","transcription":"[tʃuːz]","nameA":"","image":" ","bg":"transparent","translates":[{"lang":"ru-RU","name":"Выбирать"},{"lang":"vi-VN","name":"Chọn"},{"lang":"zh-CN","name":"选择"},{"lang":"hi-IN","name":"चुनना"},{"lang":"th-TH","name":"เลือก"},{"lang":"tr-TR","name":"Seçmek"},{"lang":"pt-BR","name":"Escolher"},{"lang":"de-DE","name":"Wählen"},{"lang":"id-ID","name":"Memilih"},{"lang":"fr-FR","name":"Choisir"}]},{"id":0,"name":"chop","transcription":"[tʃɒp]","nameA":"","image":" ","bg":"transparent","translates":[{"lang":"ru-RU","name":"Рубить"},{"lang":"vi-VN","name":"Chặt"},{"lang":"zh-CN","name":"砍"},{"lang":"hi-IN","name":"काटना"},{"lang":"th-TH","name":"สับ"},{"lang":"tr-TR","name":"Doğramak"},{"lang":"pt-BR","name":"Cortar"},{"lang":"de-DE","name":"Hacken"},{"lang":"id-ID","name":"Memotong"},{"lang":"fr-FR","name":"Couper"}]},{"id":0,"name":"clutch","transcription":"[klʌtʃ]","nameA":"","image":" ","bg":"transparent","translates":[{"lang":"ru-RU","name":"Сцепление"},{"lang":"vi-VN","name":"Ly hợp"},{"lang":"zh-CN","name":"离合器"},{"lang":"hi-IN","name":"क्लच"},{"lang":"th-TH","name":"คลัตช์"},{"lang":"tr-TR","name":"Debriyaj"},{"lang":"pt-BR","name":"Embreagem"},{"lang":"de-DE","name":"Kupplung"},{"lang":"id-ID","name":"Kopling"},{"lang":"fr-FR","name":"Embrayage"}]},{"id":0,"name":"hatch","transcription":"[hætʃ]","nameA":"","image":" ","bg":"transparent","translates":[{"lang":"ru-RU","name":"Люк"},{"lang":"vi-VN","name":"Cửa hầm"},{"lang":"zh-CN","name":"舱口"},{"lang":"hi-IN","name":"हैच"},{"lang":"th-TH","name":"ประตูเล็ก"},{"lang":"tr-TR","name":"Kapak"},{"lang":"pt-BR","name":"Escotilha"},{"lang":"de-DE","name":"Luke"},{"lang":"id-ID","name":"Palka"},{"lang":"fr-FR","name":"Trappe"}]},{"id":0,"name":"pitch","transcription":"[pɪtʃ]","nameA":"","image":" ","bg":"transparent","translates":[{"lang":"ru-RU","name":"Питч"},{"lang":"vi-VN","name":"Sân bóng"},{"lang":"zh-CN","name":"球场"},{"lang":"hi-IN","name":"पिच"},{"lang":"th-TH","name":"สนาม"},{"lang":"tr-TR","name":"Saha"},{"lang":"pt-BR","name":"Campo"},{"lang":"de-DE","name":"Platz"},{"lang":"id-ID","name":"Lapangan"},{"lang":"fr-FR","name":"Terrain"}]},{"id":0,"name":"stitch","transcription":"[stɪtʃ]","nameA":"","image":" ","bg":"transparent","translates":[{"lang":"ru-RU","name":"Стежок"},{"lang":"vi-VN","name":"Mũi khâu"},{"lang":"zh-CN","name":"针脚"},{"lang":"hi-IN","name":"टांका"},{"lang":"th-TH","name":"ตะเข็บ"},{"lang":"tr-TR","name":"Dikiş"},{"lang":"pt-BR","name":"Ponto"},{"lang":"de-DE","name":"Stich"},{"lang":"id-ID","name":"Jahitan"},{"lang":"fr-FR","name":"Point"}]},{"id":0,"name":"switch","transcription":"[swɪtʃ]","nameA":"","image":" ","bg":"transparent","translates":[{"lang":"ru-RU","name":"Переключатель"},{"lang":"vi-VN","name":"Công tắc"},{"lang":"zh-CN","name":"开关"},{"lang":"hi-IN","name":"स्विच"},{"lang":"th-TH","name":"สวิตช์"},{"lang":"tr-TR","name":"Anahtar"},{"lang":"pt-BR","name":"Interruptor"},{"lang":"de-DE","name":"Schalter"},{"lang":"id-ID","name":"Saklar"},{"lang":"fr-FR","name":"Interrupteur"}]},{"id":0,"name":"much","transcription":"[mʌtʃ]","nameA":"","image":" ","bg":"transparent","translates":[{"lang":"ru-RU","name":"Много"},{"lang":"vi-VN","name":"Nhiều"},{"lang":"zh-CN","name":"很多"},{"lang":"hi-IN","name":"बहुत"},{"lang":"th-TH","name":"มาก"},{"lang":"tr-TR","name":"Çok"},{"lang":"pt-BR","name":"Muito"},{"lang":"de-DE","name":"Viel"},{"lang":"id-ID","name":"Banyak"},{"lang":"fr-FR","name":"Beaucoup"}]},{"id":0,"name":"rich","transcription":"[rɪtʃ]","nameA":"","image":" ","bg":"transparent","translates":[{"lang":"ru-RU","name":"Богатый"},{"lang":"vi-VN","name":"Giàu"},{"lang":"zh-CN","name":"富有的"},{"lang":"hi-IN","name":"अमीर"},{"lang":"th-TH","name":"รวย"},{"lang":"tr-TR","name":"Zengin"},{"lang":"pt-BR","name":"Rico"},{"lang":"de-DE","name":"Reich"},{"lang":"id-ID","name":"Kaya"},{"lang":"fr-FR","name":"Riche"}]},{"id":0,"name":"such","transcription":"[sʌtʃ]","nameA":"","image":" ","bg":"transparent","translates":[{"lang":"ru-RU","name":"Такой"},{"lang":"vi-VN","name":"Như vậy"},{"lang":"zh-CN","name":"这样的"},{"lang":"hi-IN","name":"ऐसा"},{"lang":"th-TH","name":"ดังกล่าว"},{"lang":"tr-TR","name":"Böyle"},{"lang":"pt-BR","name":"Tal"},{"lang":"de-DE","name":"Solch"},{"lang":"id-ID","name":"Seperti itu"},{"lang":"fr-FR","name":"Tel"}]},{"id":0,"name":"touch","transcription":"[tʌtʃ]","nameA":"","image":" ","bg":"transparent","translates":[{"lang":"ru-RU","name":"Касаться"},{"lang":"vi-VN","name":"Chạm"},{"lang":"zh-CN","name":"触摸"},{"lang":"hi-IN","name":"छूना"},{"lang":"th-TH","name":"สัมผัส"},{"lang":"tr-TR","name":"Dokunmak"},{"lang":"pt-BR","name":"Tocar"},{"lang":"de-DE","name":"Berühren"},{"lang":"id-ID","name":"Menyentuh"},{"lang":"fr-FR","name":"Toucher"}]},{"id":0,"name":"adventure","transcription":"[ədˈvɛntʃər]","nameA":"","image":" ","bg":"transparent","translates":[{"lang":"ru-RU","name":"Приключение"},{"lang":"vi-VN","name":"Phiêu lưu"},{"lang":"zh-CN","name":"冒险"},{"lang":"hi-IN","name":"साहसिक"},{"lang":"th-TH","name":"การผจญภัย"},{"lang":"tr-TR","name":"Macera"},{"lang":"pt-BR","name":"Aventura"},{"lang":"de-DE","name":"Abenteuer"},{"lang":"id-ID","name":"Petualangan"},{"lang":"fr-FR","name":"Aventure"}]},{"id":0,"name":"future","transcription":"[ˈfjuːtʃər]","nameA":"","image":" ","bg":"transparent","translates":[{"lang":"ru-RU","name":"Будущее"},{"lang":"vi-VN","name":"Tương lai"},{"lang":"zh-CN","name":"未来"},{"lang":"hi-IN","name":"भविष्य"},{"lang":"th-TH","name":"อนาคต"},{"lang":"tr-TR","name":"Gelecek"},{"lang":"pt-BR","name":"Futuro"},{"lang":"de-DE","name":"Zukunft"},{"lang":"id-ID","name":"Masa depan"},{"lang":"fr-FR","name":"Avenir"}]},{"id":0,"name":"mixture","transcription":"[ˈmɪkstʃər]","nameA":"","image":" ","bg":"transparent","translates":[{"lang":"ru-RU","name":"Смесь"},{"lang":"vi-VN","name":"Hỗn hợp"},{"lang":"zh-CN","name":"混合物"},{"lang":"hi-IN","name":"मिश्रण"},{"lang":"th-TH","name":"ส่วนผสม"},{"lang":"tr-TR","name":"Karışım"},{"lang":"pt-BR","name":"Mistura"},{"lang":"de-DE","name":"Mischung"},{"lang":"id-ID","name":"Campuran"},{"lang":"fr-FR","name":"Mélange"}]},{"id":0,"name":"picture","transcription":"[ˈpɪktʃər]","nameA":"","image":"/img/dict/home/picture.png","bg":"transparent","translates":[{"lang":"ru-RU","name":"Картина"},{"lang":"vi-VN","name":"Bức tranh"},{"lang":"zh-CN","name":"图片"},{"lang":"hi-IN","name":"तस्वीर"},{"lang":"th-TH","name":"ภาพ"},{"lang":"tr-TR","name":"Resim"},{"lang":"pt-BR","name":"Imagem"},{"lang":"de-DE","name":"Bild"},{"lang":"id-ID","name":"Gambar"},{"lang":"fr-FR","name":"Image"}]},{"id":0,"name":"structure","transcription":"[ˈstrʌktʃər]","nameA":"","image":" ","bg":"transparent","translates":[{"lang":"ru-RU","name":"Структура"},{"lang":"vi-VN","name":"Cấu trúc"},{"lang":"zh-CN","name":"结构"},{"lang":"hi-IN","name":"संरचना"},{"lang":"th-TH","name":"โครงสร้าง"},{"lang":"tr-TR","name":"Yapı"},{"lang":"pt-BR","name":"Estrutura"},{"lang":"de-DE","name":"Struktur"},{"lang":"id-ID","name":"Struktur"},{"lang":"fr-FR","name":"Structure"}]},{"id":0,"name":"furniture","transcription":"[ˈfɜːrnɪtʃər]","nameA":"","image":"/img/dict/home/furniture.png","bg":"transparent","translates":[{"lang":"ru-RU","name":"Мебель"},{"lang":"vi-VN","name":"Đồ nội thất"},{"lang":"zh-CN","name":"家具"},{"lang":"hi-IN","name":"फर्नीचर"},{"lang":"th-TH","name":"เฟอร์นิเจอร์"},{"lang":"tr-TR","name":"Mobilya"},{"lang":"pt-BR","name":"Mobília"},{"lang":"de-DE","name":"Möbel"},{"lang":"id-ID","name":"Furnitur"},{"lang":"fr-FR","name":"Meubles"}]}]}