{"name":"Vegetables","isRandom":true,"isBlur":true,"isUpper":true,"isByWords":false,"isForAdult":false,"separator":"","numWords":27,"Translations":[{"lang":"ru-RU","name":"Овощи"},{"lang":"vi-VN","name":"Rau củ"},{"lang":"zh-CN","name":"蔬菜"},{"lang":"hi-IN","name":"सब्जियां"},{"lang":"th-TH","name":"ผัก"},{"lang":"tr-TR","name":"Sebzeler"},{"lang":"pt-BR","name":"Legumes"},{"lang":"de-DE","name":"Gemüse"},{"lang":"id-ID","name":"Sayuran"},{"lang":"fr-FR","name":"Légumes"}],"items":[{"id":0,"name":"onion","transcription":"[ˈʌnjən]","image":"/img/dict/food/onion.png","translates":[{"lang":"ru-RU","name":"лук"},{"lang":"vi-VN","name":"hành tây"},{"lang":"zh-CN","name":"洋葱"},{"lang":"hi-IN","name":"प्याज"},{"lang":"th-TH","name":"หัวหอม"},{"lang":"tr-TR","name":"soğan"},{"lang":"pt-BR","name":"cebola"},{"lang":"de-DE","name":"Zwiebel"},{"lang":"id-ID","name":"bawang bombay"},{"lang":"fr-FR","name":"oignon"}]},{"id":1,"name":"mushroom","transcription":"[ˈmʌʃrʊm]","image":"/img/dict/food/mushroom.png","translates":[{"lang":"ru-RU","name":"гриб"},{"lang":"vi-VN","name":"nấm"},{"lang":"zh-CN","name":"蘑菇"},{"lang":"hi-IN","name":"मशरूम"},{"lang":"th-TH","name":"เห็ด"},{"lang":"tr-TR","name":"mantar"},{"lang":"pt-BR","name":"cogumelo"},{"lang":"de-DE","name":"Pilz"},{"lang":"id-ID","name":"jamur"},{"lang":"fr-FR","name":"champignon"}]},{"id":2,"name":"potato","transcription":"[pəˈteɪtəʊ]","image":"/img/dict/food/potato.png","translates":[{"lang":"ru-RU","name":"картофель"},{"lang":"vi-VN","name":"khoai tây"},{"lang":"zh-CN","name":"土豆"},{"lang":"hi-IN","name":"आलू"},{"lang":"th-TH","name":"มันฝรั่ง"},{"lang":"tr-TR","name":"patates"},{"lang":"pt-BR","name":"batata"},{"lang":"de-DE","name":"Kartoffel"},{"lang":"id-ID","name":"kentang"},{"lang":"fr-FR","name":"pomme de terre"}]},{"id":3,"name":"carrot","transcription":"[ˈkærət]","image":"/img/dict/food/carrot.png","translates":[{"lang":"ru-RU","name":"морковь"},{"lang":"vi-VN","name":"cà rốt"},{"lang":"zh-CN","name":"胡萝卜"},{"lang":"hi-IN","name":"गाजर"},{"lang":"th-TH","name":"แครอท"},{"lang":"tr-TR","name":"havuç"},{"lang":"pt-BR","name":"cenoura"},{"lang":"de-DE","name":"Karotte"},{"lang":"id-ID","name":"wortel"},{"lang":"fr-FR","name":"carotte"}]},{"id":4,"name":"peas","transcription":"[ˈpiːz]","image":"/img/dict/food/peas.png","translates":[{"lang":"ru-RU","name":"горох"},{"lang":"vi-VN","name":"đậu Hà Lan"},{"lang":"zh-CN","name":"豌豆"},{"lang":"hi-IN","name":"मटर"},{"lang":"th-TH","name":"ถั่วลันเตา"},{"lang":"tr-TR","name":"bezelye"},{"lang":"pt-BR","name":"ervilha"},{"lang":"de-DE","name":"Erbse"},{"lang":"id-ID","name":"kacang polong"},{"lang":"fr-FR","name":"petits pois"}]},{"id":5,"name":"broccoli","transcription":"[ˈbrɑːkəlɪ]","image":"/img/dict/food/broccoli.png","translates":[{"lang":"ru-RU","name":"брокколи"},{"lang":"vi-VN","name":"bông cải xanh"},{"lang":"zh-CN","name":"西兰花"},{"lang":"hi-IN","name":"ब्रोकोली"},{"lang":"th-TH","name":"บรอกโคลี"},{"lang":"tr-TR","name":"brokoli"},{"lang":"pt-BR","name":"brócolis"},{"lang":"de-DE","name":"Brokkoli"},{"lang":"id-ID","name":"brokoli"},{"lang":"fr-FR","name":"brocoli"}]},{"id":6,"name":"pepper","transcription":"[ˈpepər]","image":"/img/dict/food/pepper.png","translates":[{"lang":"ru-RU","name":"перец"},{"lang":"vi-VN","name":"ớt"},{"lang":"zh-CN","name":"辣椒"},{"lang":"hi-IN","name":"मिर्च"},{"lang":"th-TH","name":"พริกไทย"},{"lang":"tr-TR","name":"biber"},{"lang":"pt-BR","name":"pimenta"},{"lang":"de-DE","name":"Pfeffer"},{"lang":"id-ID","name":"lada"},{"lang":"fr-FR","name":"poivre"}]},{"id":8,"name":"cabbage","transcription":"[ˈkæbɪdʒ]","image":"/img/dict/food/cabbage.png","translates":[{"lang":"ru-RU","name":"капуста"},{"lang":"vi-VN","name":"bắp cải"},{"lang":"zh-CN","name":"卷心菜"},{"lang":"hi-IN","name":"पत्ता गोभी"},{"lang":"th-TH","name":"กะหล่ำปลี"},{"lang":"tr-TR","name":"lahana"},{"lang":"pt-BR","name":"repolho"},{"lang":"de-DE","name":"Kohl"},{"lang":"id-ID","name":"kubis"},{"lang":"fr-FR","name":"chou"}]},{"id":9,"name":"leeks","transcription":"[ˈliːks]","image":"/img/dict/food/leeks.png","translates":[{"lang":"ru-RU","name":"лук-порей"},{"lang":"vi-VN","name":"tỏi tây"},{"lang":"zh-CN","name":"韭葱"},{"lang":"hi-IN","name":"लीक"},{"lang":"th-TH","name":"กระเทียมต้น"},{"lang":"tr-TR","name":"pırasa"},{"lang":"pt-BR","name":"alho-poró"},{"lang":"de-DE","name":"Lauch"},{"lang":"id-ID","name":"daun bawang"},{"lang":"fr-FR","name":"poireau"}]},{"id":10,"name":"zucchini","transcription":"[zʊˈkiːnɪ]","image":"/img/dict/food/zucchini.png","translates":[{"lang":"ru-RU","name":"цуккини"},{"lang":"vi-VN","name":"bí ngòi"},{"lang":"zh-CN","name":"西葫芦"},{"lang":"hi-IN","name":"ज़ुकीनी"},{"lang":"th-TH","name":"ซูกินี"},{"lang":"tr-TR","name":"kabak"},{"lang":"pt-BR","name":"abobrinha"},{"lang":"de-DE","name":"Zucchini"},{"lang":"id-ID","name":"zucchini"},{"lang":"fr-FR","name":"courgette"}]},{"id":11,"name":"eggplant","transcription":"[ˈeɡplænt]","image":"/img/dict/food/eggplant.png","translates":[{"lang":"ru-RU","name":"баклажан"},{"lang":"vi-VN","name":"cà tím"},{"lang":"zh-CN","name":"茄子"},{"lang":"hi-IN","name":"बैंगन"},{"lang":"th-TH","name":"มะเขือม่วง"},{"lang":"tr-TR","name":"patlıcan"},{"lang":"pt-BR","name":"berinjela"},{"lang":"de-DE","name":"Aubergine"},{"lang":"id-ID","name":"terong"},{"lang":"fr-FR","name":"aubergine"}]},{"id":12,"name":"corn","transcription":"[kɔːrn]","image":"/img/dict/food/corn.png","translates":[{"lang":"ru-RU","name":"кукуруза"},{"lang":"vi-VN","name":"ngô"},{"lang":"zh-CN","name":"玉米"},{"lang":"hi-IN","name":"मक्का"},{"lang":"th-TH","name":"ข้าวโพด"},{"lang":"tr-TR","name":"mısır"},{"lang":"pt-BR","name":"milho"},{"lang":"de-DE","name":"Mais"},{"lang":"id-ID","name":"jagung"},{"lang":"fr-FR","name":"maïs"}]},{"id":13,"name":"sweet potato","transcription":"[swiːt pəˈteɪtəʊ]","image":"/img/dict/food/sweetpotato.png","translates":[{"lang":"ru-RU","name":"батат"},{"lang":"vi-VN","name":"khoai lang"},{"lang":"zh-CN","name":"红薯"},{"lang":"hi-IN","name":"शकरकंद"},{"lang":"th-TH","name":"มันเทศ"},{"lang":"tr-TR","name":"tatlı patates"},{"lang":"pt-BR","name":"batata-doce"},{"lang":"de-DE","name":"Süßkartoffel"},{"lang":"id-ID","name":"ubi jalar"},{"lang":"fr-FR","name":"patate douce"}]},{"id":14,"name":"cucumber","transcription":"[ˈkjuːkʌmbər]","image":"/img/dict/food/cucumber.png","translates":[{"lang":"ru-RU","name":"огурец"},{"lang":"vi-VN","name":"dưa chuột"},{"lang":"zh-CN","name":"黄瓜"},{"lang":"hi-IN","name":"खीरा"},{"lang":"th-TH","name":"แตงกวา"},{"lang":"tr-TR","name":"salatalık"},{"lang":"pt-BR","name":"pepino"},{"lang":"de-DE","name":"Gurke"},{"lang":"id-ID","name":"mentimun"},{"lang":"fr-FR","name":"concombre"}]},{"id":15,"name":"lettuce","transcription":"[ˈletɪs]","image":"/img/dict/food/lettuce.png","translates":[{"lang":"ru-RU","name":"латук"},{"lang":"vi-VN","name":"rau diếp"},{"lang":"zh-CN","name":"生菜"},{"lang":"hi-IN","name":"सलाद पत्ता"},{"lang":"th-TH","name":"ผักกาดหอม"},{"lang":"tr-TR","name":"marul"},{"lang":"pt-BR","name":"alface"},{"lang":"de-DE","name":"Kopfsalat"},{"lang":"id-ID","name":"selada"},{"lang":"fr-FR","name":"laitue"}]},{"id":16,"name":"asparagus","transcription":"[əˈspærəɡəs]","image":"/img/dict/food/asparagus.png","translates":[{"lang":"ru-RU","name":"спаржа"},{"lang":"vi-VN","name":"măng tây"},{"lang":"zh-CN","name":"芦笋"},{"lang":"hi-IN","name":"शतावरी"},{"lang":"th-TH","name":"หน่อไม้ฝรั่ง"},{"lang":"tr-TR","name":"kuşkonmaz"},{"lang":"pt-BR","name":"aspargo"},{"lang":"de-DE","name":"Spargel"},{"lang":"id-ID","name":"asparagus"},{"lang":"fr-FR","name":"asperge"}]},{"id":17,"name":"ginger","transcription":"[ˈdʒɪndʒər]","image":"/img/dict/food/ginger.png","translates":[{"lang":"ru-RU","name":"имбирь"},{"lang":"vi-VN","name":"gừng"},{"lang":"zh-CN","name":"姜"},{"lang":"hi-IN","name":"अदरक"},{"lang":"th-TH","name":"ขิง"},{"lang":"tr-TR","name":"zencefil"},{"lang":"pt-BR","name":"gengibre"},{"lang":"de-DE","name":"Ingwer"},{"lang":"id-ID","name":"jahe"},{"lang":"fr-FR","name":"gingembre"}]},{"id":18,"name":"beetroot","transcription":"[ˈbiːtruːt]","image":"/img/dict/food/beetroot.png","translates":[{"lang":"ru-RU","name":"свекла"},{"lang":"vi-VN","name":"củ dền"},{"lang":"zh-CN","name":"甜菜根"},{"lang":"hi-IN","name":"चुकंदर"},{"lang":"th-TH","name":"บีทรูท"},{"lang":"tr-TR","name":"pancar"},{"lang":"pt-BR","name":"beterraba"},{"lang":"de-DE","name":"Rote Bete"},{"lang":"id-ID","name":"bit"},{"lang":"fr-FR","name":"betterave"}]},{"id":19,"name":"cauliflower","transcription":"[ˈkɔːlɪflaʊər]","image":"/img/dict/food/cauliflower.png","translates":[{"lang":"ru-RU","name":"цветная капуста"},{"lang":"vi-VN","name":"súp lơ"},{"lang":"zh-CN","name":"花椰菜"},{"lang":"hi-IN","name":"फूलगोभी"},{"lang":"th-TH","name":"กะหล่ำดอก"},{"lang":"tr-TR","name":"karnabahar"},{"lang":"pt-BR","name":"couve-flor"},{"lang":"de-DE","name":"Blumenkohl"},{"lang":"id-ID","name":"kembang kol"},{"lang":"fr-FR","name":"chou-fleur"}]},{"id":20,"name":"chili","transcription":"[ˈtʃɪlɪ]","image":"/img/dict/food/chili.png","translates":[{"lang":"ru-RU","name":"перец чили"},{"lang":"vi-VN","name":"ớt"},{"lang":"zh-CN","name":"辣椒"},{"lang":"hi-IN","name":"मिर्च"},{"lang":"th-TH","name":"พริก"},{"lang":"tr-TR","name":"biber"},{"lang":"pt-BR","name":"pimenta"},{"lang":"de-DE","name":"Chili"},{"lang":"id-ID","name":"cabe"},{"lang":"fr-FR","name":"piment"}]},{"id":21,"name":"garlic","transcription":"[ˈɡɑːrlɪk]","image":"/img/dict/food/garlic.png","translates":[{"lang":"ru-RU","name":"чеснок"},{"lang":"vi-VN","name":"tỏi"},{"lang":"zh-CN","name":"大蒜"},{"lang":"hi-IN","name":"लहसुन"},{"lang":"th-TH","name":"กระเทียม"},{"lang":"tr-TR","name":"sarımsak"},{"lang":"pt-BR","name":"alho"},{"lang":"de-DE","name":"Knoblauch"},{"lang":"id-ID","name":"bawang putih"},{"lang":"fr-FR","name":"ail"}]},{"id":22,"name":"pumpkin","transcription":"[ˈpʌmpkɪn]","image":"/img/dict/food/pumpkin.png","translates":[{"lang":"ru-RU","name":"тыква"},{"lang":"vi-VN","name":"bí ngô"},{"lang":"zh-CN","name":"南瓜"},{"lang":"hi-IN","name":"कद्दू"},{"lang":"th-TH","name":"ฟักทอง"},{"lang":"tr-TR","name":"kabak"},{"lang":"pt-BR","name":"abóbora"},{"lang":"de-DE","name":"Kürbis"},{"lang":"id-ID","name":"labu"},{"lang":"fr-FR","name":"citrouille"}]},{"id":23,"name":"radish","transcription":"[ˈrædɪʃ]","image":"/img/dict/food/radish.png","translates":[{"lang":"ru-RU","name":"редис"},{"lang":"vi-VN","name":"củ cải"},{"lang":"zh-CN","name":"萝卜"},{"lang":"hi-IN","name":"मूली"},{"lang":"th-TH","name":"หัวไชเท้า"},{"lang":"tr-TR","name":"turp"},{"lang":"pt-BR","name":"rabanete"},{"lang":"de-DE","name":"Rettich"},{"lang":"id-ID","name":"lobak"},{"lang":"fr-FR","name":"radis"}]},{"id":24,"name":"spinach","transcription":"[ˈspɪnɪtʃ]","image":"/img/dict/food/spinach.png","translates":[{"lang":"ru-RU","name":"шпинат"},{"lang":"vi-VN","name":"rau bina"},{"lang":"zh-CN","name":"菠菜"},{"lang":"hi-IN","name":"पालक"},{"lang":"th-TH","name":"ผักโขม"},{"lang":"tr-TR","name":"ıspanak"},{"lang":"pt-BR","name":"espinafre"},{"lang":"de-DE","name":"Spinat"},{"lang":"id-ID","name":"bayam"},{"lang":"fr-FR","name":"épinard"}]},{"id":26,"name":"tomato","transcription":"[təˈmeɪtəʊ]","image":"/img/dict/food/tomato.png","translates":[{"lang":"ru-RU","name":"помидор"},{"lang":"vi-VN","name":"cà chua"},{"lang":"zh-CN","name":"番茄"},{"lang":"hi-IN","name":"टमाटर"},{"lang":"th-TH","name":"มะเขือเทศ"},{"lang":"tr-TR","name":"domates"},{"lang":"pt-BR","name":"tomate"},{"lang":"de-DE","name":"Tomate"},{"lang":"id-ID","name":"tomat"},{"lang":"fr-FR","name":"tomate"}]},{"id":27,"name":"dill","transcription":"[dɪl]","image":"/img/dict/food/dill.png","translates":[{"lang":"ru-RU","name":"укроп"},{"lang":"vi-VN","name":"thì là"},{"lang":"zh-CN","name":"莳萝"},{"lang":"hi-IN","name":"सोआ"},{"lang":"th-TH","name":"ผักชีลาว"},{"lang":"tr-TR","name":"dereotu"},{"lang":"pt-BR","name":"endro"},{"lang":"de-DE","name":"Dill"},{"lang":"id-ID","name":"dill"},{"lang":"fr-FR","name":"aneth"}]},{"id":28,"name":"parsley","transcription":"[ˈpɑːrslɪ]","image":"/img/dict/food/parsley.png","translates":[{"lang":"ru-RU","name":"петрушка"},{"lang":"vi-VN","name":"rau mùi"},{"lang":"zh-CN","name":"欧芹"},{"lang":"hi-IN","name":"अजमोद"},{"lang":"th-TH","name":"ผักชีฝรั่ง"},{"lang":"tr-TR","name":"maydanoz"},{"lang":"pt-BR","name":"salsinha"},{"lang":"de-DE","name":"Petersilie"},{"lang":"id-ID","name":"peterseli"},{"lang":"fr-FR","name":"persil"}]}]}