{"name":"Numbers 11-20","isRandom":true,"isBlur":true,"isUpper":true,"isByWords":false,"isForAdult":false,"separator":"","numWords":10,"Translations":[{"lang":"ru-RU","name":"Числа от 11 до 20"},{"lang":"vi-VN","name":"Số từ 11 đến 20"},{"lang":"zh-CN","name":"数字11到20"},{"lang":"hi-IN","name":"11 से 20 तक की संख्याएँ"},{"lang":"th-TH","name":"ตัวเลข 11 ถึง 20"},{"lang":"tr-TR","name":"11\u0027den 20\u0027ye Kadar Sayılar"},{"lang":"pt-BR","name":"Números de 11 a 20"},{"lang":"de-DE","name":"Zahlen von 11 bis 20"},{"lang":"id-ID","name":"Angka 11 sampai 20"},{"lang":"fr-FR","name":"Nombres de 11 à 20"}],"items":[{"id":0,"name":"Eleven","transcription":"[ɪˈlevn]","image":"/img/dict/numbers/11.png","bg":"transparent","translates":[{"lang":"ru-RU","name":"Одиннадцать"},{"lang":"vi-VN","name":"Mười một"},{"lang":"zh-CN","name":"十一"},{"lang":"hi-IN","name":"ग्यारह"},{"lang":"th-TH","name":"สิบเอ็ด"},{"lang":"tr-TR","name":"On bir"},{"lang":"pt-BR","name":"Onze"},{"lang":"de-DE","name":"Elf"},{"lang":"id-ID","name":"Sebelas"},{"lang":"fr-FR","name":"Onze"}]},{"id":0,"name":"Twelve","transcription":"[twelv]","image":"/img/dict/numbers/12.png","bg":"transparent","translates":[{"lang":"ru-RU","name":"Двенадцать"},{"lang":"vi-VN","name":"Mười hai"},{"lang":"zh-CN","name":"十二"},{"lang":"hi-IN","name":"बारह"},{"lang":"th-TH","name":"สิบสอง"},{"lang":"tr-TR","name":"On iki"},{"lang":"pt-BR","name":"Doze"},{"lang":"de-DE","name":"Zwölf"},{"lang":"id-ID","name":"Dua belas"},{"lang":"fr-FR","name":"Douze"}]},{"id":0,"name":"Thirteen","transcription":"[ˌθɜːrˈtiːn]","image":"/img/dict/numbers/13.png","bg":"transparent","translates":[{"lang":"ru-RU","name":"Тринадцать"},{"lang":"vi-VN","name":"Mười ba"},{"lang":"zh-CN","name":"十三"},{"lang":"hi-IN","name":"तेरह"},{"lang":"th-TH","name":"สิบสาม"},{"lang":"tr-TR","name":"On üç"},{"lang":"pt-BR","name":"Treze"},{"lang":"de-DE","name":"Dreizehn"},{"lang":"id-ID","name":"Tiga belas"},{"lang":"fr-FR","name":"Treize"}]},{"id":0,"name":"Fourteen","transcription":"[ˌfɔːrˈtiːn]","image":"/img/dict/numbers/14.png","bg":"transparent","translates":[{"lang":"ru-RU","name":"Четырнадцать"},{"lang":"vi-VN","name":"Mười bốn"},{"lang":"zh-CN","name":"十四"},{"lang":"hi-IN","name":"चौदह"},{"lang":"th-TH","name":"สิบสี่"},{"lang":"tr-TR","name":"On dört"},{"lang":"pt-BR","name":"Quatorze"},{"lang":"de-DE","name":"Vierzehn"},{"lang":"id-ID","name":"Empat belas"},{"lang":"fr-FR","name":"Quatorze"}]},{"id":0,"name":"Fifteen","transcription":"[ˌfɪfˈtiːn]","image":"/img/dict/numbers/15.png","bg":"transparent","translates":[{"lang":"ru-RU","name":"Пятнадцать"},{"lang":"vi-VN","name":"Mười lăm"},{"lang":"zh-CN","name":"十五"},{"lang":"hi-IN","name":"पंद्रह"},{"lang":"th-TH","name":"สิบห้า"},{"lang":"tr-TR","name":"On beş"},{"lang":"pt-BR","name":"Quinze"},{"lang":"de-DE","name":"Fünfzehn"},{"lang":"id-ID","name":"Lima belas"},{"lang":"fr-FR","name":"Quinze"}]},{"id":0,"name":"Sixteen","transcription":"[ˌsɪksˈtiːn]","image":"/img/dict/numbers/16.png","bg":"transparent","translates":[{"lang":"ru-RU","name":"Шестнадцать"},{"lang":"vi-VN","name":"Mười sáu"},{"lang":"zh-CN","name":"十六"},{"lang":"hi-IN","name":"सोलह"},{"lang":"th-TH","name":"สิบหก"},{"lang":"tr-TR","name":"On altı"},{"lang":"pt-BR","name":"Dezesseis"},{"lang":"de-DE","name":"Sechzehn"},{"lang":"id-ID","name":"Enam belas"},{"lang":"fr-FR","name":"Seize"}]},{"id":0,"name":"Seventeen","transcription":"[ˌsevnˈtiːn]","image":"/img/dict/numbers/17.png","bg":"transparent","translates":[{"lang":"ru-RU","name":"Семнадцать"},{"lang":"vi-VN","name":"Mười bảy"},{"lang":"zh-CN","name":"十七"},{"lang":"hi-IN","name":"सत्रह"},{"lang":"th-TH","name":"สิบเจ็ด"},{"lang":"tr-TR","name":"On yedi"},{"lang":"pt-BR","name":"Dezessete"},{"lang":"de-DE","name":"Siebzehn"},{"lang":"id-ID","name":"Tujuh belas"},{"lang":"fr-FR","name":"Dix-sept"}]},{"id":0,"name":"Eighteen","transcription":"[ˌeɪˈtiːn]","image":"/img/dict/numbers/18.png","bg":"transparent","translates":[{"lang":"ru-RU","name":"Восемнадцать"},{"lang":"vi-VN","name":"Mười tám"},{"lang":"zh-CN","name":"十八"},{"lang":"hi-IN","name":"अठारह"},{"lang":"th-TH","name":"สิบแปด"},{"lang":"tr-TR","name":"On sekiz"},{"lang":"pt-BR","name":"Dezoito"},{"lang":"de-DE","name":"Achtzehn"},{"lang":"id-ID","name":"Delapan belas"},{"lang":"fr-FR","name":"Dix-huit"}]},{"id":0,"name":"Nineteen","transcription":"[ˌnaɪnˈtiːn]","image":"/img/dict/numbers/19.png","bg":"transparent","translates":[{"lang":"ru-RU","name":"Девятнадцать"},{"lang":"vi-VN","name":"Mười chín"},{"lang":"zh-CN","name":"十九"},{"lang":"hi-IN","name":"उन्नीस"},{"lang":"th-TH","name":"สิบเก้า"},{"lang":"tr-TR","name":"On dokuz"},{"lang":"pt-BR","name":"Dezenove"},{"lang":"de-DE","name":"Neunzehn"},{"lang":"id-ID","name":"Sembilan belas"},{"lang":"fr-FR","name":"Dix-neuf"}]},{"id":0,"name":"Twenty","transcription":"[ˈtwentɪ]","image":"/img/dict/numbers/20.png","bg":"transparent","translates":[{"lang":"ru-RU","name":"Двадцать"},{"lang":"vi-VN","name":"Hai mươi"},{"lang":"zh-CN","name":"二十"},{"lang":"hi-IN","name":"बीस"},{"lang":"th-TH","name":"ยี่สิบ"},{"lang":"tr-TR","name":"Yirmi"},{"lang":"pt-BR","name":"Vinte"},{"lang":"de-DE","name":"Zwanzig"},{"lang":"id-ID","name":"Dua puluh"},{"lang":"fr-FR","name":"Vingt"}]}]}