{"name":"Phonics /a/","isRandom":false,"isBlur":false,"isUpper":true,"isByWords":false,"isForAdult":false,"separator":"","numWords":13,"Translations":[{"lang":"ru-RU","name":"Алфавит"},{"lang":"vi-VN","name":"Âm /a/"},{"lang":"zh-CN","name":"拼音 /a/"},{"lang":"hi-IN","name":"ध्वनि /a/"},{"lang":"th-TH","name":"เสียง /a/"},{"lang":"tr-TR","name":"Fonetik /a/"},{"lang":"pt-BR","name":"Fonética /a/"},{"lang":"de-DE","name":"Phonik /a/"},{"lang":"id-ID","name":"Fonik /a/"},{"lang":"fr-FR","name":"Phonétique /a/"}],"items":[{"id":0,"name":"/a/","transcription":"","nameA":"/sound/dict/a.mp3","image":"","bg":"transparent","translates":[{"lang":"ru-RU","name":""},{"lang":"vi-VN","name":""},{"lang":"zh-CN","name":""},{"lang":"hi-IN","name":""},{"lang":"th-TH","name":""},{"lang":"tr-TR","name":""},{"lang":"pt-BR","name":""},{"lang":"de-DE","name":""},{"lang":"id-ID","name":""},{"lang":"fr-FR","name":""}]},{"id":0,"name":"Ant","transcription":"[ænt]","nameA":"","image":"/img/dict/animals/ant.png","bg":"transparent","translates":[{"lang":"ru-RU","name":"Муравей"},{"lang":"vi-VN","name":"Kiến"},{"lang":"zh-CN","name":"蚂蚁"},{"lang":"hi-IN","name":"चींटी"},{"lang":"th-TH","name":"มด"},{"lang":"tr-TR","name":"Karınca"},{"lang":"pt-BR","name":"Formiga"},{"lang":"de-DE","name":"Ameise"},{"lang":"id-ID","name":"Semut"},{"lang":"fr-FR","name":"Fourmi"}]},{"id":0,"name":"Alligator","transcription":"[ˈælɪɡeɪtər]","nameA":"","image":"/img/dict/animals/alligator.png","bg":"transparent","translates":[{"lang":"ru-RU","name":"Аллигатор"},{"lang":"vi-VN","name":"Cá sấu"},{"lang":"zh-CN","name":"鳄鱼"},{"lang":"hi-IN","name":"मगरमच्छ"},{"lang":"th-TH","name":"จระเข้"},{"lang":"tr-TR","name":"Timsah"},{"lang":"pt-BR","name":"Jacaré"},{"lang":"de-DE","name":"Alligator"},{"lang":"id-ID","name":"Buaya"},{"lang":"fr-FR","name":"Alligator"}]},{"id":0,"name":"Axe","transcription":"[æks]","nameA":"","image":"/img/dict/home/axe.png","bg":"transparent","translates":[{"lang":"ru-RU","name":"Топор"},{"lang":"vi-VN","name":"Rìu"},{"lang":"zh-CN","name":"斧头"},{"lang":"hi-IN","name":"कुल्हाड़ी"},{"lang":"th-TH","name":"ขวาน"},{"lang":"tr-TR","name":"Balta"},{"lang":"pt-BR","name":"Machado"},{"lang":"de-DE","name":"Axt"},{"lang":"id-ID","name":"Kapak"},{"lang":"fr-FR","name":"Hache"}]},{"id":0,"name":"Apple","transcription":"[ˈæpl]","nameA":"","image":"/img/dict/food/apple.png","bg":"transparent","translates":[{"lang":"ru-RU","name":"Яблоко"},{"lang":"vi-VN","name":"Táo"},{"lang":"zh-CN","name":"苹果"},{"lang":"hi-IN","name":"सेब"},{"lang":"th-TH","name":"แอปเปิ้ล"},{"lang":"tr-TR","name":"Elma"},{"lang":"pt-BR","name":"Maçã"},{"lang":"de-DE","name":"Apfel"},{"lang":"id-ID","name":"Apel"},{"lang":"fr-FR","name":"Pomme"}]},{"id":0,"name":"Hat","transcription":"[hæt]","nameA":"","image":"/img/dict/clothes/hat.png","bg":"transparent","translates":[{"lang":"ru-RU","name":"Шляпа"},{"lang":"vi-VN","name":"Mũ"},{"lang":"zh-CN","name":"帽子"},{"lang":"hi-IN","name":"टोपी"},{"lang":"th-TH","name":"หมวก"},{"lang":"tr-TR","name":"Şapka"},{"lang":"pt-BR","name":"Chapéu"},{"lang":"de-DE","name":"Hut"},{"lang":"id-ID","name":"Topi"},{"lang":"fr-FR","name":"Chapeau"}]},{"id":0,"name":"Bat","transcription":"[bæt]","nameA":"","image":"/img/dict/animals/bat.png","bg":"transparent","translates":[{"lang":"ru-RU","name":"Летучая мышь"},{"lang":"vi-VN","name":"Dơi"},{"lang":"zh-CN","name":"蝙蝠"},{"lang":"hi-IN","name":"चमगादड़"},{"lang":"th-TH","name":"ค้างคาว"},{"lang":"tr-TR","name":"Yarasa"},{"lang":"pt-BR","name":"Morcego"},{"lang":"de-DE","name":"Fledermaus"},{"lang":"id-ID","name":"Kelelawar"},{"lang":"fr-FR","name":"Chauve-souris"}]},{"id":0,"name":"Cat","transcription":"[kæt]","nameA":"","image":"/img/dict/animals/cat.png","bg":"transparent","translates":[{"lang":"ru-RU","name":"Кошка"},{"lang":"vi-VN","name":"Mèo"},{"lang":"zh-CN","name":"猫"},{"lang":"hi-IN","name":"बिल्ली"},{"lang":"th-TH","name":"แมว"},{"lang":"tr-TR","name":"Kedi"},{"lang":"pt-BR","name":"Gato"},{"lang":"de-DE","name":"Katze"},{"lang":"id-ID","name":"Kucing"},{"lang":"fr-FR","name":"Chat"}]},{"id":0,"name":"Rat","transcription":"[ræt]","nameA":"","image":"/img/dict/animals/rat.png","bg":"transparent","translates":[{"lang":"ru-RU","name":"Крыса"},{"lang":"vi-VN","name":"Chuột"},{"lang":"zh-CN","name":"老鼠"},{"lang":"hi-IN","name":"चूहा"},{"lang":"th-TH","name":"หนู"},{"lang":"tr-TR","name":"Fare"},{"lang":"pt-BR","name":"Rato"},{"lang":"de-DE","name":"Ratte"},{"lang":"id-ID","name":"Tikus"},{"lang":"fr-FR","name":"Rat"}]},{"id":0,"name":"Mat","transcription":"[mæt]","nameA":"","image":"/img/dict/home/mat.png","bg":"transparent","translates":[{"lang":"ru-RU","name":"Коврик"},{"lang":"vi-VN","name":"Thảm"},{"lang":"zh-CN","name":"垫子"},{"lang":"hi-IN","name":"चटाई"},{"lang":"th-TH","name":"เสื่อ"},{"lang":"tr-TR","name":"Paspas"},{"lang":"pt-BR","name":"Tapete"},{"lang":"de-DE","name":"Matte"},{"lang":"id-ID","name":"Keset"},{"lang":"fr-FR","name":"Tapis"}]},{"id":0,"name":"Jam","transcription":"[dʒæm]","nameA":"","image":"/img/dict/food/jam.png","bg":"transparent","translates":[{"lang":"ru-RU","name":"Варенье"},{"lang":"vi-VN","name":"Mứt"},{"lang":"zh-CN","name":"果酱"},{"lang":"hi-IN","name":"जैम"},{"lang":"th-TH","name":"แยม"},{"lang":"tr-TR","name":"Reçel"},{"lang":"pt-BR","name":"Geléia"},{"lang":"de-DE","name":"Marmelade"},{"lang":"id-ID","name":"Selai"},{"lang":"fr-FR","name":"Confiture"}]},{"id":0,"name":"Lamp","transcription":"[læmp]","nameA":"","image":"/img/dict/home/lamp.png","bg":"transparent","translates":[{"lang":"ru-RU","name":"Лампа"},{"lang":"vi-VN","name":"Đèn"},{"lang":"zh-CN","name":"灯"},{"lang":"hi-IN","name":"लैंप"},{"lang":"th-TH","name":"ตะเกียง"},{"lang":"tr-TR","name":"Lamba"},{"lang":"pt-BR","name":"Lâmpada"},{"lang":"de-DE","name":"Lampe"},{"lang":"id-ID","name":"Lampu"},{"lang":"fr-FR","name":"Lampe"}]},{"id":0,"name":"Stamp","transcription":"[stæmp]","nameA":"","image":"/img/dict/travel/stamp.png","bg":"transparent","translates":[{"lang":"ru-RU","name":"Марка"},{"lang":"vi-VN","name":"Tem"},{"lang":"zh-CN","name":"邮票"},{"lang":"hi-IN","name":"स्टाम्प"},{"lang":"th-TH","name":"แสตมป์"},{"lang":"tr-TR","name":"Pul"},{"lang":"pt-BR","name":"Selos"},{"lang":"de-DE","name":"Briefmarke"},{"lang":"id-ID","name":"Perangko"},{"lang":"fr-FR","name":"Timbre"}]}]}