{"name":"Living room","isRandom":true,"isBlur":true,"isUpper":true,"isByWords":false,"isForAdult":false,"separator":"","numWords":51,"tags":["home","living room"],"Translations":[],"items":[{"id":36,"name":"air conditioner","transcription":"[er kənˈdɪʃənər]","image":"/img/dict/home/airconditioner.png","translates":[{"lang":"ru-Ru","name":"кондиционер"},{"lang":"vi-VN","name":"máy điều hòa"},{"lang":"zh-CN","name":"空调"},{"lang":"hi-IN","name":"एयर कंडीशनर"},{"lang":"th-TH","name":"เครื่องปรับอากาศ"},{"lang":"tr-TR","name":"klima"},{"lang":"pt-BR","name":"ar condicionado"},{"lang":"de-DE","name":"Klimaanlage"},{"lang":"id-ID","name":"AC"},{"lang":"fr-FR","name":"climatiseur"}]},{"id":31,"name":"armchair","transcription":"[ˈɑːmʧeə]","image":"/img/dict/home/armchair.png","translates":[{"lang":"ru-Ru","name":"кресло"},{"lang":"vi-VN","name":"ghế bành"},{"lang":"zh-CN","name":"扶手椅"},{"lang":"hi-IN","name":"आरामकुर्सी"},{"lang":"th-TH","name":"เก้าอี้มีที่วางแขน"},{"lang":"tr-TR","name":"koltuk"},{"lang":"pt-BR","name":"poltrona"},{"lang":"de-DE","name":"Sessel"},{"lang":"id-ID","name":"kursi malas"},{"lang":"fr-FR","name":"fauteuil"}]},{"id":36,"name":"ashtray","transcription":"[ˈæʃtreɪ]","image":"/img/dict/home/ashtray.png","translates":[{"lang":"ru-Ru","name":"пепельница"},{"lang":"vi-VN","name":"gạt tàn thuốc"},{"lang":"zh-CN","name":"烟灰缸"},{"lang":"hi-IN","name":"राखदानी"},{"lang":"th-TH","name":"ที่เขี่ยบุหรี่"},{"lang":"tr-TR","name":"kül tablası"},{"lang":"pt-BR","name":"cinzeiro"},{"lang":"de-DE","name":"Aschenbecher"},{"lang":"id-ID","name":"asbak"},{"lang":"fr-FR","name":"cendrier"}]},{"id":36,"name":"blinds","transcription":"[ˈblaɪndz]","image":"/img/dict/home/blinds.png","translates":[{"lang":"ru-Ru","name":"жалюзи"},{"lang":"vi-VN","name":"rèm cửa"},{"lang":"zh-CN","name":"百叶窗"},{"lang":"hi-IN","name":"परदे"},{"lang":"th-TH","name":"มู่ลี่"},{"lang":"tr-TR","name":"panjur"},{"lang":"pt-BR","name":"persianas"},{"lang":"de-DE","name":"Jalousien"},{"lang":"id-ID","name":"tirai"},{"lang":"fr-FR","name":"stores"}]},{"id":16,"name":"book","transcription":"[bʊk]","image":"/img/dict/classroom/book.png","translates":[{"lang":"ru-Ru","name":"книга"},{"lang":"vi-VN","name":"sách"},{"lang":"zh-CN","name":"书"},{"lang":"hi-IN","name":"किताब"},{"lang":"th-TH","name":"หนังสือ"},{"lang":"tr-TR","name":"kitap"},{"lang":"pt-BR","name":"livro"},{"lang":"de-DE","name":"Buch"},{"lang":"id-ID","name":"buku"},{"lang":"fr-FR","name":"livre"}]},{"id":39,"name":"bookcase","transcription":"[ˈbʊkkeɪs]","image":"/img/dict/home/bookcase.png","translates":[{"lang":"ru-Ru","name":"книжный шкаф"},{"lang":"vi-VN","name":"tủ sách"},{"lang":"zh-CN","name":"书柜"},{"lang":"hi-IN","name":"किताबों की अलमारी"},{"lang":"th-TH","name":"ตู้หนังสือ"},{"lang":"tr-TR","name":"kitaplık"},{"lang":"pt-BR","name":"estante de livros"},{"lang":"de-DE","name":"Bücherregal"},{"lang":"id-ID","name":"lemari buku"},{"lang":"fr-FR","name":"bibliothèque"}]},{"id":38,"name":"bookshelves","transcription":"[ˈbʊkˌʃelvz]","image":"/img/dict/home/bookshelves.png","translates":[{"lang":"ru-Ru","name":"книжные полки"},{"lang":"vi-VN","name":"kệ sách"},{"lang":"zh-CN","name":"书架"},{"lang":"hi-IN","name":"किताबों की अलमारी"},{"lang":"th-TH","name":"ชั้นหนังสือ"},{"lang":"tr-TR","name":"kitaplık"},{"lang":"pt-BR","name":"prateleiras de livros"},{"lang":"de-DE","name":"Bücherregale"},{"lang":"id-ID","name":"rak buku"},{"lang":"fr-FR","name":"étagères à livres"}]},{"id":36,"name":"carpet","transcription":"[ˈkɑːrpɪt]","image":"/img/dict/home/carpet.png","translates":[{"lang":"ru-Ru","name":"ковер"},{"lang":"vi-VN","name":"thảm"},{"lang":"zh-CN","name":"地毯"},{"lang":"hi-IN","name":"कार्पेट"},{"lang":"th-TH","name":"พรม"},{"lang":"tr-TR","name":"halı"},{"lang":"pt-BR","name":"carpete"},{"lang":"de-DE","name":"Teppich"},{"lang":"id-ID","name":"karpet"},{"lang":"fr-FR","name":"tapis"}]},{"id":13,"name":"ceiling","transcription":"[ˈsiːlɪŋ]","image":"/img/dict/home/ceiling.png","translates":[{"lang":"ru-Ru","name":"потолок"},{"lang":"vi-VN","name":"trần nhà"},{"lang":"zh-CN","name":"天花板"},{"lang":"hi-IN","name":"छत"},{"lang":"th-TH","name":"เพดาน"},{"lang":"tr-TR","name":"tavan"},{"lang":"pt-BR","name":"teto"},{"lang":"de-DE","name":"Decke"},{"lang":"id-ID","name":"langit-langit"},{"lang":"fr-FR","name":"plafond"}]},{"id":14,"name":"ceiling fan","transcription":"[ˈsiːlɪŋ fæn]","image":"/img/dict/home/ceiling_fan.png","translates":[{"lang":"ru-Ru","name":"вентилятор на потолке"},{"lang":"vi-VN","name":"quạt trần"},{"lang":"zh-CN","name":"吊扇"},{"lang":"hi-IN","name":"छत का पंखा"},{"lang":"th-TH","name":"พัดลมเพดาน"},{"lang":"tr-TR","name":"tavan vantilatörü"},{"lang":"pt-BR","name":"ventilador de teto"},{"lang":"de-DE","name":"Deckenventilator"},{"lang":"id-ID","name":"kipas langit-langit"},{"lang":"fr-FR","name":"ventilateur de plafond"}]},{"id":22,"name":"chair","transcription":"[ʧeə]","image":"/img/dict/home/chair.png","translates":[{"lang":"ru-Ru","name":"стул"},{"lang":"vi-VN","name":"ghế"},{"lang":"zh-CN","name":"椅子"},{"lang":"hi-IN","name":"कुर्सी"},{"lang":"th-TH","name":"เก้าอี้"},{"lang":"tr-TR","name":"sandalye"},{"lang":"pt-BR","name":"cadeira"},{"lang":"de-DE","name":"Stuhl"},{"lang":"id-ID","name":"kursi"},{"lang":"fr-FR","name":"chaise"}]},{"id":5,"name":"clock","transcription":"[klɒk]","image":"/img/dict/home/clock.png","translates":[{"lang":"ru-Ru","name":"часы"},{"lang":"vi-VN","name":"đồng hồ"},{"lang":"zh-CN","name":"时钟"},{"lang":"hi-IN","name":"घड़ी"},{"lang":"th-TH","name":"นาฬิกา"},{"lang":"tr-TR","name":"saat"},{"lang":"pt-BR","name":"relógio"},{"lang":"de-DE","name":"Uhr"},{"lang":"id-ID","name":"jam"},{"lang":"fr-FR","name":"horloge"}]},{"id":33,"name":"coffee table","transcription":"[ˈkɔːfɪ ˈteɪbl]","image":"/img/dict/home/coffee_table.png","translates":[{"lang":"ru-Ru","name":"кофейный столик"},{"lang":"vi-VN","name":"bàn cà phê"},{"lang":"zh-CN","name":"咖啡桌"},{"lang":"hi-IN","name":"कॉफी टेबल"},{"lang":"th-TH","name":"โต๊ะกาแฟ"},{"lang":"tr-TR","name":"sehpa"},{"lang":"pt-BR","name":"mesa de centro"},{"lang":"de-DE","name":"Couchtisch"},{"lang":"id-ID","name":"meja kopi"},{"lang":"fr-FR","name":"table basse"}]},{"id":12,"name":"couch","transcription":"[kaʊtʃ]","image":"/img/dict/home/couch.png","translates":[{"lang":"ru-Ru","name":"тахта"},{"lang":"vi-VN","name":"ghế dài"},{"lang":"zh-CN","name":"长沙发"},{"lang":"hi-IN","name":"काउच"},{"lang":"th-TH","name":"โซฟา"},{"lang":"tr-TR","name":"kanepe"},{"lang":"pt-BR","name":"sofá"},{"lang":"de-DE","name":"Couch"},{"lang":"id-ID","name":"sofa"},{"lang":"fr-FR","name":"canapé"}]},{"id":36,"name":"curtain rod","transcription":"[ˈkɜːrtn rɑːd]","image":"/img/dict/home/curtainrod.png","translates":[{"lang":"ru-Ru","name":"карниз"},{"lang":"vi-VN","name":"thanh treo rèm"},{"lang":"zh-CN","name":"窗帘杆"},{"lang":"hi-IN","name":"पर्दा रॉड"},{"lang":"th-TH","name":"ราวผ้าม่าน"},{"lang":"tr-TR","name":"perde çubuğu"},{"lang":"pt-BR","name":"vara de cortina"},{"lang":"de-DE","name":"Vorhangstange"},{"lang":"id-ID","name":"tiang tirai"},{"lang":"fr-FR","name":"tringle à rideaux"}]},{"id":19,"name":"curtains","transcription":"[ˈkɜːtənz]","image":"/img/dict/home/curtains.png","translates":[{"lang":"ru-Ru","name":"занавески, шторы"},{"lang":"vi-VN","name":"rèm cửa"},{"lang":"zh-CN","name":"窗帘"},{"lang":"hi-IN","name":"पर्दे"},{"lang":"th-TH","name":"ผ้าม่าน"},{"lang":"tr-TR","name":"perdeler"},{"lang":"pt-BR","name":"cortinas"},{"lang":"de-DE","name":"Vorhang"},{"lang":"id-ID","name":"tirai"},{"lang":"fr-FR","name":"rideaux"}]},{"id":18,"name":"end table","transcription":"[end ˈteɪbl]","image":"/img/dict/home/end_table.png","translates":[{"lang":"ru-Ru","name":"приставной столик"},{"lang":"vi-VN","name":"bàn nhỏ"},{"lang":"zh-CN","name":"边桌"},{"lang":"hi-IN","name":"एंड टेबल"},{"lang":"th-TH","name":"โต๊ะข้าง"},{"lang":"tr-TR","name":"sehpа"},{"lang":"pt-BR","name":"mesa lateral"},{"lang":"de-DE","name":"Beistelltisch"},{"lang":"id-ID","name":"meja samping"},{"lang":"fr-FR","name":"table d\u0027appoint"}]},{"id":36,"name":"fan","transcription":"[fæn]","image":"/img/dict/home/fan.png","translates":[{"lang":"ru-Ru","name":"вентилятор"},{"lang":"vi-VN","name":"quạt"},{"lang":"zh-CN","name":"风扇"},{"lang":"hi-IN","name":"पंखा"},{"lang":"th-TH","name":"พัดลม"},{"lang":"tr-TR","name":"vantilatör"},{"lang":"pt-BR","name":"ventilador"},{"lang":"de-DE","name":"Ventilator"},{"lang":"id-ID","name":"kipas angin"},{"lang":"fr-FR","name":"ventilateur"}]},{"id":24,"name":"fireplace","transcription":"[ˈfaɪəpleɪs]","image":"/img/dict/home/fireplace.png","translates":[{"lang":"ru-Ru","name":"камин"},{"lang":"vi-VN","name":"lò sưởi"},{"lang":"zh-CN","name":"壁炉"},{"lang":"hi-IN","name":"अंगीठी"},{"lang":"th-TH","name":"เตาผิง"},{"lang":"tr-TR","name":"şömine"},{"lang":"pt-BR","name":"lareira"},{"lang":"de-DE","name":"Kamin"},{"lang":"id-ID","name":"perapian"},{"lang":"fr-FR","name":"cheminée"}]},{"id":23,"name":"fireplace screen","transcription":"[ˈfaɪərpleɪs skriːn]","image":"/img/dict/home/fireplace_screen.png","translates":[{"lang":"ru-Ru","name":"защитный экран для камина"},{"lang":"vi-VN","name":"màn chắn lò sưởi"},{"lang":"zh-CN","name":"壁炉屏风"},{"lang":"hi-IN","name":"फायरप्लेस स्क्रीन"},{"lang":"th-TH","name":"ฉากกั้นเตาผิง"},{"lang":"tr-TR","name":"şömine ekranı"},{"lang":"pt-BR","name":"tela de lareira"},{"lang":"de-DE","name":"Kaminschirm"},{"lang":"id-ID","name":"layar perapian"},{"lang":"fr-FR","name":"écran de cheminée"}]},{"id":34,"name":"floor","transcription":"[flɔː]","image":"/img/dict/home/floor.png","translates":[{"lang":"ru-Ru","name":"пол"},{"lang":"vi-VN","name":"sàn nhà"},{"lang":"zh-CN","name":"地板"},{"lang":"hi-IN","name":"फर्श"},{"lang":"th-TH","name":"พื้น"},{"lang":"tr-TR","name":"zemin"},{"lang":"pt-BR","name":"chão"},{"lang":"de-DE","name":"Boden"},{"lang":"id-ID","name":"lantai"},{"lang":"fr-FR","name":"sol"}]},{"id":20,"name":"floor lamp","transcription":"[flɔːr læmp]","image":"/img/dict/home/floor_lamp.png","translates":[{"lang":"ru-Ru","name":"торшер"},{"lang":"vi-VN","name":"đèn đứng"},{"lang":"zh-CN","name":"落地灯"},{"lang":"hi-IN","name":"फ्लोर लैंप"},{"lang":"th-TH","name":"โคมไฟตั้งพื้น"},{"lang":"tr-TR","name":"ayaklı lamba"},{"lang":"pt-BR","name":"abajur de chão"},{"lang":"de-DE","name":"Stehlampe"},{"lang":"id-ID","name":"lampu lantai"},{"lang":"fr-FR","name":"lampe sur pied"}]},{"id":0,"name":"frame","transcription":"[freɪm]","image":"/img/dict/home/frame.png","translates":[{"lang":"ru-Ru","name":"рамка"},{"lang":"vi-VN","name":"khung"},{"lang":"zh-CN","name":"框架"},{"lang":"hi-IN","name":"फ्रेम"},{"lang":"th-TH","name":"กรอบ"},{"lang":"tr-TR","name":"çerçeve"},{"lang":"pt-BR","name":"moldura"},{"lang":"de-DE","name":"Rahmen"},{"lang":"id-ID","name":"bingkai"},{"lang":"fr-FR","name":"cadre"}]},{"id":36,"name":"furniture","transcription":"[ˈfɜːrnɪtʃər]","image":"/img/dict/home/furniture.png","translates":[{"lang":"ru-Ru","name":"мебель"},{"lang":"vi-VN","name":"đồ nội thất"},{"lang":"zh-CN","name":"家具"},{"lang":"hi-IN","name":"फर्नीचर"},{"lang":"th-TH","name":"เฟอร์นิเจอร์"},{"lang":"tr-TR","name":"mobilya"},{"lang":"pt-BR","name":"móveis"},{"lang":"de-DE","name":"Möbel"},{"lang":"id-ID","name":"furnitur"},{"lang":"fr-FR","name":"meubles"}]},{"id":36,"name":"heater","transcription":"[ˈhiːtər]","image":"/img/dict/home/heater.png","translates":[{"lang":"ru-Ru","name":"обогреватель"},{"lang":"vi-VN","name":"máy sưởi"},{"lang":"zh-CN","name":"加热器"},{"lang":"hi-IN","name":"हीटर"},{"lang":"th-TH","name":"เครื่องทำความร้อน"},{"lang":"tr-TR","name":"ısıtıcı"},{"lang":"pt-BR","name":"aquecedor"},{"lang":"de-DE","name":"Heizgerät"},{"lang":"id-ID","name":"pemanas"},{"lang":"fr-FR","name":"radiateur"}]},{"id":10,"name":"lamp","transcription":"[læmp]","image":"/img/dict/home/lamp.png","translates":[{"lang":"ru-Ru","name":"лампа"},{"lang":"vi-VN","name":"đèn"},{"lang":"zh-CN","name":"灯"},{"lang":"hi-IN","name":"लैंप"},{"lang":"th-TH","name":"โคมไฟ"},{"lang":"tr-TR","name":"lamba"},{"lang":"pt-BR","name":"lâmpada"},{"lang":"de-DE","name":"Lampe"},{"lang":"id-ID","name":"lampu"},{"lang":"fr-FR","name":"lampe"}]},{"id":37,"name":"lampshade","transcription":"[ˈlæmpʃeɪd]","image":"/img/dict/home/lampshade.png","translates":[{"lang":"ru-Ru","name":"абажур"},{"lang":"vi-VN","name":"chụp đèn"},{"lang":"zh-CN","name":"灯罩"},{"lang":"hi-IN","name":"लैंपशेड"},{"lang":"th-TH","name":"ฝาโคมไฟ"},{"lang":"tr-TR","name":"abat-jour"},{"lang":"pt-BR","name":"abajur"},{"lang":"de-DE","name":"Lampenschirm"},{"lang":"id-ID","name":"kap lampu"},{"lang":"fr-FR","name":"abat-jour"}]},{"id":36,"name":"light switch","transcription":"[er kənˈdɪʃənər]","image":"/img/dict/home/lightswitch.png","translates":[{"lang":"ru-Ru","name":"выключатель"},{"lang":"vi-VN","name":"công tắc đèn"},{"lang":"zh-CN","name":"电灯开关"},{"lang":"hi-IN","name":"लाइट स्विच"},{"lang":"th-TH","name":"สวิตช์ไฟ"},{"lang":"tr-TR","name":"ışık anahtarı"},{"lang":"pt-BR","name":"interruptor de luz"},{"lang":"de-DE","name":"Lichtschalter"},{"lang":"id-ID","name":"saklar lampu"},{"lang":"fr-FR","name":"interrupteur"}]},{"id":11,"name":"living room","transcription":"[ˈlɪvɪŋ ruːm]","image":"/img/dict/home/living_room.png","translates":[{"lang":"ru-Ru","name":"гостиная"},{"lang":"vi-VN","name":"phòng khách"},{"lang":"zh-CN","name":"客厅"},{"lang":"hi-IN","name":"लिविंग रूम"},{"lang":"th-TH","name":"ห้องนั่งเล่น"},{"lang":"tr-TR","name":"oturma odası"},{"lang":"pt-BR","name":"sala de estar"},{"lang":"de-DE","name":"Wohnzimmer"},{"lang":"id-ID","name":"ruang tamu"},{"lang":"fr-FR","name":"salon"}]},{"id":3,"name":"loveseat","transcription":"[lʌv siːt]","image":"/img/dict/home/loveseat.png","translates":[{"lang":"ru-Ru","name":"двухместный диван"},{"lang":"vi-VN","name":"ghế đôi"},{"lang":"zh-CN","name":"双人沙发"},{"lang":"hi-IN","name":"लवसीट"},{"lang":"th-TH","name":"โซฟาสำหรับสองคน"},{"lang":"tr-TR","name":"aşk koltuğu"},{"lang":"pt-BR","name":"sofá de dois lugares"},{"lang":"de-DE","name":"Liebessessel"},{"lang":"id-ID","name":"kursi cinta"},{"lang":"fr-FR","name":"canapé deux places"}]},{"id":21,"name":"magazine","transcription":"[ˈmæɡəziːn]","image":"/img/dict/home/magazine.png","translates":[{"lang":"ru-Ru","name":"журнал"},{"lang":"vi-VN","name":"tạp chí"},{"lang":"zh-CN","name":"杂志"},{"lang":"hi-IN","name":"पत्रिका"},{"lang":"th-TH","name":"นิตยสาร"},{"lang":"tr-TR","name":"dergi"},{"lang":"pt-BR","name":"revista"},{"lang":"de-DE","name":"Magazin"},{"lang":"id-ID","name":"majalah"},{"lang":"fr-FR","name":"magazine"}]},{"id":8,"name":"mantel","transcription":"[ˈman(t)l]","image":"/img/dict/home/mantel.png","translates":[{"lang":"ru-Ru","name":"каминная полка"},{"lang":"vi-VN","name":"kệ lò sưởi"},{"lang":"zh-CN","name":"壁炉架"},{"lang":"hi-IN","name":"मेंटल"},{"lang":"th-TH","name":"ชั้นวางเหนือเตาผิง"},{"lang":"tr-TR","name":"şömine rafı"},{"lang":"pt-BR","name":"prateleira de lareira"},{"lang":"de-DE","name":"Kaminsims"},{"lang":"id-ID","name":"rak perapian"},{"lang":"fr-FR","name":"manteau de cheminée"}]},{"id":27,"name":"newspaper","transcription":"[ˈmæɡəziːn]","image":"/img/dict/home/newspaper.png","translates":[{"lang":"ru-Ru","name":"газета"},{"lang":"vi-VN","name":"báo"},{"lang":"zh-CN","name":"报纸"},{"lang":"hi-IN","name":"अखबार"},{"lang":"th-TH","name":"หนังสือพิมพ์"},{"lang":"tr-TR","name":"gazete"},{"lang":"pt-BR","name":"jornal"},{"lang":"de-DE","name":"Zeitung"},{"lang":"id-ID","name":"koran"},{"lang":"fr-FR","name":"journal"}]},{"id":1,"name":"painting","transcription":"[ˈpeɪntɪŋ]","image":"/img/dict/home/painting.png","translates":[{"lang":"ru-Ru","name":"картина"},{"lang":"vi-VN","name":"bức tranh"},{"lang":"zh-CN","name":"绘画"},{"lang":"hi-IN","name":"चित्र"},{"lang":"th-TH","name":"ภาพวาด"},{"lang":"tr-TR","name":"tablo"},{"lang":"pt-BR","name":"pintura"},{"lang":"de-DE","name":"Gemälde"},{"lang":"id-ID","name":"lukisan"},{"lang":"fr-FR","name":"peinture"}]},{"id":17,"name":"plant","transcription":"[plɑːnt]","image":"/img/dict/home/plant.png","translates":[{"lang":"ru-Ru","name":"растение"},{"lang":"vi-VN","name":"cây"},{"lang":"zh-CN","name":"植物"},{"lang":"hi-IN","name":"पौधा"},{"lang":"th-TH","name":"พืช"},{"lang":"tr-TR","name":"bitki"},{"lang":"pt-BR","name":"planta"},{"lang":"de-DE","name":"Pflanze"},{"lang":"id-ID","name":"tanaman"},{"lang":"fr-FR","name":"plante"}]},{"id":36,"name":"radiator","transcription":"[ˈreɪdɪeɪtər]","image":"/img/dict/home/radiator.png","translates":[{"lang":"ru-Ru","name":"батарея"},{"lang":"vi-VN","name":"lò sưởi"},{"lang":"zh-CN","name":"散热器"},{"lang":"hi-IN","name":"रेडिएटर"},{"lang":"th-TH","name":"หม้อน้ำ"},{"lang":"tr-TR","name":"radyatör"},{"lang":"pt-BR","name":"radiador"},{"lang":"de-DE","name":"Heizkörper"},{"lang":"id-ID","name":"radiator"},{"lang":"fr-FR","name":"radiateur"}]},{"id":15,"name":"remote controller","transcription":"[rɪˈməʊt kənˈtroʊlər]","image":"/img/dict/home/remote_controller.png","translates":[{"lang":"ru-Ru","name":"пульт"},{"lang":"vi-VN","name":"điều khiển từ xa"},{"lang":"zh-CN","name":"遥控器"},{"lang":"hi-IN","name":"रिमोट कंट्रोलर"},{"lang":"th-TH","name":"รีโมทคอนโทรล"},{"lang":"tr-TR","name":"uzaktan kumanda"},{"lang":"pt-BR","name":"controle remoto"},{"lang":"de-DE","name":"Fernbedienung"},{"lang":"id-ID","name":"pengendali jarak jauh"},{"lang":"fr-FR","name":"télécommande"}]},{"id":6,"name":"rocking chair","transcription":"[ˈrɑːkɪŋ tʃer]","image":"/img/dict/home/rocking_chair.png","translates":[{"lang":"ru-Ru","name":"кресло-качалка"},{"lang":"vi-VN","name":"ghế bập bênh"},{"lang":"zh-CN","name":"摇椅"},{"lang":"hi-IN","name":"रॉकिंग चेयर"},{"lang":"th-TH","name":"เก้าอี้โยก"},{"lang":"tr-TR","name":"sallanan sandalye"},{"lang":"pt-BR","name":"cadeira de balanço"},{"lang":"de-DE","name":"Schaukelstuhl"},{"lang":"id-ID","name":"kursi goyang"},{"lang":"fr-FR","name":"fauteuil à bascule"}]},{"id":7,"name":"rug","transcription":"[rʌg]","image":"/img/dict/home/rug.png","translates":[{"lang":"ru-Ru","name":"коврик"},{"lang":"vi-VN","name":"thảm nhỏ"},{"lang":"zh-CN","name":"小地毯"},{"lang":"hi-IN","name":"गलीचा"},{"lang":"th-TH","name":"พรมเล็ก"},{"lang":"tr-TR","name":"kilim"},{"lang":"pt-BR","name":"tapete pequeno"},{"lang":"de-DE","name":"Teppich"},{"lang":"id-ID","name":"karpet kecil"},{"lang":"fr-FR","name":"tapis"}]},{"id":29,"name":"shelf","transcription":"[ʃelf]","image":"/img/dict/home/shelf_living.png","translates":[{"lang":"ru-Ru","name":"книжные полки"},{"lang":"vi-VN","name":"kệ"},{"lang":"zh-CN","name":"架子"},{"lang":"hi-IN","name":"शेल्फ"},{"lang":"th-TH","name":"ชั้นวาง"},{"lang":"tr-TR","name":"raf"},{"lang":"pt-BR","name":"prateleira"},{"lang":"de-DE","name":"Regal"},{"lang":"id-ID","name":"rak"},{"lang":"fr-FR","name":"étagère"}]},{"id":26,"name":"sofa","transcription":"[ˈsəʊfə]","image":"/img/dict/home/sofa.png","translates":[{"lang":"ru-Ru","name":"диван"},{"lang":"vi-VN","name":"ghế sofa"},{"lang":"zh-CN","name":"沙发"},{"lang":"hi-IN","name":"सोफा"},{"lang":"th-TH","name":"โซฟา"},{"lang":"tr-TR","name":"kanepe"},{"lang":"pt-BR","name":"sofá"},{"lang":"de-DE","name":"Sofa"},{"lang":"id-ID","name":"sofa"},{"lang":"fr-FR","name":"canapé"}]},{"id":25,"name":"speaker","transcription":"[ˈspiːkə]","image":"/img/dict/home/speaker.png","translates":[{"lang":"ru-Ru","name":"колонка"},{"lang":"vi-VN","name":"loa"},{"lang":"zh-CN","name":"扬声器"},{"lang":"hi-IN","name":"स्पीकर"},{"lang":"th-TH","name":"ลำโพง"},{"lang":"tr-TR","name":"hoparlör"},{"lang":"pt-BR","name":"alto-falante"},{"lang":"de-DE","name":"Lautsprecher"},{"lang":"id-ID","name":"pengeras suara"},{"lang":"fr-FR","name":"haut-parleur"}]},{"id":9,"name":"stereo system","transcription":"[ˈsterɪəʊ ˈsɪstəm]","image":"/img/dict/home/stereo_system.png","translates":[{"lang":"ru-Ru","name":"стереосистема"},{"lang":"vi-VN","name":"hệ thống âm thanh nổi"},{"lang":"zh-CN","name":"立体声音响"},{"lang":"hi-IN","name":"स्टीरियो सिस्टम"},{"lang":"th-TH","name":"ระบบสเตอริโอ"},{"lang":"tr-TR","name":"stereo sistem"},{"lang":"pt-BR","name":"sistema de som"},{"lang":"de-DE","name":"Stereoanlage"},{"lang":"id-ID","name":"sistem stereo"},{"lang":"fr-FR","name":"chaîne stéréo"}]},{"id":30,"name":"table","transcription":"[teɪbl]","image":"/img/dict/home/table.png","translates":[{"lang":"ru-Ru","name":"стол"},{"lang":"vi-VN","name":"bàn"},{"lang":"zh-CN","name":"桌子"},{"lang":"hi-IN","name":"मेज"},{"lang":"th-TH","name":"โต๊ะ"},{"lang":"tr-TR","name":"masa"},{"lang":"pt-BR","name":"mesa"},{"lang":"de-DE","name":"Tisch"},{"lang":"id-ID","name":"meja"},{"lang":"fr-FR","name":"table"}]},{"id":2,"name":"television","transcription":"[ˈtelɪvɪʒən]","image":"/img/dict/home/television.png","translates":[{"lang":"ru-Ru","name":"телевизор"},{"lang":"vi-VN","name":"tivi"},{"lang":"zh-CN","name":"电视"},{"lang":"hi-IN","name":"टेलीविजन"},{"lang":"th-TH","name":"โทรทัศน์"},{"lang":"tr-TR","name":"televizyon"},{"lang":"pt-BR","name":"televisão"},{"lang":"de-DE","name":"Fernseher"},{"lang":"id-ID","name":"televisi"},{"lang":"fr-FR","name":"télévision"}]},{"id":35,"name":"throw pillow","transcription":"[θrəʊ ˈpɪloʊ]","image":"/img/dict/home/throw_pillow.png","translates":[{"lang":"ru-Ru","name":"диванная подушка"},{"lang":"vi-VN","name":"gối ném"},{"lang":"zh-CN","name":"抱枕"},{"lang":"hi-IN","name":"थ्रो तकिया"},{"lang":"th-TH","name":"หมอนรอง"},{"lang":"tr-TR","name":"yastık"},{"lang":"pt-BR","name":"almofada decorativa"},{"lang":"de-DE","name":"Wurfkissen"},{"lang":"id-ID","name":"bantal hias"},{"lang":"fr-FR","name":"coussin décoratif"}]},{"id":4,"name":"vase","transcription":"[vɑːz]","image":"/img/dict/home/vase.png","translates":[{"lang":"ru-Ru","name":"ваза"},{"lang":"vi-VN","name":"lọ hoa"},{"lang":"zh-CN","name":"花瓶"},{"lang":"hi-IN","name":"फूलदान"},{"lang":"th-TH","name":"แจกัน"},{"lang":"tr-TR","name":"vazo"},{"lang":"pt-BR","name":"vaso"},{"lang":"de-DE","name":"Vase"},{"lang":"id-ID","name":"vas bunga"},{"lang":"fr-FR","name":"vase"}]},{"id":32,"name":"wall","transcription":"[wɔːl]","image":"/img/dict/home/wall.png","translates":[{"lang":"ru-Ru","name":"стена"},{"lang":"vi-VN","name":"tường"},{"lang":"zh-CN","name":"墙"},{"lang":"hi-IN","name":"दीवार"},{"lang":"th-TH","name":"กำแพง"},{"lang":"tr-TR","name":"duvar"},{"lang":"pt-BR","name":"parede"},{"lang":"de-DE","name":"Wand"},{"lang":"id-ID","name":"dinding"},{"lang":"fr-FR","name":"mur"}]},{"id":28,"name":"wall unit","transcription":"[wɔːl ˈjuːnɪt]","image":"/img/dict/home/wallunit.png","translates":[{"lang":"ru-Ru","name":"мебельная стенка"},{"lang":"vi-VN","name":"tủ tường"},{"lang":"zh-CN","name":"壁柜"},{"lang":"hi-IN","name":"वॉल यूनिट"},{"lang":"th-TH","name":"ตู้ติดผนัง"},{"lang":"tr-TR","name":"duvar ünitesi"},{"lang":"pt-BR","name":"painel de parede"},{"lang":"de-DE","name":"Wandschrank"},{"lang":"id-ID","name":"unit dinding"},{"lang":"fr-FR","name":"meuble mural"}]},{"id":36,"name":"window","transcription":"[ˈwɪndəʊ]","image":"/img/dict/home/window.png","translates":[{"lang":"ru-Ru","name":"окно"},{"lang":"vi-VN","name":"cửa sổ"},{"lang":"zh-CN","name":"窗户"},{"lang":"hi-IN","name":"खिड़की"},{"lang":"th-TH","name":"หน้าต่าง"},{"lang":"tr-TR","name":"pencere"},{"lang":"pt-BR","name":"janela"},{"lang":"de-DE","name":"Fenster"},{"lang":"id-ID","name":"jendela"},{"lang":"fr-FR","name":"fenêtre"}]},{"id":36,"name":"window sill","transcription":"[ˈwɪndəʊ sɪl]","image":"/img/dict/home/windowsill.png","translates":[{"lang":"ru-Ru","name":"подоконник"},{"lang":"vi-VN","name":"bệ cửa sổ"},{"lang":"zh-CN","name":"窗台"},{"lang":"hi-IN","name":"खिड़की की चौखट"},{"lang":"th-TH","name":"ขอบหน้าต่าง"},{"lang":"tr-TR","name":"pencere pervazı"},{"lang":"pt-BR","name":"parapeito da janela"},{"lang":"de-DE","name":"Fensterbrett"},{"lang":"id-ID","name":"ambang jendela"},{"lang":"fr-FR","name":"rebord de fenêtre"}]}]}