{"name":"Phonics /ai/","isRandom":false,"isBlur":false,"isUpper":true,"isByWords":false,"isForAdult":false,"separator":"","numWords":33,"Translations":[{"lang":"ru-RU","name":"Алфавит"},{"lang":"vi-VN","name":"Âm /ai/"},{"lang":"zh-CN","name":"拼音 /ai/"},{"lang":"hi-IN","name":"ध्वनि /ai/"},{"lang":"th-TH","name":"เสียง /ai/"},{"lang":"tr-TR","name":"Fonetik /ai/"},{"lang":"pt-BR","name":"Fonética /ai/"},{"lang":"de-DE","name":"Phonik /ai/"},{"lang":"id-ID","name":"Fonik /ai/"},{"lang":"fr-FR","name":"Phonétique /ai/"}],"items":[{"id":0,"name":"/ai/","transcription":"","nameA":"/sound/dict/ai.mp3","image":"","bg":"","translates":[{"lang":"ru-RU","name":""},{"lang":"vi-VN","name":""},{"lang":"zh-CN","name":""},{"lang":"hi-IN","name":""},{"lang":"th-TH","name":""},{"lang":"tr-TR","name":""},{"lang":"pt-BR","name":""},{"lang":"de-DE","name":""},{"lang":"id-ID","name":""},{"lang":"fr-FR","name":""}]},{"id":0,"name":"aim","transcription":"[eɪm]","nameA":"","image":" ","bg":"transparent","translates":[{"lang":"ru-RU","name":"Цель"},{"lang":"vi-VN","name":"Mục tiêu"},{"lang":"zh-CN","name":"目标"},{"lang":"hi-IN","name":"लक्ष्य"},{"lang":"th-TH","name":"เป้าหมาย"},{"lang":"tr-TR","name":"Hedef"},{"lang":"pt-BR","name":"Objetivo"},{"lang":"de-DE","name":"Ziel"},{"lang":"id-ID","name":"Tujuan"},{"lang":"fr-FR","name":"But"}]},{"id":0,"name":"nail","transcription":"[neɪl]","nameA":"","image":" ","bg":"transparent","translates":[{"lang":"ru-RU","name":"Гвоздь"},{"lang":"vi-VN","name":"Móng tay"},{"lang":"zh-CN","name":"钉子"},{"lang":"hi-IN","name":"कील"},{"lang":"th-TH","name":"ตะปู"},{"lang":"tr-TR","name":"Çivi"},{"lang":"pt-BR","name":"Prego"},{"lang":"de-DE","name":"Nagel"},{"lang":"id-ID","name":"Paku"},{"lang":"fr-FR","name":"Clou"}]},{"id":0,"name":"rain","transcription":"[reɪn]","nameA":"","image":" ","bg":"transparent","translates":[{"lang":"ru-RU","name":"Дождь"},{"lang":"vi-VN","name":"Mưa"},{"lang":"zh-CN","name":"雨"},{"lang":"hi-IN","name":"बारिश"},{"lang":"th-TH","name":"ฝน"},{"lang":"tr-TR","name":"Yağmur"},{"lang":"pt-BR","name":"Chuva"},{"lang":"de-DE","name":"Regen"},{"lang":"id-ID","name":"Hujan"},{"lang":"fr-FR","name":"Pluie"}]},{"id":0,"name":"snail","transcription":"[sneɪl]","nameA":"","image":"/img/dict/animals/snail.png","bg":"transparent","translates":[{"lang":"ru-RU","name":"Улитка"},{"lang":"vi-VN","name":"Ốc sên"},{"lang":"zh-CN","name":"蜗牛"},{"lang":"hi-IN","name":"घोंघा"},{"lang":"th-TH","name":"หอยทาก"},{"lang":"tr-TR","name":"Salyangoz"},{"lang":"pt-BR","name":"Caracol"},{"lang":"de-DE","name":"Schnecke"},{"lang":"id-ID","name":"Siput"},{"lang":"fr-FR","name":"Escargot"}]},{"id":0,"name":"tail","transcription":"[teɪl]","nameA":"","image":" ","bg":"transparent","translates":[{"lang":"ru-RU","name":"Хвост"},{"lang":"vi-VN","name":"Đuôi"},{"lang":"zh-CN","name":"尾巴"},{"lang":"hi-IN","name":"पूंछ"},{"lang":"th-TH","name":"หาง"},{"lang":"tr-TR","name":"Kuyruk"},{"lang":"pt-BR","name":"Cauda"},{"lang":"de-DE","name":"Schwanz"},{"lang":"id-ID","name":"Ekor"},{"lang":"fr-FR","name":"Queue"}]},{"id":0,"name":"train","transcription":"[treɪn]","nameA":"","image":"/img/dict/toys/train.png","bg":"transparent","translates":[{"lang":"ru-RU","name":"Поезд"},{"lang":"vi-VN","name":"Tàu hỏa"},{"lang":"zh-CN","name":"火车"},{"lang":"hi-IN","name":"ट्रेन"},{"lang":"th-TH","name":"รถไฟ"},{"lang":"tr-TR","name":"Tren"},{"lang":"pt-BR","name":"Trem"},{"lang":"de-DE","name":"Zug"},{"lang":"id-ID","name":"Kereta"},{"lang":"fr-FR","name":"Train"}]},{"id":0,"name":"wait","transcription":"[weɪt]","nameA":"","image":" ","bg":"transparent","translates":[{"lang":"ru-RU","name":"Ждать"},{"lang":"vi-VN","name":"Chờ"},{"lang":"zh-CN","name":"等待"},{"lang":"hi-IN","name":"प्रतीक्षा"},{"lang":"th-TH","name":"รอ"},{"lang":"tr-TR","name":"Bekle"},{"lang":"pt-BR","name":"Esperar"},{"lang":"de-DE","name":"Warten"},{"lang":"id-ID","name":"Tunggu"},{"lang":"fr-FR","name":"Attendre"}]},{"id":0,"name":"birthday","transcription":"[ˈbɜːrθdeɪ]","nameA":"","image":" ","bg":"transparent","translates":[{"lang":"ru-RU","name":"День рождения"},{"lang":"vi-VN","name":"Sinh nhật"},{"lang":"zh-CN","name":"生日"},{"lang":"hi-IN","name":"जन्मदिन"},{"lang":"th-TH","name":"วันเกิด"},{"lang":"tr-TR","name":"Doğum günü"},{"lang":"pt-BR","name":"Aniversário"},{"lang":"de-DE","name":"Geburtstag"},{"lang":"id-ID","name":"Ulang tahun"},{"lang":"fr-FR","name":"Anniversaire"}]},{"id":0,"name":"clay","transcription":"[kleɪ]","nameA":"","image":" ","bg":"transparent","translates":[{"lang":"ru-RU","name":"Глина"},{"lang":"vi-VN","name":"Đất sét"},{"lang":"zh-CN","name":"粘土"},{"lang":"hi-IN","name":"मिट्टी"},{"lang":"th-TH","name":"ดินเหนียว"},{"lang":"tr-TR","name":"Kil"},{"lang":"pt-BR","name":"Argila"},{"lang":"de-DE","name":"Ton"},{"lang":"id-ID","name":"Tanah liat"},{"lang":"fr-FR","name":"Argile"}]},{"id":0,"name":"crayon","transcription":"[ˈkreɪən]","nameA":"","image":" ","bg":"transparent","translates":[{"lang":"ru-RU","name":"Цветной карандаш"},{"lang":"vi-VN","name":"Bút màu"},{"lang":"zh-CN","name":"蜡笔"},{"lang":"hi-IN","name":"क्रेयॉन"},{"lang":"th-TH","name":"ดินสอสี"},{"lang":"tr-TR","name":"Pastel"},{"lang":"pt-BR","name":"Giz de cera"},{"lang":"de-DE","name":"Buntstift"},{"lang":"id-ID","name":"Krayon"},{"lang":"fr-FR","name":"Crayon"}]},{"id":0,"name":"play","transcription":"[pleɪ]","nameA":"","image":" ","bg":"transparent","translates":[{"lang":"ru-RU","name":"Играть"},{"lang":"vi-VN","name":"Chơi"},{"lang":"zh-CN","name":"玩"},{"lang":"hi-IN","name":"खेल"},{"lang":"th-TH","name":"เล่น"},{"lang":"tr-TR","name":"Oyna"},{"lang":"pt-BR","name":"Jogar"},{"lang":"de-DE","name":"Spielen"},{"lang":"id-ID","name":"Bermain"},{"lang":"fr-FR","name":"Jouer"}]},{"id":0,"name":"say","transcription":"[seɪ]","nameA":"","image":" ","bg":"transparent","translates":[{"lang":"ru-RU","name":"Говорить"},{"lang":"vi-VN","name":"Nói"},{"lang":"zh-CN","name":"说"},{"lang":"hi-IN","name":"कहना"},{"lang":"th-TH","name":"พูด"},{"lang":"tr-TR","name":"Söylemek"},{"lang":"pt-BR","name":"Dizer"},{"lang":"de-DE","name":"Sagen"},{"lang":"id-ID","name":"Katakan"},{"lang":"fr-FR","name":"Dire"}]},{"id":0,"name":"stay","transcription":"[steɪ]","nameA":"","image":" ","bg":"transparent","translates":[{"lang":"ru-RU","name":"Оставаться"},{"lang":"vi-VN","name":"Ở lại"},{"lang":"zh-CN","name":"停留"},{"lang":"hi-IN","name":"रहना"},{"lang":"th-TH","name":"พัก"},{"lang":"tr-TR","name":"Kalmak"},{"lang":"pt-BR","name":"Ficar"},{"lang":"de-DE","name":"Bleiben"},{"lang":"id-ID","name":"Tinggal"},{"lang":"fr-FR","name":"Rester"}]},{"id":0,"name":"tray","transcription":"[treɪ]","nameA":"","image":"/img/dict/home/tray.png","bg":"transparent","translates":[{"lang":"ru-RU","name":"Поднос"},{"lang":"vi-VN","name":"Khay"},{"lang":"zh-CN","name":"托盘"},{"lang":"hi-IN","name":"ट्रे"},{"lang":"th-TH","name":"ถาด"},{"lang":"tr-TR","name":"Tepsi"},{"lang":"pt-BR","name":"Bandeja"},{"lang":"de-DE","name":"Tablett"},{"lang":"id-ID","name":"Nampan"},{"lang":"fr-FR","name":"Plateau"}]},{"id":0,"name":"acorn","transcription":"[ˈeɪkɔːrn]","nameA":"","image":" ","bg":"transparent","translates":[{"lang":"ru-RU","name":"Желудь"},{"lang":"vi-VN","name":"Hạt dẻ"},{"lang":"zh-CN","name":"橡子"},{"lang":"hi-IN","name":"बांज का फल"},{"lang":"th-TH","name":"ผลต้นโอ๊ก"},{"lang":"tr-TR","name":"Palamut"},{"lang":"pt-BR","name":"Bolota"},{"lang":"de-DE","name":"Eichel"},{"lang":"id-ID","name":"Buah ek"},{"lang":"fr-FR","name":"Gland"}]},{"id":0,"name":"angel","transcription":"[ˈeɪndʒəl]","nameA":"","image":" ","bg":"transparent","translates":[{"lang":"ru-RU","name":"Ангел"},{"lang":"vi-VN","name":"Thiên thần"},{"lang":"zh-CN","name":"天使"},{"lang":"hi-IN","name":"देवदूत"},{"lang":"th-TH","name":"เทวดา"},{"lang":"tr-TR","name":"Melek"},{"lang":"pt-BR","name":"Anjo"},{"lang":"de-DE","name":"Engel"},{"lang":"id-ID","name":"Malaikat"},{"lang":"fr-FR","name":"Ange"}]},{"id":0,"name":"apricot","transcription":"[ˈeɪprɪkɑːt]","nameA":"","image":" ","bg":"transparent","translates":[{"lang":"ru-RU","name":"Абрикос"},{"lang":"vi-VN","name":"Quả mơ"},{"lang":"zh-CN","name":"杏子"},{"lang":"hi-IN","name":"खुबानी"},{"lang":"th-TH","name":"แอปริคอต"},{"lang":"tr-TR","name":"Kayısı"},{"lang":"pt-BR","name":"Damasco"},{"lang":"de-DE","name":"Aprikose"},{"lang":"id-ID","name":"Aprikot"},{"lang":"fr-FR","name":"Abricot"}]},{"id":0,"name":"apron","transcription":"[ˈeɪprən]","nameA":"","image":"/img/dict/home/apron.png","bg":"transparent","translates":[{"lang":"ru-RU","name":"Фартук"},{"lang":"vi-VN","name":"Tạp dề"},{"lang":"zh-CN","name":"围裙"},{"lang":"hi-IN","name":"एप्रन"},{"lang":"th-TH","name":"ผ้ากันเปื้อน"},{"lang":"tr-TR","name":"Önlük"},{"lang":"pt-BR","name":"Avental"},{"lang":"de-DE","name":"Schürze"},{"lang":"id-ID","name":"Celemek"},{"lang":"fr-FR","name":"Tablier"}]},{"id":0,"name":"ace","transcription":"[eɪs]","nameA":"","image":" ","bg":"transparent","translates":[{"lang":"ru-RU","name":"Туз"},{"lang":"vi-VN","name":"Át"},{"lang":"zh-CN","name":"王牌"},{"lang":"hi-IN","name":"इक्का"},{"lang":"th-TH","name":"เอซ"},{"lang":"tr-TR","name":"As"},{"lang":"pt-BR","name":"Ás"},{"lang":"de-DE","name":"Ass"},{"lang":"id-ID","name":"As"},{"lang":"fr-FR","name":"As"}]},{"id":0,"name":"cake","transcription":"[keɪk]","nameA":"","image":"/img/dict/food/cake.png","bg":"transparent","translates":[{"lang":"ru-RU","name":"Торт"},{"lang":"vi-VN","name":"Bánh"},{"lang":"zh-CN","name":"蛋糕"},{"lang":"hi-IN","name":"केक"},{"lang":"th-TH","name":"เค้ก"},{"lang":"tr-TR","name":"Pasta"},{"lang":"pt-BR","name":"Bolo"},{"lang":"de-DE","name":"Kuchen"},{"lang":"id-ID","name":"Kue"},{"lang":"fr-FR","name":"Gâteau"}]},{"id":0,"name":"name","transcription":"[neɪm]","nameA":"","image":" ","bg":"transparent","translates":[{"lang":"ru-RU","name":"Имя"},{"lang":"vi-VN","name":"Tên"},{"lang":"zh-CN","name":"名字"},{"lang":"hi-IN","name":"नाम"},{"lang":"th-TH","name":"ชื่อ"},{"lang":"tr-TR","name":"İsim"},{"lang":"pt-BR","name":"Nome"},{"lang":"de-DE","name":"Name"},{"lang":"id-ID","name":"Nama"},{"lang":"fr-FR","name":"Nom"}]},{"id":0,"name":"make","transcription":"[meɪk]","nameA":"","image":" ","bg":"transparent","translates":[{"lang":"ru-RU","name":"Делать"},{"lang":"vi-VN","name":"Làm"},{"lang":"zh-CN","name":"制作"},{"lang":"hi-IN","name":"बनाना"},{"lang":"th-TH","name":"ทำ"},{"lang":"tr-TR","name":"Yapmak"},{"lang":"pt-BR","name":"Fazer"},{"lang":"de-DE","name":"Machen"},{"lang":"id-ID","name":"Membuat"},{"lang":"fr-FR","name":"Faire"}]},{"id":0,"name":"place","transcription":"[pleɪs]","nameA":"","image":" ","bg":"transparent","translates":[{"lang":"ru-RU","name":"Место"},{"lang":"vi-VN","name":"Nơi"},{"lang":"zh-CN","name":"地方"},{"lang":"hi-IN","name":"स्थान"},{"lang":"th-TH","name":"สถานที่"},{"lang":"tr-TR","name":"Yer"},{"lang":"pt-BR","name":"Lugar"},{"lang":"de-DE","name":"Ort"},{"lang":"id-ID","name":"Tempat"},{"lang":"fr-FR","name":"Lieu"}]},{"id":0,"name":"sundae","transcription":"[ˈsʌndeɪ]","nameA":"","image":" ","bg":"transparent","translates":[{"lang":"ru-RU","name":"Парфе"},{"lang":"vi-VN","name":"Kem Sundae"},{"lang":"zh-CN","name":"圣代"},{"lang":"hi-IN","name":"सुंडे"},{"lang":"th-TH","name":"ซันเดย์"},{"lang":"tr-TR","name":"Sundae"},{"lang":"pt-BR","name":"Sundae"},{"lang":"de-DE","name":"Sundae"},{"lang":"id-ID","name":"Sundae"},{"lang":"fr-FR","name":"Sundae"}]},{"id":0,"name":"grey","transcription":"[ɡreɪ]","nameA":"","image":" ","bg":"transparent","translates":[{"lang":"ru-RU","name":"Серый"},{"lang":"vi-VN","name":"Xám"},{"lang":"zh-CN","name":"灰色"},{"lang":"hi-IN","name":"ग्रे"},{"lang":"th-TH","name":"สีเทา"},{"lang":"tr-TR","name":"Gri"},{"lang":"pt-BR","name":"Cinza"},{"lang":"de-DE","name":"Grau"},{"lang":"id-ID","name":"Abu-abu"},{"lang":"fr-FR","name":"Gris"}]},{"id":0,"name":"prey","transcription":"[preɪ]","nameA":"","image":" ","bg":"transparent","translates":[{"lang":"ru-RU","name":"Добыча"},{"lang":"vi-VN","name":"Con mồi"},{"lang":"zh-CN","name":"猎物"},{"lang":"hi-IN","name":"शिकार"},{"lang":"th-TH","name":"เหยื่อ"},{"lang":"tr-TR","name":"Av"},{"lang":"pt-BR","name":"Presa"},{"lang":"de-DE","name":"Beute"},{"lang":"id-ID","name":"Mangsa"},{"lang":"fr-FR","name":"Proie"}]},{"id":0,"name":"survey","transcription":"[ˈsɜːrveɪ]","nameA":"","image":" ","bg":"transparent","translates":[{"lang":"ru-RU","name":"Опрос"},{"lang":"vi-VN","name":"Khảo sát"},{"lang":"zh-CN","name":"调查"},{"lang":"hi-IN","name":"सर्वेक्षण"},{"lang":"th-TH","name":"สำรวจ"},{"lang":"tr-TR","name":"Anket"},{"lang":"pt-BR","name":"Pesquisa"},{"lang":"de-DE","name":"Umfrage"},{"lang":"id-ID","name":"Survei"},{"lang":"fr-FR","name":"Enquête"}]},{"id":0,"name":"they","transcription":"[ðeɪ]","nameA":"","image":" ","bg":"transparent","translates":[{"lang":"ru-RU","name":"Они"},{"lang":"vi-VN","name":"Họ"},{"lang":"zh-CN","name":"他们"},{"lang":"hi-IN","name":"वे"},{"lang":"th-TH","name":"พวกเขา"},{"lang":"tr-TR","name":"Onlar"},{"lang":"pt-BR","name":"Eles"},{"lang":"de-DE","name":"Sie"},{"lang":"id-ID","name":"Mereka"},{"lang":"fr-FR","name":"Ils"}]},{"id":0,"name":"eight","transcription":"[eɪt]","nameA":"","image":" ","bg":"transparent","translates":[{"lang":"ru-RU","name":"Восемь"},{"lang":"vi-VN","name":"Tám"},{"lang":"zh-CN","name":"八"},{"lang":"hi-IN","name":"आठ"},{"lang":"th-TH","name":"แปด"},{"lang":"tr-TR","name":"Sekiz"},{"lang":"pt-BR","name":"Oito"},{"lang":"de-DE","name":"Acht"},{"lang":"id-ID","name":"Delapan"},{"lang":"fr-FR","name":"Huit"}]},{"id":0,"name":"break","transcription":"[breɪk]","nameA":"","image":"/img/dict/classroom/break.png","bg":"transparent","translates":[{"lang":"ru-RU","name":"Ломать"},{"lang":"vi-VN","name":"Phá vỡ"},{"lang":"zh-CN","name":"打破"},{"lang":"hi-IN","name":"तोड़ना"},{"lang":"th-TH","name":"ทำลาย"},{"lang":"tr-TR","name":"Kırmak"},{"lang":"pt-BR","name":"Quebrar"},{"lang":"de-DE","name":"Brechen"},{"lang":"id-ID","name":"Mematahkan"},{"lang":"fr-FR","name":"Casser"}]},{"id":0,"name":"great","transcription":"[ɡreɪt]","nameA":"","image":" ","bg":"transparent","translates":[{"lang":"ru-RU","name":"Великий"},{"lang":"vi-VN","name":"Tuyệt vời"},{"lang":"zh-CN","name":"伟大的"},{"lang":"hi-IN","name":"महान"},{"lang":"th-TH","name":"ยอดเยี่ยม"},{"lang":"tr-TR","name":"Harika"},{"lang":"pt-BR","name":"Ótimo"},{"lang":"de-DE","name":"Großartig"},{"lang":"id-ID","name":"Hebat"},{"lang":"fr-FR","name":"Génial"}]},{"id":0,"name":"steak","transcription":"[steɪk]","nameA":"","image":" ","bg":"transparent","translates":[{"lang":"ru-RU","name":"Стейк"},{"lang":"vi-VN","name":"Bít tết"},{"lang":"zh-CN","name":"牛排"},{"lang":"hi-IN","name":"स्टेक"},{"lang":"th-TH","name":"สเต็ก"},{"lang":"tr-TR","name":"Biftek"},{"lang":"pt-BR","name":"Bife"},{"lang":"de-DE","name":"Steak"},{"lang":"id-ID","name":"Steak"},{"lang":"fr-FR","name":"Steak"}]}]}