{"name":"Nature Common","isRandom":true,"isBlur":true,"isUpper":true,"isByWords":false,"isForAdult":false,"separator":"","numWords":51,"tags":["nature"],"Translations":[{"lang":"ru-RU","name":"Природа"},{"lang":"vi-VN","name":"Thiên nhiên"},{"lang":"zh-CN","name":"自然"},{"lang":"hi-IN","name":"प्रकृति"},{"lang":"th-TH","name":"ธรรมชาติ"},{"lang":"tr-TR","name":"Doğa"},{"lang":"pt-BR","name":"Natureza"},{"lang":"de-DE","name":"Natur"},{"lang":"id-ID","name":"Alam"},{"lang":"fr-FR","name":"Nature"}],"items":[{"id":0,"name":"earth","transcription":"[ɜːθ]","image":"/fake_path/earth.png","translates":[{"lang":"ru-RU","name":"земля"},{"lang":"vi-VN","name":"trái đất"},{"lang":"zh-CN","name":"地球"},{"lang":"hi-IN","name":"पृथ्वी"},{"lang":"th-TH","name":"โลก"},{"lang":"tr-TR","name":"dünya"},{"lang":"pt-BR","name":"terra"},{"lang":"de-DE","name":"Erde"},{"lang":"id-ID","name":"bumi"},{"lang":"fr-FR","name":"terre"}]},{"id":1,"name":"sea","transcription":"[siː]","image":"/fake_path/sea.png","translates":[{"lang":"ru-RU","name":"море"},{"lang":"vi-VN","name":"biển"},{"lang":"zh-CN","name":"海"},{"lang":"hi-IN","name":"समुद्र"},{"lang":"th-TH","name":"ทะเล"},{"lang":"tr-TR","name":"deniz"},{"lang":"pt-BR","name":"mar"},{"lang":"de-DE","name":"Meer"},{"lang":"id-ID","name":"laut"},{"lang":"fr-FR","name":"mer"}]},{"id":2,"name":"island","transcription":"[ˈaɪlənd]","image":"/fake_path/island.png","translates":[{"lang":"ru-RU","name":"остров"},{"lang":"vi-VN","name":"đảo"},{"lang":"zh-CN","name":"岛"},{"lang":"hi-IN","name":"द्वीप"},{"lang":"th-TH","name":"เกาะ"},{"lang":"tr-TR","name":"ada"},{"lang":"pt-BR","name":"ilha"},{"lang":"de-DE","name":"Insel"},{"lang":"id-ID","name":"pulau"},{"lang":"fr-FR","name":"île"}]},{"id":3,"name":"river","transcription":"[ˈrɪvə]","image":"/fake_path/river.png","translates":[{"lang":"ru-RU","name":"река"},{"lang":"vi-VN","name":"sông"},{"lang":"zh-CN","name":"河"},{"lang":"hi-IN","name":"नदी"},{"lang":"th-TH","name":"แม่น้ำ"},{"lang":"tr-TR","name":"nehir"},{"lang":"pt-BR","name":"rio"},{"lang":"de-DE","name":"Fluss"},{"lang":"id-ID","name":"sungai"},{"lang":"fr-FR","name":"rivière"}]},{"id":4,"name":"star","transcription":"[stɑː]","image":"/fake_path/star.png","translates":[{"lang":"ru-RU","name":"звезда"},{"lang":"vi-VN","name":"ngôi sao"},{"lang":"zh-CN","name":"星"},{"lang":"hi-IN","name":"तारा"},{"lang":"th-TH","name":"ดาว"},{"lang":"tr-TR","name":"yıldız"},{"lang":"pt-BR","name":"estrela"},{"lang":"de-DE","name":"Stern"},{"lang":"id-ID","name":"bintang"},{"lang":"fr-FR","name":"étoile"}]},{"id":5,"name":"peninsula","transcription":"[pɪˈnɪnsjʊlə]","image":"/fake_path/peninsula.png","translates":[{"lang":"ru-RU","name":"полуостров"},{"lang":"vi-VN","name":"bán đảo"},{"lang":"zh-CN","name":"半岛"},{"lang":"hi-IN","name":"प्रायद्वीप"},{"lang":"th-TH","name":"คาบสมุทร"},{"lang":"tr-TR","name":"yarımada"},{"lang":"pt-BR","name":"península"},{"lang":"de-DE","name":"Halbinsel"},{"lang":"id-ID","name":"semenanjung"},{"lang":"fr-FR","name":"péninsule"}]},{"id":6,"name":"stream","transcription":"[striːm]","image":"/fake_path/stream.png","translates":[{"lang":"ru-RU","name":"ручей"},{"lang":"vi-VN","name":"suối"},{"lang":"zh-CN","name":"溪流"},{"lang":"hi-IN","name":"धारा"},{"lang":"th-TH","name":"ลำธาร"},{"lang":"tr-TR","name":"dere"},{"lang":"pt-BR","name":"riacho"},{"lang":"de-DE","name":"Bach"},{"lang":"id-ID","name":"sungai kecil"},{"lang":"fr-FR","name":"ruisseau"}]},{"id":7,"name":"rain","transcription":"[reɪn]","image":"/fake_path/rain.png","translates":[{"lang":"ru-RU","name":"дождь"},{"lang":"vi-VN","name":"mưa"},{"lang":"zh-CN","name":"雨"},{"lang":"hi-IN","name":"बारिश"},{"lang":"th-TH","name":"ฝน"},{"lang":"tr-TR","name":"yağmur"},{"lang":"pt-BR","name":"chuva"},{"lang":"de-DE","name":"Regen"},{"lang":"id-ID","name":"hujan"},{"lang":"fr-FR","name":"pluie"}]},{"id":8,"name":"water","transcription":"[ˈwɔːtə]","image":"/fake_path/water.png","translates":[{"lang":"ru-RU","name":"вода"},{"lang":"vi-VN","name":"nước"},{"lang":"zh-CN","name":"水"},{"lang":"hi-IN","name":"पानी"},{"lang":"th-TH","name":"น้ำ"},{"lang":"tr-TR","name":"su"},{"lang":"pt-BR","name":"água"},{"lang":"de-DE","name":"Wasser"},{"lang":"id-ID","name":"air"},{"lang":"fr-FR","name":"eau"}]},{"id":9,"name":"lake","transcription":"[leɪk]","image":"/fake_path/lake.png","translates":[{"lang":"ru-RU","name":"озеро"},{"lang":"vi-VN","name":"hồ"},{"lang":"zh-CN","name":"湖"},{"lang":"hi-IN","name":"झील"},{"lang":"th-TH","name":"ทะเลสาบ"},{"lang":"tr-TR","name":"göl"},{"lang":"pt-BR","name":"lago"},{"lang":"de-DE","name":"See"},{"lang":"id-ID","name":"danau"},{"lang":"fr-FR","name":"lac"}]},{"id":10,"name":"fog","transcription":"[fɒg]","image":"/fake_path/fog.png","translates":[{"lang":"ru-RU","name":"туман"},{"lang":"vi-VN","name":"sương mù"},{"lang":"zh-CN","name":"雾"},{"lang":"hi-IN","name":"कोहरा"},{"lang":"th-TH","name":"หมอก"},{"lang":"tr-TR","name":"sis"},{"lang":"pt-BR","name":"névoa"},{"lang":"de-DE","name":"Nebel"},{"lang":"id-ID","name":"kabut"},{"lang":"fr-FR","name":"brouillard"}]},{"id":11,"name":"ice","transcription":"[aɪs]","image":"/fake_path/ice.png","translates":[{"lang":"ru-RU","name":"лед"},{"lang":"vi-VN","name":"băng"},{"lang":"zh-CN","name":"冰"},{"lang":"hi-IN","name":"बर्फ"},{"lang":"th-TH","name":"น้ำแข็ง"},{"lang":"tr-TR","name":"buz"},{"lang":"pt-BR","name":"gelo"},{"lang":"de-DE","name":"Eis"},{"lang":"id-ID","name":"es"},{"lang":"fr-FR","name":"glace"}]},{"id":12,"name":"bay","transcription":"[beɪ]","image":"/fake_path/bay.png","translates":[{"lang":"ru-RU","name":"залив"},{"lang":"vi-VN","name":"vịnh"},{"lang":"zh-CN","name":"海湾"},{"lang":"hi-IN","name":"खाड़ी"},{"lang":"th-TH","name":"อ่าว"},{"lang":"tr-TR","name":"koy"},{"lang":"pt-BR","name":"baía"},{"lang":"de-DE","name":"Bucht"},{"lang":"id-ID","name":"teluk"},{"lang":"fr-FR","name":"baie"}]},{"id":13,"name":"wind","transcription":"[wɪnd]","image":"/fake_path/wind.png","translates":[{"lang":"ru-RU","name":"ветер"},{"lang":"vi-VN","name":"gió"},{"lang":"zh-CN","name":"风"},{"lang":"hi-IN","name":"हवा"},{"lang":"th-TH","name":"ลม"},{"lang":"tr-TR","name":"rüzgar"},{"lang":"pt-BR","name":"vento"},{"lang":"de-DE","name":"Wind"},{"lang":"id-ID","name":"angin"},{"lang":"fr-FR","name":"vent"}]},{"id":14,"name":"snow","transcription":"[snəʊ]","image":"/fake_path/snow.png","translates":[{"lang":"ru-RU","name":"снег"},{"lang":"vi-VN","name":"tuyết"},{"lang":"zh-CN","name":"雪"},{"lang":"hi-IN","name":"बर्फ"},{"lang":"th-TH","name":"หิมะ"},{"lang":"tr-TR","name":"kar"},{"lang":"pt-BR","name":"neve"},{"lang":"de-DE","name":"Schnee"},{"lang":"id-ID","name":"salju"},{"lang":"fr-FR","name":"neige"}]},{"id":15,"name":"pond","transcription":"[pɒnd]","image":"/fake_path/pond.png","translates":[{"lang":"ru-RU","name":"пруд"},{"lang":"vi-VN","name":"ao"},{"lang":"zh-CN","name":"池塘"},{"lang":"hi-IN","name":"तालाब"},{"lang":"th-TH","name":"สระน้ำ"},{"lang":"tr-TR","name":"gölet"},{"lang":"pt-BR","name":"lagoa"},{"lang":"de-DE","name":"Teich"},{"lang":"id-ID","name":"kolam"},{"lang":"fr-FR","name":"étang"}]},{"id":16,"name":"grass","transcription":"[grɑːs]","image":"/fake_path/grass.png","translates":[{"lang":"ru-RU","name":"трава"},{"lang":"vi-VN","name":"cỏ"},{"lang":"zh-CN","name":"草"},{"lang":"hi-IN","name":"घास"},{"lang":"th-TH","name":"หญ้า"},{"lang":"tr-TR","name":"çim"},{"lang":"pt-BR","name":"grama"},{"lang":"de-DE","name":"Gras"},{"lang":"id-ID","name":"rumput"},{"lang":"fr-FR","name":"herbe"}]},{"id":17,"name":"snowdrift","transcription":"[ˈsnəʊdrɪft]","image":"/fake_path/snowdrift.png","translates":[{"lang":"ru-RU","name":"сугроб"},{"lang":"vi-VN","name":"đống tuyết"},{"lang":"zh-CN","name":"雪堆"},{"lang":"hi-IN","name":"हिमपुंज"},{"lang":"th-TH","name":"กองหิมะ"},{"lang":"tr-TR","name":"kar yığını"},{"lang":"pt-BR","name":"monte de neve"},{"lang":"de-DE","name":"Schneewehe"},{"lang":"id-ID","name":"timbunan salju"},{"lang":"fr-FR","name":"congère"}]},{"id":18,"name":"lightning","transcription":"[ˈlaɪtnɪŋ]","image":"/fake_path/lightning.png","translates":[{"lang":"ru-RU","name":"молния"},{"lang":"vi-VN","name":"tia chớp"},{"lang":"zh-CN","name":"闪电"},{"lang":"hi-IN","name":"बिजली"},{"lang":"th-TH","name":"ฟ้าผ่า"},{"lang":"tr-TR","name":"şimşek"},{"lang":"pt-BR","name":"relâmpago"},{"lang":"de-DE","name":"Blitz"},{"lang":"id-ID","name":"kilat"},{"lang":"fr-FR","name":"éclair"}]},{"id":19,"name":"nature","transcription":"[ˈneɪʧə]","image":"/fake_path/nature.png","translates":[{"lang":"ru-RU","name":"природа"},{"lang":"vi-VN","name":"thiên nhiên"},{"lang":"zh-CN","name":"自然"},{"lang":"hi-IN","name":"प्रकृति"},{"lang":"th-TH","name":"ธรรมชาติ"},{"lang":"tr-TR","name":"doğa"},{"lang":"pt-BR","name":"natureza"},{"lang":"de-DE","name":"Natur"},{"lang":"id-ID","name":"alam"},{"lang":"fr-FR","name":"nature"}]},{"id":20,"name":"fire","transcription":"[ˈfaɪə]","image":"/fake_path/fire.png","translates":[{"lang":"ru-RU","name":"огонь"},{"lang":"vi-VN","name":"lửa"},{"lang":"zh-CN","name":"火"},{"lang":"hi-IN","name":"आग"},{"lang":"th-TH","name":"ไฟ"},{"lang":"tr-TR","name":"ateş"},{"lang":"pt-BR","name":"fogo"},{"lang":"de-DE","name":"Feuer"},{"lang":"id-ID","name":"api"},{"lang":"fr-FR","name":"feu"}]},{"id":21,"name":"birds","transcription":"[bɜːdz]","image":"/fake_path/birds.png","translates":[{"lang":"ru-RU","name":"птицы"},{"lang":"vi-VN","name":"chim"},{"lang":"zh-CN","name":"鸟"},{"lang":"hi-IN","name":"पक्षी"},{"lang":"th-TH","name":"นก"},{"lang":"tr-TR","name":"kuşlar"},{"lang":"pt-BR","name":"pássaros"},{"lang":"de-DE","name":"Vögel"},{"lang":"id-ID","name":"burung"},{"lang":"fr-FR","name":"oiseaux"}]},{"id":22,"name":"climate","transcription":"[ˈklaɪmɪt]","image":"/fake_path/climate.png","translates":[{"lang":"ru-RU","name":"климат"},{"lang":"vi-VN","name":"khí hậu"},{"lang":"zh-CN","name":"气候"},{"lang":"hi-IN","name":"जलवायु"},{"lang":"th-TH","name":"ภูมิอากาศ"},{"lang":"tr-TR","name":"iklim"},{"lang":"pt-BR","name":"clima"},{"lang":"de-DE","name":"Klima"},{"lang":"id-ID","name":"iklim"},{"lang":"fr-FR","name":"climat"}]},{"id":23,"name":"stone","transcription":"[stəʊn]","image":"/fake_path/stone.png","translates":[{"lang":"ru-RU","name":"камень"},{"lang":"vi-VN","name":"đá"},{"lang":"zh-CN","name":"石头"},{"lang":"hi-IN","name":"पत्थर"},{"lang":"th-TH","name":"หิน"},{"lang":"tr-TR","name":"taş"},{"lang":"pt-BR","name":"pedra"},{"lang":"de-DE","name":"Stein"},{"lang":"id-ID","name":"batu"},{"lang":"fr-FR","name":"pierre"}]},{"id":24,"name":"animals","transcription":"[ˈænɪməlz]","image":"/fake_path/animals.png","translates":[{"lang":"ru-RU","name":"животные"},{"lang":"vi-VN","name":"động vật"},{"lang":"zh-CN","name":"动物"},{"lang":"hi-IN","name":"जानवर"},{"lang":"th-TH","name":"สัตว์"},{"lang":"tr-TR","name":"hayvanlar"},{"lang":"pt-BR","name":"animais"},{"lang":"de-DE","name":"Tiere"},{"lang":"id-ID","name":"hewan"},{"lang":"fr-FR","name":"animaux"}]},{"id":25,"name":"weather","transcription":"[ˈweðə]","image":"/fake_path/weather.png","translates":[{"lang":"ru-RU","name":"погода"},{"lang":"vi-VN","name":"thời tiết"},{"lang":"zh-CN","name":"天气"},{"lang":"hi-IN","name":"मौसम"},{"lang":"th-TH","name":"อากาศ"},{"lang":"tr-TR","name":"hava"},{"lang":"pt-BR","name":"tempo"},{"lang":"de-DE","name":"Wetter"},{"lang":"id-ID","name":"cuaca"},{"lang":"fr-FR","name":"temps"}]},{"id":26,"name":"sand","transcription":"[sænd]","image":"/fake_path/sand.png","translates":[{"lang":"ru-RU","name":"песок"},{"lang":"vi-VN","name":"cát"},{"lang":"zh-CN","name":"沙子"},{"lang":"hi-IN","name":"रेत"},{"lang":"th-TH","name":"ทราย"},{"lang":"tr-TR","name":"kum"},{"lang":"pt-BR","name":"areia"},{"lang":"de-DE","name":"Sand"},{"lang":"id-ID","name":"pasir"},{"lang":"fr-FR","name":"sable"}]},{"id":27,"name":"insects","transcription":"[ˈɪnsɛkts]","image":"/fake_path/insects.png","translates":[{"lang":"ru-RU","name":"насекомые"},{"lang":"vi-VN","name":"côn trùng"},{"lang":"zh-CN","name":"昆虫"},{"lang":"hi-IN","name":"कीट"},{"lang":"th-TH","name":"แมลง"},{"lang":"tr-TR","name":"böcekler"},{"lang":"pt-BR","name":"insetos"},{"lang":"de-DE","name":"Insekten"},{"lang":"id-ID","name":"serangga"},{"lang":"fr-FR","name":"insectes"}]},{"id":28,"name":"air","transcription":"[eə]","image":"/fake_path/air.png","translates":[{"lang":"ru-RU","name":"воздух"},{"lang":"vi-VN","name":"không khí"},{"lang":"zh-CN","name":"空气"},{"lang":"hi-IN","name":"हवा"},{"lang":"th-TH","name":"อากาศ"},{"lang":"tr-TR","name":"hava"},{"lang":"pt-BR","name":"ar"},{"lang":"de-DE","name":"Luft"},{"lang":"id-ID","name":"udara"},{"lang":"fr-FR","name":"air"}]},{"id":29,"name":"ocean","transcription":"[əʊʃn]","image":"/fake_path/ocean.png","translates":[{"lang":"ru-RU","name":"океан"},{"lang":"vi-VN","name":"đại dương"},{"lang":"zh-CN","name":"海洋"},{"lang":"hi-IN","name":"महासागर"},{"lang":"th-TH","name":"มหาสมุทร"},{"lang":"tr-TR","name":"okyanus"},{"lang":"pt-BR","name":"oceano"},{"lang":"de-DE","name":"Ozean"},{"lang":"id-ID","name":"samudra"},{"lang":"fr-FR","name":"océan"}]},{"id":30,"name":"desert","transcription":"[ˈdezət]","image":"/fake_path/desert.png","translates":[{"lang":"ru-RU","name":"пустыня"},{"lang":"vi-VN","name":"sa mạc"},{"lang":"zh-CN","name":"沙漠"},{"lang":"hi-IN","name":"रेगिस्तान"},{"lang":"th-TH","name":"ทะเลทราย"},{"lang":"tr-TR","name":"çöl"},{"lang":"pt-BR","name":"deserto"},{"lang":"de-DE","name":"Wüste"},{"lang":"id-ID","name":"gurun"},{"lang":"fr-FR","name":"désert"}]},{"id":31,"name":"hill","transcription":"[hɪl]","image":"/fake_path/hill.png","translates":[{"lang":"ru-RU","name":"холм"},{"lang":"vi-VN","name":"đồi"},{"lang":"zh-CN","name":"山丘"},{"lang":"hi-IN","name":"पहाड़ी"},{"lang":"th-TH","name":"เนินเขา"},{"lang":"tr-TR","name":"tepe"},{"lang":"pt-BR","name":"colina"},{"lang":"de-DE","name":"Hügel"},{"lang":"id-ID","name":"bukit"},{"lang":"fr-FR","name":"colline"}]},{"id":32,"name":"sky","transcription":"[skaɪ]","image":"/fake_path/sky.png","translates":[{"lang":"ru-RU","name":"небо"},{"lang":"vi-VN","name":"bầu trời"},{"lang":"zh-CN","name":"天空"},{"lang":"hi-IN","name":"आकाश"},{"lang":"th-TH","name":"ท้องฟ้า"},{"lang":"tr-TR","name":"gökyüzü"},{"lang":"pt-BR","name":"céu"},{"lang":"de-DE","name":"Himmel"},{"lang":"id-ID","name":"langit"},{"lang":"fr-FR","name":"ciel"}]},{"id":33,"name":"volcano","transcription":"[vɒlˈkeɪnəʊ]","image":"/fake_path/volcano.png","translates":[{"lang":"ru-RU","name":"вулкан"},{"lang":"vi-VN","name":"núi lửa"},{"lang":"zh-CN","name":"火山"},{"lang":"hi-IN","name":"ज्वालामुखी"},{"lang":"th-TH","name":"ภูเขาไฟ"},{"lang":"tr-TR","name":"yanardağ"},{"lang":"pt-BR","name":"vulcão"},{"lang":"de-DE","name":"Vulkan"},{"lang":"id-ID","name":"gunung berapi"},{"lang":"fr-FR","name":"volcan"}]},{"id":34,"name":"cloud","transcription":"[klaʊd]","image":"/fake_path/cloud.png","translates":[{"lang":"ru-RU","name":"облако"},{"lang":"vi-VN","name":"mây"},{"lang":"zh-CN","name":"云"},{"lang":"hi-IN","name":"बादल"},{"lang":"th-TH","name":"เมฆ"},{"lang":"tr-TR","name":"bulut"},{"lang":"pt-BR","name":"nuvem"},{"lang":"de-DE","name":"Wolke"},{"lang":"id-ID","name":"awan"},{"lang":"fr-FR","name":"nuage"}]},{"id":35,"name":"valley","transcription":"[ˈvælɪ]","image":"/fake_path/valley.png","translates":[{"lang":"ru-RU","name":"долина"},{"lang":"vi-VN","name":"thung lũng"},{"lang":"zh-CN","name":"山谷"},{"lang":"hi-IN","name":"घाटी"},{"lang":"th-TH","name":"หุบเขา"},{"lang":"tr-TR","name":"vadi"},{"lang":"pt-BR","name":"vale"},{"lang":"de-DE","name":"Tal"},{"lang":"id-ID","name":"lembah"},{"lang":"fr-FR","name":"vallée"}]},{"id":36,"name":"rainbow","transcription":"[ˈreɪnbəʊ]","image":"/fake_path/rainbow.png","translates":[{"lang":"ru-RU","name":"радуга"},{"lang":"vi-VN","name":"cầu vồng"},{"lang":"zh-CN","name":"彩虹"},{"lang":"hi-IN","name":"इंद्रधनुष"},{"lang":"th-TH","name":"รุ้ง"},{"lang":"tr-TR","name":"gökkuşağı"},{"lang":"pt-BR","name":"arco-íris"},{"lang":"de-DE","name":"Regenbogen"},{"lang":"id-ID","name":"pelangi"},{"lang":"fr-FR","name":"arc-en-ciel"}]},{"id":37,"name":"forest","transcription":"[ˈfɒrɪst]","image":"/fake_path/forest.png","translates":[{"lang":"ru-RU","name":"лес"},{"lang":"vi-VN","name":"rừng"},{"lang":"zh-CN","name":"森林"},{"lang":"hi-IN","name":"जंगल"},{"lang":"th-TH","name":"ป่า"},{"lang":"tr-TR","name":"orman"},{"lang":"pt-BR","name":"floresta"},{"lang":"de-DE","name":"Wald"},{"lang":"id-ID","name":"hutan"},{"lang":"fr-FR","name":"forêt"}]},{"id":38,"name":"sun","transcription":"[sʌn]","image":"/fake_path/sun.png","translates":[{"lang":"ru-RU","name":"солнце"},{"lang":"vi-VN","name":"mặt trời"},{"lang":"zh-CN","name":"太阳"},{"lang":"hi-IN","name":"सूरज"},{"lang":"th-TH","name":"ดวงอาทิตย์"},{"lang":"tr-TR","name":"güneş"},{"lang":"pt-BR","name":"sol"},{"lang":"de-DE","name":"Sonne"},{"lang":"id-ID","name":"matahari"},{"lang":"fr-FR","name":"soleil"}]},{"id":39,"name":"jungle","transcription":"[ʤʌŋgl]","image":"/fake_path/jungle.png","translates":[{"lang":"ru-RU","name":"джунгли"},{"lang":"vi-VN","name":"rừng rậm"},{"lang":"zh-CN","name":"丛林"},{"lang":"hi-IN","name":"जंगल"},{"lang":"th-TH","name":"ป่าดงดิบ"},{"lang":"tr-TR","name":"orman"},{"lang":"pt-BR","name":"selva"},{"lang":"de-DE","name":"Dschungel"},{"lang":"id-ID","name":"hutan"},{"lang":"fr-FR","name":"jungle"}]},{"id":40,"name":"moon","transcription":"[muːn]","image":"/fake_path/moon.png","translates":[{"lang":"ru-RU","name":"луна"},{"lang":"vi-VN","name":"mặt trăng"},{"lang":"zh-CN","name":"月亮"},{"lang":"hi-IN","name":"चाँद"},{"lang":"th-TH","name":"ดวงจันทร์"},{"lang":"tr-TR","name":"ay"},{"lang":"pt-BR","name":"lua"},{"lang":"de-DE","name":"Mond"},{"lang":"id-ID","name":"bulan"},{"lang":"fr-FR","name":"lune"}]},{"id":41,"name":"tree","transcription":"[triː]","image":"/fake_path/tree.png","translates":[{"lang":"ru-RU","name":"дерево"},{"lang":"vi-VN","name":"cây"},{"lang":"zh-CN","name":"树"},{"lang":"hi-IN","name":"पेड़"},{"lang":"th-TH","name":"ต้นไม้"},{"lang":"tr-TR","name":"ağaç"},{"lang":"pt-BR","name":"árvore"},{"lang":"de-DE","name":"Baum"},{"lang":"id-ID","name":"pohon"},{"lang":"fr-FR","name":"arbre"}]},{"id":42,"name":"bog","transcription":"[bɒg]","image":"/fake_path/bog.png","translates":[{"lang":"ru-RU","name":"болото"},{"lang":"vi-VN","name":"đầm lầy"},{"lang":"zh-CN","name":"沼泽"},{"lang":"hi-IN","name":"दलदल"},{"lang":"th-TH","name":"หนองน้ำ"},{"lang":"tr-TR","name":"bataklık"},{"lang":"pt-BR","name":"pântano"},{"lang":"de-DE","name":"Sumpf"},{"lang":"id-ID","name":"rawa"},{"lang":"fr-FR","name":"marais"}]},{"id":43,"name":"plant","transcription":"[plɑːnt]","image":"/fake_path/plant.png","translates":[{"lang":"ru-RU","name":"растение"},{"lang":"vi-VN","name":"cây"},{"lang":"zh-CN","name":"植物"},{"lang":"hi-IN","name":"पौधा"},{"lang":"th-TH","name":"พืช"},{"lang":"tr-TR","name":"bitki"},{"lang":"pt-BR","name":"planta"},{"lang":"de-DE","name":"Pflanze"},{"lang":"id-ID","name":"tanaman"},{"lang":"fr-FR","name":"plante"}]},{"id":44,"name":"waterfall","transcription":"[ˈwɔːtəfɔːl]","image":"/fake_path/waterfall.png","translates":[{"lang":"ru-RU","name":"водопад"},{"lang":"vi-VN","name":"thác nước"},{"lang":"zh-CN","name":"瀑布"},{"lang":"hi-IN","name":"झरना"},{"lang":"th-TH","name":"น้ำตก"},{"lang":"tr-TR","name":"şelale"},{"lang":"pt-BR","name":"cachoeira"},{"lang":"de-DE","name":"Wasserfall"},{"lang":"id-ID","name":"air terjun"},{"lang":"fr-FR","name":"cascade"}]},{"id":45,"name":"flower","transcription":"[ˈflaʊə]","image":"/fake_path/flower.png","translates":[{"lang":"ru-RU","name":"цветок"},{"lang":"vi-VN","name":"hoa"},{"lang":"zh-CN","name":"花"},{"lang":"hi-IN","name":"फूल"},{"lang":"th-TH","name":"ดอกไม้"},{"lang":"tr-TR","name":"çiçek"},{"lang":"pt-BR","name":"flor"},{"lang":"de-DE","name":"Blume"},{"lang":"id-ID","name":"bunga"},{"lang":"fr-FR","name":"fleur"}]},{"id":46,"name":"wave","transcription":"[weɪv]","image":"/fake_path/wave.png","translates":[{"lang":"ru-RU","name":"волна"},{"lang":"vi-VN","name":"sóng"},{"lang":"zh-CN","name":"波浪"},{"lang":"hi-IN","name":"लहर"},{"lang":"th-TH","name":"คลื่น"},{"lang":"tr-TR","name":"dalga"},{"lang":"pt-BR","name":"onda"},{"lang":"de-DE","name":"Welle"},{"lang":"id-ID","name":"ombak"},{"lang":"fr-FR","name":"vague"}]},{"id":47,"name":"meadow","transcription":"[ˈmedəʊ]","image":"/fake_path/meadow.png","translates":[{"lang":"ru-RU","name":"луг"},{"lang":"vi-VN","name":"đồng cỏ"},{"lang":"zh-CN","name":"草地"},{"lang":"hi-IN","name":"घास का मैदान"},{"lang":"th-TH","name":"ทุ่งหญ้า"},{"lang":"tr-TR","name":"çayır"},{"lang":"pt-BR","name":"prado"},{"lang":"de-DE","name":"Wiese"},{"lang":"id-ID","name":"padang rumput"},{"lang":"fr-FR","name":"prairie"}]},{"id":48,"name":"coast","transcription":"[kəʊst]","image":"/fake_path/coast.png","translates":[{"lang":"ru-RU","name":"побережье"},{"lang":"vi-VN","name":"bờ biển"},{"lang":"zh-CN","name":"海岸"},{"lang":"hi-IN","name":"तट"},{"lang":"th-TH","name":"ชายฝั่ง"},{"lang":"tr-TR","name":"sahil"},{"lang":"pt-BR","name":"costa"},{"lang":"de-DE","name":"Küste"},{"lang":"id-ID","name":"pantai"},{"lang":"fr-FR","name":"côte"}]},{"id":49,"name":"field","transcription":"[fiːld]","image":"/fake_path/field.png","translates":[{"lang":"ru-RU","name":"поле"},{"lang":"vi-VN","name":"cánh đồng"},{"lang":"zh-CN","name":"田野"},{"lang":"hi-IN","name":"खेत"},{"lang":"th-TH","name":"ทุ่งนา"},{"lang":"tr-TR","name":"tarla"},{"lang":"pt-BR","name":"campo"},{"lang":"de-DE","name":"Feld"},{"lang":"id-ID","name":"ladang"},{"lang":"fr-FR","name":"champ"}]},{"id":50,"name":"mountain","transcription":"[ˈmaʊntɪn]","image":"/fake_path/mountain.png","translates":[{"lang":"ru-RU","name":"гора"},{"lang":"vi-VN","name":"núi"},{"lang":"zh-CN","name":"山"},{"lang":"hi-IN","name":"पहाड़"},{"lang":"th-TH","name":"ภูเขา"},{"lang":"tr-TR","name":"dağ"},{"lang":"pt-BR","name":"montanha"},{"lang":"de-DE","name":"Berg"},{"lang":"id-ID","name":"gunung"},{"lang":"fr-FR","name":"montagne"}]}]}