{"name":"composition of 20","img":"/img/dict/math/school.png","isRandom":true,"isBlur":true,"isUpper":true,"isByWords":false,"isForAdult":false,"separator":"","numWords":21,"Translations":[{"lang":"ru-RU","name":"Состав числа до 20"},{"lang":"vi-VN","name":"Thành phần của 20"},{"lang":"zh-CN","name":"数字20的组成"},{"lang":"hi-IN","name":"20 का संयोजन"},{"lang":"th-TH","name":"องค์ประกอบของ 20"},{"lang":"tr-TR","name":"20\u0027nin bileşimi"},{"lang":"pt-BR","name":"Composição de 20"},{"lang":"de-DE","name":"Zusammensetzung von 20"},{"lang":"id-ID","name":"Komposisi 20"},{"lang":"fr-FR","name":"Composition de 20"}],"items":[{"id":0,"name":"Ten is 10 \u002B 0","transcription":"[ten]","image":"/img/dict/math/c10p0.png","translates":[{"lang":"ru-RU","name":"Десять это 10 \u002B 0"},{"lang":"vi-VN","name":"Mười là 10 \u002B 0"},{"lang":"zh-CN","name":"十等于10 \u002B 0"},{"lang":"hi-IN","name":"दस है 10 \u002B 0"},{"lang":"th-TH","name":"สิบคือ 10 \u002B 0"},{"lang":"tr-TR","name":"On, 10 \u002B 0"},{"lang":"pt-BR","name":"Dez é 10 \u002B 0"},{"lang":"de-DE","name":"Zehn ist 10 \u002B 0"},{"lang":"id-ID","name":"Sepuluh adalah 10 \u002B 0"},{"lang":"fr-FR","name":"Dix est 10 \u002B 0"}]},{"id":0,"name":"Eleven is 11 \u002B 0","transcription":"[ɪˈlevn]","image":"/img/dict/math/c11p0.png","translates":[{"lang":"ru-RU","name":"Одиннадцать это 11 \u002B 0"},{"lang":"vi-VN","name":"Mười một là 11 \u002B 0"},{"lang":"zh-CN","name":"十一等于11 \u002B 0"},{"lang":"hi-IN","name":"ग्यारह है 11 \u002B 0"},{"lang":"th-TH","name":"สิบเอ็ดคือ 11 \u002B 0"},{"lang":"tr-TR","name":"On bir, 11 \u002B 0"},{"lang":"pt-BR","name":"Onze é 11 \u002B 0"},{"lang":"de-DE","name":"Elf ist 11 \u002B 0"},{"lang":"id-ID","name":"Sebelas adalah 11 \u002B 0"},{"lang":"fr-FR","name":"Onze est 11 \u002B 0"}]},{"id":0,"name":"Eleven is 10 \u002B 1","transcription":"[ɪˈlevn]","image":"/img/dict/math/c10p1.png","translates":[{"lang":"ru-RU","name":"Одиннадцать это 10 \u002B 1"},{"lang":"vi-VN","name":"Mười một là 10 \u002B 1"},{"lang":"zh-CN","name":"十一等于10 \u002B 1"},{"lang":"hi-IN","name":"ग्यारह है 10 \u002B 1"},{"lang":"th-TH","name":"สิบเอ็ดคือ 10 \u002B 1"},{"lang":"tr-TR","name":"On bir, 10 \u002B 1"},{"lang":"pt-BR","name":"Onze é 10 \u002B 1"},{"lang":"de-DE","name":"Elf ist 10 \u002B 1"},{"lang":"id-ID","name":"Sebelas adalah 10 \u002B 1"},{"lang":"fr-FR","name":"Onze est 10 \u002B 1"}]},{"id":0,"name":"Twelve is 12 \u002B 0","transcription":"[twelv]","image":"/img/dict/math/c12p0.png","translates":[{"lang":"ru-RU","name":"Двенадцать это 12 \u002B 0"},{"lang":"vi-VN","name":"Mười hai là 12 \u002B 0"},{"lang":"zh-CN","name":"十二等于12 \u002B 0"},{"lang":"hi-IN","name":"बारह है 12 \u002B 0"},{"lang":"th-TH","name":"สิบสองคือ 12 \u002B 0"},{"lang":"tr-TR","name":"On iki, 12 \u002B 0"},{"lang":"pt-BR","name":"Doze é 12 \u002B 0"},{"lang":"de-DE","name":"Zwölf ist 12 \u002B 0"},{"lang":"id-ID","name":"Dua belas adalah 12 \u002B 0"},{"lang":"fr-FR","name":"Douze est 12 \u002B 0"}]},{"id":0,"name":"Twelve is 10 \u002B 2","transcription":"[twelv]","image":"/img/dict/math/c10p2.png","translates":[{"lang":"ru-RU","name":"Двенадцать это 10 \u002B 2"},{"lang":"vi-VN","name":"Mười hai là 10 \u002B 2"},{"lang":"zh-CN","name":"十二等于10 \u002B 2"},{"lang":"hi-IN","name":"बारह है 10 \u002B 2"},{"lang":"th-TH","name":"สิบสองคือ 10 \u002B 2"},{"lang":"tr-TR","name":"On iki, 10 \u002B 2"},{"lang":"pt-BR","name":"Doze é 10 \u002B 2"},{"lang":"de-DE","name":"Zwölf ist 10 \u002B 2"},{"lang":"id-ID","name":"Dua belas adalah 10 \u002B 2"},{"lang":"fr-FR","name":"Douze est 10 \u002B 2"}]},{"id":0,"name":"Thirteen is 13 \u002B 0","transcription":"[ˌθɜːrˈtiːn]","image":"/img/dict/math/c13p0.png","translates":[{"lang":"ru-RU","name":"Тринадцать это 13 \u002B 0"},{"lang":"vi-VN","name":"Mười ba là 13 \u002B 0"},{"lang":"zh-CN","name":"十三等于13 \u002B 0"},{"lang":"hi-IN","name":"तेरह है 13 \u002B 0"},{"lang":"th-TH","name":"สิบสามคือ 13 \u002B 0"},{"lang":"tr-TR","name":"On üç, 13 \u002B 0"},{"lang":"pt-BR","name":"Treze é 13 \u002B 0"},{"lang":"de-DE","name":"Dreizehn ist 13 \u002B 0"},{"lang":"id-ID","name":"Tiga belas adalah 13 \u002B 0"},{"lang":"fr-FR","name":"Treize est 13 \u002B 0"}]},{"id":0,"name":"Thirteen is 10 \u002B 3","transcription":"[ˌθɜːrˈtiːn]","image":"/img/dict/math/c10p3.png","translates":[{"lang":"ru-RU","name":"Тринадцать это 10 \u002B 3"},{"lang":"vi-VN","name":"Mười ba là 10 \u002B 3"},{"lang":"zh-CN","name":"十三等于10 \u002B 3"},{"lang":"hi-IN","name":"तेरह है 10 \u002B 3"},{"lang":"th-TH","name":"สิบสามคือ 10 \u002B 3"},{"lang":"tr-TR","name":"On üç, 10 \u002B 3"},{"lang":"pt-BR","name":"Treze é 10 \u002B 3"},{"lang":"de-DE","name":"Dreizehn ist 10 \u002B 3"},{"lang":"id-ID","name":"Tiga belas adalah 10 \u002B 3"},{"lang":"fr-FR","name":"Treize est 10 \u002B 3"}]},{"id":0,"name":"Fourteen is 14 \u002B 0","transcription":"[ˌfɔːrˈtiːn]","image":"/img/dict/math/c14p0.png","translates":[{"lang":"ru-RU","name":"Четырнадцать это 14 \u002B 0"},{"lang":"vi-VN","name":"Mười bốn là 14 \u002B 0"},{"lang":"zh-CN","name":"十四等于14 \u002B 0"},{"lang":"hi-IN","name":"चौदह है 14 \u002B 0"},{"lang":"th-TH","name":"สิบสี่คือ 14 \u002B 0"},{"lang":"tr-TR","name":"On dört, 14 \u002B 0"},{"lang":"pt-BR","name":"Quatorze é 14 \u002B 0"},{"lang":"de-DE","name":"Vierzehn ist 14 \u002B 0"},{"lang":"id-ID","name":"Empat belas adalah 14 \u002B 0"},{"lang":"fr-FR","name":"Quatorze est 14 \u002B 0"}]},{"id":0,"name":"Fourteen is 10 \u002B 4","transcription":"[ˌfɔːrˈtiːn]","image":"/img/dict/math/c10p4.png","translates":[{"lang":"ru-RU","name":"Четырнадцать это 10 \u002B 4"},{"lang":"vi-VN","name":"Mười bốn là 10 \u002B 4"},{"lang":"zh-CN","name":"十四等于10 \u002B 4"},{"lang":"hi-IN","name":"चौदह है 10 \u002B 4"},{"lang":"th-TH","name":"สิบสี่คือ 10 \u002B 4"},{"lang":"tr-TR","name":"On dört, 10 \u002B 4"},{"lang":"pt-BR","name":"Quatorze é 10 \u002B 4"},{"lang":"de-DE","name":"Vierzehn ist 10 \u002B 4"},{"lang":"id-ID","name":"Empat belas adalah 10 \u002B 4"},{"lang":"fr-FR","name":"Quatorze est 10 \u002B 4"}]},{"id":0,"name":"Fifteen is 15 \u002B 0","transcription":"[ˌfɪfˈtiːn]","image":"/img/dict/math/c15p0.png","translates":[{"lang":"ru-RU","name":"Пятнадцать это 15 \u002B 0"},{"lang":"vi-VN","name":"Mười lăm là 15 \u002B 0"},{"lang":"zh-CN","name":"十五等于15 \u002B 0"},{"lang":"hi-IN","name":"पंद्रह है 15 \u002B 0"},{"lang":"th-TH","name":"สิบห้าคือ 15 \u002B 0"},{"lang":"tr-TR","name":"On beş, 15 \u002B 0"},{"lang":"pt-BR","name":"Quinze é 15 \u002B 0"},{"lang":"de-DE","name":"Fünfzehn ist 15 \u002B 0"},{"lang":"id-ID","name":"Lima belas adalah 15 \u002B 0"},{"lang":"fr-FR","name":"Quinze est 15 \u002B 0"}]},{"id":0,"name":"Fifteen is 10 \u002B 5","transcription":"[ˌfɪfˈtiːn]","image":"/img/dict/math/c10p5.png","translates":[{"lang":"ru-RU","name":"Пятнадцать это 10 \u002B 5"},{"lang":"vi-VN","name":"Mười lăm là 10 \u002B 5"},{"lang":"zh-CN","name":"十五等于10 \u002B 5"},{"lang":"hi-IN","name":"पंद्रह है 10 \u002B 5"},{"lang":"th-TH","name":"สิบห้าคือ 10 \u002B 5"},{"lang":"tr-TR","name":"On beş, 10 \u002B 5"},{"lang":"pt-BR","name":"Quinze é 10 \u002B 5"},{"lang":"de-DE","name":"Fünfzehn ist 10 \u002B 5"},{"lang":"id-ID","name":"Lima belas adalah 10 \u002B 5"},{"lang":"fr-FR","name":"Quinze est 10 \u002B 5"}]},{"id":0,"name":"Sixteen is 16 \u002B 0","transcription":"[ˌsɪksˈtiːn]","image":"/img/dict/math/c16p0.png","translates":[{"lang":"ru-RU","name":"Шестнадцать это 16 \u002B 0"},{"lang":"vi-VN","name":"Mười sáu là 16 \u002B 0"},{"lang":"zh-CN","name":"十六等于16 \u002B 0"},{"lang":"hi-IN","name":"सोलह है 16 \u002B 0"},{"lang":"th-TH","name":"สิบหกคือ 16 \u002B 0"},{"lang":"tr-TR","name":"On altı, 16 \u002B 0"},{"lang":"pt-BR","name":"Dezesseis é 16 \u002B 0"},{"lang":"de-DE","name":"Sechzehn ist 16 \u002B 0"},{"lang":"id-ID","name":"Enam belas adalah 16 \u002B 0"},{"lang":"fr-FR","name":"Seize est 16 \u002B 0"}]},{"id":0,"name":"Sixteen is 10 \u002B 6","transcription":"[ˌsɪksˈtiːn]","image":"/img/dict/math/c10p6.png","translates":[{"lang":"ru-RU","name":"Шестнадцать это 10 \u002B 6"},{"lang":"vi-VN","name":"Mười sáu là 10 \u002B 6"},{"lang":"zh-CN","name":"十六等于10 \u002B 6"},{"lang":"hi-IN","name":"सोलह है 10 \u002B 6"},{"lang":"th-TH","name":"สิบหกคือ 10 \u002B 6"},{"lang":"tr-TR","name":"On altı, 10 \u002B 6"},{"lang":"pt-BR","name":"Dezesseis é 10 \u002B 6"},{"lang":"de-DE","name":"Sechzehn ist 10 \u002B 6"},{"lang":"id-ID","name":"Enam belas adalah 10 \u002B 6"},{"lang":"fr-FR","name":"Seize est 10 \u002B 6"}]},{"id":0,"name":"Seventeen is 17 \u002B 0","transcription":"[ˌsevnˈtiːn]","image":"/img/dict/math/c17p0.png","translates":[{"lang":"ru-RU","name":"Семнадцать это 17 \u002B 0"},{"lang":"vi-VN","name":"Mười bảy là 17 \u002B 0"},{"lang":"zh-CN","name":"十七等于17 \u002B 0"},{"lang":"hi-IN","name":"सत्रह है 17 \u002B 0"},{"lang":"th-TH","name":"สิบเจ็ดคือ 17 \u002B 0"},{"lang":"tr-TR","name":"On yedi, 17 \u002B 0"},{"lang":"pt-BR","name":"Dezessete é 17 \u002B 0"},{"lang":"de-DE","name":"Siebzehn ist 17 \u002B 0"},{"lang":"id-ID","name":"Tujuh belas adalah 17 \u002B 0"},{"lang":"fr-FR","name":"Dix-sept est 17 \u002B 0"}]},{"id":0,"name":"Seventeen is 10 \u002B 7","transcription":"[ˌsevnˈtiːn]","image":"/img/dict/math/c10p7.png","translates":[{"lang":"ru-RU","name":"Семнадцать это 10 \u002B 7"},{"lang":"vi-VN","name":"Mười bảy là 10 \u002B 7"},{"lang":"zh-CN","name":"十七等于10 \u002B 7"},{"lang":"hi-IN","name":"सत्रह है 10 \u002B 7"},{"lang":"th-TH","name":"สิบเจ็ดคือ 10 \u002B 7"},{"lang":"tr-TR","name":"On yedi, 10 \u002B 7"},{"lang":"pt-BR","name":"Dezessete é 10 \u002B 7"},{"lang":"de-DE","name":"Siebzehn ist 10 \u002B 7"},{"lang":"id-ID","name":"Tujuh belas adalah 10 \u002B 7"},{"lang":"fr-FR","name":"Dix-sept est 10 \u002B 7"}]},{"id":0,"name":"Eighteen is 18 \u002B 0","transcription":"[ˌeɪˈtiːn]","image":"/img/dict/math/c18p0.png","translates":[{"lang":"ru-RU","name":"Восемнадцать это 18 \u002B 0"},{"lang":"vi-VN","name":"Mười tám là 18 \u002B 0"},{"lang":"zh-CN","name":"十八等于18 \u002B 0"},{"lang":"hi-IN","name":"अठारह है 18 \u002B 0"},{"lang":"th-TH","name":"สิบแปดคือ 18 \u002B 0"},{"lang":"tr-TR","name":"On sekiz, 18 \u002B 0"},{"lang":"pt-BR","name":"Dezoito é 18 \u002B 0"},{"lang":"de-DE","name":"Achtzehn ist 18 \u002B 0"},{"lang":"id-ID","name":"Delapan belas adalah 18 \u002B 0"},{"lang":"fr-FR","name":"Dix-huit est 18 \u002B 0"}]},{"id":0,"name":"Eighteen is 10 \u002B 8","transcription":"[ˌeɪˈtiːn]","image":"/img/dict/math/c10p8.png","translates":[{"lang":"ru-RU","name":"Восемнадцать это 10 \u002B 8"},{"lang":"vi-VN","name":"Mười tám là 10 \u002B 8"},{"lang":"zh-CN","name":"十八等于10 \u002B 8"},{"lang":"hi-IN","name":"अठारह है 10 \u002B 8"},{"lang":"th-TH","name":"สิบแปดคือ 10 \u002B 8"},{"lang":"tr-TR","name":"On sekiz, 10 \u002B 8"},{"lang":"pt-BR","name":"Dezoito é 10 \u002B 8"},{"lang":"de-DE","name":"Achtzehn ist 10 \u002B 8"},{"lang":"id-ID","name":"Delapan belas adalah 10 \u002B 8"},{"lang":"fr-FR","name":"Dix-huit est 10 \u002B 8"}]},{"id":0,"name":"Nineteen is 19 \u002B 0","transcription":"[ˌnaɪnˈtiːn]","image":"/img/dict/math/c19p0.png","translates":[{"lang":"ru-RU","name":"Девятнадцать это 19 \u002B 0"},{"lang":"vi-VN","name":"Mười chín là 19 \u002B 0"},{"lang":"zh-CN","name":"十九等于19 \u002B 0"},{"lang":"hi-IN","name":"उन्नीस है 19 \u002B 0"},{"lang":"th-TH","name":"สิบเก้าคือ 19 \u002B 0"},{"lang":"tr-TR","name":"On dokuz, 19 \u002B 0"},{"lang":"pt-BR","name":"Dezenove é 19 \u002B 0"},{"lang":"de-DE","name":"Neunzehn ist 19 \u002B 0"},{"lang":"id-ID","name":"Sembilan belas adalah 19 \u002B 0"},{"lang":"fr-FR","name":"Dix-neuf est 19 \u002B 0"}]},{"id":0,"name":"Nineteen is 10 \u002B 9","transcription":"[ˌnaɪnˈtiːn]","image":"/img/dict/math/c10p9.png","translates":[{"lang":"ru-RU","name":"Девятнадцать это 10 \u002B 9"},{"lang":"vi-VN","name":"Mười chín là 10 \u002B 9"},{"lang":"zh-CN","name":"十九等于10 \u002B 9"},{"lang":"hi-IN","name":"उन्नीस है 10 \u002B 9"},{"lang":"th-TH","name":"สิบเก้าคือ 10 \u002B 9"},{"lang":"tr-TR","name":"On dokuz, 10 \u002B 9"},{"lang":"pt-BR","name":"Dezenove é 10 \u002B 9"},{"lang":"de-DE","name":"Neunzehn ist 10 \u002B 9"},{"lang":"id-ID","name":"Sembilan belas adalah 10 \u002B 9"},{"lang":"fr-FR","name":"Dix-neuf est 10 \u002B 9"}]},{"id":0,"name":"Twenty is 20 \u002B 0","transcription":"[ˈtwenti]","image":"/img/dict/math/c20p0.png","translates":[{"lang":"ru-RU","name":"Двадцать это 20 \u002B 0"},{"lang":"vi-VN","name":"Hai mươi là 20 \u002B 0"},{"lang":"zh-CN","name":"二十等于20 \u002B 0"},{"lang":"hi-IN","name":"बीस है 20 \u002B 0"},{"lang":"th-TH","name":"ยี่สิบคือ 20 \u002B 0"},{"lang":"tr-TR","name":"Yirmi, 20 \u002B 0"},{"lang":"pt-BR","name":"Vinte é 20 \u002B 0"},{"lang":"de-DE","name":"Zwanzig ist 20 \u002B 0"},{"lang":"id-ID","name":"Dua puluh adalah 20 \u002B 0"},{"lang":"fr-FR","name":"Vingt est 20 \u002B 0"}]},{"id":0,"name":"Twenty is 10 \u002B 10","transcription":"[ˈtwenti]","image":"/img/dict/math/c10p10.png","translates":[{"lang":"ru-RU","name":"Двадцать это 10 \u002B 10"},{"lang":"vi-VN","name":"Hai mươi là 10 \u002B 10"},{"lang":"zh-CN","name":"二十等于10 \u002B 10"},{"lang":"hi-IN","name":"बीस है 10 \u002B 10"},{"lang":"th-TH","name":"ยี่สิบคือ 10 \u002B 10"},{"lang":"tr-TR","name":"Yirmi, 10 \u002B 10"},{"lang":"pt-BR","name":"Vinte é 10 \u002B 10"},{"lang":"de-DE","name":"Zwanzig ist 10 \u002B 10"},{"lang":"id-ID","name":"Dua puluh adalah 10 \u002B 10"},{"lang":"fr-FR","name":"Vingt est 10 \u002B 10"}]}]}