{"name":"My classroom","isRandom":true,"isBlur":true,"isUpper":true,"isByWords":false,"isForAdult":false,"separator":"","numWords":34,"Translations":[{"lang":"ru-RU","name":"Мой класс"},{"lang":"vi-VN","name":"Lớp học của tôi"},{"lang":"zh-CN","name":"我的教室"},{"lang":"hi-IN","name":"मेरी कक्षा"},{"lang":"th-TH","name":"ห้องเรียนของฉัน"},{"lang":"tr-TR","name":"Sınıfım"},{"lang":"pt-BR","name":"Minha sala de aula"},{"lang":"de-DE","name":"Mein Klassenzimmer"},{"lang":"id-ID","name":"Kelas saya"},{"lang":"fr-FR","name":"Ma classe"}],"items":[{"id":0,"name":"school","transcription":"[skuːl]","image":"/img/dict/classroom/school.png","bg":"","translates":[{"lang":"ru-RU","name":"Школа"},{"lang":"vi-VN","name":"Trường học"},{"lang":"zh-CN","name":"学校"},{"lang":"hi-IN","name":"स्कूल"},{"lang":"th-TH","name":"โรงเรียน"},{"lang":"tr-TR","name":"Okul"},{"lang":"pt-BR","name":"Escola"},{"lang":"de-DE","name":"Schule"},{"lang":"id-ID","name":"Sekolah"},{"lang":"fr-FR","name":"École"}]},{"id":1,"name":"pupil","transcription":"[ˈpjuːpl]","image":"/img/dict/classroom/pupil.png","bg":"","translates":[{"lang":"ru-RU","name":"Ученик"},{"lang":"vi-VN","name":"Học sinh"},{"lang":"zh-CN","name":"学生"},{"lang":"hi-IN","name":"छात्र"},{"lang":"th-TH","name":"นักเรียน"},{"lang":"tr-TR","name":"Öğrenci"},{"lang":"pt-BR","name":"Aluno"},{"lang":"de-DE","name":"Schüler"},{"lang":"id-ID","name":"Murid"},{"lang":"fr-FR","name":"Élève"}]},{"id":2,"name":"backpack","transcription":"[ˈbækpæk]","image":"/img/dict/classroom/backpack.png","bg":"","translates":[{"lang":"ru-RU","name":"Рюкзак"},{"lang":"vi-VN","name":"Ba lô"},{"lang":"zh-CN","name":"背包"},{"lang":"hi-IN","name":"बैकपैक"},{"lang":"th-TH","name":"กระเป๋าเป้"},{"lang":"tr-TR","name":"Sırt çantası"},{"lang":"pt-BR","name":"Mochila"},{"lang":"de-DE","name":"Rucksack"},{"lang":"id-ID","name":"Tas ransel"},{"lang":"fr-FR","name":"Sac à dos"}]},{"id":3,"name":"schoolgirl","transcription":"[ˈskuːlɡɜːrl]","image":"/img/dict/classroom/schoolgirl.png","bg":"","translates":[{"lang":"ru-RU","name":"Школьница"},{"lang":"vi-VN","name":"Nữ sinh"},{"lang":"zh-CN","name":"女学生"},{"lang":"hi-IN","name":"स्कूली लड़की"},{"lang":"th-TH","name":"นักเรียนหญิง"},{"lang":"tr-TR","name":"Kız öğrenci"},{"lang":"pt-BR","name":"Aluna"},{"lang":"de-DE","name":"Schulmädchen"},{"lang":"id-ID","name":"Siswi"},{"lang":"fr-FR","name":"Écolière"}]},{"id":4,"name":"schoolboy","transcription":"[ˈskuːlbɔɪ]","image":"/img/dict/classroom/schoolboy.png","bg":"","translates":[{"lang":"ru-RU","name":"Школьник"},{"lang":"vi-VN","name":"Nam sinh"},{"lang":"zh-CN","name":"男学生"},{"lang":"hi-IN","name":"स्कूली लड़का"},{"lang":"th-TH","name":"นักเรียนชาย"},{"lang":"tr-TR","name":"Erkek öğrenci"},{"lang":"pt-BR","name":"Aluno"},{"lang":"de-DE","name":"Schuljunge"},{"lang":"id-ID","name":"Siswa"},{"lang":"fr-FR","name":"Écolier"}]},{"id":5,"name":"school uniform","transcription":"[skuːl ˈjuːnɪfɔːrm]","image":"/img/dict/classroom/school_uniform.png","bg":"","translates":[{"lang":"ru-RU","name":"Школьная форма"},{"lang":"vi-VN","name":"Đồng phục học sinh"},{"lang":"zh-CN","name":"校服"},{"lang":"hi-IN","name":"स्कूल वर्दी"},{"lang":"th-TH","name":"เครื่องแบบนักเรียน"},{"lang":"tr-TR","name":"Okul üniforması"},{"lang":"pt-BR","name":"Uniforme escolar"},{"lang":"de-DE","name":"Schuluniform"},{"lang":"id-ID","name":"Seragam sekolah"},{"lang":"fr-FR","name":"Uniforme scolaire"}]},{"id":6,"name":"primary school","transcription":"[ˈpraɪmerɪ skuːl]","image":"/img/dict/classroom/primary_school.png","bg":"","translates":[{"lang":"ru-RU","name":"Начальная школа"},{"lang":"vi-VN","name":"Trường tiểu học"},{"lang":"zh-CN","name":"小学"},{"lang":"hi-IN","name":"प्राथमिक विद्यालय"},{"lang":"th-TH","name":"โรงเรียนประถม"},{"lang":"tr-TR","name":"İlkokul"},{"lang":"pt-BR","name":"Escola primária"},{"lang":"de-DE","name":"Grundschule"},{"lang":"id-ID","name":"Sekolah dasar"},{"lang":"fr-FR","name":"École primaire"}]},{"id":7,"name":"private school","transcription":"[ˈpraɪvət skuːl]","image":"/img/dict/classroom/private_school.png","bg":"","translates":[{"lang":"ru-RU","name":"Частная школа"},{"lang":"vi-VN","name":"Trường tư"},{"lang":"zh-CN","name":"私立学校"},{"lang":"hi-IN","name":"प्राइवेट स्कूल"},{"lang":"th-TH","name":"โรงเรียนเอกชน"},{"lang":"tr-TR","name":"Özel okul"},{"lang":"pt-BR","name":"Escola particular"},{"lang":"de-DE","name":"Privatschule"},{"lang":"id-ID","name":"Sekolah swasta"},{"lang":"fr-FR","name":"École privée"}]},{"id":8,"name":"classroom","transcription":"[ˈklæsruːm]","image":"/img/dict/classroom/classroom1.png","bg":"","translates":[{"lang":"ru-RU","name":"Класс"},{"lang":"vi-VN","name":"Lớp học"},{"lang":"zh-CN","name":"教室"},{"lang":"hi-IN","name":"कक्षा"},{"lang":"th-TH","name":"ห้องเรียน"},{"lang":"tr-TR","name":"Sınıf"},{"lang":"pt-BR","name":"Sala de aula"},{"lang":"de-DE","name":"Klassenzimmer"},{"lang":"id-ID","name":"Ruang kelas"},{"lang":"fr-FR","name":"Salle de classe"}]},{"id":9,"name":"class","transcription":"[klæs]","image":"/img/dict/classroom/class.png","bg":"","translates":[{"lang":"ru-RU","name":"Класс"},{"lang":"vi-VN","name":"Lớp"},{"lang":"zh-CN","name":"班级"},{"lang":"hi-IN","name":"कक्षा"},{"lang":"th-TH","name":"ชั้นเรียน"},{"lang":"tr-TR","name":"Sınıf"},{"lang":"pt-BR","name":"Turma"},{"lang":"de-DE","name":"Klasse"},{"lang":"id-ID","name":"Kelas"},{"lang":"fr-FR","name":"Classe"}]},{"id":10,"name":"attendance","transcription":"[əˈtendəns]","image":"/img/dict/classroom/attendance.png","bg":"","translates":[{"lang":"ru-RU","name":"Посещаемость"},{"lang":"vi-VN","name":"Điểm danh"},{"lang":"zh-CN","name":"出勤"},{"lang":"hi-IN","name":"उपस्थिति"},{"lang":"th-TH","name":"การเข้าชั้นเรียน"},{"lang":"tr-TR","name":"Devam"},{"lang":"pt-BR","name":"Frequência"},{"lang":"de-DE","name":"Anwesenheit"},{"lang":"id-ID","name":"Kehadiran"},{"lang":"fr-FR","name":"Présence"}]},{"id":11,"name":"teacher","transcription":"[ˈtiːtʃər]","image":"/img/dict/classroom/teacher.png","bg":"","translates":[{"lang":"ru-RU","name":"Учитель"},{"lang":"vi-VN","name":"Giáo viên"},{"lang":"zh-CN","name":"老师"},{"lang":"hi-IN","name":"शिक्षक"},{"lang":"th-TH","name":"ครู"},{"lang":"tr-TR","name":"Öğretmen"},{"lang":"pt-BR","name":"Professor"},{"lang":"de-DE","name":"Lehrer"},{"lang":"id-ID","name":"Guru"},{"lang":"fr-FR","name":"Professeur"}]},{"id":12,"name":"instructor","transcription":"[ɪnˈstrʌktər]","image":"/img/dict/classroom/instructor.png","bg":"","translates":[{"lang":"ru-RU","name":"Инструктор"},{"lang":"vi-VN","name":"Người hướng dẫn"},{"lang":"zh-CN","name":"教练"},{"lang":"hi-IN","name":"प्रशिक्षक"},{"lang":"th-TH","name":"ผู้สอน"},{"lang":"tr-TR","name":"Eğitmen"},{"lang":"pt-BR","name":"Instrutor"},{"lang":"de-DE","name":"Ausbilder"},{"lang":"id-ID","name":"Pelatih"},{"lang":"fr-FR","name":"Instructeur"}]},{"id":13,"name":"principal","transcription":"[ˈprɪnsəpl]","image":"/img/dict/classroom/principal.png","bg":"","translates":[{"lang":"ru-RU","name":"Директор"},{"lang":"vi-VN","name":"Hiệu trưởng"},{"lang":"zh-CN","name":"校长"},{"lang":"hi-IN","name":"प्रधानाचार्य"},{"lang":"th-TH","name":"ครูใหญ่"},{"lang":"tr-TR","name":"Müdür"},{"lang":"pt-BR","name":"Diretor"},{"lang":"de-DE","name":"Schulleiter"},{"lang":"id-ID","name":"Kepala sekolah"},{"lang":"fr-FR","name":"Directeur"}]},{"id":14,"name":"desk","transcription":"[desk]","image":"/img/dict/classroom/desk.png","bg":"","translates":[{"lang":"ru-RU","name":"Парта"},{"lang":"vi-VN","name":"Bàn học"},{"lang":"zh-CN","name":"课桌"},{"lang":"hi-IN","name":"डेस्क"},{"lang":"th-TH","name":"โต๊ะเรียน"},{"lang":"tr-TR","name":"Sıra"},{"lang":"pt-BR","name":"Carteira"},{"lang":"de-DE","name":"Schreibtisch"},{"lang":"id-ID","name":"Meja"},{"lang":"fr-FR","name":"Bureau"}]},{"id":15,"name":"chair","transcription":"[tʃer]","image":"/img/dict/classroom/chair.png","bg":"","translates":[{"lang":"ru-RU","name":"Стул"},{"lang":"vi-VN","name":"Ghế"},{"lang":"zh-CN","name":"椅子"},{"lang":"hi-IN","name":"कुर्सी"},{"lang":"th-TH","name":"เก้าอี้"},{"lang":"tr-TR","name":"Sandalye"},{"lang":"pt-BR","name":"Cadeira"},{"lang":"de-DE","name":"Stuhl"},{"lang":"id-ID","name":"Kursi"},{"lang":"fr-FR","name":"Chaise"}]},{"id":16,"name":"subject","transcription":"[ˈsʌbdʒekt]","image":"/img/dict/classroom/subject.png","bg":"","translates":[{"lang":"ru-RU","name":"Предмет"},{"lang":"vi-VN","name":"Môn học"},{"lang":"zh-CN","name":"科目"},{"lang":"hi-IN","name":"विषय"},{"lang":"th-TH","name":"วิชา"},{"lang":"tr-TR","name":"Ders"},{"lang":"pt-BR","name":"Matéria"},{"lang":"de-DE","name":"Fach"},{"lang":"id-ID","name":"Mata pelajaran"},{"lang":"fr-FR","name":"Matière"}]},{"id":17,"name":"timetable","transcription":"[ˈtaɪmteɪbl]","image":"/img/dict/classroom/timetable.png","bg":"","translates":[{"lang":"ru-RU","name":"Расписание"},{"lang":"vi-VN","name":"Thời khóa biểu"},{"lang":"zh-CN","name":"时间表"},{"lang":"hi-IN","name":"समय सारणी"},{"lang":"th-TH","name":"ตารางเรียน"},{"lang":"tr-TR","name":"Ders programı"},{"lang":"pt-BR","name":"Horário"},{"lang":"de-DE","name":"Stundenplan"},{"lang":"id-ID","name":"Jadwal"},{"lang":"fr-FR","name":"Emploi du temps"}]},{"id":18,"name":"vacation","transcription":"[vəˈkeɪʃn]","image":"/img/dict/classroom/vacation.png","bg":"","translates":[{"lang":"ru-RU","name":"Каникулы"},{"lang":"vi-VN","name":"Kỳ nghỉ"},{"lang":"zh-CN","name":"假期"},{"lang":"hi-IN","name":"छुट्टी"},{"lang":"th-TH","name":"วันหยุด"},{"lang":"tr-TR","name":"Tatil"},{"lang":"pt-BR","name":"Férias"},{"lang":"de-DE","name":"Ferien"},{"lang":"id-ID","name":"Liburan"},{"lang":"fr-FR","name":"Vacances"}]},{"id":19,"name":"mark","transcription":"[mɑːrk]","image":"/img/dict/classroom/mark.png","bg":"","translates":[{"lang":"ru-RU","name":"Оценка"},{"lang":"vi-VN","name":"Điểm"},{"lang":"zh-CN","name":"分数"},{"lang":"hi-IN","name":"अंक"},{"lang":"th-TH","name":"คะแนน"},{"lang":"tr-TR","name":"Not"},{"lang":"pt-BR","name":"Nota"},{"lang":"de-DE","name":"Note"},{"lang":"id-ID","name":"Nilai"},{"lang":"fr-FR","name":"Note"}]},{"id":20,"name":"lesson","transcription":"[ˈlesn]","image":"/img/dict/classroom/lesson.png","bg":"","translates":[{"lang":"ru-RU","name":"Урок"},{"lang":"vi-VN","name":"Bài học"},{"lang":"zh-CN","name":"课"},{"lang":"hi-IN","name":"पाठ"},{"lang":"th-TH","name":"บทเรียน"},{"lang":"tr-TR","name":"Ders"},{"lang":"pt-BR","name":"Aula"},{"lang":"de-DE","name":"Unterricht"},{"lang":"id-ID","name":"Pelajaran"},{"lang":"fr-FR","name":"Leçon"}]},{"id":21,"name":"bell","transcription":"[bel]","image":"/img/dict/classroom/bell.png","bg":"","translates":[{"lang":"ru-RU","name":"Звонок"},{"lang":"vi-VN","name":"Chuông"},{"lang":"zh-CN","name":"铃声"},{"lang":"hi-IN","name":"घंटी"},{"lang":"th-TH","name":"กระดิ่ง"},{"lang":"tr-TR","name":"Zil"},{"lang":"pt-BR","name":"Sino"},{"lang":"de-DE","name":"Klingel"},{"lang":"id-ID","name":"Bel"},{"lang":"fr-FR","name":"Sonnerie"}]},{"id":22,"name":"break","transcription":"[breɪk]","image":"/img/dict/classroom/break.png","bg":"","translates":[{"lang":"ru-RU","name":"Перемена"},{"lang":"vi-VN","name":"Giờ giải lao"},{"lang":"zh-CN","name":"休息"},{"lang":"hi-IN","name":"अवकाश"},{"lang":"th-TH","name":"พัก"},{"lang":"tr-TR","name":"Teneffüs"},{"lang":"pt-BR","name":"Intervalo"},{"lang":"de-DE","name":"Pause"},{"lang":"id-ID","name":"Istirahat"},{"lang":"fr-FR","name":"Récréation"}]},{"id":23,"name":"cafeteria","transcription":"[ˌkæfəˈtɪrɪə]","image":"/img/dict/classroom/cafeteria.png","bg":"","translates":[{"lang":"ru-RU","name":"Столовая"},{"lang":"vi-VN","name":"Căn-tin"},{"lang":"zh-CN","name":"食堂"},{"lang":"hi-IN","name":"कैफेटेरिया"},{"lang":"th-TH","name":"โรงอาหาร"},{"lang":"tr-TR","name":"Kafeterya"},{"lang":"pt-BR","name":"Cantina"},{"lang":"de-DE","name":"Cafeteria"},{"lang":"id-ID","name":"Kantin"},{"lang":"fr-FR","name":"Cafétéria"}]},{"id":24,"name":"homework","transcription":"[ˈhəʊmwɜːrk]","image":"/img/dict/classroom/homework.png","bg":"","translates":[{"lang":"ru-RU","name":"Домашняя работа"},{"lang":"vi-VN","name":"Bài tập về nhà"},{"lang":"zh-CN","name":"家庭作业"},{"lang":"hi-IN","name":"गृहकार्य"},{"lang":"th-TH","name":"การบ้าน"},{"lang":"tr-TR","name":"Ev ödevi"},{"lang":"pt-BR","name":"Tarefa de casa"},{"lang":"de-DE","name":"Hausaufgaben"},{"lang":"id-ID","name":"PR"},{"lang":"fr-FR","name":"Devoirs"}]},{"id":25,"name":"exercise book","transcription":"[ˈeksərsaɪz bʊk]","image":"/img/dict/classroom/exercise_book.png","bg":"","translates":[{"lang":"ru-RU","name":"Тетрадь"},{"lang":"vi-VN","name":"Vở bài tập"},{"lang":"zh-CN","name":"练习本"},{"lang":"hi-IN","name":"अभ्यास पुस्तिका"},{"lang":"th-TH","name":"สมุดแบบฝึกหัด"},{"lang":"tr-TR","name":"Alıştırma defteri"},{"lang":"pt-BR","name":"Caderno de exercícios"},{"lang":"de-DE","name":"Übungsheft"},{"lang":"id-ID","name":"Buku latihan"},{"lang":"fr-FR","name":"Cahier d\u0027exercices"}]},{"id":26,"name":"duster","transcription":"[ˈdʌstər]","image":"/img/dict/classroom/duster.png","bg":"","translates":[{"lang":"ru-RU","name":"Тряпка"},{"lang":"vi-VN","name":"Khăn lau"},{"lang":"zh-CN","name":"抹布"},{"lang":"hi-IN","name":"झाड़न"},{"lang":"th-TH","name":"ผ้าเช็ดกระดาน"},{"lang":"tr-TR","name":"Toz bezi"},{"lang":"pt-BR","name":"Apagador"},{"lang":"de-DE","name":"Tafellappen"},{"lang":"id-ID","name":"Lap"},{"lang":"fr-FR","name":"Chiffon"}]},{"id":27,"name":"whiteboard","transcription":"[ˈwaɪtbɔːrd]","image":"/img/dict/classroom/whiteboard.png","bg":"","translates":[{"lang":"ru-RU","name":"Маркерная доска"},{"lang":"vi-VN","name":"Bảng trắng"},{"lang":"zh-CN","name":"白板"},{"lang":"hi-IN","name":"व्हाइटबोर्ड"},{"lang":"th-TH","name":"ไวท์บอร์ด"},{"lang":"tr-TR","name":"Beyaz tahta"},{"lang":"pt-BR","name":"Quadro branco"},{"lang":"de-DE","name":"Whiteboard"},{"lang":"id-ID","name":"Papan tulis putih"},{"lang":"fr-FR","name":"Tableau blanc"}]},{"id":28,"name":"blackboard","transcription":"[ˈblækbɔːrd]","image":"/img/dict/classroom/blackboard.png","bg":"","translates":[{"lang":"ru-RU","name":"Доска"},{"lang":"vi-VN","name":"Bảng đen"},{"lang":"zh-CN","name":"黑板"},{"lang":"hi-IN","name":"ब्लैकबोर्ड"},{"lang":"th-TH","name":"กระดานดำ"},{"lang":"tr-TR","name":"Kara tahta"},{"lang":"pt-BR","name":"Quadro negro"},{"lang":"de-DE","name":"Tafel"},{"lang":"id-ID","name":"Papan tulis"},{"lang":"fr-FR","name":"Tableau noir"}]},{"id":29,"name":"chalk","transcription":"[tʃɔːk]","image":"/img/dict/classroom/chalk.png","bg":"","translates":[{"lang":"ru-RU","name":"Мел"},{"lang":"vi-VN","name":"Phấn"},{"lang":"zh-CN","name":"粉笔"},{"lang":"hi-IN","name":"चाक"},{"lang":"th-TH","name":"ชอล์ก"},{"lang":"tr-TR","name":"Tebeşir"},{"lang":"pt-BR","name":"Giz"},{"lang":"de-DE","name":"Kreide"},{"lang":"id-ID","name":"Kapur"},{"lang":"fr-FR","name":"Craie"}]},{"id":30,"name":"grade","transcription":"[ɡreɪd]","image":"/img/dict/classroom/grade.png","bg":"","translates":[{"lang":"ru-RU","name":"Класс"},{"lang":"vi-VN","name":"Lớp"},{"lang":"zh-CN","name":"年级"},{"lang":"hi-IN","name":"कक्षा"},{"lang":"th-TH","name":"เกรด"},{"lang":"tr-TR","name":"Sınıf"},{"lang":"pt-BR","name":"Série"},{"lang":"de-DE","name":"Klasse"},{"lang":"id-ID","name":"Kelas"},{"lang":"fr-FR","name":"Niveau"}]},{"id":31,"name":"test","transcription":"[test]","image":"/img/dict/classroom/test.png","bg":"","translates":[{"lang":"ru-RU","name":"Тест"},{"lang":"vi-VN","name":"Bài kiểm tra"},{"lang":"zh-CN","name":"测试"},{"lang":"hi-IN","name":"परीक्षण"},{"lang":"th-TH","name":"แบบทดสอบ"},{"lang":"tr-TR","name":"Test"},{"lang":"pt-BR","name":"Teste"},{"lang":"de-DE","name":"Test"},{"lang":"id-ID","name":"Ujian"},{"lang":"fr-FR","name":"Test"}]},{"id":32,"name":"exam","transcription":"[ɪɡˈzæm]","image":"/img/dict/classroom/exam.png","bg":"","translates":[{"lang":"ru-RU","name":"Экзамен"},{"lang":"vi-VN","name":"Kỳ thi"},{"lang":"zh-CN","name":"考试"},{"lang":"hi-IN","name":"परीक्षा"},{"lang":"th-TH","name":"การสอบ"},{"lang":"tr-TR","name":"Sınav"},{"lang":"pt-BR","name":"Exame"},{"lang":"de-DE","name":"Prüfung"},{"lang":"id-ID","name":"Ujian"},{"lang":"fr-FR","name":"Examen"}]},{"id":33,"name":"diploma","transcription":"[dɪˈpləʊmə]","image":"/img/dict/classroom/diploma.png","bg":"","translates":[{"lang":"ru-RU","name":"Диплом"},{"lang":"vi-VN","name":"Bằng tốt nghiệp"},{"lang":"zh-CN","name":"文凭"},{"lang":"hi-IN","name":"डिप्लोमा"},{"lang":"th-TH","name":"ประกาศนียบัตร"},{"lang":"tr-TR","name":"Diploma"},{"lang":"pt-BR","name":"Diploma"},{"lang":"de-DE","name":"Diplom"},{"lang":"id-ID","name":"Diploma"},{"lang":"fr-FR","name":"Diplôme"}]}]}