{"name":"Pets","img":"/img/dict/animals/house.png","isRandom":true,"isBlur":true,"isUpper":true,"isByWords":false,"isForAdult":false,"separator":"","numWords":25,"Translations":[{"lang":"ru-RU","name":"Домашние животные"},{"lang":"vi-VN","name":"Vật nuôi"},{"lang":"zh-CN","name":"宠物"},{"lang":"hi-IN","name":"पालतू जानवर"},{"lang":"th-TH","name":"สัตว์เลี้ยง"},{"lang":"tr-TR","name":"Evcil Hayvanlar"},{"lang":"pt-BR","name":"Animais de Estimação"},{"lang":"de-DE","name":"Haustiere"},{"lang":"id-ID","name":"Hewan Peliharaan"},{"lang":"fr-FR","name":"Animaux Domestiques"}],"items":[{"id":0,"name":"Bone","transcription":"[bəʊn]","image":"/img/dict/animals/bone.png","translates":[{"lang":"ru-RU","name":"Кость"},{"lang":"vi-VN","name":"Xương"},{"lang":"zh-CN","name":"骨头"},{"lang":"hi-IN","name":"हड्डी"},{"lang":"th-TH","name":"กระดูก"},{"lang":"tr-TR","name":"Kemik"},{"lang":"pt-BR","name":"Osso"},{"lang":"de-DE","name":"Knochen"},{"lang":"id-ID","name":"Tulang"},{"lang":"fr-FR","name":"Os"}]},{"id":1,"name":"Collar","transcription":"[ˈkɑːlər]","image":"/img/dict/animals/collar.png","translates":[{"lang":"ru-RU","name":"Ошейник"},{"lang":"vi-VN","name":"Vòng cổ"},{"lang":"zh-CN","name":"项圈"},{"lang":"hi-IN","name":"कॉलर"},{"lang":"th-TH","name":"ปลอกคอ"},{"lang":"tr-TR","name":"Tasma"},{"lang":"pt-BR","name":"Coleira"},{"lang":"de-DE","name":"Halsband"},{"lang":"id-ID","name":"Kerah"},{"lang":"fr-FR","name":"Collier"}]},{"id":2,"name":"Cage","transcription":"[keɪdʒ]","image":"/img/dict/animals/cage.png","translates":[{"lang":"ru-RU","name":"Клетка"},{"lang":"vi-VN","name":"Lồng"},{"lang":"zh-CN","name":"笼子"},{"lang":"hi-IN","name":"पिंजरा"},{"lang":"th-TH","name":"กรง"},{"lang":"tr-TR","name":"Kafes"},{"lang":"pt-BR","name":"Gaiola"},{"lang":"de-DE","name":"Käfig"},{"lang":"id-ID","name":"Kandang"},{"lang":"fr-FR","name":"Cage"}]},{"id":3,"name":"Turtle","transcription":"[ˈtɜːrtl]","image":"/img/dict/animals/turtle.png","translates":[{"lang":"ru-RU","name":"Черепаха"},{"lang":"vi-VN","name":"Rùa"},{"lang":"zh-CN","name":"乌龟"},{"lang":"hi-IN","name":"कछुआ"},{"lang":"th-TH","name":"เต่า"},{"lang":"tr-TR","name":"Kaplumbağa"},{"lang":"pt-BR","name":"Tartaruga"},{"lang":"de-DE","name":"Schildkröte"},{"lang":"id-ID","name":"Kura-kura"},{"lang":"fr-FR","name":"Tortue"}]},{"id":4,"name":"Aquarium","transcription":"[əˈkwerɪəm]","image":"/img/dict/animals/aquarium.png","translates":[{"lang":"ru-RU","name":"Аквариум"},{"lang":"vi-VN","name":"Bể cá"},{"lang":"zh-CN","name":"水族馆"},{"lang":"hi-IN","name":"एक्वेरियम"},{"lang":"th-TH","name":"ตู้ปลา"},{"lang":"tr-TR","name":"Akvaryum"},{"lang":"pt-BR","name":"Aquário"},{"lang":"de-DE","name":"Aquarium"},{"lang":"id-ID","name":"Akuarium"},{"lang":"fr-FR","name":"Aquarium"}]},{"id":5,"name":"Fish","transcription":"[fɪʃ]","image":"/img/dict/animals/fish.png","translates":[{"lang":"ru-RU","name":"Рыба"},{"lang":"vi-VN","name":"Cá"},{"lang":"zh-CN","name":"鱼"},{"lang":"hi-IN","name":"मछली"},{"lang":"th-TH","name":"ปลา"},{"lang":"tr-TR","name":"Balık"},{"lang":"pt-BR","name":"Peixe"},{"lang":"de-DE","name":"Fisch"},{"lang":"id-ID","name":"Ikan"},{"lang":"fr-FR","name":"Poisson"}]},{"id":6,"name":"Snake","transcription":"[sneɪk]","image":"/img/dict/animals/snake.png","translates":[{"lang":"ru-RU","name":"Змея"},{"lang":"vi-VN","name":"Rắn"},{"lang":"zh-CN","name":"蛇"},{"lang":"hi-IN","name":"साँप"},{"lang":"th-TH","name":"งู"},{"lang":"tr-TR","name":"Yılan"},{"lang":"pt-BR","name":"Cobra"},{"lang":"de-DE","name":"Schlange"},{"lang":"id-ID","name":"Ular"},{"lang":"fr-FR","name":"Serpent"}]},{"id":7,"name":"Gerbil","transcription":"[ˈdʒɜːrbɪl]","image":"/img/dict/animals/gerbil.png","translates":[{"lang":"ru-RU","name":"Песчанка"},{"lang":"vi-VN","name":"Chuột nhảy"},{"lang":"zh-CN","name":"沙鼠"},{"lang":"hi-IN","name":"जर्बिल"},{"lang":"th-TH","name":"เจอร์บิล"},{"lang":"tr-TR","name":"Gerbil"},{"lang":"pt-BR","name":"Gerbil"},{"lang":"de-DE","name":"Rennmaus"},{"lang":"id-ID","name":"Gerbil"},{"lang":"fr-FR","name":"Gerbille"}]},{"id":8,"name":"Puppy","transcription":"[ˈpʌpɪ]","image":"/img/dict/animals/puppy.png","translates":[{"lang":"ru-RU","name":"Щенок"},{"lang":"vi-VN","name":"Chó con"},{"lang":"zh-CN","name":"小狗"},{"lang":"hi-IN","name":"पिल्ला"},{"lang":"th-TH","name":"ลูกสุนัข"},{"lang":"tr-TR","name":"Yavru köpek"},{"lang":"pt-BR","name":"Filhote de cachorro"},{"lang":"de-DE","name":"Welpe"},{"lang":"id-ID","name":"Anak anjing"},{"lang":"fr-FR","name":"Chiot"}]},{"id":9,"name":"Kitten","transcription":"[ˈkɪtn]","image":"/img/dict/animals/kitten.png","translates":[{"lang":"ru-RU","name":"Котенок"},{"lang":"vi-VN","name":"Mèo con"},{"lang":"zh-CN","name":"小猫"},{"lang":"hi-IN","name":"बिल्ली का बच्चा"},{"lang":"th-TH","name":"ลูกแมว"},{"lang":"tr-TR","name":"Yavru kedi"},{"lang":"pt-BR","name":"Gatinho"},{"lang":"de-DE","name":"Kätzchen"},{"lang":"id-ID","name":"Anak kucing"},{"lang":"fr-FR","name":"Chaton"}]},{"id":10,"name":"Hamster","transcription":"[ˈhæmstər]","image":"/img/dict/animals/hamster.png","translates":[{"lang":"ru-RU","name":"Хомяк"},{"lang":"vi-VN","name":"Chuột hamster"},{"lang":"zh-CN","name":"仓鼠"},{"lang":"hi-IN","name":"हैम्स्टर"},{"lang":"th-TH","name":"แฮมสเตอร์"},{"lang":"tr-TR","name":"Hamster"},{"lang":"pt-BR","name":"Hamster"},{"lang":"de-DE","name":"Hamster"},{"lang":"id-ID","name":"Hamster"},{"lang":"fr-FR","name":"Hamster"}]},{"id":11,"name":"Goldfish","transcription":"[ˈɡəʊldfɪʃ]","image":"/img/dict/animals/goldfish.png","translates":[{"lang":"ru-RU","name":"Золотая рыбка"},{"lang":"vi-VN","name":"Cá vàng"},{"lang":"zh-CN","name":"金鱼"},{"lang":"hi-IN","name":"गोल्डफिश"},{"lang":"th-TH","name":"ปลาทอง"},{"lang":"tr-TR","name":"Japon balığı"},{"lang":"pt-BR","name":"Peixe-dourado"},{"lang":"de-DE","name":"Goldfisch"},{"lang":"id-ID","name":"Ikan mas"},{"lang":"fr-FR","name":"Poisson rouge"}]},{"id":12,"name":"Guinea Pig","transcription":"[ˈɡɪnɪ pɪɡ]","image":"/img/dict/animals/guineapig.png","translates":[{"lang":"ru-RU","name":"Морская свинка"},{"lang":"vi-VN","name":"Chuột lang"},{"lang":"zh-CN","name":"豚鼠"},{"lang":"hi-IN","name":"गिनी पिग"},{"lang":"th-TH","name":"หนูตะเภา"},{"lang":"tr-TR","name":"Gine domuzu"},{"lang":"pt-BR","name":"Porquinho-da-índia"},{"lang":"de-DE","name":"Meerschweinchen"},{"lang":"id-ID","name":"Marmut"},{"lang":"fr-FR","name":"Cochon d\u0027Inde"}]},{"id":13,"name":"Adoption","transcription":"[əˈdɑːpʃn]","image":"/img/dict/animals/adoption.png","translates":[{"lang":"ru-RU","name":"Усыновление (питомца)"},{"lang":"vi-VN","name":"Nhận nuôi"},{"lang":"zh-CN","name":"领养"},{"lang":"hi-IN","name":"गोद लेना"},{"lang":"th-TH","name":"การรับเลี้ยง"},{"lang":"tr-TR","name":"Evlat edinme"},{"lang":"pt-BR","name":"Adoção"},{"lang":"de-DE","name":"Adoption"},{"lang":"id-ID","name":"Adopsi"},{"lang":"fr-FR","name":"Adoption"}]},{"id":14,"name":"Dog","transcription":"[dɔːɡ]","image":"/img/dict/animals/dog.png","translates":[{"lang":"ru-RU","name":"Собака"},{"lang":"vi-VN","name":"Chó"},{"lang":"zh-CN","name":"狗"},{"lang":"hi-IN","name":"कुत्ता"},{"lang":"th-TH","name":"สุนัข"},{"lang":"tr-TR","name":"Köpek"},{"lang":"pt-BR","name":"Cachorro"},{"lang":"de-DE","name":"Hund"},{"lang":"id-ID","name":"Anjing"},{"lang":"fr-FR","name":"Chien"}]},{"id":15,"name":"Pet Store","transcription":"[pet stɔːr]","image":"/img/dict/animals/petstore.png","translates":[{"lang":"ru-RU","name":"Зоомагазин"},{"lang":"vi-VN","name":"Cửa hàng thú cưng"},{"lang":"zh-CN","name":"宠物店"},{"lang":"hi-IN","name":"पालतू जानवरों की दुकान"},{"lang":"th-TH","name":"ร้านขายสัตว์เลี้ยง"},{"lang":"tr-TR","name":"Evcil hayvan mağazası"},{"lang":"pt-BR","name":"Pet shop"},{"lang":"de-DE","name":"Tierhandlung"},{"lang":"id-ID","name":"Toko hewan peliharaan"},{"lang":"fr-FR","name":"Animalerie"}]},{"id":16,"name":"Fish Bowl","transcription":"[fɪʃ bəʊl]","image":"/img/dict/animals/fishbowl.png","translates":[{"lang":"ru-RU","name":"Аквариум (круглый)"},{"lang":"vi-VN","name":"Bể cá tròn"},{"lang":"zh-CN","name":"鱼缸"},{"lang":"hi-IN","name":"मछली का कटोरा"},{"lang":"th-TH","name":"โถปลา"},{"lang":"tr-TR","name":"Balık kasesi"},{"lang":"pt-BR","name":"Aquário redondo"},{"lang":"de-DE","name":"Fischglas"},{"lang":"id-ID","name":"Mangkuk ikan"},{"lang":"fr-FR","name":"Bocal à poisson"}]},{"id":17,"name":"Shelter","transcription":"[ˈʃeltər]","image":"/img/dict/animals/shelter.png","translates":[{"lang":"ru-RU","name":"Приют для животных"},{"lang":"vi-VN","name":"Nơi trú ẩn"},{"lang":"zh-CN","name":"收容所"},{"lang":"hi-IN","name":"आश्रय"},{"lang":"th-TH","name":"ที่พักพิง"},{"lang":"tr-TR","name":"Barınak"},{"lang":"pt-BR","name":"Abrigo"},{"lang":"de-DE","name":"Tierheim"},{"lang":"id-ID","name":"Penampungan"},{"lang":"fr-FR","name":"Refuge"}]},{"id":18,"name":"Leash","transcription":"[liːʃ]","image":"/img/dict/animals/leash.png","translates":[{"lang":"ru-RU","name":"Поводок"},{"lang":"vi-VN","name":"Dây xích"},{"lang":"zh-CN","name":"皮带"},{"lang":"hi-IN","name":"पट्टा"},{"lang":"th-TH","name":"สายจูง"},{"lang":"tr-TR","name":"Tasma"},{"lang":"pt-BR","name":"Coleira"},{"lang":"de-DE","name":"Leine"},{"lang":"id-ID","name":"Tali penuntun"},{"lang":"fr-FR","name":"Laisse"}]},{"id":19,"name":"Rabbit","transcription":"[ˈræbɪt]","image":"/img/dict/animals/rabbit.png","translates":[{"lang":"ru-RU","name":"Кролик"},{"lang":"vi-VN","name":"Thỏ"},{"lang":"zh-CN","name":"兔子"},{"lang":"hi-IN","name":"खरगोश"},{"lang":"th-TH","name":"กระต่าย"},{"lang":"tr-TR","name":"Tavşan"},{"lang":"pt-BR","name":"Coelho"},{"lang":"de-DE","name":"Kaninchen"},{"lang":"id-ID","name":"Kelinci"},{"lang":"fr-FR","name":"Lapin"}]},{"id":20,"name":"Parrot","transcription":"[ˈpærət]","image":"/img/dict/animals/parrot.png","translates":[{"lang":"ru-RU","name":"Попугай"},{"lang":"vi-VN","name":"Vẹt"},{"lang":"zh-CN","name":"鹦鹉"},{"lang":"hi-IN","name":"तोता"},{"lang":"th-TH","name":"นกแก้ว"},{"lang":"tr-TR","name":"Papağan"},{"lang":"pt-BR","name":"Papagaio"},{"lang":"de-DE","name":"Papagei"},{"lang":"id-ID","name":"Burung beo"},{"lang":"fr-FR","name":"Perroquet"}]},{"id":21,"name":"Cat","transcription":"[kæt]","image":"/img/dict/animals/cat.png","translates":[{"lang":"ru-RU","name":"Кошка"},{"lang":"vi-VN","name":"Mèo"},{"lang":"zh-CN","name":"猫"},{"lang":"hi-IN","name":"बिल्ली"},{"lang":"th-TH","name":"แมว"},{"lang":"tr-TR","name":"Kedi"},{"lang":"pt-BR","name":"Gato"},{"lang":"de-DE","name":"Katze"},{"lang":"id-ID","name":"Kucing"},{"lang":"fr-FR","name":"Chat"}]},{"id":22,"name":"Budgie","transcription":"[ˈbʌdʒɪ]","image":"/img/dict/animals/budgie.png","translates":[{"lang":"ru-RU","name":"Волнистый попугайчик"},{"lang":"vi-VN","name":"Vẹt yến phụng"},{"lang":"zh-CN","name":"虎皮鹦鹉"},{"lang":"hi-IN","name":"बजरीगर"},{"lang":"th-TH","name":"นกหงส์หยก"},{"lang":"tr-TR","name":"Muhabbet kuşu"},{"lang":"pt-BR","name":"Periquito"},{"lang":"de-DE","name":"Wellensittich"},{"lang":"id-ID","name":"Parkit"},{"lang":"fr-FR","name":"Perruche"}]},{"id":23,"name":"Dog House","transcription":"[dɔːɡ haʊs]","image":"/img/dict/animals/doghouse.png","translates":[{"lang":"ru-RU","name":"Будка"},{"lang":"vi-VN","name":"Nhà chó"},{"lang":"zh-CN","name":"狗屋"},{"lang":"hi-IN","name":"कुत्ते का घर"},{"lang":"th-TH","name":"บ้านสุนัข"},{"lang":"tr-TR","name":"Köpek kulübesi"},{"lang":"pt-BR","name":"Casa de cachorro"},{"lang":"de-DE","name":"Hundehütte"},{"lang":"id-ID","name":"Rumah anjing"},{"lang":"fr-FR","name":"Niche"}]},{"id":24,"name":"Pet","transcription":"[pet]","image":"/img/dict/animals/pet.png","translates":[{"lang":"ru-RU","name":"Домашнее животное"},{"lang":"vi-VN","name":"Thú cưng"},{"lang":"zh-CN","name":"宠物"},{"lang":"hi-IN","name":"पालतू जानवर"},{"lang":"th-TH","name":"สัตว์เลี้ยง"},{"lang":"tr-TR","name":"Evcil hayvan"},{"lang":"pt-BR","name":"Animal de estimação"},{"lang":"de-DE","name":"Haustier"},{"lang":"id-ID","name":"Hewan peliharaan"},{"lang":"fr-FR","name":"Animal domestique"}]}]}