{"name":"Colors","isRandom":true,"isBlur":true,"isUpper":true,"isByWords":false,"isForAdult":false,"separator":"","numWords":13,"Translations":[{"lang":"ru-RU","name":"Цвета"},{"lang":"vi-VN","name":"Màu sắc"},{"lang":"zh-CN","name":"颜色"},{"lang":"hi-IN","name":"रंग"},{"lang":"th-TH","name":"สี"},{"lang":"tr-TR","name":"Renkler"},{"lang":"pt-BR","name":"Cores"},{"lang":"de-DE","name":"Farben"},{"lang":"id-ID","name":"Warna"},{"lang":"fr-FR","name":"Couleurs"}],"items":[{"id":0,"name":"Black","transcription":"[blæk]","bg":"black","translates":[{"lang":"ru-RU","name":"черный"},{"lang":"vi-VN","name":"đen"},{"lang":"zh-CN","name":"黑色"},{"lang":"hi-IN","name":"काला"},{"lang":"th-TH","name":"สีดำ"},{"lang":"tr-TR","name":"siyah"},{"lang":"pt-BR","name":"preto"},{"lang":"de-DE","name":"schwarz"},{"lang":"id-ID","name":"hitam"},{"lang":"fr-FR","name":"noir"}]},{"id":1,"name":"White","transcription":"[waɪt]","bg":"white","translates":[{"lang":"ru-RU","name":"белый"},{"lang":"vi-VN","name":"trắng"},{"lang":"zh-CN","name":"白色"},{"lang":"hi-IN","name":"सफेद"},{"lang":"th-TH","name":"สีขาว"},{"lang":"tr-TR","name":"beyaz"},{"lang":"pt-BR","name":"branco"},{"lang":"de-DE","name":"weiß"},{"lang":"id-ID","name":"putih"},{"lang":"fr-FR","name":"blanc"}]},{"id":2,"name":"Red","transcription":"[red]","bg":"red","translates":[{"lang":"ru-RU","name":"красный"},{"lang":"vi-VN","name":"đỏ"},{"lang":"zh-CN","name":"红色"},{"lang":"hi-IN","name":"लाल"},{"lang":"th-TH","name":"สีแดง"},{"lang":"tr-TR","name":"kırmızı"},{"lang":"pt-BR","name":"vermelho"},{"lang":"de-DE","name":"rot"},{"lang":"id-ID","name":"merah"},{"lang":"fr-FR","name":"rouge"}]},{"id":3,"name":"Blue","transcription":"[bluː]","bg":"blue","translates":[{"lang":"ru-RU","name":"синий"},{"lang":"vi-VN","name":"xanh da trời"},{"lang":"zh-CN","name":"蓝色"},{"lang":"hi-IN","name":"नीला"},{"lang":"th-TH","name":"สีน้ำเงิน"},{"lang":"tr-TR","name":"mavi"},{"lang":"pt-BR","name":"azul"},{"lang":"de-DE","name":"blau"},{"lang":"id-ID","name":"biru"},{"lang":"fr-FR","name":"bleu"}]},{"id":4,"name":"Yellow","transcription":"[ˈjeləʊ]","bg":"Yellow","translates":[{"lang":"ru-RU","name":"желтый"},{"lang":"vi-VN","name":"vàng"},{"lang":"zh-CN","name":"黄色"},{"lang":"hi-IN","name":"पीला"},{"lang":"th-TH","name":"สีเหลือง"},{"lang":"tr-TR","name":"sarı"},{"lang":"pt-BR","name":"amarelo"},{"lang":"de-DE","name":"gelb"},{"lang":"id-ID","name":"kuning"},{"lang":"fr-FR","name":"jaune"}]},{"id":5,"name":"green","transcription":"[griːn]","bg":"green","translates":[{"lang":"ru-RU","name":"зеленый"},{"lang":"vi-VN","name":"xanh lá cây"},{"lang":"zh-CN","name":"绿色"},{"lang":"hi-IN","name":"हरा"},{"lang":"th-TH","name":"สีเขียว"},{"lang":"tr-TR","name":"yeşil"},{"lang":"pt-BR","name":"verde"},{"lang":"de-DE","name":"grün"},{"lang":"id-ID","name":"hijau"},{"lang":"fr-FR","name":"vert"}]},{"id":6,"name":"purple","transcription":"[pɜːpl]","bg":"purple","translates":[{"lang":"ru-RU","name":"фиолетовый"},{"lang":"vi-VN","name":"tím"},{"lang":"zh-CN","name":"紫色"},{"lang":"hi-IN","name":"बैंगनी"},{"lang":"th-TH","name":"สีม่วง"},{"lang":"tr-TR","name":"mor"},{"lang":"pt-BR","name":"roxo"},{"lang":"de-DE","name":"lila"},{"lang":"id-ID","name":"ungu"},{"lang":"fr-FR","name":"violet"}]},{"id":7,"name":"pink","transcription":"[pɪŋk]","bg":"DeepPink","translates":[{"lang":"ru-RU","name":"розовый"},{"lang":"vi-VN","name":"hồng"},{"lang":"zh-CN","name":"粉色"},{"lang":"hi-IN","name":"गुलाबी"},{"lang":"th-TH","name":"สีชมพู"},{"lang":"tr-TR","name":"pembe"},{"lang":"pt-BR","name":"rosa"},{"lang":"de-DE","name":"rosa"},{"lang":"id-ID","name":"merah muda"},{"lang":"fr-FR","name":"rose"}]},{"id":8,"name":"orange","transcription":"[ˈɒrɪnʤ]","bg":"orange","translates":[{"lang":"ru-RU","name":"оранжевый"},{"lang":"vi-VN","name":"cam"},{"lang":"zh-CN","name":"橙色"},{"lang":"hi-IN","name":"नारंगी"},{"lang":"th-TH","name":"สีส้ม"},{"lang":"tr-TR","name":"turuncu"},{"lang":"pt-BR","name":"laranja"},{"lang":"de-DE","name":"orange"},{"lang":"id-ID","name":"oranye"},{"lang":"fr-FR","name":"orange"}]},{"id":9,"name":"brown","transcription":"[braʊn]","bg":"SaddleBrown","translates":[{"lang":"ru-RU","name":"коричневый"},{"lang":"vi-VN","name":"nâu"},{"lang":"zh-CN","name":"棕色"},{"lang":"hi-IN","name":"भूरा"},{"lang":"th-TH","name":"สีน้ำตาล"},{"lang":"tr-TR","name":"kahverengi"},{"lang":"pt-BR","name":"marrom"},{"lang":"de-DE","name":"braun"},{"lang":"id-ID","name":"cokelat"},{"lang":"fr-FR","name":"marron"}]},{"id":10,"name":"gray","transcription":"[greɪ]","bg":"gray","translates":[{"lang":"ru-RU","name":"серый"},{"lang":"vi-VN","name":"xám"},{"lang":"zh-CN","name":"灰色"},{"lang":"hi-IN","name":"स्लेटी"},{"lang":"th-TH","name":"สีเทา"},{"lang":"tr-TR","name":"gri"},{"lang":"pt-BR","name":"cinza"},{"lang":"de-DE","name":"grau"},{"lang":"id-ID","name":"abu-abu"},{"lang":"fr-FR","name":"gris"}]},{"id":11,"name":"gold","transcription":"[gəʊld]","bg":"gold","translates":[{"lang":"ru-RU","name":"золотой"},{"lang":"vi-VN","name":"vàng"},{"lang":"zh-CN","name":"金色"},{"lang":"hi-IN","name":"सुनहरा"},{"lang":"th-TH","name":"สีทอง"},{"lang":"tr-TR","name":"altın"},{"lang":"pt-BR","name":"ouro"},{"lang":"de-DE","name":"gold"},{"lang":"id-ID","name":"emas"},{"lang":"fr-FR","name":"or"}]},{"id":12,"name":"silver","transcription":"[ˈsɪlvə]","bg":"silver","translates":[{"lang":"ru-RU","name":"серебряный"},{"lang":"vi-VN","name":"bạc"},{"lang":"zh-CN","name":"银色"},{"lang":"hi-IN","name":"चांदी"},{"lang":"th-TH","name":"สีเงิน"},{"lang":"tr-TR","name":"gümüş"},{"lang":"pt-BR","name":"prata"},{"lang":"de-DE","name":"silber"},{"lang":"id-ID","name":"perak"},{"lang":"fr-FR","name":"argent"}]}]}