{"name":"Phonics /l/","isRandom":true,"isBlur":true,"isUpper":true,"isByWords":false,"isForAdult":false,"separator":"","numWords":37,"Translations":[{"lang":"ru-RU","name":"Алфавит"},{"lang":"vi-VN","name":"Ngữ âm /l/"},{"lang":"zh-CN","name":"自然拼读 /l/"},{"lang":"hi-IN","name":"ध्वनि विज्ञान /l/"},{"lang":"th-TH","name":"โฟนิกส์ /l/"},{"lang":"tr-TR","name":"Fonetik /l/"},{"lang":"pt-BR","name":"Fônica /l/"},{"lang":"de-DE","name":"Phonik /l/"},{"lang":"id-ID","name":"Fonik /l/"},{"lang":"fr-FR","name":"Phonétique /l/"}],"items":[{"id":0,"name":"lace","transcription":"[leɪs]","image":" ","translates":[{"lang":"ru-RU","name":"Кружево"},{"lang":"vi-VN","name":"Ren"},{"lang":"zh-CN","name":"蕾丝"},{"lang":"hi-IN","name":"फीता"},{"lang":"th-TH","name":"ลูกไม้"},{"lang":"tr-TR","name":"Dantel"},{"lang":"pt-BR","name":"Renda"},{"lang":"de-DE","name":"Spitze"},{"lang":"id-ID","name":"Renda"},{"lang":"fr-FR","name":"Dentelle"}]},{"id":1,"name":"ladder","transcription":"[ˈlædər]","image":" ","translates":[{"lang":"ru-RU","name":"Лестница"},{"lang":"vi-VN","name":"Thang"},{"lang":"zh-CN","name":"梯子"},{"lang":"hi-IN","name":"सीढ़ी"},{"lang":"th-TH","name":"บันได"},{"lang":"tr-TR","name":"Merdiven"},{"lang":"pt-BR","name":"Escada"},{"lang":"de-DE","name":"Leiter"},{"lang":"id-ID","name":"Tangga"},{"lang":"fr-FR","name":"Échelle"}]},{"id":2,"name":"lady","transcription":"[ˈleɪdi]","image":" ","translates":[{"lang":"ru-RU","name":"Леди"},{"lang":"vi-VN","name":"Quý bà"},{"lang":"zh-CN","name":"女士"},{"lang":"hi-IN","name":"महिला"},{"lang":"th-TH","name":"สุภาพสตรี"},{"lang":"tr-TR","name":"Leydi"},{"lang":"pt-BR","name":"Dama"},{"lang":"de-DE","name":"Dame"},{"lang":"id-ID","name":"Wanita"},{"lang":"fr-FR","name":"Dame"}]},{"id":3,"name":"ladybug","transcription":"[ˈleɪdiˌbʌɡ]","image":"/img/dict/animals/ladybug.png","translates":[{"lang":"ru-RU","name":"Божья коровка"},{"lang":"vi-VN","name":"Bọ rùa"},{"lang":"zh-CN","name":"瓢虫"},{"lang":"hi-IN","name":"गुबरैला"},{"lang":"th-TH","name":"แมลงเต่าทอง"},{"lang":"tr-TR","name":"Uğur böceği"},{"lang":"pt-BR","name":"Joaninha"},{"lang":"de-DE","name":"Marienkäfer"},{"lang":"id-ID","name":"Kepik"},{"lang":"fr-FR","name":"Coccinelle"}]},{"id":4,"name":"lake","transcription":"[leɪk]","image":" ","translates":[{"lang":"ru-RU","name":"Озеро"},{"lang":"vi-VN","name":"Hồ"},{"lang":"zh-CN","name":"湖"},{"lang":"hi-IN","name":"झील"},{"lang":"th-TH","name":"ทะเลสาบ"},{"lang":"tr-TR","name":"Göl"},{"lang":"pt-BR","name":"Lago"},{"lang":"de-DE","name":"See"},{"lang":"id-ID","name":"Danau"},{"lang":"fr-FR","name":"Lac"}]},{"id":5,"name":"lamb","transcription":"[læm]","image":"/img/dict/animals/lamb.png","translates":[{"lang":"ru-RU","name":"Ягненок"},{"lang":"vi-VN","name":"Cừu con"},{"lang":"zh-CN","name":"小羊"},{"lang":"hi-IN","name":"मेमना"},{"lang":"th-TH","name":"ลูกแกะ"},{"lang":"tr-TR","name":"Kuzu"},{"lang":"pt-BR","name":"Cordeiro"},{"lang":"de-DE","name":"Lamm"},{"lang":"id-ID","name":"Anak domba"},{"lang":"fr-FR","name":"Agneau"}]},{"id":6,"name":"lamp","transcription":"[læmp]","image":"/img/dict/home/lamp.png","translates":[{"lang":"ru-RU","name":"Лампа"},{"lang":"vi-VN","name":"Đèn"},{"lang":"zh-CN","name":"灯"},{"lang":"hi-IN","name":"दीपक"},{"lang":"th-TH","name":"ตะเกียง"},{"lang":"tr-TR","name":"Lamba"},{"lang":"pt-BR","name":"Lâmpada"},{"lang":"de-DE","name":"Lampe"},{"lang":"id-ID","name":"Lampu"},{"lang":"fr-FR","name":"Lampe"}]},{"id":7,"name":"land","transcription":"[lænd]","image":" ","translates":[{"lang":"ru-RU","name":"Земля"},{"lang":"vi-VN","name":"Đất"},{"lang":"zh-CN","name":"土地"},{"lang":"hi-IN","name":"भूमि"},{"lang":"th-TH","name":"ที่ดิน"},{"lang":"tr-TR","name":"Kara"},{"lang":"pt-BR","name":"Terra"},{"lang":"de-DE","name":"Land"},{"lang":"id-ID","name":"Tanah"},{"lang":"fr-FR","name":"Terre"}]},{"id":8,"name":"lane","transcription":"[leɪn]","image":" ","translates":[{"lang":"ru-RU","name":"Дорожка"},{"lang":"vi-VN","name":"Làn đường"},{"lang":"zh-CN","name":"小路"},{"lang":"hi-IN","name":"गली"},{"lang":"th-TH","name":"เลน"},{"lang":"tr-TR","name":"Şerit"},{"lang":"pt-BR","name":"Faixa"},{"lang":"de-DE","name":"Spur"},{"lang":"id-ID","name":"Jalur"},{"lang":"fr-FR","name":"Voie"}]},{"id":9,"name":"language","transcription":"[ˈlæŋɡwɪdʒ]","image":" ","translates":[{"lang":"ru-RU","name":"Язык"},{"lang":"vi-VN","name":"Ngôn ngữ"},{"lang":"zh-CN","name":"语言"},{"lang":"hi-IN","name":"भाषा"},{"lang":"th-TH","name":"ภาษา"},{"lang":"tr-TR","name":"Dil"},{"lang":"pt-BR","name":"Língua"},{"lang":"de-DE","name":"Sprache"},{"lang":"id-ID","name":"Bahasa"},{"lang":"fr-FR","name":"Langue"}]},{"id":10,"name":"large","transcription":"[lɑrdʒ]","image":" ","translates":[{"lang":"ru-RU","name":"Большой"},{"lang":"vi-VN","name":"Lớn"},{"lang":"zh-CN","name":"大的"},{"lang":"hi-IN","name":"बड़ा"},{"lang":"th-TH","name":"ใหญ่"},{"lang":"tr-TR","name":"Büyük"},{"lang":"pt-BR","name":"Grande"},{"lang":"de-DE","name":"Groß"},{"lang":"id-ID","name":"Besar"},{"lang":"fr-FR","name":"Grand"}]},{"id":11,"name":"last","transcription":"[læst]","image":" ","translates":[{"lang":"ru-RU","name":"Последний"},{"lang":"vi-VN","name":"Cuối cùng"},{"lang":"zh-CN","name":"最后的"},{"lang":"hi-IN","name":"अंतिम"},{"lang":"th-TH","name":"สุดท้าย"},{"lang":"tr-TR","name":"Son"},{"lang":"pt-BR","name":"Último"},{"lang":"de-DE","name":"Letzte"},{"lang":"id-ID","name":"Terakhir"},{"lang":"fr-FR","name":"Dernier"}]},{"id":12,"name":"late","transcription":"[leɪt]","image":" ","translates":[{"lang":"ru-RU","name":"Поздно"},{"lang":"vi-VN","name":"Muộn"},{"lang":"zh-CN","name":"迟"},{"lang":"hi-IN","name":"देर"},{"lang":"th-TH","name":"สาย"},{"lang":"tr-TR","name":"Geç"},{"lang":"pt-BR","name":"Tarde"},{"lang":"de-DE","name":"Spät"},{"lang":"id-ID","name":"Terlambat"},{"lang":"fr-FR","name":"Tard"}]},{"id":13,"name":"laugh","transcription":"[læf]","image":" ","translates":[{"lang":"ru-RU","name":"Смех"},{"lang":"vi-VN","name":"Cười"},{"lang":"zh-CN","name":"笑"},{"lang":"hi-IN","name":"हँसी"},{"lang":"th-TH","name":"หัวเราะ"},{"lang":"tr-TR","name":"Gülmek"},{"lang":"pt-BR","name":"Rir"},{"lang":"de-DE","name":"Lachen"},{"lang":"id-ID","name":"Tertawa"},{"lang":"fr-FR","name":"Rire"}]},{"id":14,"name":"leaf","transcription":"[lif]","image":" ","translates":[{"lang":"ru-RU","name":"Лист"},{"lang":"vi-VN","name":"Lá"},{"lang":"zh-CN","name":"叶子"},{"lang":"hi-IN","name":"पत्ता"},{"lang":"th-TH","name":"ใบไม้"},{"lang":"tr-TR","name":"Yaprak"},{"lang":"pt-BR","name":"Folha"},{"lang":"de-DE","name":"Blatt"},{"lang":"id-ID","name":"Daun"},{"lang":"fr-FR","name":"Feuille"}]},{"id":15,"name":"leg","transcription":"[lɛɡ]","image":"/img/dict/body/leg.png","translates":[{"lang":"ru-RU","name":"Нога"},{"lang":"vi-VN","name":"Chân"},{"lang":"zh-CN","name":"腿"},{"lang":"hi-IN","name":"पैर"},{"lang":"th-TH","name":"ขา"},{"lang":"tr-TR","name":"Bacak"},{"lang":"pt-BR","name":"Perna"},{"lang":"de-DE","name":"Bein"},{"lang":"id-ID","name":"Kaki"},{"lang":"fr-FR","name":"Jambe"}]},{"id":16,"name":"lend","transcription":"[lɛnd]","image":" ","translates":[{"lang":"ru-RU","name":"Давать взаймы"},{"lang":"vi-VN","name":"Cho mượn"},{"lang":"zh-CN","name":"借出"},{"lang":"hi-IN","name":"उधार देना"},{"lang":"th-TH","name":"ให้ยืม"},{"lang":"tr-TR","name":"Ödünç vermek"},{"lang":"pt-BR","name":"Emprestar"},{"lang":"de-DE","name":"Verleihen"},{"lang":"id-ID","name":"Meminjamkan"},{"lang":"fr-FR","name":"Prêter"}]},{"id":17,"name":"lesson","transcription":"[ˈlɛsən]","image":"/img/dict/classroom/lesson.png","translates":[{"lang":"ru-RU","name":"Урок"},{"lang":"vi-VN","name":"Bài học"},{"lang":"zh-CN","name":"课程"},{"lang":"hi-IN","name":"पाठ"},{"lang":"th-TH","name":"บทเรียน"},{"lang":"tr-TR","name":"Ders"},{"lang":"pt-BR","name":"Aula"},{"lang":"de-DE","name":"Unterricht"},{"lang":"id-ID","name":"Pelajaran"},{"lang":"fr-FR","name":"Leçon"}]},{"id":18,"name":"letter","transcription":"[ˈlɛtər]","image":" ","translates":[{"lang":"ru-RU","name":"Письмо"},{"lang":"vi-VN","name":"Thư"},{"lang":"zh-CN","name":"信"},{"lang":"hi-IN","name":"पत्र"},{"lang":"th-TH","name":"จดหมาย"},{"lang":"tr-TR","name":"Mektup"},{"lang":"pt-BR","name":"Carta"},{"lang":"de-DE","name":"Brief"},{"lang":"id-ID","name":"Surat"},{"lang":"fr-FR","name":"Lettre"}]},{"id":19,"name":"lick","transcription":"[lɪk]","image":" ","translates":[{"lang":"ru-RU","name":"Лизать"},{"lang":"vi-VN","name":"Liếm"},{"lang":"zh-CN","name":"舔"},{"lang":"hi-IN","name":"चाटना"},{"lang":"th-TH","name":"เลีย"},{"lang":"tr-TR","name":"Yalamak"},{"lang":"pt-BR","name":"Lamber"},{"lang":"de-DE","name":"Lecken"},{"lang":"id-ID","name":"Menjilat"},{"lang":"fr-FR","name":"Lécher"}]},{"id":20,"name":"lid","transcription":"[lɪd]","image":"/img/dict/home/lid.png","translates":[{"lang":"ru-RU","name":"Крышка"},{"lang":"vi-VN","name":"Nắp"},{"lang":"zh-CN","name":"盖子"},{"lang":"hi-IN","name":"ढक्कन"},{"lang":"th-TH","name":"ฝา"},{"lang":"tr-TR","name":"Kapak"},{"lang":"pt-BR","name":"Tampa"},{"lang":"de-DE","name":"Deckel"},{"lang":"id-ID","name":"Tutup"},{"lang":"fr-FR","name":"Couvercle"}]},{"id":21,"name":"lift","transcription":"[lɪft]","image":" ","translates":[{"lang":"ru-RU","name":"Поднимать"},{"lang":"vi-VN","name":"Nâng lên"},{"lang":"zh-CN","name":"举起"},{"lang":"hi-IN","name":"उठाना"},{"lang":"th-TH","name":"ยก"},{"lang":"tr-TR","name":"Kaldırmak"},{"lang":"pt-BR","name":"Levantar"},{"lang":"de-DE","name":"Heben"},{"lang":"id-ID","name":"Mengangkat"},{"lang":"fr-FR","name":"Soulever"}]},{"id":22,"name":"lion","transcription":"[ˈlaɪən]","image":"/img/dict/animals/lion.png","translates":[{"lang":"ru-RU","name":"Лев"},{"lang":"vi-VN","name":"Sư tử"},{"lang":"zh-CN","name":"狮子"},{"lang":"hi-IN","name":"शेर"},{"lang":"th-TH","name":"สิงโต"},{"lang":"tr-TR","name":"Aslan"},{"lang":"pt-BR","name":"Leão"},{"lang":"de-DE","name":"Löwe"},{"lang":"id-ID","name":"Singa"},{"lang":"fr-FR","name":"Lion"}]},{"id":23,"name":"liquid","transcription":"[ˈlɪkwɪd]","image":" ","translates":[{"lang":"ru-RU","name":"Жидкость"},{"lang":"vi-VN","name":"Chất lỏng"},{"lang":"zh-CN","name":"液体"},{"lang":"hi-IN","name":"तरल"},{"lang":"th-TH","name":"ของเหลว"},{"lang":"tr-TR","name":"Sıvı"},{"lang":"pt-BR","name":"Líquido"},{"lang":"de-DE","name":"Flüssigkeit"},{"lang":"id-ID","name":"Cairan"},{"lang":"fr-FR","name":"Liquide"}]},{"id":24,"name":"lizard","transcription":"[ˈlɪzərd]","image":"/img/dict/animals/lizard.png","translates":[{"lang":"ru-RU","name":"Ящерица"},{"lang":"vi-VN","name":"Thằn lằn"},{"lang":"zh-CN","name":"蜥蜴"},{"lang":"hi-IN","name":"छिपकली"},{"lang":"th-TH","name":"จิ้งจก"},{"lang":"tr-TR","name":"Kertenkele"},{"lang":"pt-BR","name":"Lagarto"},{"lang":"de-DE","name":"Eidechse"},{"lang":"id-ID","name":"Kadal"},{"lang":"fr-FR","name":"Lézard"}]},{"id":25,"name":"lorry","transcription":"[ˈlɔri]","image":" ","translates":[{"lang":"ru-RU","name":"Грузовик"},{"lang":"vi-VN","name":"Xe tải"},{"lang":"zh-CN","name":"卡车"},{"lang":"hi-IN","name":"ट्रक"},{"lang":"th-TH","name":"รถบรรทุก"},{"lang":"tr-TR","name":"Kamyon"},{"lang":"pt-BR","name":"Caminhão"},{"lang":"de-DE","name":"Lastwagen"},{"lang":"id-ID","name":"Truk"},{"lang":"fr-FR","name":"Camion"}]},{"id":26,"name":"loud","transcription":"[laʊd]","image":" ","translates":[{"lang":"ru-RU","name":"Громкий"},{"lang":"vi-VN","name":"Ồn ào"},{"lang":"zh-CN","name":"大声的"},{"lang":"hi-IN","name":"जोरदार"},{"lang":"th-TH","name":"ดัง"},{"lang":"tr-TR","name":"Yüksek sesli"},{"lang":"pt-BR","name":"Alto"},{"lang":"de-DE","name":"Laut"},{"lang":"id-ID","name":"Keras"},{"lang":"fr-FR","name":"Fort"}]},{"id":27,"name":"lunch","transcription":"[lʌntʃ]","image":" ","translates":[{"lang":"ru-RU","name":"Обед"},{"lang":"vi-VN","name":"Bữa trưa"},{"lang":"zh-CN","name":"午餐"},{"lang":"hi-IN","name":"दोपहर का भोजन"},{"lang":"th-TH","name":"อาหารกลางวัน"},{"lang":"tr-TR","name":"Öğle yemeği"},{"lang":"pt-BR","name":"Almoço"},{"lang":"de-DE","name":"Mittagessen"},{"lang":"id-ID","name":"Makan siang"},{"lang":"fr-FR","name":"Déjeuner"}]},{"id":28,"name":"ballerina","transcription":"[ˌbæləˈrinə]","image":" ","translates":[{"lang":"ru-RU","name":"Балерина"},{"lang":"vi-VN","name":"Nữ diễn viên ba lê"},{"lang":"zh-CN","name":"芭蕾舞者"},{"lang":"hi-IN","name":"बैले नर्तकी"},{"lang":"th-TH","name":"นักบัลเลต์"},{"lang":"tr-TR","name":"Balerin"},{"lang":"pt-BR","name":"Bailarina"},{"lang":"de-DE","name":"Ballerina"},{"lang":"id-ID","name":"Balerina"},{"lang":"fr-FR","name":"Ballerine"}]},{"id":29,"name":"bell","transcription":"[bɛl]","image":"/img/dict/classroom/bell.png","translates":[{"lang":"ru-RU","name":"Колокол"},{"lang":"vi-VN","name":"Chuông"},{"lang":"zh-CN","name":"铃铛"},{"lang":"hi-IN","name":"घंटी"},{"lang":"th-TH","name":"ระฆัง"},{"lang":"tr-TR","name":"Zil"},{"lang":"pt-BR","name":"Sino"},{"lang":"de-DE","name":"Glocke"},{"lang":"id-ID","name":"Lonceng"},{"lang":"fr-FR","name":"Cloche"}]},{"id":30,"name":"ball","transcription":"[bɔl]","image":"/img/dict/toys/ball.png","translates":[{"lang":"ru-RU","name":"Мяч"},{"lang":"vi-VN","name":"Quả bóng"},{"lang":"zh-CN","name":"球"},{"lang":"hi-IN","name":"गेंद"},{"lang":"th-TH","name":"ลูกบอล"},{"lang":"tr-TR","name":"Top"},{"lang":"pt-BR","name":"Bola"},{"lang":"de-DE","name":"Ball"},{"lang":"id-ID","name":"Bola"},{"lang":"fr-FR","name":"Balle"}]},{"id":31,"name":"fell","transcription":"[fɛl]","image":" ","translates":[{"lang":"ru-RU","name":"Упал"},{"lang":"vi-VN","name":"Ngã"},{"lang":"zh-CN","name":"跌倒"},{"lang":"hi-IN","name":"गिर गया"},{"lang":"th-TH","name":"ล้ม"},{"lang":"tr-TR","name":"Düştü"},{"lang":"pt-BR","name":"Caiu"},{"lang":"de-DE","name":"Fiel"},{"lang":"id-ID","name":"Jatuh"},{"lang":"fr-FR","name":"Tomba"}]},{"id":32,"name":"hill","transcription":"[hɪl]","image":" ","translates":[{"lang":"ru-RU","name":"Холм"},{"lang":"vi-VN","name":"Đồi"},{"lang":"zh-CN","name":"小山"},{"lang":"hi-IN","name":"पहाड़ी"},{"lang":"th-TH","name":"เนินเขา"},{"lang":"tr-TR","name":"Tepe"},{"lang":"pt-BR","name":"Colina"},{"lang":"de-DE","name":"Hügel"},{"lang":"id-ID","name":"Bukit"},{"lang":"fr-FR","name":"Colline"}]},{"id":33,"name":"pillow","transcription":"[ˈpɪloʊ]","image":"/img/dict/home/pillow.png","translates":[{"lang":"ru-RU","name":"Подушка"},{"lang":"vi-VN","name":"Gối"},{"lang":"zh-CN","name":"枕头"},{"lang":"hi-IN","name":"तकिया"},{"lang":"th-TH","name":"หมอน"},{"lang":"tr-TR","name":"Yastık"},{"lang":"pt-BR","name":"Travesseiro"},{"lang":"de-DE","name":"Kissen"},{"lang":"id-ID","name":"Bantal"},{"lang":"fr-FR","name":"Oreiller"}]},{"id":34,"name":"spell","transcription":"[spɛl]","image":" ","translates":[{"lang":"ru-RU","name":"Заклинание"},{"lang":"vi-VN","name":"Đánh vần"},{"lang":"zh-CN","name":"拼写"},{"lang":"hi-IN","name":"वर्तनी"},{"lang":"th-TH","name":"สะกดคำ"},{"lang":"tr-TR","name":"Büyü"},{"lang":"pt-BR","name":"Soletrar"},{"lang":"de-DE","name":"Buchstabieren"},{"lang":"id-ID","name":"Mengeja"},{"lang":"fr-FR","name":"Épeler"}]},{"id":35,"name":"swallow","transcription":"[ˈswɑloʊ]","image":"/img/dict/animals/swallow.png","translates":[{"lang":"ru-RU","name":"Ласточка"},{"lang":"vi-VN","name":"Chim én"},{"lang":"zh-CN","name":"燕子"},{"lang":"hi-IN","name":"अबाबील"},{"lang":"th-TH","name":"นกนางแอ่น"},{"lang":"tr-TR","name":"Kırlangıç"},{"lang":"pt-BR","name":"Andorinha"},{"lang":"de-DE","name":"Schwalbe"},{"lang":"id-ID","name":"Burung layang-layang"},{"lang":"fr-FR","name":"Hirondelle"}]},{"id":36,"name":"tell","transcription":"[tɛl]","image":" ","translates":[{"lang":"ru-RU","name":"Рассказывать"},{"lang":"vi-VN","name":"Kể"},{"lang":"zh-CN","name":"告诉"},{"lang":"hi-IN","name":"बताना"},{"lang":"th-TH","name":"บอก"},{"lang":"tr-TR","name":"Anlatmak"},{"lang":"pt-BR","name":"Contar"},{"lang":"de-DE","name":"Erzählen"},{"lang":"id-ID","name":"Menceritakan"},{"lang":"fr-FR","name":"Raconter"}]}]}