{"name":"Phonics /h/","nameA":"","img":"","isRandom":false,"isBlur":false,"isUpper":true,"isByWords":false,"isForAdult":false,"separator":"","numWords":55,"Translations":[{"lang":"ru-RU","name":"Алфавит","nameA":""},{"lang":"vi-VN","name":"Âm thanh /h/","nameA":""},{"lang":"zh-CN","name":"拼音 /h/","nameA":""},{"lang":"hi-IN","name":"ध्वनि /h/","nameA":""},{"lang":"th-TH","name":"เสียง /h/","nameA":""},{"lang":"tr-TR","name":"Ses /h/","nameA":""},{"lang":"pt-BR","name":"Fonética /h/","nameA":""},{"lang":"de-DE","name":"Phonik /h/","nameA":""},{"lang":"id-ID","name":"Fonik /h/","nameA":""},{"lang":"fr-FR","name":"Phonétique /h/","nameA":""}],"items":[{"id":0,"name":"had","transcription":"[hæd]","nameA":"","image":" ","bg":"transparent","nameAnswer":"","translates":[{"lang":"ru-RU","name":"Имел","nameA":""},{"lang":"vi-VN","name":"Đã có","nameA":""},{"lang":"zh-CN","name":"有","nameA":""},{"lang":"hi-IN","name":"था","nameA":""},{"lang":"th-TH","name":"มี","nameA":""},{"lang":"tr-TR","name":"Sahipti","nameA":""},{"lang":"pt-BR","name":"Tinha","nameA":""},{"lang":"de-DE","name":"Hatte","nameA":""},{"lang":"id-ID","name":"Punya","nameA":""},{"lang":"fr-FR","name":"Avait","nameA":""}]},{"id":0,"name":"hair","transcription":"[hɛr]","nameA":"","image":"/img/dict/body/hair.png","bg":"transparent","nameAnswer":"","translates":[{"lang":"ru-RU","name":"Волосы","nameA":""},{"lang":"vi-VN","name":"Tóc","nameA":""},{"lang":"zh-CN","name":"头发","nameA":""},{"lang":"hi-IN","name":"बाल","nameA":""},{"lang":"th-TH","name":"ผม","nameA":""},{"lang":"tr-TR","name":"Saç","nameA":""},{"lang":"pt-BR","name":"Cabelo","nameA":""},{"lang":"de-DE","name":"Haar","nameA":""},{"lang":"id-ID","name":"Rambut","nameA":""},{"lang":"fr-FR","name":"Cheveux","nameA":""}]},{"id":0,"name":"half","transcription":"[hæf]","nameA":"","image":" ","bg":"transparent","nameAnswer":"","translates":[{"lang":"ru-RU","name":"Половина","nameA":""},{"lang":"vi-VN","name":"Một nửa","nameA":""},{"lang":"zh-CN","name":"一半","nameA":""},{"lang":"hi-IN","name":"आधा","nameA":""},{"lang":"th-TH","name":"ครึ่ง","nameA":""},{"lang":"tr-TR","name":"Yarım","nameA":""},{"lang":"pt-BR","name":"Metade","nameA":""},{"lang":"de-DE","name":"Hälfte","nameA":""},{"lang":"id-ID","name":"Setengah","nameA":""},{"lang":"fr-FR","name":"Moitié","nameA":""}]},{"id":0,"name":"hand","transcription":"[hænd]","nameA":"","image":"/img/dict/body/hand.png","bg":"transparent","nameAnswer":"","translates":[{"lang":"ru-RU","name":"Рука","nameA":""},{"lang":"vi-VN","name":"Tay","nameA":""},{"lang":"zh-CN","name":"手","nameA":""},{"lang":"hi-IN","name":"हाथ","nameA":""},{"lang":"th-TH","name":"มือ","nameA":""},{"lang":"tr-TR","name":"El","nameA":""},{"lang":"pt-BR","name":"Mão","nameA":""},{"lang":"de-DE","name":"Hand","nameA":""},{"lang":"id-ID","name":"Tangan","nameA":""},{"lang":"fr-FR","name":"Main","nameA":""}]},{"id":0,"name":"handle","transcription":"[ˈhændl]","nameA":"","image":" ","bg":"transparent","nameAnswer":"","translates":[{"lang":"ru-RU","name":"Ручка","nameA":""},{"lang":"vi-VN","name":"Tay cầm","nameA":""},{"lang":"zh-CN","name":"把手","nameA":""},{"lang":"hi-IN","name":"हैंडल","nameA":""},{"lang":"th-TH","name":"ที่จับ","nameA":""},{"lang":"tr-TR","name":"Kulp","nameA":""},{"lang":"pt-BR","name":"Alça","nameA":""},{"lang":"de-DE","name":"Griff","nameA":""},{"lang":"id-ID","name":"Gagang","nameA":""},{"lang":"fr-FR","name":"Poignée","nameA":""}]},{"id":0,"name":"hang","transcription":"[hæŋ]","nameA":"","image":" ","bg":"transparent","nameAnswer":"","translates":[{"lang":"ru-RU","name":"Вешать","nameA":""},{"lang":"vi-VN","name":"Treo","nameA":""},{"lang":"zh-CN","name":"悬挂","nameA":""},{"lang":"hi-IN","name":"लटकना","nameA":""},{"lang":"th-TH","name":"แขวน","nameA":""},{"lang":"tr-TR","name":"Asmak","nameA":""},{"lang":"pt-BR","name":"Pendurar","nameA":""},{"lang":"de-DE","name":"Hängen","nameA":""},{"lang":"id-ID","name":"Menggantung","nameA":""},{"lang":"fr-FR","name":"Accrocher","nameA":""}]},{"id":0,"name":"happy","transcription":"[ˈhæpi]","nameA":"","image":" ","bg":"transparent","nameAnswer":"","translates":[{"lang":"ru-RU","name":"Счастливый","nameA":""},{"lang":"vi-VN","name":"Hạnh phúc","nameA":""},{"lang":"zh-CN","name":"快乐","nameA":""},{"lang":"hi-IN","name":"खुश","nameA":""},{"lang":"th-TH","name":"มีความสุข","nameA":""},{"lang":"tr-TR","name":"Mutlu","nameA":""},{"lang":"pt-BR","name":"Feliz","nameA":""},{"lang":"de-DE","name":"Glücklich","nameA":""},{"lang":"id-ID","name":"Bahagia","nameA":""},{"lang":"fr-FR","name":"Heureux","nameA":""}]},{"id":0,"name":"hard","transcription":"[hɑrd]","nameA":"","image":" ","bg":"transparent","nameAnswer":"","translates":[{"lang":"ru-RU","name":"Твердый","nameA":""},{"lang":"vi-VN","name":"Cứng","nameA":""},{"lang":"zh-CN","name":"硬","nameA":""},{"lang":"hi-IN","name":"कठिन","nameA":""},{"lang":"th-TH","name":"แข็ง","nameA":""},{"lang":"tr-TR","name":"Sert","nameA":""},{"lang":"pt-BR","name":"Duro","nameA":""},{"lang":"de-DE","name":"Hart","nameA":""},{"lang":"id-ID","name":"Keras","nameA":""},{"lang":"fr-FR","name":"Dur","nameA":""}]},{"id":0,"name":"hat","transcription":"[hæt]","nameA":"","image":"/img/dict/clothes/hat.png","bg":"transparent","nameAnswer":"","translates":[{"lang":"ru-RU","name":"Шляпа","nameA":""},{"lang":"vi-VN","name":"Mũ","nameA":""},{"lang":"zh-CN","name":"帽子","nameA":""},{"lang":"hi-IN","name":"टोपी","nameA":""},{"lang":"th-TH","name":"หมวก","nameA":""},{"lang":"tr-TR","name":"Şapka","nameA":""},{"lang":"pt-BR","name":"Chapéu","nameA":""},{"lang":"de-DE","name":"Hut","nameA":""},{"lang":"id-ID","name":"Topi","nameA":""},{"lang":"fr-FR","name":"Chapeau","nameA":""}]},{"id":0,"name":"hate","transcription":"[heɪt]","nameA":"","image":" ","bg":"transparent","nameAnswer":"","translates":[{"lang":"ru-RU","name":"Ненавидеть","nameA":""},{"lang":"vi-VN","name":"Ghét","nameA":""},{"lang":"zh-CN","name":"恨","nameA":""},{"lang":"hi-IN","name":"नफरत","nameA":""},{"lang":"th-TH","name":"เกลียด","nameA":""},{"lang":"tr-TR","name":"Nefret","nameA":""},{"lang":"pt-BR","name":"Odiar","nameA":""},{"lang":"de-DE","name":"Hassen","nameA":""},{"lang":"id-ID","name":"Benci","nameA":""},{"lang":"fr-FR","name":"Détester","nameA":""}]},{"id":0,"name":"have","transcription":"[hæv]","nameA":"","image":" ","bg":"transparent","nameAnswer":"","translates":[{"lang":"ru-RU","name":"Иметь","nameA":""},{"lang":"vi-VN","name":"Có","nameA":""},{"lang":"zh-CN","name":"有","nameA":""},{"lang":"hi-IN","name":"पास","nameA":""},{"lang":"th-TH","name":"มี","nameA":""},{"lang":"tr-TR","name":"Sahip olmak","nameA":""},{"lang":"pt-BR","name":"Ter","nameA":""},{"lang":"de-DE","name":"Haben","nameA":""},{"lang":"id-ID","name":"Punya","nameA":""},{"lang":"fr-FR","name":"Avoir","nameA":""}]},{"id":0,"name":"hay","transcription":"[heɪ]","nameA":"","image":" ","bg":"transparent","nameAnswer":"","translates":[{"lang":"ru-RU","name":"Сено","nameA":""},{"lang":"vi-VN","name":"Cỏ khô","nameA":""},{"lang":"zh-CN","name":"干草","nameA":""},{"lang":"hi-IN","name":"सूखी घास","nameA":""},{"lang":"th-TH","name":"หญ้าแห้ง","nameA":""},{"lang":"tr-TR","name":"Saman","nameA":""},{"lang":"pt-BR","name":"Feno","nameA":""},{"lang":"de-DE","name":"Heu","nameA":""},{"lang":"id-ID","name":"Jerami","nameA":""},{"lang":"fr-FR","name":"Foin","nameA":""}]},{"id":0,"name":"head","transcription":"[hɛd]","nameA":"","image":"/img/dict/body/head.png","bg":"transparent","nameAnswer":"","translates":[{"lang":"ru-RU","name":"Голова","nameA":""},{"lang":"vi-VN","name":"Đầu","nameA":""},{"lang":"zh-CN","name":"头","nameA":""},{"lang":"hi-IN","name":"सिर","nameA":""},{"lang":"th-TH","name":"หัว","nameA":""},{"lang":"tr-TR","name":"Kafa","nameA":""},{"lang":"pt-BR","name":"Cabeça","nameA":""},{"lang":"de-DE","name":"Kopf","nameA":""},{"lang":"id-ID","name":"Kepala","nameA":""},{"lang":"fr-FR","name":"Tête","nameA":""}]},{"id":0,"name":"healthy","transcription":"[ˈhɛlθi]","nameA":"","image":" ","bg":"transparent","nameAnswer":"","translates":[{"lang":"ru-RU","name":"Здоровый","nameA":""},{"lang":"vi-VN","name":"Khỏe mạnh","nameA":""},{"lang":"zh-CN","name":"健康","nameA":""},{"lang":"hi-IN","name":"स्वस्थ","nameA":""},{"lang":"th-TH","name":"สุขภาพดี","nameA":""},{"lang":"tr-TR","name":"Sağlıklı","nameA":""},{"lang":"pt-BR","name":"Saudável","nameA":""},{"lang":"de-DE","name":"Gesund","nameA":""},{"lang":"id-ID","name":"Sehat","nameA":""},{"lang":"fr-FR","name":"Sain","nameA":""}]},{"id":0,"name":"hear","transcription":"[hɪr]","nameA":"","image":" ","bg":"transparent","nameAnswer":"","translates":[{"lang":"ru-RU","name":"Слышать","nameA":""},{"lang":"vi-VN","name":"Nghe","nameA":""},{"lang":"zh-CN","name":"听","nameA":""},{"lang":"hi-IN","name":"सुनना","nameA":""},{"lang":"th-TH","name":"ได้ยิน","nameA":""},{"lang":"tr-TR","name":"Duymak","nameA":""},{"lang":"pt-BR","name":"Ouvir","nameA":""},{"lang":"de-DE","name":"Hören","nameA":""},{"lang":"id-ID","name":"Mendengar","nameA":""},{"lang":"fr-FR","name":"Entendre","nameA":""}]},{"id":0,"name":"heart","transcription":"[hɑrt]","nameA":"","image":"/img/dict/shapes/heart.png","bg":"transparent","nameAnswer":"","translates":[{"lang":"ru-RU","name":"Сердце","nameA":""},{"lang":"vi-VN","name":"Trái tim","nameA":""},{"lang":"zh-CN","name":"心脏","nameA":""},{"lang":"hi-IN","name":"दिल","nameA":""},{"lang":"th-TH","name":"หัวใจ","nameA":""},{"lang":"tr-TR","name":"Kalp","nameA":""},{"lang":"pt-BR","name":"Coração","nameA":""},{"lang":"de-DE","name":"Herz","nameA":""},{"lang":"id-ID","name":"Jantung","nameA":""},{"lang":"fr-FR","name":"Cœur","nameA":""}]},{"id":0,"name":"heavy","transcription":"[ˈhɛvi]","nameA":"","image":" ","bg":"transparent","nameAnswer":"","translates":[{"lang":"ru-RU","name":"Тяжелый","nameA":""},{"lang":"vi-VN","name":"Nặng","nameA":""},{"lang":"zh-CN","name":"重","nameA":""},{"lang":"hi-IN","name":"भारी","nameA":""},{"lang":"th-TH","name":"หนัก","nameA":""},{"lang":"tr-TR","name":"Ağır","nameA":""},{"lang":"pt-BR","name":"Pesado","nameA":""},{"lang":"de-DE","name":"Schwer","nameA":""},{"lang":"id-ID","name":"Berat","nameA":""},{"lang":"fr-FR","name":"Lourd","nameA":""}]},{"id":0,"name":"hedge","transcription":"[hɛdʒ]","nameA":"","image":" ","bg":"transparent","nameAnswer":"","translates":[{"lang":"ru-RU","name":"Живая изгородь","nameA":""},{"lang":"vi-VN","name":"Hàng rào","nameA":""},{"lang":"zh-CN","name":"树篱","nameA":""},{"lang":"hi-IN","name":"बाड़","nameA":""},{"lang":"th-TH","name":"รั้ว","nameA":""},{"lang":"tr-TR","name":"Çit","nameA":""},{"lang":"pt-BR","name":"Cerca viva","nameA":""},{"lang":"de-DE","name":"Hecke","nameA":""},{"lang":"id-ID","name":"Pagar","nameA":""},{"lang":"fr-FR","name":"Haie","nameA":""}]},{"id":0,"name":"helicopter","transcription":"[ˈhɛlɪkɑptər]","nameA":"","image":" ","bg":"transparent","nameAnswer":"","translates":[{"lang":"ru-RU","name":"Вертолет","nameA":""},{"lang":"vi-VN","name":"Trực thăng","nameA":""},{"lang":"zh-CN","name":"直升机","nameA":""},{"lang":"hi-IN","name":"हेलीकॉप्टर","nameA":""},{"lang":"th-TH","name":"เฮลิคอปเตอร์","nameA":""},{"lang":"tr-TR","name":"Helikopter","nameA":""},{"lang":"pt-BR","name":"Helicóptero","nameA":""},{"lang":"de-DE","name":"Hubschrauber","nameA":""},{"lang":"id-ID","name":"Helikopter","nameA":""},{"lang":"fr-FR","name":"Hélicoptère","nameA":""}]},{"id":0,"name":"helix","transcription":"[ˈhiːlɪks]","nameA":"","image":"/img/dict/shapes/helix.png","bg":"transparent","nameAnswer":"","translates":[{"lang":"ru-RU","name":"Спираль","nameA":""},{"lang":"vi-VN","name":"Xoắn ốc","nameA":""},{"lang":"zh-CN","name":"螺旋","nameA":""},{"lang":"hi-IN","name":"कुंडल","nameA":""},{"lang":"th-TH","name":"เกลียว","nameA":""},{"lang":"tr-TR","name":"Sarmal","nameA":""},{"lang":"pt-BR","name":"Hélice","nameA":""},{"lang":"de-DE","name":"Helix","nameA":""},{"lang":"id-ID","name":"Spiral","nameA":""},{"lang":"fr-FR","name":"Hélice","nameA":""}]},{"id":0,"name":"help","transcription":"[hɛlp]","nameA":"","image":" ","bg":"transparent","nameAnswer":"","translates":[{"lang":"ru-RU","name":"Помощь","nameA":""},{"lang":"vi-VN","name":"Giúp đỡ","nameA":""},{"lang":"zh-CN","name":"帮助","nameA":""},{"lang":"hi-IN","name":"मदद","nameA":""},{"lang":"th-TH","name":"ช่วย","nameA":""},{"lang":"tr-TR","name":"Yardım","nameA":""},{"lang":"pt-BR","name":"Ajuda","nameA":""},{"lang":"de-DE","name":"Hilfe","nameA":""},{"lang":"id-ID","name":"Bantuan","nameA":""},{"lang":"fr-FR","name":"Aide","nameA":""}]},{"id":0,"name":"hen","transcription":"[hɛn]","nameA":"","image":"/img/dict/animals/hen.png","bg":"transparent","nameAnswer":"","translates":[{"lang":"ru-RU","name":"Курица","nameA":""},{"lang":"vi-VN","name":"Gà mái","nameA":""},{"lang":"zh-CN","name":"母鸡","nameA":""},{"lang":"hi-IN","name":"मुर्गी","nameA":""},{"lang":"th-TH","name":"แม่ไก่","nameA":""},{"lang":"tr-TR","name":"Tavuk","nameA":""},{"lang":"pt-BR","name":"Galinha","nameA":""},{"lang":"de-DE","name":"Henne","nameA":""},{"lang":"id-ID","name":"Ayam betina","nameA":""},{"lang":"fr-FR","name":"Poule","nameA":""}]},{"id":0,"name":"hide","transcription":"[haɪd]","nameA":"","image":" ","bg":"transparent","nameAnswer":"","translates":[{"lang":"ru-RU","name":"Прятать","nameA":""},{"lang":"vi-VN","name":"Giấu","nameA":""},{"lang":"zh-CN","name":"隐藏","nameA":""},{"lang":"hi-IN","name":"छिपाना","nameA":""},{"lang":"th-TH","name":"ซ่อน","nameA":""},{"lang":"tr-TR","name":"Saklamak","nameA":""},{"lang":"pt-BR","name":"Esconder","nameA":""},{"lang":"de-DE","name":"Verstecken","nameA":""},{"lang":"id-ID","name":"Menyembunyikan","nameA":""},{"lang":"fr-FR","name":"Cacher","nameA":""}]},{"id":0,"name":"high","transcription":"[haɪ]","nameA":"","image":" ","bg":"transparent","nameAnswer":"","translates":[{"lang":"ru-RU","name":"Высокий","nameA":""},{"lang":"vi-VN","name":"Cao","nameA":""},{"lang":"zh-CN","name":"高","nameA":""},{"lang":"hi-IN","name":"ऊँचा","nameA":""},{"lang":"th-TH","name":"สูง","nameA":""},{"lang":"tr-TR","name":"Yüksek","nameA":""},{"lang":"pt-BR","name":"Alto","nameA":""},{"lang":"de-DE","name":"Hoch","nameA":""},{"lang":"id-ID","name":"Tinggi","nameA":""},{"lang":"fr-FR","name":"Haut","nameA":""}]},{"id":0,"name":"hill","transcription":"[hɪl]","nameA":"","image":" ","bg":"transparent","nameAnswer":"","translates":[{"lang":"ru-RU","name":"Холм","nameA":""},{"lang":"vi-VN","name":"Đồi","nameA":""},{"lang":"zh-CN","name":"山丘","nameA":""},{"lang":"hi-IN","name":"पहाड़ी","nameA":""},{"lang":"th-TH","name":"เนินเขา","nameA":""},{"lang":"tr-TR","name":"Tepe","nameA":""},{"lang":"pt-BR","name":"Colina","nameA":""},{"lang":"de-DE","name":"Hügel","nameA":""},{"lang":"id-ID","name":"Bukit","nameA":""},{"lang":"fr-FR","name":"Colline","nameA":""}]},{"id":0,"name":"him","transcription":"[hɪm]","nameA":"","image":" ","bg":"transparent","nameAnswer":"","translates":[{"lang":"ru-RU","name":"Его","nameA":""},{"lang":"vi-VN","name":"Anh ấy","nameA":""},{"lang":"zh-CN","name":"他","nameA":""},{"lang":"hi-IN","name":"उसे","nameA":""},{"lang":"th-TH","name":"เขา","nameA":""},{"lang":"tr-TR","name":"Onu","nameA":""},{"lang":"pt-BR","name":"Ele","nameA":""},{"lang":"de-DE","name":"Ihn","nameA":""},{"lang":"id-ID","name":"Dia","nameA":""},{"lang":"fr-FR","name":"Lui","nameA":""}]},{"id":0,"name":"his","transcription":"[hɪz]","nameA":"","image":" ","bg":"transparent","nameAnswer":"","translates":[{"lang":"ru-RU","name":"Его","nameA":""},{"lang":"vi-VN","name":"Của anh ấy","nameA":""},{"lang":"zh-CN","name":"他的","nameA":""},{"lang":"hi-IN","name":"उसका","nameA":""},{"lang":"th-TH","name":"ของเขา","nameA":""},{"lang":"tr-TR","name":"Onun","nameA":""},{"lang":"pt-BR","name":"Seu","nameA":""},{"lang":"de-DE","name":"Sein","nameA":""},{"lang":"id-ID","name":"Miliknya","nameA":""},{"lang":"fr-FR","name":"Son","nameA":""}]},{"id":0,"name":"history","transcription":"[ˈhɪstəri]","nameA":"","image":" ","bg":"transparent","nameAnswer":"","translates":[{"lang":"ru-RU","name":"История","nameA":""},{"lang":"vi-VN","name":"Lịch sử","nameA":""},{"lang":"zh-CN","name":"历史","nameA":""},{"lang":"hi-IN","name":"इतिहास","nameA":""},{"lang":"th-TH","name":"ประวัติศาสตร์","nameA":""},{"lang":"tr-TR","name":"Tarih","nameA":""},{"lang":"pt-BR","name":"História","nameA":""},{"lang":"de-DE","name":"Geschichte","nameA":""},{"lang":"id-ID","name":"Sejarah","nameA":""},{"lang":"fr-FR","name":"Histoire","nameA":""}]},{"id":0,"name":"hit","transcription":"[hɪt]","nameA":"","image":" ","bg":"transparent","nameAnswer":"","translates":[{"lang":"ru-RU","name":"Удар","nameA":""},{"lang":"vi-VN","name":"Đánh","nameA":""},{"lang":"zh-CN","name":"打","nameA":""},{"lang":"hi-IN","name":"मारना","nameA":""},{"lang":"th-TH","name":"ตี","nameA":""},{"lang":"tr-TR","name":"Vurmak","nameA":""},{"lang":"pt-BR","name":"Bater","nameA":""},{"lang":"de-DE","name":"Schlagen","nameA":""},{"lang":"id-ID","name":"Memukul","nameA":""},{"lang":"fr-FR","name":"Frapper","nameA":""}]},{"id":0,"name":"hold","transcription":"[hoʊld]","nameA":"","image":" ","bg":"transparent","nameAnswer":"","translates":[{"lang":"ru-RU","name":"Держать","nameA":""},{"lang":"vi-VN","name":"Giữ","nameA":""},{"lang":"zh-CN","name":"拿","nameA":""},{"lang":"hi-IN","name":"पकड़","nameA":""},{"lang":"th-TH","name":"ถือ","nameA":""},{"lang":"tr-TR","name":"Tutmak","nameA":""},{"lang":"pt-BR","name":"Segurar","nameA":""},{"lang":"de-DE","name":"Halten","nameA":""},{"lang":"id-ID","name":"Memegang","nameA":""},{"lang":"fr-FR","name":"Tenir","nameA":""}]},{"id":0,"name":"hole","transcription":"[hoʊl]","nameA":"","image":" ","bg":"transparent","nameAnswer":"","translates":[{"lang":"ru-RU","name":"Дыра","nameA":""},{"lang":"vi-VN","name":"Lỗ","nameA":""},{"lang":"zh-CN","name":"洞","nameA":""},{"lang":"hi-IN","name":"छेद","nameA":""},{"lang":"th-TH","name":"รู","nameA":""},{"lang":"tr-TR","name":"Delik","nameA":""},{"lang":"pt-BR","name":"Buraco","nameA":""},{"lang":"de-DE","name":"Loch","nameA":""},{"lang":"id-ID","name":"Lubang","nameA":""},{"lang":"fr-FR","name":"Trou","nameA":""}]},{"id":0,"name":"holiday","transcription":"[ˈhɑlədeɪ]","nameA":"","image":" ","bg":"transparent","nameAnswer":"","translates":[{"lang":"ru-RU","name":"Праздник","nameA":""},{"lang":"vi-VN","name":"Ngày lễ","nameA":""},{"lang":"zh-CN","name":"假日","nameA":""},{"lang":"hi-IN","name":"छुट्टी","nameA":""},{"lang":"th-TH","name":"วันหยุด","nameA":""},{"lang":"tr-TR","name":"Tatil","nameA":""},{"lang":"pt-BR","name":"Feriado","nameA":""},{"lang":"de-DE","name":"Feiertag","nameA":""},{"lang":"id-ID","name":"Liburan","nameA":""},{"lang":"fr-FR","name":"Vacances","nameA":""}]},{"id":0,"name":"hollow","transcription":"[ˈhɑloʊ]","nameA":"","image":" ","bg":"transparent","nameAnswer":"","translates":[{"lang":"ru-RU","name":"Пустой","nameA":""},{"lang":"vi-VN","name":"Rỗng","nameA":""},{"lang":"zh-CN","name":"空心","nameA":""},{"lang":"hi-IN","name":"खोखला","nameA":""},{"lang":"th-TH","name":"กลวง","nameA":""},{"lang":"tr-TR","name":"Boş","nameA":""},{"lang":"pt-BR","name":"Oco","nameA":""},{"lang":"de-DE","name":"Hohl","nameA":""},{"lang":"id-ID","name":"Berongga","nameA":""},{"lang":"fr-FR","name":"Creux","nameA":""}]},{"id":0,"name":"home","transcription":"[hoʊm]","nameA":"","image":"/img/dict/home/home.png","bg":"transparent","nameAnswer":"","translates":[{"lang":"ru-RU","name":"Дом","nameA":""},{"lang":"vi-VN","name":"Nhà","nameA":""},{"lang":"zh-CN","name":"家","nameA":""},{"lang":"hi-IN","name":"घर","nameA":""},{"lang":"th-TH","name":"บ้าน","nameA":""},{"lang":"tr-TR","name":"Ev","nameA":""},{"lang":"pt-BR","name":"Casa","nameA":""},{"lang":"de-DE","name":"Zuhause","nameA":""},{"lang":"id-ID","name":"Rumah","nameA":""},{"lang":"fr-FR","name":"Maison","nameA":""}]},{"id":0,"name":"honey","transcription":"[ˈhʌni]","nameA":"","image":"/img/dict/food/honey.png","bg":"transparent","nameAnswer":"","translates":[{"lang":"ru-RU","name":"Мед","nameA":""},{"lang":"vi-VN","name":"Mật ong","nameA":""},{"lang":"zh-CN","name":"蜂蜜","nameA":""},{"lang":"hi-IN","name":"शहद","nameA":""},{"lang":"th-TH","name":"น้ำผึ้ง","nameA":""},{"lang":"tr-TR","name":"Bal","nameA":""},{"lang":"pt-BR","name":"Mel","nameA":""},{"lang":"de-DE","name":"Honig","nameA":""},{"lang":"id-ID","name":"Madu","nameA":""},{"lang":"fr-FR","name":"Miel","nameA":""}]},{"id":0,"name":"hoof","transcription":"[hʊf]","nameA":"","image":" ","bg":"transparent","nameAnswer":"","translates":[{"lang":"ru-RU","name":"Копыто","nameA":""},{"lang":"vi-VN","name":"Móng guốc","nameA":""},{"lang":"zh-CN","name":"蹄","nameA":""},{"lang":"hi-IN","name":"खुर","nameA":""},{"lang":"th-TH","name":"กีบ","nameA":""},{"lang":"tr-TR","name":"Tırnak","nameA":""},{"lang":"pt-BR","name":"Casco","nameA":""},{"lang":"de-DE","name":"Huf","nameA":""},{"lang":"id-ID","name":"Kuku","nameA":""},{"lang":"fr-FR","name":"Sabot","nameA":""}]},{"id":0,"name":"hop","transcription":"[hɑp]","nameA":"","image":" ","bg":"transparent","nameAnswer":"","translates":[{"lang":"ru-RU","name":"Прыгать","nameA":""},{"lang":"vi-VN","name":"Nhảy","nameA":""},{"lang":"zh-CN","name":"跳","nameA":""},{"lang":"hi-IN","name":"कूद","nameA":""},{"lang":"th-TH","name":"กระโดด","nameA":""},{"lang":"tr-TR","name":"Zıplamak","nameA":""},{"lang":"pt-BR","name":"Pular","nameA":""},{"lang":"de-DE","name":"Hüpfen","nameA":""},{"lang":"id-ID","name":"Melompat","nameA":""},{"lang":"fr-FR","name":"Sauter","nameA":""}]},{"id":0,"name":"hope","transcription":"[hoʊp]","nameA":"","image":" ","bg":"transparent","nameAnswer":"","translates":[{"lang":"ru-RU","name":"Надеяться","nameA":""},{"lang":"vi-VN","name":"Hy vọng","nameA":""},{"lang":"zh-CN","name":"希望","nameA":""},{"lang":"hi-IN","name":"आशा","nameA":""},{"lang":"th-TH","name":"หวัง","nameA":""},{"lang":"tr-TR","name":"Umut","nameA":""},{"lang":"pt-BR","name":"Esperança","nameA":""},{"lang":"de-DE","name":"Hoffnung","nameA":""},{"lang":"id-ID","name":"Harapan","nameA":""},{"lang":"fr-FR","name":"Espoir","nameA":""}]},{"id":0,"name":"horn","transcription":"[hɔrn]","nameA":"","image":" ","bg":"transparent","nameAnswer":"","translates":[{"lang":"ru-RU","name":"Рог","nameA":""},{"lang":"vi-VN","name":"Sừng","nameA":""},{"lang":"zh-CN","name":"角","nameA":""},{"lang":"hi-IN","name":"सींग","nameA":""},{"lang":"th-TH","name":"เขา","nameA":""},{"lang":"tr-TR","name":"Boynuz","nameA":""},{"lang":"pt-BR","name":"Chifre","nameA":""},{"lang":"de-DE","name":"Horn","nameA":""},{"lang":"id-ID","name":"Tanduk","nameA":""},{"lang":"fr-FR","name":"Corne","nameA":""}]},{"id":0,"name":"horse","transcription":"[hɔrs]","nameA":"","image":"/img/dict/animals/horse.png","bg":"transparent","nameAnswer":"","translates":[{"lang":"ru-RU","name":"Лошадь","nameA":""},{"lang":"vi-VN","name":"Ngựa","nameA":""},{"lang":"zh-CN","name":"马","nameA":""},{"lang":"hi-IN","name":"घोड़ा","nameA":""},{"lang":"th-TH","name":"ม้า","nameA":""},{"lang":"tr-TR","name":"At","nameA":""},{"lang":"pt-BR","name":"Cavalo","nameA":""},{"lang":"de-DE","name":"Pferd","nameA":""},{"lang":"id-ID","name":"Kuda","nameA":""},{"lang":"fr-FR","name":"Cheval","nameA":""}]},{"id":0,"name":"hospital","transcription":"[ˈhɑspɪtəl]","nameA":"","image":" ","bg":"transparent","nameAnswer":"","translates":[{"lang":"ru-RU","name":"Больница","nameA":""},{"lang":"vi-VN","name":"Bệnh viện","nameA":""},{"lang":"zh-CN","name":"医院","nameA":""},{"lang":"hi-IN","name":"अस्पताल","nameA":""},{"lang":"th-TH","name":"โรงพยาบาล","nameA":""},{"lang":"tr-TR","name":"Hastane","nameA":""},{"lang":"pt-BR","name":"Hospital","nameA":""},{"lang":"de-DE","name":"Krankenhaus","nameA":""},{"lang":"id-ID","name":"Rumah sakit","nameA":""},{"lang":"fr-FR","name":"Hôpital","nameA":""}]},{"id":0,"name":"hot","transcription":"[hɑt]","nameA":"","image":" ","bg":"transparent","nameAnswer":"","translates":[{"lang":"ru-RU","name":"Горячий","nameA":""},{"lang":"vi-VN","name":"Nóng","nameA":""},{"lang":"zh-CN","name":"热","nameA":""},{"lang":"hi-IN","name":"गर्म","nameA":""},{"lang":"th-TH","name":"ร้อน","nameA":""},{"lang":"tr-TR","name":"Sıcak","nameA":""},{"lang":"pt-BR","name":"Quente","nameA":""},{"lang":"de-DE","name":"Heiß","nameA":""},{"lang":"id-ID","name":"Panas","nameA":""},{"lang":"fr-FR","name":"Chaud","nameA":""}]},{"id":0,"name":"house","transcription":"[haʊs]","nameA":"","image":"/img/dict/animals/house.png","bg":"transparent","nameAnswer":"","translates":[{"lang":"ru-RU","name":"Дом","nameA":""},{"lang":"vi-VN","name":"Nhà","nameA":""},{"lang":"zh-CN","name":"房子","nameA":""},{"lang":"hi-IN","name":"घर","nameA":""},{"lang":"th-TH","name":"บ้าน","nameA":""},{"lang":"tr-TR","name":"Ev","nameA":""},{"lang":"pt-BR","name":"Casa","nameA":""},{"lang":"de-DE","name":"Haus","nameA":""},{"lang":"id-ID","name":"Rumah","nameA":""},{"lang":"fr-FR","name":"Maison","nameA":""}]},{"id":0,"name":"hug","transcription":"[hʌɡ]","nameA":"","image":" ","bg":"transparent","nameAnswer":"","translates":[{"lang":"ru-RU","name":"Обнимать","nameA":""},{"lang":"vi-VN","name":"Ôm","nameA":""},{"lang":"zh-CN","name":"拥抱","nameA":""},{"lang":"hi-IN","name":"गले लगाना","nameA":""},{"lang":"th-TH","name":"กอด","nameA":""},{"lang":"tr-TR","name":"Sarılmak","nameA":""},{"lang":"pt-BR","name":"Abraçar","nameA":""},{"lang":"de-DE","name":"Umarmen","nameA":""},{"lang":"id-ID","name":"Memeluk","nameA":""},{"lang":"fr-FR","name":"Étreindre","nameA":""}]},{"id":0,"name":"huge","transcription":"[hjuːdʒ]","nameA":"","image":" ","bg":"transparent","nameAnswer":"","translates":[{"lang":"ru-RU","name":"Огромный","nameA":""},{"lang":"vi-VN","name":"Khổng lồ","nameA":""},{"lang":"zh-CN","name":"巨大","nameA":""},{"lang":"hi-IN","name":"विशाल","nameA":""},{"lang":"th-TH","name":"ใหญ่โต","nameA":""},{"lang":"tr-TR","name":"Devasa","nameA":""},{"lang":"pt-BR","name":"Enorme","nameA":""},{"lang":"de-DE","name":"Riesig","nameA":""},{"lang":"id-ID","name":"Besar","nameA":""},{"lang":"fr-FR","name":"Énorme","nameA":""}]},{"id":0,"name":"human","transcription":"[ˈhjuːmən]","nameA":"","image":" ","bg":"transparent","nameAnswer":"","translates":[{"lang":"ru-RU","name":"Человек","nameA":""},{"lang":"vi-VN","name":"Con người","nameA":""},{"lang":"zh-CN","name":"人类","nameA":""},{"lang":"hi-IN","name":"मानव","nameA":""},{"lang":"th-TH","name":"มนุษย์","nameA":""},{"lang":"tr-TR","name":"İnsan","nameA":""},{"lang":"pt-BR","name":"Humano","nameA":""},{"lang":"de-DE","name":"Mensch","nameA":""},{"lang":"id-ID","name":"Manusia","nameA":""},{"lang":"fr-FR","name":"Humain","nameA":""}]},{"id":0,"name":"hungry","transcription":"[ˈhʌŋɡri]","nameA":"","image":" ","bg":"transparent","nameAnswer":"","translates":[{"lang":"ru-RU","name":"Голодный","nameA":""},{"lang":"vi-VN","name":"Đói","nameA":""},{"lang":"zh-CN","name":"饿","nameA":""},{"lang":"hi-IN","name":"भूखा","nameA":""},{"lang":"th-TH","name":"หิว","nameA":""},{"lang":"tr-TR","name":"Aç","nameA":""},{"lang":"pt-BR","name":"Faminto","nameA":""},{"lang":"de-DE","name":"Hungrig","nameA":""},{"lang":"id-ID","name":"Lapar","nameA":""},{"lang":"fr-FR","name":"Affamé","nameA":""}]},{"id":0,"name":"hunt","transcription":"[hʌnt]","nameA":"","image":" ","bg":"transparent","nameAnswer":"","translates":[{"lang":"ru-RU","name":"Охота","nameA":""},{"lang":"vi-VN","name":"Săn bắn","nameA":""},{"lang":"zh-CN","name":"狩猎","nameA":""},{"lang":"hi-IN","name":"शिकार","nameA":""},{"lang":"th-TH","name":"ล่าสัตว์","nameA":""},{"lang":"tr-TR","name":"Avlanmak","nameA":""},{"lang":"pt-BR","name":"Caçar","nameA":""},{"lang":"de-DE","name":"Jagen","nameA":""},{"lang":"id-ID","name":"Berburu","nameA":""},{"lang":"fr-FR","name":"Chasser","nameA":""}]},{"id":0,"name":"hurry","transcription":"[ˈhɜri]","nameA":"","image":" ","bg":"transparent","nameAnswer":"","translates":[{"lang":"ru-RU","name":"Торопиться","nameA":""},{"lang":"vi-VN","name":"Vội vàng","nameA":""},{"lang":"zh-CN","name":"赶快","nameA":""},{"lang":"hi-IN","name":"जल्दी करो","nameA":""},{"lang":"th-TH","name":"รีบ","nameA":""},{"lang":"tr-TR","name":"Acele","nameA":""},{"lang":"pt-BR","name":"Apresse-se","nameA":""},{"lang":"de-DE","name":"Beeilen","nameA":""},{"lang":"id-ID","name":"Cepat","nameA":""},{"lang":"fr-FR","name":"Dépêcher","nameA":""}]},{"id":0,"name":"hurt","transcription":"[hɜrt]","nameA":"","image":" ","bg":"transparent","nameAnswer":"","translates":[{"lang":"ru-RU","name":"Болеть","nameA":""},{"lang":"vi-VN","name":"Đau","nameA":""},{"lang":"zh-CN","name":"伤害","nameA":""},{"lang":"hi-IN","name":"चोट","nameA":""},{"lang":"th-TH","name":"เจ็บ","nameA":""},{"lang":"tr-TR","name":"Acı","nameA":""},{"lang":"pt-BR","name":"Machucar","nameA":""},{"lang":"de-DE","name":"Verletzen","nameA":""},{"lang":"id-ID","name":"Sakit","nameA":""},{"lang":"fr-FR","name":"Blesser","nameA":""}]},{"id":0,"name":"hutch","transcription":"[hʌtʃ]","nameA":"","image":" ","bg":"transparent","nameAnswer":"","translates":[{"lang":"ru-RU","name":"Клетка","nameA":""},{"lang":"vi-VN","name":"Chuồng","nameA":""},{"lang":"zh-CN","name":"笼子","nameA":""},{"lang":"hi-IN","name":"पिंजरा","nameA":""},{"lang":"th-TH","name":"กรง","nameA":""},{"lang":"tr-TR","name":"Kafes","nameA":""},{"lang":"pt-BR","name":"Gaiola","nameA":""},{"lang":"de-DE","name":"Stall","nameA":""},{"lang":"id-ID","name":"Kandang","nameA":""},{"lang":"fr-FR","name":"Clapier","nameA":""}]},{"id":0,"name":"who","transcription":"[huː]","nameA":"","image":" ","bg":"transparent","nameAnswer":"","translates":[{"lang":"ru-RU","name":"Кто","nameA":""},{"lang":"vi-VN","name":"Ai","nameA":""},{"lang":"zh-CN","name":"谁","nameA":""},{"lang":"hi-IN","name":"कौन","nameA":""},{"lang":"th-TH","name":"ใคร","nameA":""},{"lang":"tr-TR","name":"Kim","nameA":""},{"lang":"pt-BR","name":"Quem","nameA":""},{"lang":"de-DE","name":"Wer","nameA":""},{"lang":"id-ID","name":"Siapa","nameA":""},{"lang":"fr-FR","name":"Qui","nameA":""}]},{"id":0,"name":"whole","transcription":"[hoʊl]","nameA":"","image":" ","bg":"transparent","nameAnswer":"","translates":[{"lang":"ru-RU","name":"Целый","nameA":""},{"lang":"vi-VN","name":"Toàn bộ","nameA":""},{"lang":"zh-CN","name":"整个","nameA":""},{"lang":"hi-IN","name":"पूरा","nameA":""},{"lang":"th-TH","name":"ทั้งหมด","nameA":""},{"lang":"tr-TR","name":"Bütün","nameA":""},{"lang":"pt-BR","name":"Todo","nameA":""},{"lang":"de-DE","name":"Ganz","nameA":""},{"lang":"id-ID","name":"Seluruh","nameA":""},{"lang":"fr-FR","name":"Entier","nameA":""}]},{"id":0,"name":"whom","transcription":"[huːm]","nameA":"","image":" ","bg":"transparent","nameAnswer":"","translates":[{"lang":"ru-RU","name":"Кого","nameA":""},{"lang":"vi-VN","name":"Ai","nameA":""},{"lang":"zh-CN","name":"谁","nameA":""},{"lang":"hi-IN","name":"किसे","nameA":""},{"lang":"th-TH","name":"ใคร","nameA":""},{"lang":"tr-TR","name":"Kimi","nameA":""},{"lang":"pt-BR","name":"Quem","nameA":""},{"lang":"de-DE","name":"Wen","nameA":""},{"lang":"id-ID","name":"Siapa","nameA":""},{"lang":"fr-FR","name":"Qui","nameA":""}]},{"id":0,"name":"whose","transcription":"[huːz]","nameA":"","image":" ","bg":"transparent","nameAnswer":"","translates":[{"lang":"ru-RU","name":"Чей","nameA":""},{"lang":"vi-VN","name":"Của ai","nameA":""},{"lang":"zh-CN","name":"谁的","nameA":""},{"lang":"hi-IN","name":"किसका","nameA":""},{"lang":"th-TH","name":"ของใคร","nameA":""},{"lang":"tr-TR","name":"Kimin","nameA":""},{"lang":"pt-BR","name":"De quem","nameA":""},{"lang":"de-DE","name":"Wessen","nameA":""},{"lang":"id-ID","name":"Milik siapa","nameA":""},{"lang":"fr-FR","name":"À qui","nameA":""}]}]}