{"name":"Alphabet","isRandom":true,"isBlur":true,"isUpper":true,"isByWords":false,"isForAdult":false,"separator":"","numWords":27,"Translations":[{"lang":"ru-RU","name":"Алфавит"}],"items":[{"id":0,"name":"Alphabet","transcription":"[ˈælfəbet]","image":"/img/dict/abc/abc.png","bg":"transparent","translates":[{"lang":"ru-RU","name":"Алфавит"},{"lang":"vi-VN","name":"Bảng chữ cái"},{"lang":"zh-CN","name":"字母表"},{"lang":"hi-IN","name":"वर्णमाला"},{"lang":"th-TH","name":"ตัวอักษร"},{"lang":"tr-TR","name":"Alfabe"},{"lang":"pt-BR","name":"Alfabeto"},{"lang":"de-DE","name":"Alphabet"},{"lang":"id-ID","name":"Alfabet"},{"lang":"fr-FR","name":"Alphabet"}]},{"id":0,"name":"A","transcription":"[eɪ]","image":"/img/dict/abc/a.png","bg":"transparent","translates":[]},{"id":0,"name":"b","transcription":"[biː]","image":"/img/dict/abc/b.png","bg":"transparent","translates":[]},{"id":0,"name":"c","transcription":"[siː]","image":"/img/dict/abc/c.png","bg":"transparent","translates":[]},{"id":0,"name":"d","transcription":"[diː]","image":"/img/dict/abc/d.png","bg":"transparent","translates":[]},{"id":0,"name":"e","transcription":"[iː]","image":"/img/dict/abc/e.png","bg":"transparent","translates":[]},{"id":0,"name":"f","transcription":"[ef]","image":"/img/dict/abc/f.png","bg":"transparent","translates":[]},{"id":0,"name":"g","transcription":"[dʒiː]","image":"/img/dict/abc/g.png","bg":"transparent","translates":[]},{"id":0,"name":"h","transcription":"[eɪtʃ]","image":"/img/dict/abc/h.png","bg":"transparent","translates":[]},{"id":0,"name":"i","transcription":"[aɪ]","image":"/img/dict/abc/i.png","bg":"transparent","translates":[]},{"id":0,"name":"j","transcription":"[dʒeɪ]","image":"/img/dict/abc/j.png","bg":"transparent","translates":[]},{"id":0,"name":"k","transcription":"[keɪ]","image":"/img/dict/abc/k.png","bg":"transparent","translates":[]},{"id":0,"name":"l","transcription":"[el]","image":"/img/dict/abc/l.png","bg":"transparent","translates":[]},{"id":0,"name":"m","transcription":"[em]","image":"/img/dict/abc/m.png","bg":"transparent","translates":[]},{"id":0,"name":"n","transcription":"[en]","image":"/img/dict/abc/n.png","bg":"transparent","translates":[]},{"id":0,"name":"o","transcription":"[əʊ]","image":"/img/dict/abc/o.png","bg":"transparent","translates":[]},{"id":0,"name":"p","transcription":"[piː]","image":"/img/dict/abc/p.png","bg":"transparent","translates":[]},{"id":0,"name":"q","transcription":"[kjuː]","image":"/img/dict/abc/q.png","bg":"transparent","translates":[]},{"id":0,"name":"r","transcription":"[ɑːr]","image":"/img/dict/abc/r.png","bg":"transparent","translates":[]},{"id":0,"name":"s","transcription":"[es]","image":"/img/dict/abc/s.png","bg":"transparent","translates":[]},{"id":0,"name":"t","transcription":"[tiː]","image":"/img/dict/abc/t.png","bg":"transparent","translates":[]},{"id":0,"name":"u","transcription":"[juː]","image":"/img/dict/abc/u.png","bg":"transparent","translates":[]},{"id":0,"name":"v","transcription":"[viː]","image":"/img/dict/abc/v.png","bg":"transparent","translates":[]},{"id":0,"name":"w","transcription":"[ˈdʌbljuː]","image":"/img/dict/abc/w.png","bg":"transparent","translates":[]},{"id":0,"name":"x","transcription":"[eks]","image":"/img/dict/abc/x.png","bg":"transparent","translates":[]},{"id":0,"name":"y","transcription":"[waɪ]","image":"/img/dict/abc/y.png","bg":"transparent","translates":[]},{"id":0,"name":"z","transcription":"[ziː]","image":"/img/dict/abc/z.png","bg":"transparent","translates":[]}]}