{"name":"Phonics /z/","nameA":"","img":"","isRandom":false,"isBlur":false,"isUpper":true,"isByWords":false,"isForAdult":false,"separator":"","numWords":25,"Translations":[{"lang":"ru-RU","name":"Алфавит","nameA":""},{"lang":"vi-VN","name":"Âm /z/","nameA":""},{"lang":"zh-CN","name":"语音 /z/","nameA":""},{"lang":"hi-IN","name":"ध्वनि /z/","nameA":""},{"lang":"th-TH","name":"เสียง /z/","nameA":""},{"lang":"tr-TR","name":"Ses /z/","nameA":""},{"lang":"pt-BR","name":"Fonética /z/","nameA":""},{"lang":"de-DE","name":"Phonik /z/","nameA":""},{"lang":"id-ID","name":"Fonik /z/","nameA":""},{"lang":"fr-FR","name":"Phonétique /z/","nameA":""}],"items":[{"id":0,"name":"zap","transcription":"[zæp]","nameA":"","image":" ","bg":"transparent","nameAnswer":"","translates":[{"lang":"ru-RU","name":"Удар","nameA":""},{"lang":"vi-VN","name":"Đánh","nameA":""},{"lang":"zh-CN","name":"击打","nameA":""},{"lang":"hi-IN","name":"प्रहार","nameA":""},{"lang":"th-TH","name":"ตี","nameA":""},{"lang":"tr-TR","name":"Vuruş","nameA":""},{"lang":"pt-BR","name":"Golpe","nameA":""},{"lang":"de-DE","name":"Schlag","nameA":""},{"lang":"id-ID","name":"Pukulan","nameA":""},{"lang":"fr-FR","name":"Coup","nameA":""}]},{"id":0,"name":"zebra","transcription":"[ˈziːbrə]","nameA":"","image":"/img/dict/animals/zebra.png","bg":"transparent","nameAnswer":"","translates":[{"lang":"ru-RU","name":"Зебра","nameA":""},{"lang":"vi-VN","name":"Ngựa vằn","nameA":""},{"lang":"zh-CN","name":"斑马","nameA":""},{"lang":"hi-IN","name":"ज़ेबरा","nameA":""},{"lang":"th-TH","name":"ม้าลาย","nameA":""},{"lang":"tr-TR","name":"Zebra","nameA":""},{"lang":"pt-BR","name":"Zebra","nameA":""},{"lang":"de-DE","name":"Zebra","nameA":""},{"lang":"id-ID","name":"Zebra","nameA":""},{"lang":"fr-FR","name":"Zèbre","nameA":""}]},{"id":0,"name":"zero","transcription":"[ˈzɪrəʊ]","nameA":"","image":"/img/dict/numbers/0.png","bg":"transparent","nameAnswer":"","translates":[{"lang":"ru-RU","name":"Ноль","nameA":""},{"lang":"vi-VN","name":"Số không","nameA":""},{"lang":"zh-CN","name":"零","nameA":""},{"lang":"hi-IN","name":"शून्य","nameA":""},{"lang":"th-TH","name":"ศูนย์","nameA":""},{"lang":"tr-TR","name":"Sıfır","nameA":""},{"lang":"pt-BR","name":"Zero","nameA":""},{"lang":"de-DE","name":"Null","nameA":""},{"lang":"id-ID","name":"Nol","nameA":""},{"lang":"fr-FR","name":"Zéro","nameA":""}]},{"id":0,"name":"zest","transcription":"[zɛst]","nameA":"","image":" ","bg":"transparent","nameAnswer":"","translates":[{"lang":"ru-RU","name":"Энтузиазм","nameA":""},{"lang":"vi-VN","name":"Hăng hái","nameA":""},{"lang":"zh-CN","name":"热情","nameA":""},{"lang":"hi-IN","name":"उत्साह","nameA":""},{"lang":"th-TH","name":"ความกระตือรือร้น","nameA":""},{"lang":"tr-TR","name":"Heves","nameA":""},{"lang":"pt-BR","name":"Entusiasmo","nameA":""},{"lang":"de-DE","name":"Begeisterung","nameA":""},{"lang":"id-ID","name":"Semangat","nameA":""},{"lang":"fr-FR","name":"Entrain","nameA":""}]},{"id":0,"name":"zip","transcription":"[zɪp]","nameA":"","image":" ","bg":"transparent","nameAnswer":"","translates":[{"lang":"ru-RU","name":"Молния","nameA":""},{"lang":"vi-VN","name":"Khóa kéo","nameA":""},{"lang":"zh-CN","name":"拉链","nameA":""},{"lang":"hi-IN","name":"ज़िप","nameA":""},{"lang":"th-TH","name":"ซิป","nameA":""},{"lang":"tr-TR","name":"Fermuar","nameA":""},{"lang":"pt-BR","name":"Zíper","nameA":""},{"lang":"de-DE","name":"Reißverschluss","nameA":""},{"lang":"id-ID","name":"Ritsleting","nameA":""},{"lang":"fr-FR","name":"Fermeture éclair","nameA":""}]},{"id":0,"name":"zoo","transcription":"[zuː]","nameA":"","image":"/img/dict/animals/zoo.png","bg":"transparent","nameAnswer":"","translates":[{"lang":"ru-RU","name":"Зоопарк","nameA":""},{"lang":"vi-VN","name":"Sở thú","nameA":""},{"lang":"zh-CN","name":"动物园","nameA":""},{"lang":"hi-IN","name":"चिड़ियाघर","nameA":""},{"lang":"th-TH","name":"สวนสัตว์","nameA":""},{"lang":"tr-TR","name":"Hayvanat bahçesi","nameA":""},{"lang":"pt-BR","name":"Zoológico","nameA":""},{"lang":"de-DE","name":"Zoo","nameA":""},{"lang":"id-ID","name":"Kebun binatang","nameA":""},{"lang":"fr-FR","name":"Zoo","nameA":""}]},{"id":0,"name":"zoom","transcription":"[zuːm]","nameA":"","image":" ","bg":"transparent","nameAnswer":"","translates":[{"lang":"ru-RU","name":"Увеличение","nameA":""},{"lang":"vi-VN","name":"Phóng to","nameA":""},{"lang":"zh-CN","name":"缩放","nameA":""},{"lang":"hi-IN","name":"ज़ूम","nameA":""},{"lang":"th-TH","name":"ซูม","nameA":""},{"lang":"tr-TR","name":"Yakınlaştırma","nameA":""},{"lang":"pt-BR","name":"Zoom","nameA":""},{"lang":"de-DE","name":"Zoom","nameA":""},{"lang":"id-ID","name":"Perbesar","nameA":""},{"lang":"fr-FR","name":"Zoom","nameA":""}]},{"id":0,"name":"buzz","transcription":"[bʌz]","nameA":"","image":" ","bg":"transparent","nameAnswer":"","translates":[{"lang":"ru-RU","name":"Жужжание","nameA":""},{"lang":"vi-VN","name":"Tiếng vo ve","nameA":""},{"lang":"zh-CN","name":"嗡嗡声","nameA":""},{"lang":"hi-IN","name":"गुंजन","nameA":""},{"lang":"th-TH","name":"เสียงหึ่ง","nameA":""},{"lang":"tr-TR","name":"Vızıltı","nameA":""},{"lang":"pt-BR","name":"Zumbido","nameA":""},{"lang":"de-DE","name":"Summen","nameA":""},{"lang":"id-ID","name":"Dengung","nameA":""},{"lang":"fr-FR","name":"Bourdonnement","nameA":""}]},{"id":0,"name":"dazzle","transcription":"[ˈdæzəl]","nameA":"","image":" ","bg":"transparent","nameAnswer":"","translates":[{"lang":"ru-RU","name":"Ослеплять","nameA":""},{"lang":"vi-VN","name":"Lóa mắt","nameA":""},{"lang":"zh-CN","name":"耀眼","nameA":""},{"lang":"hi-IN","name":"चकाचौंध","nameA":""},{"lang":"th-TH","name":"แสบตา","nameA":""},{"lang":"tr-TR","name":"Göz kamaştırmak","nameA":""},{"lang":"pt-BR","name":"Ofuscar","nameA":""},{"lang":"de-DE","name":"Blenden","nameA":""},{"lang":"id-ID","name":"Menyilaukan","nameA":""},{"lang":"fr-FR","name":"Éblouir","nameA":""}]},{"id":0,"name":"fizzy","transcription":"[ˈfɪzi]","nameA":"","image":" ","bg":"transparent","nameAnswer":"","translates":[{"lang":"ru-RU","name":"Газированный","nameA":""},{"lang":"vi-VN","name":"Có ga","nameA":""},{"lang":"zh-CN","name":"起泡的","nameA":""},{"lang":"hi-IN","name":"फ़िज़ी","nameA":""},{"lang":"th-TH","name":"มีฟอง","nameA":""},{"lang":"tr-TR","name":"Gazlı","nameA":""},{"lang":"pt-BR","name":"Gaseificado","nameA":""},{"lang":"de-DE","name":"Sprudelnd","nameA":""},{"lang":"id-ID","name":"Bersoda","nameA":""},{"lang":"fr-FR","name":"Pétillant","nameA":""}]},{"id":0,"name":"puzzle","transcription":"[ˈpʌzəl]","nameA":"","image":"/img/dict/toys/puzzle.png","bg":"transparent","nameAnswer":"","translates":[{"lang":"ru-RU","name":"Головоломка","nameA":""},{"lang":"vi-VN","name":"Câu đố","nameA":""},{"lang":"zh-CN","name":"拼图","nameA":""},{"lang":"hi-IN","name":"पहेली","nameA":""},{"lang":"th-TH","name":"ปริศนา","nameA":""},{"lang":"tr-TR","name":"Bulmaca","nameA":""},{"lang":"pt-BR","name":"Quebra-cabeça","nameA":""},{"lang":"de-DE","name":"Puzzle","nameA":""},{"lang":"id-ID","name":"Teka-teki","nameA":""},{"lang":"fr-FR","name":"Puzzle","nameA":""}]},{"id":0,"name":"is","transcription":"[ɪz]","nameA":"","image":" ","bg":"transparent","nameAnswer":"","translates":[{"lang":"ru-RU","name":"Есть","nameA":""},{"lang":"vi-VN","name":"Là","nameA":""},{"lang":"zh-CN","name":"是","nameA":""},{"lang":"hi-IN","name":"है","nameA":""},{"lang":"th-TH","name":"คือ","nameA":""},{"lang":"tr-TR","name":"Dır","nameA":""},{"lang":"pt-BR","name":"É","nameA":""},{"lang":"de-DE","name":"Ist","nameA":""},{"lang":"id-ID","name":"Adalah","nameA":""},{"lang":"fr-FR","name":"Est","nameA":""}]},{"id":0,"name":"flies","transcription":"[flaɪz]","nameA":"","image":" ","bg":"transparent","nameAnswer":"","translates":[{"lang":"ru-RU","name":"Мухи","nameA":""},{"lang":"vi-VN","name":"Ruồi","nameA":""},{"lang":"zh-CN","name":"苍蝇","nameA":""},{"lang":"hi-IN","name":"मक्खियाँ","nameA":""},{"lang":"th-TH","name":"แมลงวัน","nameA":""},{"lang":"tr-TR","name":"Sinekler","nameA":""},{"lang":"pt-BR","name":"Moscas","nameA":""},{"lang":"de-DE","name":"Fliegen","nameA":""},{"lang":"id-ID","name":"Lalat","nameA":""},{"lang":"fr-FR","name":"Mouches","nameA":""}]},{"id":0,"name":"fries","transcription":"[fraɪz]","nameA":"","image":" ","bg":"transparent","nameAnswer":"","translates":[{"lang":"ru-RU","name":"Картофель фри","nameA":""},{"lang":"vi-VN","name":"Khoai tây chiên","nameA":""},{"lang":"zh-CN","name":"薯条","nameA":""},{"lang":"hi-IN","name":"फ्रेंच फ्राइज़","nameA":""},{"lang":"th-TH","name":"เฟรนช์ฟรายส์","nameA":""},{"lang":"tr-TR","name":"Patates kızartması","nameA":""},{"lang":"pt-BR","name":"Batatas fritas","nameA":""},{"lang":"de-DE","name":"Pommes","nameA":""},{"lang":"id-ID","name":"Kentang goreng","nameA":""},{"lang":"fr-FR","name":"Frites","nameA":""}]},{"id":0,"name":"peas","transcription":"[piːz]","nameA":"","image":"/img/dict/food/peas.png","bg":"transparent","nameAnswer":"","translates":[{"lang":"ru-RU","name":"Горох","nameA":""},{"lang":"vi-VN","name":"Đậu Hà Lan","nameA":""},{"lang":"zh-CN","name":"豌豆","nameA":""},{"lang":"hi-IN","name":"मटर","nameA":""},{"lang":"th-TH","name":"ถั่วลันเตา","nameA":""},{"lang":"tr-TR","name":"Bezelye","nameA":""},{"lang":"pt-BR","name":"Ervilhas","nameA":""},{"lang":"de-DE","name":"Erbsen","nameA":""},{"lang":"id-ID","name":"Kacang polong","nameA":""},{"lang":"fr-FR","name":"Pois","nameA":""}]},{"id":0,"name":"cheese","transcription":"[tʃiːz]","nameA":"","image":"/img/dict/food/cheese.png","bg":"transparent","nameAnswer":"","translates":[{"lang":"ru-RU","name":"Сыр","nameA":""},{"lang":"vi-VN","name":"Phô mai","nameA":""},{"lang":"zh-CN","name":"奶酪","nameA":""},{"lang":"hi-IN","name":"पनीर","nameA":""},{"lang":"th-TH","name":"ชีส","nameA":""},{"lang":"tr-TR","name":"Peynir","nameA":""},{"lang":"pt-BR","name":"Queijo","nameA":""},{"lang":"de-DE","name":"Käse","nameA":""},{"lang":"id-ID","name":"Keju","nameA":""},{"lang":"fr-FR","name":"Fromage","nameA":""}]},{"id":0,"name":"ease","transcription":"[iːz]","nameA":"","image":" ","bg":"transparent","nameAnswer":"","translates":[{"lang":"ru-RU","name":"Легкость","nameA":""},{"lang":"vi-VN","name":"Dễ dàng","nameA":""},{"lang":"zh-CN","name":"轻松","nameA":""},{"lang":"hi-IN","name":"आसानी","nameA":""},{"lang":"th-TH","name":"ความสะดวก","nameA":""},{"lang":"tr-TR","name":"Kolaylık","nameA":""},{"lang":"pt-BR","name":"Facilidade","nameA":""},{"lang":"de-DE","name":"Leichtigkeit","nameA":""},{"lang":"id-ID","name":"Kemudahan","nameA":""},{"lang":"fr-FR","name":"Facilité","nameA":""}]},{"id":0,"name":"easy","transcription":"[ˈiːzi]","nameA":"","image":" ","bg":"transparent","nameAnswer":"","translates":[{"lang":"ru-RU","name":"Легкий","nameA":""},{"lang":"vi-VN","name":"Dễ dàng","nameA":""},{"lang":"zh-CN","name":"容易的","nameA":""},{"lang":"hi-IN","name":"आसान","nameA":""},{"lang":"th-TH","name":"ง่าย","nameA":""},{"lang":"tr-TR","name":"Kolay","nameA":""},{"lang":"pt-BR","name":"Fácil","nameA":""},{"lang":"de-DE","name":"Einfach","nameA":""},{"lang":"id-ID","name":"Mudah","nameA":""},{"lang":"fr-FR","name":"Facile","nameA":""}]},{"id":0,"name":"please","transcription":"[pliːz]","nameA":"","image":" ","bg":"transparent","nameAnswer":"","translates":[{"lang":"ru-RU","name":"Пожалуйста","nameA":""},{"lang":"vi-VN","name":"Làm ơn","nameA":""},{"lang":"zh-CN","name":"请","nameA":""},{"lang":"hi-IN","name":"कृपया","nameA":""},{"lang":"th-TH","name":"โปรด","nameA":""},{"lang":"tr-TR","name":"Lütfen","nameA":""},{"lang":"pt-BR","name":"Por favor","nameA":""},{"lang":"de-DE","name":"Bitte","nameA":""},{"lang":"id-ID","name":"Tolong","nameA":""},{"lang":"fr-FR","name":"S\u0027il vous plaît","nameA":""}]},{"id":0,"name":"tease","transcription":"[tiːz]","nameA":"","image":" ","bg":"transparent","nameAnswer":"","translates":[{"lang":"ru-RU","name":"Дразнить","nameA":""},{"lang":"vi-VN","name":"Trêu chọc","nameA":""},{"lang":"zh-CN","name":"戏弄","nameA":""},{"lang":"hi-IN","name":"चिढ़ाना","nameA":""},{"lang":"th-TH","name":"หยอกล้อ","nameA":""},{"lang":"tr-TR","name":"Takılmak","nameA":""},{"lang":"pt-BR","name":"Provocar","nameA":""},{"lang":"de-DE","name":"Necken","nameA":""},{"lang":"id-ID","name":"Menggoda","nameA":""},{"lang":"fr-FR","name":"Taquiner","nameA":""}]},{"id":0,"name":"breeze","transcription":"[briːz]","nameA":"","image":" ","bg":"transparent","nameAnswer":"","translates":[{"lang":"ru-RU","name":"Легкий ветерок","nameA":""},{"lang":"vi-VN","name":"Gió nhẹ","nameA":""},{"lang":"zh-CN","name":"微风","nameA":""},{"lang":"hi-IN","name":"हवा","nameA":""},{"lang":"th-TH","name":"ลมเบาๆ","nameA":""},{"lang":"tr-TR","name":"Esinti","nameA":""},{"lang":"pt-BR","name":"Brisa","nameA":""},{"lang":"de-DE","name":"Brise","nameA":""},{"lang":"id-ID","name":"Angin sepoi","nameA":""},{"lang":"fr-FR","name":"Brise","nameA":""}]},{"id":0,"name":"freeze","transcription":"[friːz]","nameA":"","image":" ","bg":"transparent","nameAnswer":"","translates":[{"lang":"ru-RU","name":"Замораживать","nameA":""},{"lang":"vi-VN","name":"Đóng băng","nameA":""},{"lang":"zh-CN","name":"冻结","nameA":""},{"lang":"hi-IN","name":"जमना","nameA":""},{"lang":"th-TH","name":"แช่แข็ง","nameA":""},{"lang":"tr-TR","name":"Dondurmak","nameA":""},{"lang":"pt-BR","name":"Congelar","nameA":""},{"lang":"de-DE","name":"Einfrieren","nameA":""},{"lang":"id-ID","name":"Membeku","nameA":""},{"lang":"fr-FR","name":"Geler","nameA":""}]},{"id":0,"name":"sneeze","transcription":"[sniːz]","nameA":"","image":" ","bg":"transparent","nameAnswer":"","translates":[{"lang":"ru-RU","name":"Чихнуть","nameA":""},{"lang":"vi-VN","name":"Hắt hơi","nameA":""},{"lang":"zh-CN","name":"打喷嚏","nameA":""},{"lang":"hi-IN","name":"छींक","nameA":""},{"lang":"th-TH","name":"จาม","nameA":""},{"lang":"tr-TR","name":"Hapşırmak","nameA":""},{"lang":"pt-BR","name":"Espirrar","nameA":""},{"lang":"de-DE","name":"Niesen","nameA":""},{"lang":"id-ID","name":"Bersin","nameA":""},{"lang":"fr-FR","name":"Éternuer","nameA":""}]},{"id":0,"name":"wheeze","transcription":"[wiːz]","nameA":"","image":" ","bg":"transparent","nameAnswer":"","translates":[{"lang":"ru-RU","name":"Хрипеть","nameA":""},{"lang":"vi-VN","name":"Thở khò khè","nameA":""},{"lang":"zh-CN","name":"喘息","nameA":""},{"lang":"hi-IN","name":"घरघराहट","nameA":""},{"lang":"th-TH","name":"หายใจมีเสียงหวีด","nameA":""},{"lang":"tr-TR","name":"Hırıltı","nameA":""},{"lang":"pt-BR","name":"Chiado","nameA":""},{"lang":"de-DE","name":"Keuchen","nameA":""},{"lang":"id-ID","name":"Mengi","nameA":""},{"lang":"fr-FR","name":"Sifflement","nameA":""}]},{"id":0,"name":"quiz","transcription":"[kwɪz]","nameA":"","image":" ","bg":"transparent","nameAnswer":"","translates":[{"lang":"ru-RU","name":"Викторина","nameA":""},{"lang":"vi-VN","name":"Câu đố","nameA":""},{"lang":"zh-CN","name":"测验","nameA":""},{"lang":"hi-IN","name":"प्रश्नोत्तरी","nameA":""},{"lang":"th-TH","name":"แบบทดสอบ","nameA":""},{"lang":"tr-TR","name":"Test","nameA":""},{"lang":"pt-BR","name":"Quiz","nameA":""},{"lang":"de-DE","name":"Quiz","nameA":""},{"lang":"id-ID","name":"Kuis","nameA":""},{"lang":"fr-FR","name":"Quiz","nameA":""}]}]}