{"name":"Food","isRandom":true,"isBlur":true,"isUpper":true,"isByWords":false,"isForAdult":false,"separator":"","numWords":10,"Translations":[{"lang":"ru-RU","name":"Еда"},{"lang":"vi-VN","name":"Thực phẩm"},{"lang":"zh-CN","name":"食物"},{"lang":"hi-IN","name":"भोजन"},{"lang":"th-TH","name":"อาหาร"},{"lang":"tr-TR","name":"Yiyecek"},{"lang":"pt-BR","name":"Comida"},{"lang":"de-DE","name":"Essen"},{"lang":"id-ID","name":"Makanan"},{"lang":"fr-FR","name":"Nourriture"}],"items":[{"id":0,"name":"food","transcription":"[fuːd]","image":"/img/dict/food/food.png","translates":[{"lang":"ru-RU","name":"еда"},{"lang":"vi-VN","name":"Thực phẩm"},{"lang":"zh-CN","name":"食物"},{"lang":"hi-IN","name":"भोजन"},{"lang":"th-TH","name":"อาหาร"},{"lang":"tr-TR","name":"Yiyecek"},{"lang":"pt-BR","name":"Comida"},{"lang":"de-DE","name":"Essen"},{"lang":"id-ID","name":"Makanan"},{"lang":"fr-FR","name":"Nourriture"}]},{"id":0,"name":"chicken","transcription":"[ˈtʃɪkɪn]","image":"/img/dict/food/chicken.png","translates":[{"lang":"ru-RU","name":"курица"},{"lang":"vi-VN","name":"Gà"},{"lang":"zh-CN","name":"鸡肉"},{"lang":"hi-IN","name":"मुर्गी"},{"lang":"th-TH","name":"ไก่"},{"lang":"tr-TR","name":"Tavuk"},{"lang":"pt-BR","name":"Frango"},{"lang":"de-DE","name":"Huhn"},{"lang":"id-ID","name":"Ayam"},{"lang":"fr-FR","name":"Poulet"}]},{"id":6,"name":"egg","transcription":"[eɡ]","image":"/img/dict/food/egg.png","translates":[{"lang":"ru-RU","name":"яйцо"},{"lang":"vi-VN","name":"Trứng"},{"lang":"zh-CN","name":"鸡蛋"},{"lang":"hi-IN","name":"अंडा"},{"lang":"th-TH","name":"ไข่"},{"lang":"tr-TR","name":"Yumurta"},{"lang":"pt-BR","name":"Ovo"},{"lang":"de-DE","name":"Ei"},{"lang":"id-ID","name":"Telur"},{"lang":"fr-FR","name":"Œuf"}]},{"id":7,"name":"fish","transcription":"[fɪʃ]","image":"/img/dict/food/fish.png","translates":[{"lang":"ru-RU","name":"рыба"},{"lang":"vi-VN","name":"Cá"},{"lang":"zh-CN","name":"鱼"},{"lang":"hi-IN","name":"मछली"},{"lang":"th-TH","name":"ปลา"},{"lang":"tr-TR","name":"Balık"},{"lang":"pt-BR","name":"Peixe"},{"lang":"de-DE","name":"Fisch"},{"lang":"id-ID","name":"Ikan"},{"lang":"fr-FR","name":"Poisson"}]},{"id":8,"name":"bacon","transcription":"[ˈbeɪkən]","image":"/img/dict/food/bacon.png","translates":[{"lang":"ru-RU","name":"бекон"},{"lang":"vi-VN","name":"Thịt xông khói"},{"lang":"zh-CN","name":"培根"},{"lang":"hi-IN","name":"बेकन"},{"lang":"th-TH","name":"เบคอน"},{"lang":"tr-TR","name":"Pastırma"},{"lang":"pt-BR","name":"Bacon"},{"lang":"de-DE","name":"Speck"},{"lang":"id-ID","name":"Bacon"},{"lang":"fr-FR","name":"Bacon"}]},{"id":17,"name":"meat","transcription":"[miːt]","image":"/img/dict/food/meat.png","translates":[{"lang":"ru-RU","name":"мясо"},{"lang":"vi-VN","name":"Thịt"},{"lang":"zh-CN","name":"肉"},{"lang":"hi-IN","name":"मांस"},{"lang":"th-TH","name":"เนื้อ"},{"lang":"tr-TR","name":"Et"},{"lang":"pt-BR","name":"Carne"},{"lang":"de-DE","name":"Fleisch"},{"lang":"id-ID","name":"Daging"},{"lang":"fr-FR","name":"Viande"}]},{"id":18,"name":"hamburger","transcription":"[ˈhæmbɜːrɡər]","image":"/img/dict/food/hamburger.png","translates":[{"lang":"ru-RU","name":"гамбургер"},{"lang":"vi-VN","name":"Hamburger"},{"lang":"zh-CN","name":"汉堡"},{"lang":"hi-IN","name":"हैमबर्गर"},{"lang":"th-TH","name":"แฮมเบอร์เกอร์"},{"lang":"tr-TR","name":"Hamburger"},{"lang":"pt-BR","name":"Hambúrguer"},{"lang":"de-DE","name":"Hamburger"},{"lang":"id-ID","name":"Hamburger"},{"lang":"fr-FR","name":"Hamburger"}]},{"id":19,"name":"pizza","transcription":"[ˈpiːtsə]","image":"/img/dict/food/pizza.png","translates":[{"lang":"ru-RU","name":"пицца"},{"lang":"vi-VN","name":"Pizza"},{"lang":"zh-CN","name":"披萨"},{"lang":"hi-IN","name":"पिज़्ज़ा"},{"lang":"th-TH","name":"พิซซ่า"},{"lang":"tr-TR","name":"Pizza"},{"lang":"pt-BR","name":"Pizza"},{"lang":"de-DE","name":"Pizza"},{"lang":"id-ID","name":"Pizza"},{"lang":"fr-FR","name":"Pizza"}]},{"id":20,"name":"french fries","transcription":"[frentʃ fraɪz]","image":"/img/dict/food/frenchfries.png","translates":[{"lang":"ru-RU","name":"картофель фри"},{"lang":"vi-VN","name":"Khoai tây chiên"},{"lang":"zh-CN","name":"薯条"},{"lang":"hi-IN","name":"फ्रेंच फ्राइज़"},{"lang":"th-TH","name":"เฟรนช์ฟรายส์"},{"lang":"tr-TR","name":"Patates kızartması"},{"lang":"pt-BR","name":"Batata frita"},{"lang":"de-DE","name":"Pommes frites"},{"lang":"id-ID","name":"Kentang goreng"},{"lang":"fr-FR","name":"Frites"}]},{"id":21,"name":"sandwich","transcription":"[ˈsænwɪtʃ]","image":"/img/dict/food/sandwich.png","translates":[{"lang":"ru-RU","name":"бутерброд"},{"lang":"vi-VN","name":"Bánh mì kẹp"},{"lang":"zh-CN","name":"三明治"},{"lang":"hi-IN","name":"सैंडविच"},{"lang":"th-TH","name":"แซนด์วิช"},{"lang":"tr-TR","name":"Sandviç"},{"lang":"pt-BR","name":"Sanduíche"},{"lang":"de-DE","name":"Sandwich"},{"lang":"id-ID","name":"Roti lapis"},{"lang":"fr-FR","name":"Sandwich"}]}]}