{"name":"Phonics /m/","isRandom":true,"isBlur":true,"isUpper":true,"isByWords":false,"isForAdult":false,"separator":"","numWords":76,"Translations":[{"lang":"ru-RU","name":"Алфавит"},{"lang":"vi-VN","name":"Ngữ âm /m/"},{"lang":"zh-CN","name":"自然拼读 /m/"},{"lang":"hi-IN","name":"ध्वनि विज्ञान /m/"},{"lang":"th-TH","name":"โฟนิกส์ /m/"},{"lang":"tr-TR","name":"Fonetik /m/"},{"lang":"pt-BR","name":"Fônica /m/"},{"lang":"de-DE","name":"Phonik /m/"},{"lang":"id-ID","name":"Fonik /m/"},{"lang":"fr-FR","name":"Phonétique /m/"}],"items":[{"id":0,"name":"machine","transcription":"[məˈʃiːn]","image":" ","translates":[{"lang":"ru-RU","name":"Машина"},{"lang":"vi-VN","name":"Máy"},{"lang":"zh-CN","name":"机器"},{"lang":"hi-IN","name":"मशीन"},{"lang":"th-TH","name":"เครื่องจักร"},{"lang":"tr-TR","name":"Makine"},{"lang":"pt-BR","name":"Máquina"},{"lang":"de-DE","name":"Maschine"},{"lang":"id-ID","name":"Mesin"},{"lang":"fr-FR","name":"Machine"}]},{"id":1,"name":"magazine","transcription":"[ˈmæɡəziːn]","image":"/img/dict/home/magazine.png","translates":[{"lang":"ru-RU","name":"Журнал"},{"lang":"vi-VN","name":"Tạp chí"},{"lang":"zh-CN","name":"杂志"},{"lang":"hi-IN","name":"पत्रिका"},{"lang":"th-TH","name":"นิตยสาร"},{"lang":"tr-TR","name":"Dergi"},{"lang":"pt-BR","name":"Revista"},{"lang":"de-DE","name":"Zeitschrift"},{"lang":"id-ID","name":"Majalah"},{"lang":"fr-FR","name":"Magazine"}]},{"id":2,"name":"magic","transcription":"[ˈmædʒɪk]","image":" ","translates":[{"lang":"ru-RU","name":"Магия"},{"lang":"vi-VN","name":"Ảo thuật"},{"lang":"zh-CN","name":"魔法"},{"lang":"hi-IN","name":"जादू"},{"lang":"th-TH","name":"เวทมนตร์"},{"lang":"tr-TR","name":"Büyü"},{"lang":"pt-BR","name":"Magia"},{"lang":"de-DE","name":"Magie"},{"lang":"id-ID","name":"Sihir"},{"lang":"fr-FR","name":"Magie"}]},{"id":3,"name":"magnet","transcription":"[ˈmæɡnɪt]","image":" ","translates":[{"lang":"ru-RU","name":"Магнит"},{"lang":"vi-VN","name":"Nam châm"},{"lang":"zh-CN","name":"磁铁"},{"lang":"hi-IN","name":"चुंबक"},{"lang":"th-TH","name":"แม่เหล็ก"},{"lang":"tr-TR","name":"Mıknatıs"},{"lang":"pt-BR","name":"Ímã"},{"lang":"de-DE","name":"Magnet"},{"lang":"id-ID","name":"Magnet"},{"lang":"fr-FR","name":"Aimant"}]},{"id":4,"name":"main","transcription":"[meɪn]","image":" ","translates":[{"lang":"ru-RU","name":"Главный"},{"lang":"vi-VN","name":"Chính"},{"lang":"zh-CN","name":"主要的"},{"lang":"hi-IN","name":"मुख्य"},{"lang":"th-TH","name":"หลัก"},{"lang":"tr-TR","name":"Ana"},{"lang":"pt-BR","name":"Principal"},{"lang":"de-DE","name":"Haupt"},{"lang":"id-ID","name":"Utama"},{"lang":"fr-FR","name":"Principal"}]},{"id":5,"name":"make","transcription":"[meɪk]","image":" ","translates":[{"lang":"ru-RU","name":"Делать"},{"lang":"vi-VN","name":"Làm"},{"lang":"zh-CN","name":"制作"},{"lang":"hi-IN","name":"बनाना"},{"lang":"th-TH","name":"ทำ"},{"lang":"tr-TR","name":"Yapmak"},{"lang":"pt-BR","name":"Fazer"},{"lang":"de-DE","name":"Machen"},{"lang":"id-ID","name":"Membuat"},{"lang":"fr-FR","name":"Faire"}]},{"id":6,"name":"man","transcription":"[mæn]","image":" ","translates":[{"lang":"ru-RU","name":"Мужчина"},{"lang":"vi-VN","name":"Đàn ông"},{"lang":"zh-CN","name":"男人"},{"lang":"hi-IN","name":"आदमी"},{"lang":"th-TH","name":"ผู้ชาย"},{"lang":"tr-TR","name":"Adam"},{"lang":"pt-BR","name":"Homem"},{"lang":"de-DE","name":"Mann"},{"lang":"id-ID","name":"Pria"},{"lang":"fr-FR","name":"Homme"}]},{"id":7,"name":"many","transcription":"[ˈmɛni]","image":" ","translates":[{"lang":"ru-RU","name":"Много"},{"lang":"vi-VN","name":"Nhiều"},{"lang":"zh-CN","name":"许多"},{"lang":"hi-IN","name":"बहुत"},{"lang":"th-TH","name":"มากมาย"},{"lang":"tr-TR","name":"Çok"},{"lang":"pt-BR","name":"Muitos"},{"lang":"de-DE","name":"Viele"},{"lang":"id-ID","name":"Banyak"},{"lang":"fr-FR","name":"Beaucoup"}]},{"id":8,"name":"map","transcription":"[mæp]","image":" ","translates":[{"lang":"ru-RU","name":"Карта"},{"lang":"vi-VN","name":"Bản đồ"},{"lang":"zh-CN","name":"地图"},{"lang":"hi-IN","name":"नक्शा"},{"lang":"th-TH","name":"แผนที่"},{"lang":"tr-TR","name":"Harita"},{"lang":"pt-BR","name":"Mapa"},{"lang":"de-DE","name":"Karte"},{"lang":"id-ID","name":"Peta"},{"lang":"fr-FR","name":"Carte"}]},{"id":9,"name":"mark","transcription":"[mɑːrk]","image":"/img/dict/classroom/mark.png","translates":[{"lang":"ru-RU","name":"Отметка"},{"lang":"vi-VN","name":"Đánh dấu"},{"lang":"zh-CN","name":"标记"},{"lang":"hi-IN","name":"निशान"},{"lang":"th-TH","name":"เครื่องหมาย"},{"lang":"tr-TR","name":"İşaret"},{"lang":"pt-BR","name":"Marca"},{"lang":"de-DE","name":"Markierung"},{"lang":"id-ID","name":"Tanda"},{"lang":"fr-FR","name":"Marque"}]},{"id":10,"name":"marry","transcription":"[ˈmæri]","image":" ","translates":[{"lang":"ru-RU","name":"Жениться"},{"lang":"vi-VN","name":"Kết hôn"},{"lang":"zh-CN","name":"结婚"},{"lang":"hi-IN","name":"शादी करना"},{"lang":"th-TH","name":"แต่งงาน"},{"lang":"tr-TR","name":"Evlenmek"},{"lang":"pt-BR","name":"Casar"},{"lang":"de-DE","name":"Heiraten"},{"lang":"id-ID","name":"Menikah"},{"lang":"fr-FR","name":"Se marier"}]},{"id":11,"name":"mask","transcription":"[mæsk]","image":" ","translates":[{"lang":"ru-RU","name":"Маска"},{"lang":"vi-VN","name":"Mặt nạ"},{"lang":"zh-CN","name":"面具"},{"lang":"hi-IN","name":"मुखौटा"},{"lang":"th-TH","name":"หน้ากาก"},{"lang":"tr-TR","name":"Maske"},{"lang":"pt-BR","name":"Máscara"},{"lang":"de-DE","name":"Maske"},{"lang":"id-ID","name":"Topeng"},{"lang":"fr-FR","name":"Masque"}]},{"id":12,"name":"mat","transcription":"[mæt]","image":"/img/dict/home/mat.png","translates":[{"lang":"ru-RU","name":"Коврик"},{"lang":"vi-VN","name":"Thảm"},{"lang":"zh-CN","name":"垫子"},{"lang":"hi-IN","name":"चटाई"},{"lang":"th-TH","name":"เสื่อ"},{"lang":"tr-TR","name":"Paspas"},{"lang":"pt-BR","name":"Tapete"},{"lang":"de-DE","name":"Matte"},{"lang":"id-ID","name":"Keset"},{"lang":"fr-FR","name":"Tapis"}]},{"id":13,"name":"match","transcription":"[mætʃ]","image":" ","translates":[{"lang":"ru-RU","name":"Спичка"},{"lang":"vi-VN","name":"Diêm"},{"lang":"zh-CN","name":"火柴"},{"lang":"hi-IN","name":"माचिस"},{"lang":"th-TH","name":"ไม้ขีดไฟ"},{"lang":"tr-TR","name":"Kibrit"},{"lang":"pt-BR","name":"Fósforo"},{"lang":"de-DE","name":"Streichholz"},{"lang":"id-ID","name":"Korek api"},{"lang":"fr-FR","name":"Allumette"}]},{"id":14,"name":"material","transcription":"[məˈtɪriəl]","image":" ","translates":[{"lang":"ru-RU","name":"Материал"},{"lang":"vi-VN","name":"Vật liệu"},{"lang":"zh-CN","name":"材料"},{"lang":"hi-IN","name":"सामग्री"},{"lang":"th-TH","name":"วัสดุ"},{"lang":"tr-TR","name":"Malzeme"},{"lang":"pt-BR","name":"Material"},{"lang":"de-DE","name":"Material"},{"lang":"id-ID","name":"Bahan"},{"lang":"fr-FR","name":"Matériau"}]},{"id":15,"name":"matter","transcription":"[ˈmætər]","image":" ","translates":[{"lang":"ru-RU","name":"Дело"},{"lang":"vi-VN","name":"Vấn đề"},{"lang":"zh-CN","name":"事情"},{"lang":"hi-IN","name":"मामला"},{"lang":"th-TH","name":"เรื่อง"},{"lang":"tr-TR","name":"Mesele"},{"lang":"pt-BR","name":"Assunto"},{"lang":"de-DE","name":"Angelegenheit"},{"lang":"id-ID","name":"Masalah"},{"lang":"fr-FR","name":"Affaire"}]},{"id":16,"name":"meal","transcription":"[miːl]","image":" ","translates":[{"lang":"ru-RU","name":"Еда"},{"lang":"vi-VN","name":"Bữa ăn"},{"lang":"zh-CN","name":"餐"},{"lang":"hi-IN","name":"भोजन"},{"lang":"th-TH","name":"อาหาร"},{"lang":"tr-TR","name":"Yemek"},{"lang":"pt-BR","name":"Refeição"},{"lang":"de-DE","name":"Mahlzeit"},{"lang":"id-ID","name":"Makanan"},{"lang":"fr-FR","name":"Repas"}]},{"id":17,"name":"mean","transcription":"[miːn]","image":" ","translates":[{"lang":"ru-RU","name":"Значить"},{"lang":"vi-VN","name":"Nghĩa là"},{"lang":"zh-CN","name":"意思是"},{"lang":"hi-IN","name":"मतलब"},{"lang":"th-TH","name":"หมายถึง"},{"lang":"tr-TR","name":"Anlamına gelmek"},{"lang":"pt-BR","name":"Significar"},{"lang":"de-DE","name":"Bedeuten"},{"lang":"id-ID","name":"Berarti"},{"lang":"fr-FR","name":"Signifier"}]},{"id":18,"name":"measure","transcription":"[ˈmɛʒər]","image":" ","translates":[{"lang":"ru-RU","name":"Измерять"},{"lang":"vi-VN","name":"Đo lường"},{"lang":"zh-CN","name":"测量"},{"lang":"hi-IN","name":"मापना"},{"lang":"th-TH","name":"วัด"},{"lang":"tr-TR","name":"Ölçmek"},{"lang":"pt-BR","name":"Medir"},{"lang":"de-DE","name":"Messen"},{"lang":"id-ID","name":"Mengukur"},{"lang":"fr-FR","name":"Mesurer"}]},{"id":19,"name":"meat","transcription":"[miːt]","image":"/img/dict/food/meat.png","translates":[{"lang":"ru-RU","name":"Мясо"},{"lang":"vi-VN","name":"Thịt"},{"lang":"zh-CN","name":"肉"},{"lang":"hi-IN","name":"मांस"},{"lang":"th-TH","name":"เนื้อ"},{"lang":"tr-TR","name":"Et"},{"lang":"pt-BR","name":"Carne"},{"lang":"de-DE","name":"Fleisch"},{"lang":"id-ID","name":"Daging"},{"lang":"fr-FR","name":"Viande"}]},{"id":20,"name":"medicine","transcription":"[ˈmɛdɪsɪn]","image":" ","translates":[{"lang":"ru-RU","name":"Лекарство"},{"lang":"vi-VN","name":"Thuốc"},{"lang":"zh-CN","name":"药"},{"lang":"hi-IN","name":"दवा"},{"lang":"th-TH","name":"ยา"},{"lang":"tr-TR","name":"İlaç"},{"lang":"pt-BR","name":"Remédio"},{"lang":"de-DE","name":"Medizin"},{"lang":"id-ID","name":"Obat"},{"lang":"fr-FR","name":"Médicament"}]},{"id":21,"name":"meet","transcription":"[miːt]","image":" ","translates":[{"lang":"ru-RU","name":"Встречать"},{"lang":"vi-VN","name":"Gặp"},{"lang":"zh-CN","name":"见面"},{"lang":"hi-IN","name":"मिलना"},{"lang":"th-TH","name":"พบ"},{"lang":"tr-TR","name":"Buluşmak"},{"lang":"pt-BR","name":"Encontrar"},{"lang":"de-DE","name":"Treffen"},{"lang":"id-ID","name":"Bertemu"},{"lang":"fr-FR","name":"Rencontrer"}]},{"id":22,"name":"melt","transcription":"[mɛlt]","image":" ","translates":[{"lang":"ru-RU","name":"Таять"},{"lang":"vi-VN","name":"Tan chảy"},{"lang":"zh-CN","name":"融化"},{"lang":"hi-IN","name":"पिघलना"},{"lang":"th-TH","name":"ละลาย"},{"lang":"tr-TR","name":"Erimek"},{"lang":"pt-BR","name":"Derreter"},{"lang":"de-DE","name":"Schmelzen"},{"lang":"id-ID","name":"Meleleh"},{"lang":"fr-FR","name":"Fondre"}]},{"id":23,"name":"mend","transcription":"[mɛnd]","image":" ","translates":[{"lang":"ru-RU","name":"Чинить"},{"lang":"vi-VN","name":"Sửa chữa"},{"lang":"zh-CN","name":"修理"},{"lang":"hi-IN","name":"मरम्मत करना"},{"lang":"th-TH","name":"ซ่อมแซม"},{"lang":"tr-TR","name":"Tamir etmek"},{"lang":"pt-BR","name":"Consertar"},{"lang":"de-DE","name":"Reparieren"},{"lang":"id-ID","name":"Memperbaiki"},{"lang":"fr-FR","name":"Réparer"}]},{"id":24,"name":"mess","transcription":"[mɛs]","image":" ","translates":[{"lang":"ru-RU","name":"Беспорядок"},{"lang":"vi-VN","name":"Bừa bộn"},{"lang":"zh-CN","name":"混乱"},{"lang":"hi-IN","name":"गड़बड़"},{"lang":"th-TH","name":"ความยุ่งเหยิง"},{"lang":"tr-TR","name":"Dağınıklık"},{"lang":"pt-BR","name":"Bagunça"},{"lang":"de-DE","name":"Unordnung"},{"lang":"id-ID","name":"Kekacauan"},{"lang":"fr-FR","name":"Désordre"}]},{"id":25,"name":"message","transcription":"[ˈmɛsɪdʒ]","image":" ","translates":[{"lang":"ru-RU","name":"Сообщение"},{"lang":"vi-VN","name":"Tin nhắn"},{"lang":"zh-CN","name":"消息"},{"lang":"hi-IN","name":"संदेश"},{"lang":"th-TH","name":"ข้อความ"},{"lang":"tr-TR","name":"Mesaj"},{"lang":"pt-BR","name":"Mensagem"},{"lang":"de-DE","name":"Nachricht"},{"lang":"id-ID","name":"Pesan"},{"lang":"fr-FR","name":"Message"}]},{"id":26,"name":"messy","transcription":"[ˈmɛsi]","image":" ","translates":[{"lang":"ru-RU","name":"Грязный"},{"lang":"vi-VN","name":"Bừa bộn"},{"lang":"zh-CN","name":"凌乱的"},{"lang":"hi-IN","name":"गंदा"},{"lang":"th-TH","name":"รก"},{"lang":"tr-TR","name":"Dağınık"},{"lang":"pt-BR","name":"Bagunçado"},{"lang":"de-DE","name":"Unordentlich"},{"lang":"id-ID","name":"Berantakan"},{"lang":"fr-FR","name":"Désordonné"}]},{"id":27,"name":"metal","transcription":"[ˈmɛtəl]","image":" ","translates":[{"lang":"ru-RU","name":"Металл"},{"lang":"vi-VN","name":"Kim loại"},{"lang":"zh-CN","name":"金属"},{"lang":"hi-IN","name":"धातु"},{"lang":"th-TH","name":"โลหะ"},{"lang":"tr-TR","name":"Metal"},{"lang":"pt-BR","name":"Metal"},{"lang":"de-DE","name":"Metall"},{"lang":"id-ID","name":"Logam"},{"lang":"fr-FR","name":"Métal"}]},{"id":28,"name":"midday","transcription":"[ˈmɪddeɪ]","image":" ","translates":[{"lang":"ru-RU","name":"Полдень"},{"lang":"vi-VN","name":"Giữa trưa"},{"lang":"zh-CN","name":"中午"},{"lang":"hi-IN","name":"दोपहर"},{"lang":"th-TH","name":"เที่ยงวัน"},{"lang":"tr-TR","name":"Öğle vakti"},{"lang":"pt-BR","name":"Meio-dia"},{"lang":"de-DE","name":"Mittag"},{"lang":"id-ID","name":"Siang hari"},{"lang":"fr-FR","name":"Midi"}]},{"id":29,"name":"middle","transcription":"[ˈmɪdəl]","image":" ","translates":[{"lang":"ru-RU","name":"Середина"},{"lang":"vi-VN","name":"Giữa"},{"lang":"zh-CN","name":"中间"},{"lang":"hi-IN","name":"मध्य"},{"lang":"th-TH","name":"กลาง"},{"lang":"tr-TR","name":"Orta"},{"lang":"pt-BR","name":"Meio"},{"lang":"de-DE","name":"Mitte"},{"lang":"id-ID","name":"Tengah"},{"lang":"fr-FR","name":"Milieu"}]},{"id":30,"name":"midnight","transcription":"[ˈmɪdnaɪt]","image":" ","translates":[{"lang":"ru-RU","name":"Полночь"},{"lang":"vi-VN","name":"Nửa đêm"},{"lang":"zh-CN","name":"午夜"},{"lang":"hi-IN","name":"आधी रात"},{"lang":"th-TH","name":"เที่ยงคืน"},{"lang":"tr-TR","name":"Gece yarısı"},{"lang":"pt-BR","name":"Meia-noite"},{"lang":"de-DE","name":"Mitternacht"},{"lang":"id-ID","name":"Tengah malam"},{"lang":"fr-FR","name":"Minuit"}]},{"id":31,"name":"milk","transcription":"[mɪlk]","image":"/img/dict/food/milk.png","translates":[{"lang":"ru-RU","name":"Молоко"},{"lang":"vi-VN","name":"Sữa"},{"lang":"zh-CN","name":"牛奶"},{"lang":"hi-IN","name":"दूध"},{"lang":"th-TH","name":"นม"},{"lang":"tr-TR","name":"Süt"},{"lang":"pt-BR","name":"Leite"},{"lang":"de-DE","name":"Milch"},{"lang":"id-ID","name":"Susu"},{"lang":"fr-FR","name":"Lait"}]},{"id":32,"name":"mind","transcription":"[maɪnd]","image":" ","translates":[{"lang":"ru-RU","name":"Ум"},{"lang":"vi-VN","name":"Tâm trí"},{"lang":"zh-CN","name":"头脑"},{"lang":"hi-IN","name":"दिमाग"},{"lang":"th-TH","name":"ใจ"},{"lang":"tr-TR","name":"Zihin"},{"lang":"pt-BR","name":"Mente"},{"lang":"de-DE","name":"Verstand"},{"lang":"id-ID","name":"Pikiran"},{"lang":"fr-FR","name":"Esprit"}]},{"id":33,"name":"mirror","transcription":"[ˈmɪrər]","image":"/img/dict/home/mirror.png","translates":[{"lang":"ru-RU","name":"Зеркало"},{"lang":"vi-VN","name":"Gương"},{"lang":"zh-CN","name":"镜子"},{"lang":"hi-IN","name":"आईना"},{"lang":"th-TH","name":"กระจก"},{"lang":"tr-TR","name":"Ayna"},{"lang":"pt-BR","name":"Espelho"},{"lang":"de-DE","name":"Spiegel"},{"lang":"id-ID","name":"Cermin"},{"lang":"fr-FR","name":"Miroir"}]},{"id":34,"name":"miss","transcription":"[mɪs]","image":"/img/dict/sports/miss.png","translates":[{"lang":"ru-RU","name":"Скучать"},{"lang":"vi-VN","name":"Nhớ"},{"lang":"zh-CN","name":"想念"},{"lang":"hi-IN","name":"याद आना"},{"lang":"th-TH","name":"คิดถึง"},{"lang":"tr-TR","name":"Özlemek"},{"lang":"pt-BR","name":"Saudade"},{"lang":"de-DE","name":"Vermissen"},{"lang":"id-ID","name":"Merindukan"},{"lang":"fr-FR","name":"Manquer"}]},{"id":35,"name":"mistake","transcription":"[mɪˈsteɪk]","image":" ","translates":[{"lang":"ru-RU","name":"Ошибка"},{"lang":"vi-VN","name":"Lỗi"},{"lang":"zh-CN","name":"错误"},{"lang":"hi-IN","name":"गलती"},{"lang":"th-TH","name":"ความผิดพลาด"},{"lang":"tr-TR","name":"Hata"},{"lang":"pt-BR","name":"Erro"},{"lang":"de-DE","name":"Fehler"},{"lang":"id-ID","name":"Kesalahan"},{"lang":"fr-FR","name":"Erreur"}]},{"id":36,"name":"mix","transcription":"[mɪks]","image":" ","translates":[{"lang":"ru-RU","name":"Смешивать"},{"lang":"vi-VN","name":"Trộn"},{"lang":"zh-CN","name":"混合"},{"lang":"hi-IN","name":"मिलाना"},{"lang":"th-TH","name":"ผสม"},{"lang":"tr-TR","name":"Karıştırmak"},{"lang":"pt-BR","name":"Misturar"},{"lang":"de-DE","name":"Mischen"},{"lang":"id-ID","name":"Mencampur"},{"lang":"fr-FR","name":"Mélanger"}]},{"id":37,"name":"mixture","transcription":"[ˈmɪkstʃər]","image":" ","translates":[{"lang":"ru-RU","name":"Смесь"},{"lang":"vi-VN","name":"Hỗn hợp"},{"lang":"zh-CN","name":"混合物"},{"lang":"hi-IN","name":"मिश्रण"},{"lang":"th-TH","name":"ส่วนผสม"},{"lang":"tr-TR","name":"Karışım"},{"lang":"pt-BR","name":"Mistura"},{"lang":"de-DE","name":"Mischung"},{"lang":"id-ID","name":"Campuran"},{"lang":"fr-FR","name":"Mélange"}]},{"id":38,"name":"model","transcription":"[ˈmɑːdəl]","image":" ","translates":[{"lang":"ru-RU","name":"Модель"},{"lang":"vi-VN","name":"Mô hình"},{"lang":"zh-CN","name":"模型"},{"lang":"hi-IN","name":"मॉडल"},{"lang":"th-TH","name":"แบบจำลอง"},{"lang":"tr-TR","name":"Model"},{"lang":"pt-BR","name":"Modelo"},{"lang":"de-DE","name":"Modell"},{"lang":"id-ID","name":"Model"},{"lang":"fr-FR","name":"Modèle"}]},{"id":39,"name":"mole","transcription":"[moʊl]","image":" ","translates":[{"lang":"ru-RU","name":"Крот"},{"lang":"vi-VN","name":"Chuột chũi"},{"lang":"zh-CN","name":"鼹鼠"},{"lang":"hi-IN","name":"छछूँदर"},{"lang":"th-TH","name":"ตัวตุ่น"},{"lang":"tr-TR","name":"Köstebek"},{"lang":"pt-BR","name":"Toupeira"},{"lang":"de-DE","name":"Maulwurf"},{"lang":"id-ID","name":"Tikus tanah"},{"lang":"fr-FR","name":"Taupe"}]},{"id":40,"name":"moment","transcription":"[ˈmoʊmənt]","image":" ","translates":[{"lang":"ru-RU","name":"Момент"},{"lang":"vi-VN","name":"Khoảnh khắc"},{"lang":"zh-CN","name":"时刻"},{"lang":"hi-IN","name":"पल"},{"lang":"th-TH","name":"ช่วงเวลา"},{"lang":"tr-TR","name":"An"},{"lang":"pt-BR","name":"Momento"},{"lang":"de-DE","name":"Moment"},{"lang":"id-ID","name":"Momen"},{"lang":"fr-FR","name":"Moment"}]},{"id":41,"name":"money","transcription":"[ˈmʌni]","image":" ","translates":[{"lang":"ru-RU","name":"Деньги"},{"lang":"vi-VN","name":"Tiền"},{"lang":"zh-CN","name":"钱"},{"lang":"hi-IN","name":"पैसा"},{"lang":"th-TH","name":"เงิน"},{"lang":"tr-TR","name":"Para"},{"lang":"pt-BR","name":"Dinheiro"},{"lang":"de-DE","name":"Geld"},{"lang":"id-ID","name":"Uang"},{"lang":"fr-FR","name":"Argent"}]},{"id":42,"name":"monkey","transcription":"[ˈmʌŋki]","image":"/img/dict/animals/monkey.png","translates":[{"lang":"ru-RU","name":"Обезьяна"},{"lang":"vi-VN","name":"Con khỉ"},{"lang":"zh-CN","name":"猴子"},{"lang":"hi-IN","name":"बंदर"},{"lang":"th-TH","name":"ลิง"},{"lang":"tr-TR","name":"Maymun"},{"lang":"pt-BR","name":"Macaco"},{"lang":"de-DE","name":"Affe"},{"lang":"id-ID","name":"Monyet"},{"lang":"fr-FR","name":"Singe"}]},{"id":43,"name":"monster","transcription":"[ˈmɑːnstər]","image":" ","translates":[{"lang":"ru-RU","name":"Монстр"},{"lang":"vi-VN","name":"Quái vật"},{"lang":"zh-CN","name":"怪物"},{"lang":"hi-IN","name":"राक्षस"},{"lang":"th-TH","name":"สัตว์ประหลาด"},{"lang":"tr-TR","name":"Canavar"},{"lang":"pt-BR","name":"Monstro"},{"lang":"de-DE","name":"Monster"},{"lang":"id-ID","name":"Monster"},{"lang":"fr-FR","name":"Monstre"}]},{"id":44,"name":"month","transcription":"[mʌnθ]","image":" ","translates":[{"lang":"ru-RU","name":"Месяц"},{"lang":"vi-VN","name":"Tháng"},{"lang":"zh-CN","name":"月"},{"lang":"hi-IN","name":"महीना"},{"lang":"th-TH","name":"เดือน"},{"lang":"tr-TR","name":"Ay"},{"lang":"pt-BR","name":"Mês"},{"lang":"de-DE","name":"Monat"},{"lang":"id-ID","name":"Bulan"},{"lang":"fr-FR","name":"Mois"}]},{"id":45,"name":"moon","transcription":"[muːn]","image":" ","translates":[{"lang":"ru-RU","name":"Луна"},{"lang":"vi-VN","name":"Mặt trăng"},{"lang":"zh-CN","name":"月亮"},{"lang":"hi-IN","name":"चंद्रमा"},{"lang":"th-TH","name":"ดวงจันทร์"},{"lang":"tr-TR","name":"Ay"},{"lang":"pt-BR","name":"Lua"},{"lang":"de-DE","name":"Mond"},{"lang":"id-ID","name":"Bulan"},{"lang":"fr-FR","name":"Lune"}]},{"id":46,"name":"morning","transcription":"[ˈmɔːrnɪŋ]","image":" ","translates":[{"lang":"ru-RU","name":"Утро"},{"lang":"vi-VN","name":"Buổi sáng"},{"lang":"zh-CN","name":"早晨"},{"lang":"hi-IN","name":"सुबह"},{"lang":"th-TH","name":"เช้า"},{"lang":"tr-TR","name":"Sabah"},{"lang":"pt-BR","name":"Manhã"},{"lang":"de-DE","name":"Morgen"},{"lang":"id-ID","name":"Pagi"},{"lang":"fr-FR","name":"Matin"}]},{"id":47,"name":"moth","transcription":"[mɔːθ]","image":"/img/dict/animals/moth.png","translates":[{"lang":"ru-RU","name":"Моль"},{"lang":"vi-VN","name":"Bướm đêm"},{"lang":"zh-CN","name":"蛾"},{"lang":"hi-IN","name":"पतंगा"},{"lang":"th-TH","name":"ผีเสื้อกลางคืน"},{"lang":"tr-TR","name":"Güve"},{"lang":"pt-BR","name":"Mariposa"},{"lang":"de-DE","name":"Motte"},{"lang":"id-ID","name":"Ngengat"},{"lang":"fr-FR","name":"Papillon de nuit"}]},{"id":48,"name":"mother","transcription":"[ˈmʌðər]","image":"/img/dict/family/mother.png","translates":[{"lang":"ru-RU","name":"Мать"},{"lang":"vi-VN","name":"Mẹ"},{"lang":"zh-CN","name":"母亲"},{"lang":"hi-IN","name":"माँ"},{"lang":"th-TH","name":"แม่"},{"lang":"tr-TR","name":"Anne"},{"lang":"pt-BR","name":"Mãe"},{"lang":"de-DE","name":"Mutter"},{"lang":"id-ID","name":"Ibu"},{"lang":"fr-FR","name":"Mère"}]},{"id":49,"name":"motorbike","transcription":"[ˈmoʊtərbaɪk]","image":" ","translates":[{"lang":"ru-RU","name":"Мотоцикл"},{"lang":"vi-VN","name":"Xe máy"},{"lang":"zh-CN","name":"摩托车"},{"lang":"hi-IN","name":"मोटरसाइकिल"},{"lang":"th-TH","name":"รถมอเตอร์ไซค์"},{"lang":"tr-TR","name":"Motosiklet"},{"lang":"pt-BR","name":"Motocicleta"},{"lang":"de-DE","name":"Motorrad"},{"lang":"id-ID","name":"Sepeda motor"},{"lang":"fr-FR","name":"Moto"}]},{"id":50,"name":"motorway","transcription":"[ˈmoʊtərweɪ]","image":" ","translates":[{"lang":"ru-RU","name":"Автострада"},{"lang":"vi-VN","name":"Đường cao tốc"},{"lang":"zh-CN","name":"高速公路"},{"lang":"hi-IN","name":"मोटरवे"},{"lang":"th-TH","name":"ทางด่วน"},{"lang":"tr-TR","name":"Otoyol"},{"lang":"pt-BR","name":"Rodovia"},{"lang":"de-DE","name":"Autobahn"},{"lang":"id-ID","name":"Jalan tol"},{"lang":"fr-FR","name":"Autoroute"}]},{"id":51,"name":"mountain","transcription":"[ˈmaʊntən]","image":" ","translates":[{"lang":"ru-RU","name":"Гора"},{"lang":"vi-VN","name":"Núi"},{"lang":"zh-CN","name":"山"},{"lang":"hi-IN","name":"पहाड़"},{"lang":"th-TH","name":"ภูเขา"},{"lang":"tr-TR","name":"Dağ"},{"lang":"pt-BR","name":"Montanha"},{"lang":"de-DE","name":"Berg"},{"lang":"id-ID","name":"Gunung"},{"lang":"fr-FR","name":"Montagne"}]},{"id":52,"name":"mouse","transcription":"[maʊs]","image":"/img/dict/animals/mouse.png","translates":[{"lang":"ru-RU","name":"Мышь"},{"lang":"vi-VN","name":"Chuột"},{"lang":"zh-CN","name":"老鼠"},{"lang":"hi-IN","name":"चूहा"},{"lang":"th-TH","name":"หนู"},{"lang":"tr-TR","name":"Fare"},{"lang":"pt-BR","name":"Rato"},{"lang":"de-DE","name":"Maus"},{"lang":"id-ID","name":"Tikus"},{"lang":"fr-FR","name":"Souris"}]},{"id":53,"name":"mouth","transcription":"[maʊθ]","image":"/img/dict/body/mouth.png","translates":[{"lang":"ru-RU","name":"Рот"},{"lang":"vi-VN","name":"Miệng"},{"lang":"zh-CN","name":"嘴"},{"lang":"hi-IN","name":"मुंह"},{"lang":"th-TH","name":"ปาก"},{"lang":"tr-TR","name":"Ağız"},{"lang":"pt-BR","name":"Boca"},{"lang":"de-DE","name":"Mund"},{"lang":"id-ID","name":"Mulut"},{"lang":"fr-FR","name":"Bouche"}]},{"id":54,"name":"move","transcription":"[muːv]","image":" ","translates":[{"lang":"ru-RU","name":"Двигаться"},{"lang":"vi-VN","name":"Di chuyển"},{"lang":"zh-CN","name":"移动"},{"lang":"hi-IN","name":"हिलना"},{"lang":"th-TH","name":"เคลื่อนไหว"},{"lang":"tr-TR","name":"Hareket etmek"},{"lang":"pt-BR","name":"Mover"},{"lang":"de-DE","name":"Bewegen"},{"lang":"id-ID","name":"Bergerak"},{"lang":"fr-FR","name":"Bouger"}]},{"id":55,"name":"mr","transcription":"[ˈmɪstər]","image":" ","translates":[{"lang":"ru-RU","name":"Мистер"},{"lang":"vi-VN","name":"Ông"},{"lang":"zh-CN","name":"先生"},{"lang":"hi-IN","name":"श्री"},{"lang":"th-TH","name":"นาย"},{"lang":"tr-TR","name":"Bay"},{"lang":"pt-BR","name":"Sr."},{"lang":"de-DE","name":"Herr"},{"lang":"id-ID","name":"Tuan"},{"lang":"fr-FR","name":"Monsieur"}]},{"id":56,"name":"mrs","transcription":"[ˈmɪsɪz]","image":" ","translates":[{"lang":"ru-RU","name":"Миссис"},{"lang":"vi-VN","name":"Bà"},{"lang":"zh-CN","name":"夫人"},{"lang":"hi-IN","name":"श्रीमती"},{"lang":"th-TH","name":"นาง"},{"lang":"tr-TR","name":"Bayan"},{"lang":"pt-BR","name":"Sra."},{"lang":"de-DE","name":"Frau"},{"lang":"id-ID","name":"Nyonya"},{"lang":"fr-FR","name":"Madame"}]},{"id":57,"name":"mud","transcription":"[mʌd]","image":" ","translates":[{"lang":"ru-RU","name":"Грязь"},{"lang":"vi-VN","name":"Bùn"},{"lang":"zh-CN","name":"泥"},{"lang":"hi-IN","name":"कीचड़"},{"lang":"th-TH","name":"โคลน"},{"lang":"tr-TR","name":"Çamur"},{"lang":"pt-BR","name":"Lama"},{"lang":"de-DE","name":"Schlamm"},{"lang":"id-ID","name":"Lumpur"},{"lang":"fr-FR","name":"Boue"}]},{"id":58,"name":"mug","transcription":"[mʌɡ]","image":"/img/dict/home/mug.png","translates":[{"lang":"ru-RU","name":"Кружка"},{"lang":"vi-VN","name":"Cốc"},{"lang":"zh-CN","name":"杯子"},{"lang":"hi-IN","name":"मग"},{"lang":"th-TH","name":"แก้ว"},{"lang":"tr-TR","name":"Kupa"},{"lang":"pt-BR","name":"Caneca"},{"lang":"de-DE","name":"Becher"},{"lang":"id-ID","name":"Cangkir"},{"lang":"fr-FR","name":"Tasse"}]},{"id":59,"name":"mum","transcription":"[mʌm]","image":" ","translates":[{"lang":"ru-RU","name":"Мама"},{"lang":"vi-VN","name":"Mẹ"},{"lang":"zh-CN","name":"妈妈"},{"lang":"hi-IN","name":"माँ"},{"lang":"th-TH","name":"แม่"},{"lang":"tr-TR","name":"Anne"},{"lang":"pt-BR","name":"Mãe"},{"lang":"de-DE","name":"Mama"},{"lang":"id-ID","name":"Ibu"},{"lang":"fr-FR","name":"Maman"}]},{"id":60,"name":"muscle","transcription":"[ˈmʌsəl]","image":" ","translates":[{"lang":"ru-RU","name":"Мышца"},{"lang":"vi-VN","name":"Cơ bắp"},{"lang":"zh-CN","name":"肌肉"},{"lang":"hi-IN","name":"मांसपेशी"},{"lang":"th-TH","name":"กล้ามเนื้อ"},{"lang":"tr-TR","name":"Kas"},{"lang":"pt-BR","name":"Músculo"},{"lang":"de-DE","name":"Muskel"},{"lang":"id-ID","name":"Otot"},{"lang":"fr-FR","name":"Muscle"}]},{"id":61,"name":"museum","transcription":"[mjuˈziːəm]","image":" ","translates":[{"lang":"ru-RU","name":"Музей"},{"lang":"vi-VN","name":"Bảo tàng"},{"lang":"zh-CN","name":"博物馆"},{"lang":"hi-IN","name":"संग्रहालय"},{"lang":"th-TH","name":"พิพิธภัณฑ์"},{"lang":"tr-TR","name":"Müze"},{"lang":"pt-BR","name":"Museu"},{"lang":"de-DE","name":"Museum"},{"lang":"id-ID","name":"Museum"},{"lang":"fr-FR","name":"Musée"}]},{"id":62,"name":"mushroom","transcription":"[ˈmʌʃruːm]","image":"/img/dict/food/mushroom.png","translates":[{"lang":"ru-RU","name":"Гриб"},{"lang":"vi-VN","name":"Nấm"},{"lang":"zh-CN","name":"蘑菇"},{"lang":"hi-IN","name":"मशरूम"},{"lang":"th-TH","name":"เห็ด"},{"lang":"tr-TR","name":"Mantar"},{"lang":"pt-BR","name":"Cogumelo"},{"lang":"de-DE","name":"Pilz"},{"lang":"id-ID","name":"Jamur"},{"lang":"fr-FR","name":"Champignon"}]},{"id":63,"name":"music","transcription":"[ˈmjuːzɪk]","image":" ","translates":[{"lang":"ru-RU","name":"Музыка"},{"lang":"vi-VN","name":"Âm nhạc"},{"lang":"zh-CN","name":"音乐"},{"lang":"hi-IN","name":"संगीत"},{"lang":"th-TH","name":"ดนตรี"},{"lang":"tr-TR","name":"Müzik"},{"lang":"pt-BR","name":"Música"},{"lang":"de-DE","name":"Musik"},{"lang":"id-ID","name":"Musik"},{"lang":"fr-FR","name":"Musique"}]},{"id":64,"name":"hammer","transcription":"[ˈhæmər]","image":" ","translates":[{"lang":"ru-RU","name":"Молоток"},{"lang":"vi-VN","name":"Búa"},{"lang":"zh-CN","name":"锤子"},{"lang":"hi-IN","name":"हथौड़ा"},{"lang":"th-TH","name":"ค้อน"},{"lang":"tr-TR","name":"Çekiç"},{"lang":"pt-BR","name":"Martelo"},{"lang":"de-DE","name":"Hammer"},{"lang":"id-ID","name":"Palu"},{"lang":"fr-FR","name":"Marteau"}]},{"id":65,"name":"mammoth","transcription":"[ˈmæməθ]","image":" ","translates":[{"lang":"ru-RU","name":"Мамонт"},{"lang":"vi-VN","name":"Voi ma mút"},{"lang":"zh-CN","name":"猛犸象"},{"lang":"hi-IN","name":"मैमथ"},{"lang":"th-TH","name":"แมมมอธ"},{"lang":"tr-TR","name":"Mamut"},{"lang":"pt-BR","name":"Mamute"},{"lang":"de-DE","name":"Mammut"},{"lang":"id-ID","name":"Mamut"},{"lang":"fr-FR","name":"Mammouth"}]},{"id":66,"name":"summer","transcription":"[ˈsʌmər]","image":" ","translates":[{"lang":"ru-RU","name":"Лето"},{"lang":"vi-VN","name":"Mùa hè"},{"lang":"zh-CN","name":"夏天"},{"lang":"hi-IN","name":"गर्मी"},{"lang":"th-TH","name":"ฤดูร้อน"},{"lang":"tr-TR","name":"Yaz"},{"lang":"pt-BR","name":"Verão"},{"lang":"de-DE","name":"Sommer"},{"lang":"id-ID","name":"Musim panas"},{"lang":"fr-FR","name":"Été"}]},{"id":67,"name":"yummy","transcription":"[ˈjʌmi]","image":" ","translates":[{"lang":"ru-RU","name":"Вкусный"},{"lang":"vi-VN","name":"Ngon"},{"lang":"zh-CN","name":"美味的"},{"lang":"hi-IN","name":"स्वादिष्ट"},{"lang":"th-TH","name":"อร่อย"},{"lang":"tr-TR","name":"Lezzetli"},{"lang":"pt-BR","name":"Gostoso"},{"lang":"de-DE","name":"Lecker"},{"lang":"id-ID","name":"Enak"},{"lang":"fr-FR","name":"Délicieux"}]},{"id":68,"name":"climb","transcription":"[klaɪm]","image":" ","translates":[{"lang":"ru-RU","name":"Лазить"},{"lang":"vi-VN","name":"Leo"},{"lang":"zh-CN","name":"爬"},{"lang":"hi-IN","name":"चढ़ना"},{"lang":"th-TH","name":"ปีน"},{"lang":"tr-TR","name":"Tırmanmak"},{"lang":"pt-BR","name":"Escalar"},{"lang":"de-DE","name":"Klettern"},{"lang":"id-ID","name":"Memanjat"},{"lang":"fr-FR","name":"Grimper"}]},{"id":69,"name":"comb","transcription":"[koʊm]","image":"/img/dict/home/comb.png","translates":[{"lang":"ru-RU","name":"Расческа"},{"lang":"vi-VN","name":"Lược"},{"lang":"zh-CN","name":"梳子"},{"lang":"hi-IN","name":"कंघी"},{"lang":"th-TH","name":"หวี"},{"lang":"tr-TR","name":"Tarak"},{"lang":"pt-BR","name":"Pente"},{"lang":"de-DE","name":"Kamm"},{"lang":"id-ID","name":"Sisir"},{"lang":"fr-FR","name":"Peigne"}]},{"id":70,"name":"crumb","transcription":"[krʌm]","image":" ","translates":[{"lang":"ru-RU","name":"Крошка"},{"lang":"vi-VN","name":"Vụn bánh mì"},{"lang":"zh-CN","name":"面包屑"},{"lang":"hi-IN","name":"चूरा"},{"lang":"th-TH","name":"เกล็ดขนมปัง"},{"lang":"tr-TR","name":"Kırıntı"},{"lang":"pt-BR","name":"Migalha"},{"lang":"de-DE","name":"Krume"},{"lang":"id-ID","name":"Remah"},{"lang":"fr-FR","name":"Miette"}]},{"id":71,"name":"lamb","transcription":"[læm]","image":"/img/dict/animals/lamb.png","translates":[{"lang":"ru-RU","name":"Ягненок"},{"lang":"vi-VN","name":"Cừu con"},{"lang":"zh-CN","name":"小羊"},{"lang":"hi-IN","name":"मेमना"},{"lang":"th-TH","name":"ลูกแกะ"},{"lang":"tr-TR","name":"Kuzu"},{"lang":"pt-BR","name":"Cordeiro"},{"lang":"de-DE","name":"Lamm"},{"lang":"id-ID","name":"Anak domba"},{"lang":"fr-FR","name":"Agneau"}]},{"id":72,"name":"autumn","transcription":"[ˈɔːtəm]","image":" ","translates":[{"lang":"ru-RU","name":"Осень"},{"lang":"vi-VN","name":"Mùa thu"},{"lang":"zh-CN","name":"秋天"},{"lang":"hi-IN","name":"पतझड़"},{"lang":"th-TH","name":"ฤดูใบไม้ร่วง"},{"lang":"tr-TR","name":"Sonbahar"},{"lang":"pt-BR","name":"Outono"},{"lang":"de-DE","name":"Herbst"},{"lang":"id-ID","name":"Musim gugur"},{"lang":"fr-FR","name":"Automne"}]},{"id":73,"name":"column","transcription":"[ˈkɑːləm]","image":" ","translates":[{"lang":"ru-RU","name":"Колонна"},{"lang":"vi-VN","name":"Cột"},{"lang":"zh-CN","name":"柱子"},{"lang":"hi-IN","name":"स्तंभ"},{"lang":"th-TH","name":"คอลัมน์"},{"lang":"tr-TR","name":"Sütun"},{"lang":"pt-BR","name":"Coluna"},{"lang":"de-DE","name":"Säule"},{"lang":"id-ID","name":"Kolom"},{"lang":"fr-FR","name":"Colonne"}]},{"id":74,"name":"condemn","transcription":"[kənˈdɛm]","image":" ","translates":[{"lang":"ru-RU","name":"Осуждать"},{"lang":"vi-VN","name":"Lên án"},{"lang":"zh-CN","name":"谴责"},{"lang":"hi-IN","name":"निंदा करना"},{"lang":"th-TH","name":"ประณาม"},{"lang":"tr-TR","name":"Kınamak"},{"lang":"pt-BR","name":"Condenar"},{"lang":"de-DE","name":"Verurteilen"},{"lang":"id-ID","name":"Mengutuk"},{"lang":"fr-FR","name":"Condamner"}]},{"id":75,"name":"solemn","transcription":"[ˈsɑːləm]","image":" ","translates":[{"lang":"ru-RU","name":"Торжественный"},{"lang":"vi-VN","name":"Trang nghiêm"},{"lang":"zh-CN","name":"庄严的"},{"lang":"hi-IN","name":"गंभीर"},{"lang":"th-TH","name":"เคร่งขรึม"},{"lang":"tr-TR","name":"Ciddi"},{"lang":"pt-BR","name":"Solenne"},{"lang":"de-DE","name":"Feierlich"},{"lang":"id-ID","name":"Khidmat"},{"lang":"fr-FR","name":"Solennel"}]}]}