{"name":"Phonics /oi/","nameA":"","img":"","isRandom":false,"isBlur":false,"isUpper":true,"isByWords":false,"isForAdult":false,"separator":"","numWords":14,"Translations":[{"lang":"ru-RU","name":"Алфавит","nameA":""},{"lang":"vi-VN","name":"Ngữ âm /oi/","nameA":""},{"lang":"zh-CN","name":"拼音 /oi/","nameA":""},{"lang":"hi-IN","name":"ध्वनि /oi/","nameA":""},{"lang":"th-TH","name":"โฟนิกส์ /oi/","nameA":""},{"lang":"tr-TR","name":"Fonetik /oi/","nameA":""},{"lang":"pt-BR","name":"Fônica /oi/","nameA":""},{"lang":"de-DE","name":"Phonik /oi/","nameA":""},{"lang":"id-ID","name":"Fonik /oi/","nameA":""},{"lang":"fr-FR","name":"Phonétique /oi/","nameA":""}],"items":[{"id":0,"name":"coin","transcription":"[kɔɪn]","nameA":"","image":" ","bg":"transparent","nameAnswer":"","translates":[{"lang":"ru-RU","name":"Монета","nameA":""},{"lang":"vi-VN","name":"Đồng xu","nameA":""},{"lang":"zh-CN","name":"硬币","nameA":""},{"lang":"hi-IN","name":"सिक्का","nameA":""},{"lang":"th-TH","name":"เหรียญ","nameA":""},{"lang":"tr-TR","name":"Madeni para","nameA":""},{"lang":"pt-BR","name":"Moeda","nameA":""},{"lang":"de-DE","name":"Münze","nameA":""},{"lang":"id-ID","name":"Koin","nameA":""},{"lang":"fr-FR","name":"Pièce","nameA":""}]},{"id":0,"name":"foil","transcription":"[fɔɪl]","nameA":"","image":"/img/dict/home/foil.png","bg":"transparent","nameAnswer":"","translates":[{"lang":"ru-RU","name":"Фольга","nameA":""},{"lang":"vi-VN","name":"Giấy bạc","nameA":""},{"lang":"zh-CN","name":"箔","nameA":""},{"lang":"hi-IN","name":"पन्नी","nameA":""},{"lang":"th-TH","name":"ฟอยล์","nameA":""},{"lang":"tr-TR","name":"Folyo","nameA":""},{"lang":"pt-BR","name":"Folha","nameA":""},{"lang":"de-DE","name":"Folie","nameA":""},{"lang":"id-ID","name":"Kertas timah","nameA":""},{"lang":"fr-FR","name":"Feuille","nameA":""}]},{"id":0,"name":"join","transcription":"[dʒɔɪn]","nameA":"","image":" ","bg":"transparent","nameAnswer":"","translates":[{"lang":"ru-RU","name":"Присоединиться","nameA":""},{"lang":"vi-VN","name":"Tham gia","nameA":""},{"lang":"zh-CN","name":"加入","nameA":""},{"lang":"hi-IN","name":"शामिल होना","nameA":""},{"lang":"th-TH","name":"เข้าร่วม","nameA":""},{"lang":"tr-TR","name":"Katılmak","nameA":""},{"lang":"pt-BR","name":"Juntar","nameA":""},{"lang":"de-DE","name":"Beitreten","nameA":""},{"lang":"id-ID","name":"Bergabung","nameA":""},{"lang":"fr-FR","name":"Rejoindre","nameA":""}]},{"id":0,"name":"oil","transcription":"[ɔɪl]","nameA":"","image":" ","bg":"transparent","nameAnswer":"","translates":[{"lang":"ru-RU","name":"Масло","nameA":""},{"lang":"vi-VN","name":"Dầu","nameA":""},{"lang":"zh-CN","name":"油","nameA":""},{"lang":"hi-IN","name":"तेल","nameA":""},{"lang":"th-TH","name":"น้ำมัน","nameA":""},{"lang":"tr-TR","name":"Yağ","nameA":""},{"lang":"pt-BR","name":"Óleo","nameA":""},{"lang":"de-DE","name":"Öl","nameA":""},{"lang":"id-ID","name":"Minyak","nameA":""},{"lang":"fr-FR","name":"Huile","nameA":""}]},{"id":0,"name":"point","transcription":"[pɔɪnt]","nameA":"","image":"/img/dict/shapes/point.png","bg":"transparent","nameAnswer":"","translates":[{"lang":"ru-RU","name":"Точка","nameA":""},{"lang":"vi-VN","name":"Điểm","nameA":""},{"lang":"zh-CN","name":"点","nameA":""},{"lang":"hi-IN","name":"बिंदु","nameA":""},{"lang":"th-TH","name":"จุด","nameA":""},{"lang":"tr-TR","name":"Nokta","nameA":""},{"lang":"pt-BR","name":"Ponto","nameA":""},{"lang":"de-DE","name":"Punkt","nameA":""},{"lang":"id-ID","name":"Titik","nameA":""},{"lang":"fr-FR","name":"Point","nameA":""}]},{"id":0,"name":"soil","transcription":"[sɔɪl]","nameA":"","image":" ","bg":"transparent","nameAnswer":"","translates":[{"lang":"ru-RU","name":"Почва","nameA":""},{"lang":"vi-VN","name":"Đất","nameA":""},{"lang":"zh-CN","name":"土壤","nameA":""},{"lang":"hi-IN","name":"मिट्टी","nameA":""},{"lang":"th-TH","name":"ดิน","nameA":""},{"lang":"tr-TR","name":"Toprak","nameA":""},{"lang":"pt-BR","name":"Solo","nameA":""},{"lang":"de-DE","name":"Boden","nameA":""},{"lang":"id-ID","name":"Tanah","nameA":""},{"lang":"fr-FR","name":"Sol","nameA":""}]},{"id":0,"name":"spoil","transcription":"[spɔɪl]","nameA":"","image":" ","bg":"transparent","nameAnswer":"","translates":[{"lang":"ru-RU","name":"Портить","nameA":""},{"lang":"vi-VN","name":"Làm hỏng","nameA":""},{"lang":"zh-CN","name":"破坏","nameA":""},{"lang":"hi-IN","name":"बिगाड़ना","nameA":""},{"lang":"th-TH","name":"ทำให้เสีย","nameA":""},{"lang":"tr-TR","name":"Bozmak","nameA":""},{"lang":"pt-BR","name":"Estragar","nameA":""},{"lang":"de-DE","name":"Verdorben","nameA":""},{"lang":"id-ID","name":"Merusak","nameA":""},{"lang":"fr-FR","name":"Gâcher","nameA":""}]},{"id":0,"name":"annoy","transcription":"[əˈnɔɪ]","nameA":"","image":" ","bg":"transparent","nameAnswer":"","translates":[{"lang":"ru-RU","name":"Раздражать","nameA":""},{"lang":"vi-VN","name":"Làm phiền","nameA":""},{"lang":"zh-CN","name":"惹恼","nameA":""},{"lang":"hi-IN","name":"परेशान करना","nameA":""},{"lang":"th-TH","name":"รบกวน","nameA":""},{"lang":"tr-TR","name":"Rahatsız etmek","nameA":""},{"lang":"pt-BR","name":"Incomodar","nameA":""},{"lang":"de-DE","name":"Ärgern","nameA":""},{"lang":"id-ID","name":"Mengganggu","nameA":""},{"lang":"fr-FR","name":"Agacer","nameA":""}]},{"id":0,"name":"boy","transcription":"[bɔɪ]","nameA":"","image":" ","bg":"transparent","nameAnswer":"","translates":[{"lang":"ru-RU","name":"Мальчик","nameA":""},{"lang":"vi-VN","name":"Cậu bé","nameA":""},{"lang":"zh-CN","name":"男孩","nameA":""},{"lang":"hi-IN","name":"लड़का","nameA":""},{"lang":"th-TH","name":"เด็กชาย","nameA":""},{"lang":"tr-TR","name":"Oğlan","nameA":""},{"lang":"pt-BR","name":"Menino","nameA":""},{"lang":"de-DE","name":"Junge","nameA":""},{"lang":"id-ID","name":"Anak laki-laki","nameA":""},{"lang":"fr-FR","name":"Garçon","nameA":""}]},{"id":0,"name":"destroy","transcription":"[dɪˈstrɔɪ]","nameA":"","image":" ","bg":"transparent","nameAnswer":"","translates":[{"lang":"ru-RU","name":"Уничтожать","nameA":""},{"lang":"vi-VN","name":"Phá hủy","nameA":""},{"lang":"zh-CN","name":"摧毁","nameA":""},{"lang":"hi-IN","name":"नष्ट करना","nameA":""},{"lang":"th-TH","name":"ทำลาย","nameA":""},{"lang":"tr-TR","name":"Yok etmek","nameA":""},{"lang":"pt-BR","name":"Destruir","nameA":""},{"lang":"de-DE","name":"Zerstören","nameA":""},{"lang":"id-ID","name":"Menghancurkan","nameA":""},{"lang":"fr-FR","name":"Détruire","nameA":""}]},{"id":0,"name":"enjoy","transcription":"[ɪnˈdʒɔɪ]","nameA":"","image":" ","bg":"transparent","nameAnswer":"","translates":[{"lang":"ru-RU","name":"Наслаждаться","nameA":""},{"lang":"vi-VN","name":"Tận hưởng","nameA":""},{"lang":"zh-CN","name":"享受","nameA":""},{"lang":"hi-IN","name":"आनंद लेना","nameA":""},{"lang":"th-TH","name":"เพลิดเพลิน","nameA":""},{"lang":"tr-TR","name":"Keyif almak","nameA":""},{"lang":"pt-BR","name":"Aproveitar","nameA":""},{"lang":"de-DE","name":"Genießen","nameA":""},{"lang":"id-ID","name":"Menikmati","nameA":""},{"lang":"fr-FR","name":"Profiter","nameA":""}]},{"id":0,"name":"oyster","transcription":"[ˈɔɪstər]","nameA":"","image":"/img/dict/animals/oyster.png","bg":"transparent","nameAnswer":"","translates":[{"lang":"ru-RU","name":"Устрица","nameA":""},{"lang":"vi-VN","name":"Con hàu","nameA":""},{"lang":"zh-CN","name":"牡蛎","nameA":""},{"lang":"hi-IN","name":"सीप","nameA":""},{"lang":"th-TH","name":"หอยนางรม","nameA":""},{"lang":"tr-TR","name":"İstiridye","nameA":""},{"lang":"pt-BR","name":"Ostra","nameA":""},{"lang":"de-DE","name":"Auster","nameA":""},{"lang":"id-ID","name":"Tiram","nameA":""},{"lang":"fr-FR","name":"Huître","nameA":""}]},{"id":0,"name":"royal","transcription":"[ˈrɔɪəl]","nameA":"","image":" ","bg":"transparent","nameAnswer":"","translates":[{"lang":"ru-RU","name":"Королевский","nameA":""},{"lang":"vi-VN","name":"Hoàng gia","nameA":""},{"lang":"zh-CN","name":"皇家的","nameA":""},{"lang":"hi-IN","name":"शाही","nameA":""},{"lang":"th-TH","name":"ราชวงศ์","nameA":""},{"lang":"tr-TR","name":"Kraliyet","nameA":""},{"lang":"pt-BR","name":"Real","nameA":""},{"lang":"de-DE","name":"Königlich","nameA":""},{"lang":"id-ID","name":"Kerajaan","nameA":""},{"lang":"fr-FR","name":"Royal","nameA":""}]},{"id":0,"name":"toy","transcription":"[tɔɪ]","nameA":"","image":" ","bg":"transparent","nameAnswer":"","translates":[{"lang":"ru-RU","name":"Игрушка","nameA":""},{"lang":"vi-VN","name":"Đồ chơi","nameA":""},{"lang":"zh-CN","name":"玩具","nameA":""},{"lang":"hi-IN","name":"खिलौना","nameA":""},{"lang":"th-TH","name":"ของเล่น","nameA":""},{"lang":"tr-TR","name":"Oyuncak","nameA":""},{"lang":"pt-BR","name":"Brinquedo","nameA":""},{"lang":"de-DE","name":"Spielzeug","nameA":""},{"lang":"id-ID","name":"Mainan","nameA":""},{"lang":"fr-FR","name":"Jouet","nameA":""}]}]}