{"name":"Bathroom","isRandom":true,"isBlur":true,"isUpper":true,"isByWords":false,"isForAdult":false,"separator":"","numWords":92,"tags":["home","bath","bathroom"],"Translations":[{"lang":"ru-RU","name":"Ванная комната"},{"lang":"vi-VN","name":"Phòng tắm"},{"lang":"zh-CN","name":"浴室"},{"lang":"hi-IN","name":"बाथरूम"},{"lang":"th-TH","name":"ห้องน้ำ"},{"lang":"tr-TR","name":"Banyo"},{"lang":"pt-BR","name":"Banheiro"},{"lang":"de-DE","name":"Badezimmer"},{"lang":"id-ID","name":"Kamar Mandi"},{"lang":"fr-FR","name":"Salle de bain"}],"items":[{"id":101,"name":"aftershave","transcription":"[ˈæftərʃeɪv]","image":"/img/dict/home/aftershave.png","translates":[{"lang":"ru-RU","name":"лосьон после бритья"},{"lang":"vi-VN","name":"nước dưỡng sau cạo râu"},{"lang":"zh-CN","name":"须后水"},{"lang":"hi-IN","name":"आफ्टरशेव"},{"lang":"th-TH","name":"โลชั่นหลังโกนหนวด"},{"lang":"tr-TR","name":"aftershave"},{"lang":"pt-BR","name":"loção pós-barba"},{"lang":"de-DE","name":"Aftershave"},{"lang":"id-ID","name":"aftershave"},{"lang":"fr-FR","name":"après-rasage"}]},{"id":104,"name":"air freshener","transcription":"[er ˈfreʃnər]","image":"/img/dict/home/air_freshener.png","translates":[{"lang":"ru-RU","name":"освежитель воздуха"},{"lang":"vi-VN","name":"chất làm thơm phòng"},{"lang":"zh-CN","name":"空气清新剂"},{"lang":"hi-IN","name":"एयर फ्रेशनर"},{"lang":"th-TH","name":"น้ำยาปรับอากาศ"},{"lang":"tr-TR","name":"hava spreyi"},{"lang":"pt-BR","name":"aromatizador de ambiente"},{"lang":"de-DE","name":"Lufterfrischer"},{"lang":"id-ID","name":"penyegar udara"},{"lang":"fr-FR","name":"assainisseur d\u0027air"}]},{"id":18,"name":"antiseptic","transcription":"[ˌæntɪˈseptɪk]","image":"/img/dict/home/antiseptic.png","translates":[{"lang":"ru-RU","name":"антисептик"},{"lang":"vi-VN","name":"chất khử trùng"},{"lang":"zh-CN","name":"消毒剂"},{"lang":"hi-IN","name":"एंटीसेप्टिक"},{"lang":"th-TH","name":"ยาฆ่าเชื้อ"},{"lang":"tr-TR","name":"antiseptik"},{"lang":"pt-BR","name":"antisséptico"},{"lang":"de-DE","name":"Antiseptikum"},{"lang":"id-ID","name":"antiseptik"},{"lang":"fr-FR","name":"antiseptique"}]},{"id":8,"name":"bandage","transcription":"[ˈbændɪdʒ]","image":"/img/dict/home/bandage.png","translates":[{"lang":"ru-RU","name":"пластырь, повязка"},{"lang":"vi-VN","name":"băng gạc"},{"lang":"zh-CN","name":"绷带"},{"lang":"hi-IN","name":"पट्टी"},{"lang":"th-TH","name":"ผ้าพันแผล"},{"lang":"tr-TR","name":"bandaj"},{"lang":"pt-BR","name":"bandagem"},{"lang":"de-DE","name":"Verband"},{"lang":"id-ID","name":"perban"},{"lang":"fr-FR","name":"bandage"}]},{"id":61,"name":"barrette","transcription":"[bæˈret]","image":"/img/dict/home/barrette.png","translates":[{"lang":"ru-RU","name":"заколка"},{"lang":"vi-VN","name":"kẹp tóc"},{"lang":"zh-CN","name":"发夹"},{"lang":"hi-IN","name":"बैरेट"},{"lang":"th-TH","name":"กิ๊บติดผม"},{"lang":"tr-TR","name":"saç tokası"},{"lang":"pt-BR","name":"barrette"},{"lang":"de-DE","name":"Haarspange"},{"lang":"id-ID","name":"jepit rambut"},{"lang":"fr-FR","name":"barrette"}]},{"id":107,"name":"basin","transcription":"[beɪsn]","image":"/img/dict/home/basin.png","translates":[{"lang":"ru-RU","name":"таз"},{"lang":"vi-VN","name":"chậu rửa"},{"lang":"zh-CN","name":"洗脸盆"},{"lang":"hi-IN","name":"बेसिन"},{"lang":"th-TH","name":"อ่างล้างหน้า"},{"lang":"tr-TR","name":"lavabo"},{"lang":"pt-BR","name":"pia"},{"lang":"de-DE","name":"Waschbecken"},{"lang":"id-ID","name":"basin"},{"lang":"fr-FR","name":"lavabo"}]},{"id":71,"name":"bath","transcription":"[bɑːθ]","image":"/img/dict/home/bath.png","translates":[{"lang":"ru-RU","name":"ванна"},{"lang":"vi-VN","name":"bồn tắm"},{"lang":"zh-CN","name":"浴缸"},{"lang":"hi-IN","name":"स्नान"},{"lang":"th-TH","name":"อ่างอาบน้ำ"},{"lang":"tr-TR","name":"küvet"},{"lang":"pt-BR","name":"banheira"},{"lang":"de-DE","name":"Badewanne"},{"lang":"id-ID","name":"bak mandi"},{"lang":"fr-FR","name":"bain"}]},{"id":77,"name":"bath foam","transcription":"[bæθ fəʊm]","image":"/img/dict/home/bath_foam.png","translates":[{"lang":"ru-RU","name":"пена для ванны"},{"lang":"vi-VN","name":"bọt tắm"},{"lang":"zh-CN","name":"沐浴泡沫"},{"lang":"hi-IN","name":"स्नान फोम"},{"lang":"th-TH","name":"โฟมอาบน้ำ"},{"lang":"tr-TR","name":"banyo köpüğü"},{"lang":"pt-BR","name":"espuma de banho"},{"lang":"de-DE","name":"Badeschaum"},{"lang":"id-ID","name":"busa mandi"},{"lang":"fr-FR","name":"mousse de bain"}]},{"id":57,"name":"bath mat","transcription":"[bæθ mæt]","image":"/img/dict/home/bath_mat.png","translates":[{"lang":"ru-RU","name":"коврик для ванной"},{"lang":"vi-VN","name":"thảm tắm"},{"lang":"zh-CN","name":"浴室地垫"},{"lang":"hi-IN","name":"स्नान मैट"},{"lang":"th-TH","name":"แผ่นรองอาบน้ำ"},{"lang":"tr-TR","name":"banyo paspası"},{"lang":"pt-BR","name":"tapete de banho"},{"lang":"de-DE","name":"Badematte"},{"lang":"id-ID","name":"keset kamar mandi"},{"lang":"fr-FR","name":"tapis de bain"}]},{"id":43,"name":"bath robe","transcription":"[bæθ rəʊb]","image":"/img/dict/home/bath_robe.png","translates":[{"lang":"ru-RU","name":"махровый халат"},{"lang":"vi-VN","name":"áo choàng tắm"},{"lang":"zh-CN","name":"浴袍"},{"lang":"hi-IN","name":"स्नान रोब"},{"lang":"th-TH","name":"เสื้อคลุมอาบน้ำ"},{"lang":"tr-TR","name":"bornoz"},{"lang":"pt-BR","name":"roupão de banho"},{"lang":"de-DE","name":"Bademantel"},{"lang":"id-ID","name":"jubah mandi"},{"lang":"fr-FR","name":"peignoir"}]},{"id":45,"name":"bathroom","transcription":"[ˈbɑːθrum]","image":"/img/dict/home/bathroom.png","translates":[{"lang":"ru-RU","name":"ванная комната"},{"lang":"vi-VN","name":"phòng tắm"},{"lang":"zh-CN","name":"浴室"},{"lang":"hi-IN","name":"बाथरूम"},{"lang":"th-TH","name":"ห้องน้ำ"},{"lang":"tr-TR","name":"banyo"},{"lang":"pt-BR","name":"banheiro"},{"lang":"de-DE","name":"Badezimmer"},{"lang":"id-ID","name":"kamar mandi"},{"lang":"fr-FR","name":"salle de bain"}]},{"id":25,"name":"bathroom cabinet","transcription":"[ˈbæθruːm ˈkæbɪnət]","image":"/img/dict/home/bathroom_cabinet.png","translates":[{"lang":"ru-RU","name":"шкафчик для ванной"},{"lang":"vi-VN","name":"tủ phòng tắm"},{"lang":"zh-CN","name":"浴室柜"},{"lang":"hi-IN","name":"बाथरूम कैबिनेट"},{"lang":"th-TH","name":"ตู้ห้องน้ำ"},{"lang":"tr-TR","name":"banyo dolabı"},{"lang":"pt-BR","name":"armário de banheiro"},{"lang":"de-DE","name":"Badezimmerschrank"},{"lang":"id-ID","name":"lemari kamar mandi"},{"lang":"fr-FR","name":"armoire de salle de bain"}]},{"id":79,"name":"bathroom scales","transcription":"[ˈbæθruːm ˈskeɪlz]","image":"/img/dict/home/bathroom_scales.png","translates":[{"lang":"ru-RU","name":"напольные весы"},{"lang":"vi-VN","name":"cân phòng tắm"},{"lang":"zh-CN","name":"浴室秤"},{"lang":"hi-IN","name":"बाथरूम स्केल"},{"lang":"th-TH","name":"เครื่องชั่งน้ำหนักในห้องน้ำ"},{"lang":"tr-TR","name":"banyo tartısı"},{"lang":"pt-BR","name":"balança de banheiro"},{"lang":"de-DE","name":"Badezimmerwaage"},{"lang":"id-ID","name":"timbangan kamar mandi"},{"lang":"fr-FR","name":"balance de salle de bain"}]},{"id":108,"name":"bidet","transcription":"[bɪˈdeɪ]","image":"/img/dict/home/bidet.png","translates":[{"lang":"ru-RU","name":"биде"},{"lang":"vi-VN","name":"bidet"},{"lang":"zh-CN","name":"坐浴盆"},{"lang":"hi-IN","name":"बिडे"},{"lang":"th-TH","name":"บิเดต์"},{"lang":"tr-TR","name":"bidet"},{"lang":"pt-BR","name":"bidê"},{"lang":"de-DE","name":"Bidet"},{"lang":"id-ID","name":"bidet"},{"lang":"fr-FR","name":"bidet"}]},{"id":29,"name":"bobby pins","transcription":"[ˈbɑːbɪ ˈpɪnz]","image":"/img/dict/home/bobby_pins.png","translates":[{"lang":"ru-RU","name":"невидимки"},{"lang":"vi-VN","name":"kẹp tóc"},{"lang":"zh-CN","name":"发夹"},{"lang":"hi-IN","name":"बॉबी पिन"},{"lang":"th-TH","name":"กิ๊บติดผม"},{"lang":"tr-TR","name":"saç tokası"},{"lang":"pt-BR","name":"grampos de cabelo"},{"lang":"de-DE","name":"Haarklammern"},{"lang":"id-ID","name":"jepit rambut"},{"lang":"fr-FR","name":"épingles à cheveux"}]},{"id":15,"name":"bubbles","transcription":"[ˈbʌbəlz]","image":"/img/dict/home/bubbles.png","translates":[{"lang":"ru-RU","name":"пузыри"},{"lang":"vi-VN","name":"bong bóng"},{"lang":"zh-CN","name":"泡泡"},{"lang":"hi-IN","name":"बुलबुले"},{"lang":"th-TH","name":"ฟองสบู่"},{"lang":"tr-TR","name":"baloncuklar"},{"lang":"pt-BR","name":"bolhas"},{"lang":"de-DE","name":"Blasen"},{"lang":"id-ID","name":"gelembung"},{"lang":"fr-FR","name":"bulles"}]},{"id":37,"name":"cleaning","transcription":"[ˈkliːnɪŋ]","image":"/img/dict/home/cleaning.png","translates":[{"lang":"ru-RU","name":"уборка"},{"lang":"vi-VN","name":"dọn dẹp"},{"lang":"zh-CN","name":"清洁"},{"lang":"hi-IN","name":"सफाई"},{"lang":"th-TH","name":"การทำความสะอาด"},{"lang":"tr-TR","name":"temizlik"},{"lang":"pt-BR","name":"limpeza"},{"lang":"de-DE","name":"Reinigung"},{"lang":"id-ID","name":"pembersihan"},{"lang":"fr-FR","name":"nettoyage"}]},{"id":27,"name":"cold water faucet","transcription":"[kəʊld ˈwɔːtər ˈfɔːsɪt]","image":"/img/dict/home/cold_water_faucet.png","translates":[{"lang":"ru-RU","name":"кран холодной воды"},{"lang":"vi-VN","name":"vòi nước lạnh"},{"lang":"zh-CN","name":"冷水龙头"},{"lang":"hi-IN","name":"ठंडे पानी का नल"},{"lang":"th-TH","name":"ก๊อกน้ำเย็น"},{"lang":"tr-TR","name":"soğuk su musluğu"},{"lang":"pt-BR","name":"torneira de água fria"},{"lang":"de-DE","name":"Kaltwasserhahn"},{"lang":"id-ID","name":"keran air dingin"},{"lang":"fr-FR","name":"robinet d\u0027eau froide"}]},{"id":20,"name":"comb","transcription":"[kəʊm]","image":"/img/dict/home/comb.png","translates":[{"lang":"ru-RU","name":"расчёска"},{"lang":"vi-VN","name":"lược"},{"lang":"zh-CN","name":"梳子"},{"lang":"hi-IN","name":"कंघी"},{"lang":"th-TH","name":"หวี"},{"lang":"tr-TR","name":"tarak"},{"lang":"pt-BR","name":"pente"},{"lang":"de-DE","name":"Kamm"},{"lang":"id-ID","name":"sisir"},{"lang":"fr-FR","name":"peigne"}]},{"id":50,"name":"conditioner","transcription":"[kənˈdɪʃnə]","image":"/img/dict/home/conditioner.png","translates":[{"lang":"ru-RU","name":"кондиционер"},{"lang":"vi-VN","name":"dầu xả"},{"lang":"zh-CN","name":"护发素"},{"lang":"hi-IN","name":"कंडीशनर"},{"lang":"th-TH","name":"ครีมนวดผม"},{"lang":"tr-TR","name":"saç kremi"},{"lang":"pt-BR","name":"condicionador"},{"lang":"de-DE","name":"Conditioner"},{"lang":"id-ID","name":"kondisioner"},{"lang":"fr-FR","name":"après-shampooing"}]},{"id":90,"name":"cotton balls","transcription":"[ˈkɑːtn bɔːlz]","image":"/img/dict/home/cotton_balls.png","translates":[{"lang":"ru-RU","name":"ватные шарики"},{"lang":"vi-VN","name":"bông gòn"},{"lang":"zh-CN","name":"棉球"},{"lang":"hi-IN","name":"रूई के गोले"},{"lang":"th-TH","name":"สำลีก้อน"},{"lang":"tr-TR","name":"pamuk topları"},{"lang":"pt-BR","name":"bolas de algodão"},{"lang":"de-DE","name":"Wattebäusche"},{"lang":"id-ID","name":"kapas"},{"lang":"fr-FR","name":"boules de coton"}]},{"id":78,"name":"cotton pads","transcription":"[ˈkɑːtn ˈpædz]","image":"/img/dict/home/cotton_pads.png","translates":[{"lang":"ru-RU","name":"ватные диски"},{"lang":"vi-VN","name":"bông tẩy trang"},{"lang":"zh-CN","name":"化妆棉"},{"lang":"hi-IN","name":"कॉटन पैड"},{"lang":"th-TH","name":"แผ่นสำลี"},{"lang":"tr-TR","name":"pamuk pedleri"},{"lang":"pt-BR","name":"discos de algodão"},{"lang":"de-DE","name":"Wattepads"},{"lang":"id-ID","name":"kapas pembersih"},{"lang":"fr-FR","name":"disques de coton"}]},{"id":1,"name":"cotton swabs","transcription":"[ˈkɑːtn ˈswɑːbz]","image":"/img/dict/home/cotton_swabs.png","translates":[{"lang":"ru-RU","name":"ватные палочки"},{"lang":"vi-VN","name":"tăm bông"},{"lang":"zh-CN","name":"棉签"},{"lang":"hi-IN","name":"कॉटन स्वैब"},{"lang":"th-TH","name":"ไม้พันสำลี"},{"lang":"tr-TR","name":"pamuklu çubuk"},{"lang":"pt-BR","name":"cotonetes"},{"lang":"de-DE","name":"Wattestäbchen"},{"lang":"id-ID","name":"cotton bud"},{"lang":"fr-FR","name":"coton-tige"}]},{"id":16,"name":"curlers","transcription":"[ˈkɜːlərz]","image":"/img/dict/home/curlers.png","translates":[{"lang":"ru-RU","name":"бигуди"},{"lang":"vi-VN","name":"lô uốn tóc"},{"lang":"zh-CN","name":"卷发器"},{"lang":"hi-IN","name":"कर्लर"},{"lang":"th-TH","name":"ที่ม้วนผม"},{"lang":"tr-TR","name":"bigudi"},{"lang":"pt-BR","name":"rolos"},{"lang":"de-DE","name":"Lockenwickler"},{"lang":"id-ID","name":"rol rambut"},{"lang":"fr-FR","name":"bigoudis"}]},{"id":13,"name":"dental floss","transcription":"[ˈdentl flɔːs]","image":"/img/dict/home/dental_floss.png","translates":[{"lang":"ru-RU","name":"зубная нить"},{"lang":"vi-VN","name":"chỉ nha khoa"},{"lang":"zh-CN","name":"牙线"},{"lang":"hi-IN","name":"डेंटल फ्लॉस"},{"lang":"th-TH","name":"ไหมขัดฟัน"},{"lang":"tr-TR","name":"diş ipi"},{"lang":"pt-BR","name":"fio dental"},{"lang":"de-DE","name":"Zahnseide"},{"lang":"id-ID","name":"benang gigi"},{"lang":"fr-FR","name":"fil dentaire"}]},{"id":26,"name":"deodorant","transcription":"[diːˈəʊdərənt]","image":"/img/dict/home/deodorant.png","translates":[{"lang":"ru-RU","name":"дезодорант"},{"lang":"vi-VN","name":"chất khử mùi"},{"lang":"zh-CN","name":"除臭剂"},{"lang":"hi-IN","name":"डिओडोरेंट"},{"lang":"th-TH","name":"สารระงับกลิ่นกาย"},{"lang":"tr-TR","name":"deodorant"},{"lang":"pt-BR","name":"desodorante"},{"lang":"de-DE","name":"Deodorant"},{"lang":"id-ID","name":"deodoran"},{"lang":"fr-FR","name":"déodorant"}]},{"id":34,"name":"drain","transcription":"[dreɪn]","image":"/img/dict/home/drain.png","translates":[{"lang":"ru-RU","name":"сливное отверстие"},{"lang":"vi-VN","name":"ống thoát nước"},{"lang":"zh-CN","name":"排水口"},{"lang":"hi-IN","name":"ड्रेन"},{"lang":"th-TH","name":"ท่อระบายน้ำ"},{"lang":"tr-TR","name":"drenaj"},{"lang":"pt-BR","name":"ralo"},{"lang":"de-DE","name":"Abfluss"},{"lang":"id-ID","name":"pembuangan"},{"lang":"fr-FR","name":"drain"}]},{"id":31,"name":"dry","transcription":"[draɪ]","image":"/img/dict/home/dry.png","translates":[{"lang":"ru-RU","name":"сушить"},{"lang":"vi-VN","name":"làm khô"},{"lang":"zh-CN","name":"干燥"},{"lang":"hi-IN","name":"सुखाना"},{"lang":"th-TH","name":"ทำให้แห้ง"},{"lang":"tr-TR","name":"kurutmak"},{"lang":"pt-BR","name":"secar"},{"lang":"de-DE","name":"trocknen"},{"lang":"id-ID","name":"mengeringkan"},{"lang":"fr-FR","name":"sécher"}]},{"id":106,"name":"fan","transcription":"[fæn]","image":"/img/dict/home/fan.png","translates":[{"lang":"ru-RU","name":"вентилятор"},{"lang":"vi-VN","name":"quạt"},{"lang":"zh-CN","name":"风扇"},{"lang":"hi-IN","name":"पंखा"},{"lang":"th-TH","name":"พัดลม"},{"lang":"tr-TR","name":"fan"},{"lang":"pt-BR","name":"ventilador"},{"lang":"de-DE","name":"Ventilator"},{"lang":"id-ID","name":"kipas"},{"lang":"fr-FR","name":"ventilateur"}]},{"id":55,"name":"faucet","transcription":"[ˈfɔːsɪt]","image":"/img/dict/home/tap.png","translates":[{"lang":"ru-RU","name":"кран"},{"lang":"vi-VN","name":"vòi nước"},{"lang":"zh-CN","name":"水龙头"},{"lang":"hi-IN","name":"नल"},{"lang":"th-TH","name":"ก๊อกน้ำ"},{"lang":"tr-TR","name":"musluk"},{"lang":"pt-BR","name":"torneira"},{"lang":"de-DE","name":"Wasserhahn"},{"lang":"id-ID","name":"keran"},{"lang":"fr-FR","name":"robinet"}]},{"id":54,"name":"flush","transcription":"[flʌʃ]","image":"/img/dict/home/flush.png","translates":[{"lang":"ru-RU","name":"смывать, промывать"},{"lang":"vi-VN","name":"xả nước"},{"lang":"zh-CN","name":"冲水"},{"lang":"hi-IN","name":"फ्लश"},{"lang":"th-TH","name":"ชักโครก"},{"lang":"tr-TR","name":"sifon çekmek"},{"lang":"pt-BR","name":"dar descarga"},{"lang":"de-DE","name":"spülen"},{"lang":"id-ID","name":"siram"},{"lang":"fr-FR","name":"tirer la chasse"}]},{"id":95,"name":"hair brush","transcription":"[her brʌʃ]","image":"/img/dict/home/hair_brush.png","translates":[{"lang":"ru-RU","name":"щетка для волос"},{"lang":"vi-VN","name":"bàn chải tóc"},{"lang":"zh-CN","name":"发刷"},{"lang":"hi-IN","name":"हेयर ब्रश"},{"lang":"th-TH","name":"แปรงผม"},{"lang":"tr-TR","name":"saç fırçası"},{"lang":"pt-BR","name":"escova de cabelo"},{"lang":"de-DE","name":"Haarbürste"},{"lang":"id-ID","name":"sikat rambut"},{"lang":"fr-FR","name":"brosse à cheveux"}]},{"id":92,"name":"hair dryer","transcription":"[her ˈdraɪər]","image":"/img/dict/home/hair_dryer.png","translates":[{"lang":"ru-RU","name":"фен"},{"lang":"vi-VN","name":"máy sấy tóc"},{"lang":"zh-CN","name":"吹风机"},{"lang":"hi-IN","name":"हेयर ड्रायर"},{"lang":"th-TH","name":"ไดร์เป่าผม"},{"lang":"tr-TR","name":"saç kurutma makinesi"},{"lang":"pt-BR","name":"secador de cabelo"},{"lang":"de-DE","name":"Haartrockner"},{"lang":"id-ID","name":"pengering rambut"},{"lang":"fr-FR","name":"sèche-cheveux"}]},{"id":7,"name":"hand dryer","transcription":"[hænd ˈdraɪər]","image":"/img/dict/home/hand_dryer.png","translates":[{"lang":"ru-RU","name":"сушилка для рук"},{"lang":"vi-VN","name":"máy sấy tay"},{"lang":"zh-CN","name":"干手器"},{"lang":"hi-IN","name":"हैंड ड्रायर"},{"lang":"th-TH","name":"เครื่องเป่ามือ"},{"lang":"tr-TR","name":"el kurutma makinesi"},{"lang":"pt-BR","name":"secador de mãos"},{"lang":"de-DE","name":"Händetrockner"},{"lang":"id-ID","name":"pengering tangan"},{"lang":"fr-FR","name":"sèche-mains"}]},{"id":19,"name":"hot water faucet","transcription":"[hɑːt ˈwɔːtər ˈfɔːsɪt]","image":"/img/dict/home/hot_water_faucet.png","translates":[{"lang":"ru-RU","name":"кран горячей воды"},{"lang":"vi-VN","name":"vòi nước nóng"},{"lang":"zh-CN","name":"热水龙头"},{"lang":"hi-IN","name":"गर्म पानी का नल"},{"lang":"th-TH","name":"ก๊อกน้ำร้อน"},{"lang":"tr-TR","name":"sıcak su musluğu"},{"lang":"pt-BR","name":"torneira de água quente"},{"lang":"de-DE","name":"Warmwasserhahn"},{"lang":"id-ID","name":"keran air panas"},{"lang":"fr-FR","name":"robinet d\u0027eau chaude"}]},{"id":82,"name":"jacuzzi","transcription":"[ʤəˈkjuːzɪ]","image":"/img/dict/home/jacuzzi.png","translates":[{"lang":"ru-RU","name":"джакузи"},{"lang":"vi-VN","name":"bồn tắm massage"},{"lang":"zh-CN","name":"按摩浴缸"},{"lang":"hi-IN","name":"जकूज़ी"},{"lang":"th-TH","name":"อ่างน้ำวน"},{"lang":"tr-TR","name":"jakuzi"},{"lang":"pt-BR","name":"jacuzzi"},{"lang":"de-DE","name":"Whirlpool"},{"lang":"id-ID","name":"jakuzi"},{"lang":"fr-FR","name":"jacuzzi"}]},{"id":103,"name":"loofah","transcription":"[ˈluːfə]","image":"/img/dict/home/loofah.png","translates":[{"lang":"ru-RU","name":"люфа"},{"lang":"vi-VN","name":"xơ mướp"},{"lang":"zh-CN","name":"丝瓜络"},{"lang":"hi-IN","name":"लूफा"},{"lang":"th-TH","name":"ใยบวบ"},{"lang":"tr-TR","name":"lif"},{"lang":"pt-BR","name":"bucha"},{"lang":"de-DE","name":"Luffa"},{"lang":"id-ID","name":"luffa"},{"lang":"fr-FR","name":"luffa"}]},{"id":56,"name":"lotion","transcription":"[ləʊʃn]","image":"/img/dict/home/lotion.png","translates":[{"lang":"ru-RU","name":"лосьон"},{"lang":"vi-VN","name":"kem dưỡng da"},{"lang":"zh-CN","name":"乳液"},{"lang":"hi-IN","name":"लोशन"},{"lang":"th-TH","name":"โลชั่น"},{"lang":"tr-TR","name":"losyon"},{"lang":"pt-BR","name":"loção"},{"lang":"de-DE","name":"Lotion"},{"lang":"id-ID","name":"losion"},{"lang":"fr-FR","name":"lotion"}]},{"id":35,"name":"make-up","transcription":"[ˈmeɪkʌp]","image":"/img/dict/home/make-up.png","translates":[{"lang":"ru-RU","name":"косметика"},{"lang":"vi-VN","name":"trang điểm"},{"lang":"zh-CN","name":"化妆品"},{"lang":"hi-IN","name":"मेकअप"},{"lang":"th-TH","name":"เครื่องสำอาง"},{"lang":"tr-TR","name":"makyaj"},{"lang":"pt-BR","name":"maquiagem"},{"lang":"de-DE","name":"Make-up"},{"lang":"id-ID","name":"makeup"},{"lang":"fr-FR","name":"maquillage"}]},{"id":97,"name":"medications","transcription":"[ˌmedəˈkeɪʃənz]","image":"/img/dict/home/medications.png","translates":[{"lang":"ru-RU","name":"лекарственные препараты"},{"lang":"vi-VN","name":"thuốc"},{"lang":"zh-CN","name":"药物"},{"lang":"hi-IN","name":"दवाएं"},{"lang":"th-TH","name":"ยา"},{"lang":"tr-TR","name":"ilaçlar"},{"lang":"pt-BR","name":"medicamentos"},{"lang":"de-DE","name":"Medikamente"},{"lang":"id-ID","name":"obat-obatan"},{"lang":"fr-FR","name":"médicaments"}]},{"id":74,"name":"medicine chest","transcription":"[ˈmedsn tʃest]","image":"/img/dict/home/medicine_chest.png","translates":[{"lang":"ru-RU","name":"аптечка"},{"lang":"vi-VN","name":"tủ thuốc"},{"lang":"zh-CN","name":"药箱"},{"lang":"hi-IN","name":"दवा की चेस्ट"},{"lang":"th-TH","name":"ตู้ยา"},{"lang":"tr-TR","name":"ecza dolabı"},{"lang":"pt-BR","name":"caixa de remédios"},{"lang":"de-DE","name":"Hausapotheke"},{"lang":"id-ID","name":"kotak obat"},{"lang":"fr-FR","name":"pharmacie"}]},{"id":88,"name":"mirror","transcription":"[ˈmɪrə]","image":"/img/dict/home/mirror.png","translates":[{"lang":"ru-RU","name":"зеркало"},{"lang":"vi-VN","name":"gương"},{"lang":"zh-CN","name":"镜子"},{"lang":"hi-IN","name":"दर्पण"},{"lang":"th-TH","name":"กระจก"},{"lang":"tr-TR","name":"ayna"},{"lang":"pt-BR","name":"espelho"},{"lang":"de-DE","name":"Spiegel"},{"lang":"id-ID","name":"cermin"},{"lang":"fr-FR","name":"miroir"}]},{"id":72,"name":"mouthwash","transcription":"[ˈmaʊθwɔːʃ]","image":"/img/dict/home/mouthwash.png","translates":[{"lang":"ru-RU","name":"жидкость для полоскания рта"},{"lang":"vi-VN","name":"nước súc miệng"},{"lang":"zh-CN","name":"漱口水"},{"lang":"hi-IN","name":"माउथवॉश"},{"lang":"th-TH","name":"น้ำยาบ้วนปาก"},{"lang":"tr-TR","name":"ağız çalkalama suyu"},{"lang":"pt-BR","name":"enxaguante bucal"},{"lang":"de-DE","name":"Mundwasser"},{"lang":"id-ID","name":"obat kumur"},{"lang":"fr-FR","name":"bain de bouche"}]},{"id":87,"name":"nail file","transcription":"[neɪl faɪl]","image":"/img/dict/home/nail_file.png","translates":[{"lang":"ru-RU","name":"пилочка для ногтей"},{"lang":"vi-VN","name":"dũa móng tay"},{"lang":"zh-CN","name":"指甲锉"},{"lang":"hi-IN","name":"नेल फाइल"},{"lang":"th-TH","name":"ตะไบเล็บ"},{"lang":"tr-TR","name":"tırnak törpüsü"},{"lang":"pt-BR","name":"lixa de unha"},{"lang":"de-DE","name":"Nagelfeile"},{"lang":"id-ID","name":"kikir kuku"},{"lang":"fr-FR","name":"lime à ongles"}]},{"id":3,"name":"nail scissors","transcription":"[neɪl ˈsɪzərz]","image":"/img/dict/home/nail_scissors.png","translates":[{"lang":"ru-RU","name":"маникюрные ножницы"},{"lang":"vi-VN","name":"kéo cắt móng tay"},{"lang":"zh-CN","name":"指甲剪"},{"lang":"hi-IN","name":"नेल कैंची"},{"lang":"th-TH","name":"กรรไกรตัดเล็บ"},{"lang":"tr-TR","name":"tırnak makası"},{"lang":"pt-BR","name":"tesoura de unha"},{"lang":"de-DE","name":"Nagelschere"},{"lang":"id-ID","name":"gunting kuku"},{"lang":"fr-FR","name":"ciseaux à ongles"}]},{"id":38,"name":"paper towel","transcription":"[ˈpeɪpər ˈtaʊəl]","image":"/img/dict/home/paper_towel.png","translates":[{"lang":"ru-RU","name":"бумажное полотенце"},{"lang":"vi-VN","name":"khăn giấy"},{"lang":"zh-CN","name":"纸巾"},{"lang":"hi-IN","name":"पेपर टॉवल"},{"lang":"th-TH","name":"กระดาษเช็ดมือ"},{"lang":"tr-TR","name":"kağıt havlu"},{"lang":"pt-BR","name":"toalha de papel"},{"lang":"de-DE","name":"Papiertuch"},{"lang":"id-ID","name":"tisu"},{"lang":"fr-FR","name":"essuie-tout"}]},{"id":32,"name":"perfume","transcription":"[ˈpɜːfjuːm]","image":"/img/dict/home/perfume.png","translates":[{"lang":"ru-RU","name":"духи"},{"lang":"vi-VN","name":"nước hoa"},{"lang":"zh-CN","name":"香水"},{"lang":"hi-IN","name":"परफ्यूम"},{"lang":"th-TH","name":"น้ำหอม"},{"lang":"tr-TR","name":"parfüm"},{"lang":"pt-BR","name":"perfume"},{"lang":"de-DE","name":"Parfüm"},{"lang":"id-ID","name":"parfum"},{"lang":"fr-FR","name":"parfum"}]},{"id":33,"name":"plumbing","transcription":"[ˈplʌmɪŋ]","image":"/img/dict/home/plumbing.png","translates":[{"lang":"ru-RU","name":"водопровод"},{"lang":"vi-VN","name":"ống nước"},{"lang":"zh-CN","name":"管道"},{"lang":"hi-IN","name":"प्लंबिंग"},{"lang":"th-TH","name":"ระบบท่อน้ำ"},{"lang":"tr-TR","name":"tesisat"},{"lang":"pt-BR","name":"encanamento"},{"lang":"de-DE","name":"Wasserleitung"},{"lang":"id-ID","name":"pipa ledeng"},{"lang":"fr-FR","name":"plomberie"}]},{"id":58,"name":"plunger","transcription":"[ˈplʌndʒər]","image":"/img/dict/home/plunger.png","translates":[{"lang":"ru-RU","name":"вантуз"},{"lang":"vi-VN","name":"piston thông tắc"},{"lang":"zh-CN","name":"通厕器"},{"lang":"hi-IN","name":"प्लंजर"},{"lang":"th-TH","name":"ลูกยางดูดท่อ"},{"lang":"tr-TR","name":"piston"},{"lang":"pt-BR","name":"desentupidor"},{"lang":"de-DE","name":"Pümpel"},{"lang":"id-ID","name":"pompa penyedot"},{"lang":"fr-FR","name":"ventouse"}]},{"id":47,"name":"razor blade","transcription":"[ˈreɪzər bleɪd]","image":"/img/dict/home/razor_blade.png","translates":[{"lang":"ru-RU","name":"лезвие"},{"lang":"vi-VN","name":"lưỡi dao cạo"},{"lang":"zh-CN","name":"剃须刀片"},{"lang":"hi-IN","name":"रेजर ब्लेड"},{"lang":"th-TH","name":"ใบมีดโกน"},{"lang":"tr-TR","name":"jilet"},{"lang":"pt-BR","name":"lâmina de barbear"},{"lang":"de-DE","name":"Rasierklinge"},{"lang":"id-ID","name":"pisau cukur"},{"lang":"fr-FR","name":"lame de rasoir"}]},{"id":73,"name":"restroom","transcription":"[ˈrestruːm]","image":"/img/dict/home/restroom.png","translates":[{"lang":"ru-RU","name":"туалет"},{"lang":"vi-VN","name":"nhà vệ sinh"},{"lang":"zh-CN","name":"洗手间"},{"lang":"hi-IN","name":"शौचालय"},{"lang":"th-TH","name":"ห้องน้ำ"},{"lang":"tr-TR","name":"tuvalet"},{"lang":"pt-BR","name":"banheiro"},{"lang":"de-DE","name":"Toilette"},{"lang":"id-ID","name":"kamar kecil"},{"lang":"fr-FR","name":"toilettes"}]},{"id":65,"name":"rubber mat","transcription":"[ˈrʌbər mæt]","image":"/img/dict/home/rubber_mat.png","translates":[{"lang":"ru-RU","name":"резиновый коврик"},{"lang":"vi-VN","name":"thảm cao su"},{"lang":"zh-CN","name":"橡胶垫"},{"lang":"hi-IN","name":"रबर मैट"},{"lang":"th-TH","name":"แผ่นรองยาง"},{"lang":"tr-TR","name":"kauçuk paspas"},{"lang":"pt-BR","name":"tapete de borracha"},{"lang":"de-DE","name":"Gummimatte"},{"lang":"id-ID","name":"keset karet"},{"lang":"fr-FR","name":"tapis en caoutchouc"}]},{"id":110,"name":"safety pin","transcription":"[ˈseɪftɪ pɪn]","image":"/img/dict/home/safetypin.png","translates":[{"lang":"ru-RU","name":"булавка"},{"lang":"vi-VN","name":"ghim an toàn"},{"lang":"zh-CN","name":"安全别针"},{"lang":"hi-IN","name":"सेफ्टी पिन"},{"lang":"th-TH","name":"เข็มกลัดซ่อนปลาย"},{"lang":"tr-TR","name":"çengelli iğne"},{"lang":"pt-BR","name":"alfinete de segurança"},{"lang":"de-DE","name":"Sicherheitsnadel"},{"lang":"id-ID","name":"peniti"},{"lang":"fr-FR","name":"épingle de sûreté"}]},{"id":111,"name":"scissors","transcription":"[ˈsɪzəz]","image":"/img/dict/classroom/scissors.png","translates":[{"lang":"ru-RU","name":"ножницы"},{"lang":"vi-VN","name":"kéo"},{"lang":"zh-CN","name":"剪刀"},{"lang":"hi-IN","name":"कैंची"},{"lang":"th-TH","name":"กรรไกร"},{"lang":"tr-TR","name":"makas"},{"lang":"pt-BR","name":"tesoura"},{"lang":"de-DE","name":"Schere"},{"lang":"id-ID","name":"gunting"},{"lang":"fr-FR","name":"ciseaux"}]},{"id":64,"name":"shampoo","transcription":"[ʃæmˈpuː]","image":"/img/dict/home/shampoo.png","translates":[{"lang":"ru-RU","name":"шампунь"},{"lang":"vi-VN","name":"dầu gội"},{"lang":"zh-CN","name":"洗发水"},{"lang":"hi-IN","name":"शैम्पू"},{"lang":"th-TH","name":"แชมพู"},{"lang":"tr-TR","name":"şampuan"},{"lang":"pt-BR","name":"xampu"},{"lang":"de-DE","name":"Shampoo"},{"lang":"id-ID","name":"sampo"},{"lang":"fr-FR","name":"shampooing"}]},{"id":86,"name":"shaver","transcription":"[ˈʃeɪvə]","image":"/img/dict/home/shaver.png","translates":[{"lang":"ru-RU","name":"бритва"},{"lang":"vi-VN","name":"dao cạo"},{"lang":"zh-CN","name":"剃须刀"},{"lang":"hi-IN","name":"शेवर"},{"lang":"th-TH","name":"เครื่องโกนหนวด"},{"lang":"tr-TR","name":"tıraş makinesi"},{"lang":"pt-BR","name":"barbeador"},{"lang":"de-DE","name":"Rasierer"},{"lang":"id-ID","name":"pencukur"},{"lang":"fr-FR","name":"rasoir"}]},{"id":21,"name":"shaving cream","transcription":"[ˈʃeɪvɪŋ kriːm]","image":"/img/dict/home/shaving_cream.png","translates":[{"lang":"ru-RU","name":"крем для бритья"},{"lang":"vi-VN","name":"kem cạo râu"},{"lang":"zh-CN","name":"剃须膏"},{"lang":"hi-IN","name":"शेविंग क्रीम"},{"lang":"th-TH","name":"ครีมโกนหนวด"},{"lang":"tr-TR","name":"tıraş kremi"},{"lang":"pt-BR","name":"creme de barbear"},{"lang":"de-DE","name":"Rasiercreme"},{"lang":"id-ID","name":"krim cukur"},{"lang":"fr-FR","name":"crème à raser"}]},{"id":48,"name":"shelf","transcription":"[ʃelf]","image":"/img/dict/home/shelf.png","translates":[{"lang":"ru-RU","name":"полка"},{"lang":"vi-VN","name":"kệ"},{"lang":"zh-CN","name":"架子"},{"lang":"hi-IN","name":"शेल्फ"},{"lang":"th-TH","name":"ชั้นวาง"},{"lang":"tr-TR","name":"raf"},{"lang":"pt-BR","name":"prateleira"},{"lang":"de-DE","name":"Regal"},{"lang":"id-ID","name":"rak"},{"lang":"fr-FR","name":"étagère"}]},{"id":93,"name":"shower","transcription":"[ˈʃaʊə]","image":"/img/dict/home/shower.png","translates":[{"lang":"ru-RU","name":"душ"},{"lang":"vi-VN","name":"vòi sen"},{"lang":"zh-CN","name":"淋浴"},{"lang":"hi-IN","name":"शावर"},{"lang":"th-TH","name":"ฝักบัว"},{"lang":"tr-TR","name":"duş"},{"lang":"pt-BR","name":"chuveiro"},{"lang":"de-DE","name":"Dusche"},{"lang":"id-ID","name":"pancuran"},{"lang":"fr-FR","name":"douche"}]},{"id":53,"name":"shower cap","transcription":"[ˈʃaʊər kæp]","image":"/img/dict/home/shower_cap.png","translates":[{"lang":"ru-RU","name":"шапочка для душа"},{"lang":"vi-VN","name":"mũ tắm"},{"lang":"zh-CN","name":"浴帽"},{"lang":"hi-IN","name":"शावर कैप"},{"lang":"th-TH","name":"หมวกอาบน้ำ"},{"lang":"tr-TR","name":"bone"},{"lang":"pt-BR","name":"touca de banho"},{"lang":"de-DE","name":"Duschhaube"},{"lang":"id-ID","name":"penutup kepala mandi"},{"lang":"fr-FR","name":"bonnet de douche"}]},{"id":96,"name":"shower cabin","transcription":"[ˈʃaʊər ˈkæbɪn]","image":"/img/dict/home/shower_cabin.png","translates":[{"lang":"ru-RU","name":"душевая кабина"},{"lang":"vi-VN","name":"buồng tắm đứng"},{"lang":"zh-CN","name":"淋浴房"},{"lang":"hi-IN","name":"शावर केबिन"},{"lang":"th-TH","name":"ห้องอาบน้ำ"},{"lang":"tr-TR","name":"duş kabini"},{"lang":"pt-BR","name":"cabine de chuveiro"},{"lang":"de-DE","name":"Duschkabine"},{"lang":"id-ID","name":"kabin shower"},{"lang":"fr-FR","name":"cabine de douche"}]},{"id":68,"name":"shower curtain","transcription":"[ˈʃaʊər ˈkɜːrtn]","image":"/img/dict/home/shower_curtain.png","translates":[{"lang":"ru-RU","name":"душевая занавеска"},{"lang":"vi-VN","name":"rèm tắm"},{"lang":"zh-CN","name":"浴帘"},{"lang":"hi-IN","name":"शावर पर्दा"},{"lang":"th-TH","name":"ม่านอาบน้ำ"},{"lang":"tr-TR","name":"duş perdesi"},{"lang":"pt-BR","name":"cortina de chuveiro"},{"lang":"de-DE","name":"Duschvorhang"},{"lang":"id-ID","name":"tirai shower"},{"lang":"fr-FR","name":"rideau de douche"}]},{"id":105,"name":"shower head","transcription":"[ˈʃaʊər hed]","image":"/img/dict/home/shower_head.png","translates":[{"lang":"ru-RU","name":"душевая лейка"},{"lang":"vi-VN","name":"vòi sen"},{"lang":"zh-CN","name":"淋浴喷头"},{"lang":"hi-IN","name":"शावर हेड"},{"lang":"th-TH","name":"หัวฝักบัว"},{"lang":"tr-TR","name":"duş başlığı"},{"lang":"pt-BR","name":"chuveiro"},{"lang":"de-DE","name":"Duschkopf"},{"lang":"id-ID","name":"kepala shower"},{"lang":"fr-FR","name":"pommeau de douche"}]},{"id":98,"name":"sink","transcription":"[sɪŋk]","image":"/img/dict/home/sink.png","translates":[{"lang":"ru-RU","name":"раковина"},{"lang":"vi-VN","name":"bồn rửa"},{"lang":"zh-CN","name":"水槽"},{"lang":"hi-IN","name":"सिंक"},{"lang":"th-TH","name":"อ่างล้างหน้า"},{"lang":"tr-TR","name":"lavabo"},{"lang":"pt-BR","name":"pia"},{"lang":"de-DE","name":"Waschbecken"},{"lang":"id-ID","name":"wastafel"},{"lang":"fr-FR","name":"lavabo"}]},{"id":109,"name":"soap","transcription":"[səʊp]","image":"/img/dict/home/soap.png","translates":[{"lang":"ru-RU","name":"мыло"},{"lang":"vi-VN","name":"xà phòng"},{"lang":"zh-CN","name":"肥皂"},{"lang":"hi-IN","name":"साबुन"},{"lang":"th-TH","name":"สบู่"},{"lang":"tr-TR","name":"sabun"},{"lang":"pt-BR","name":"sabão"},{"lang":"de-DE","name":"Seife"},{"lang":"id-ID","name":"sabun"},{"lang":"fr-FR","name":"savon"}]},{"id":63,"name":"soap dish","transcription":"[səʊp dɪʃ]","image":"/img/dict/home/soap_dish.png","translates":[{"lang":"ru-RU","name":"мыльница"},{"lang":"vi-VN","name":"đĩa đựng xà phòng"},{"lang":"zh-CN","name":"肥皂盒"},{"lang":"hi-IN","name":"साबुन डिश"},{"lang":"th-TH","name":"ที่ใส่สบู่"},{"lang":"tr-TR","name":"sabunluk"},{"lang":"pt-BR","name":"saboneteira"},{"lang":"de-DE","name":"Seifenschale"},{"lang":"id-ID","name":"tempat sabun"},{"lang":"fr-FR","name":"porte-savon"}]},{"id":24,"name":"soap dispenser","transcription":"[səʊp dɪˈspensər]","image":"/img/dict/home/soap_dispenser.png","translates":[{"lang":"ru-RU","name":"дозатор для жидкого мыла"},{"lang":"vi-VN","name":"bình đựng xà phòng"},{"lang":"zh-CN","name":"皂液器"},{"lang":"hi-IN","name":"साबुन डिस्पेंसर"},{"lang":"th-TH","name":"ที่ใส่สบู่เหลว"},{"lang":"tr-TR","name":"sabunluk"},{"lang":"pt-BR","name":"dispensador de sabão"},{"lang":"de-DE","name":"Seifenspender"},{"lang":"id-ID","name":"dispenser sabun"},{"lang":"fr-FR","name":"distributeur de savon"}]},{"id":49,"name":"sponge","transcription":"[spʌnʤ]","image":"/img/dict/home/spongeb.png","translates":[{"lang":"ru-RU","name":"губка"},{"lang":"vi-VN","name":"bọt biển"},{"lang":"zh-CN","name":"海绵"},{"lang":"hi-IN","name":"स्पंज"},{"lang":"th-TH","name":"ฟองน้ำ"},{"lang":"tr-TR","name":"sünger"},{"lang":"pt-BR","name":"esponja"},{"lang":"de-DE","name":"Schwamm"},{"lang":"id-ID","name":"spons"},{"lang":"fr-FR","name":"éponge"}]},{"id":112,"name":"Squeegee","transcription":"[ˈskwiːdʒiː]","image":"/img/dict/home/squeegee.png","translates":[{"lang":"ru-RU","name":"резиновая швабра"},{"lang":"vi-VN","name":"chổi cao su"},{"lang":"zh-CN","name":"橡胶刮板"},{"lang":"hi-IN","name":"स्क्वीजी"},{"lang":"th-TH","name":"ที่ปัดน้ำ"},{"lang":"tr-TR","name":"pencere silme aleti"},{"lang":"pt-BR","name":"rodo"},{"lang":"de-DE","name":"Gummischer"},{"lang":"id-ID","name":"alat pel karet"},{"lang":"fr-FR","name":"raclette"}]},{"id":102,"name":"tile flooring","transcription":"[taɪl ˈflɔːrɪŋ]","image":"/img/dict/home/tile_flooring.png","translates":[{"lang":"ru-RU","name":"кафельный пол"},{"lang":"vi-VN","name":"sàn gạch"},{"lang":"zh-CN","name":"瓷砖地板"},{"lang":"hi-IN","name":"टाइल फर्श"},{"lang":"th-TH","name":"พื้นกระเบื้อง"},{"lang":"tr-TR","name":"fayans döşeme"},{"lang":"pt-BR","name":"piso de azulejo"},{"lang":"de-DE","name":"Fliesenboden"},{"lang":"id-ID","name":"lantai keramik"},{"lang":"fr-FR","name":"sol carrelé"}]},{"id":66,"name":"tissue paper","transcription":"[ˈtɪʃuː ˈpeɪpər]","image":"/img/dict/home/tissue_paper.png","translates":[{"lang":"ru-RU","name":"бумажные салфетки"},{"lang":"vi-VN","name":"giấy ăn"},{"lang":"zh-CN","name":"纸巾"},{"lang":"hi-IN","name":"टिशू पेपर"},{"lang":"th-TH","name":"กระดาษทิชชู่"},{"lang":"tr-TR","name":"peçete"},{"lang":"pt-BR","name":"lenço de papel"},{"lang":"de-DE","name":"Taschentuch"},{"lang":"id-ID","name":"tisu"},{"lang":"fr-FR","name":"mouchoir en papier"}]},{"id":39,"name":"toilet brush","transcription":"[ˈtɔɪlət brʌʃ]","image":"/img/dict/home/toiletl_brush.png","translates":[{"lang":"ru-RU","name":"щетка для унитаза"},{"lang":"vi-VN","name":"bàn chải cọ toilet"},{"lang":"zh-CN","name":"马桶刷"},{"lang":"hi-IN","name":"टॉयलेट ब्रश"},{"lang":"th-TH","name":"แปรงชักโครก"},{"lang":"tr-TR","name":"tuvalet fırçası"},{"lang":"pt-BR","name":"escova de vaso sanitário"},{"lang":"de-DE","name":"Toilettenbürste"},{"lang":"id-ID","name":"sikat toilet"},{"lang":"fr-FR","name":"brosse de toilette"}]},{"id":6,"name":"toilet paper","transcription":"[ˈtɔɪlət ˈpeɪpər]","image":"/img/dict/home/toilet_paper.png","translates":[{"lang":"ru-RU","name":"туалетная бумага"},{"lang":"vi-VN","name":"giấy vệ sinh"},{"lang":"zh-CN","name":"卫生纸"},{"lang":"hi-IN","name":"टॉयलेट पेपर"},{"lang":"th-TH","name":"กระดาษชำระ"},{"lang":"tr-TR","name":"tuvalet kağıdı"},{"lang":"pt-BR","name":"papel higiênico"},{"lang":"de-DE","name":"Toilettenpapier"},{"lang":"id-ID","name":"tisu toilet"},{"lang":"fr-FR","name":"papier toilette"}]},{"id":10,"name":"toilet paper holder","transcription":"[ˈtɔɪlət ˈpeɪpər ˈhəʊldər]","image":"/img/dict/home/toilet_paper_holder.png","translates":[{"lang":"ru-RU","name":"держатель для туалетной бумаги"},{"lang":"vi-VN","name":"giá đỡ giấy vệ sinh"},{"lang":"zh-CN","name":"卫生纸架"},{"lang":"hi-IN","name":"टॉयलेट पेपर होल्डर"},{"lang":"th-TH","name":"ที่ใส่กระดาษชำระ"},{"lang":"tr-TR","name":"tuvalet kağıdı tutacağı"},{"lang":"pt-BR","name":"porta papel higiênico"},{"lang":"de-DE","name":"Toilettenpapierhalter"},{"lang":"id-ID","name":"tempat tisu toilet"},{"lang":"fr-FR","name":"porte-papier toilette"}]},{"id":100,"name":"toilet seat","transcription":"[ˈtɔɪlət siːt]","image":"/img/dict/home/toilet_seat.png","translates":[{"lang":"ru-RU","name":"сиденье для унитаза"},{"lang":"vi-VN","name":"nắp bồn cầu"},{"lang":"zh-CN","name":"马桶座圈"},{"lang":"hi-IN","name":"टॉयलेट सीट"},{"lang":"th-TH","name":"ฝาชักโครก"},{"lang":"tr-TR","name":"tuvalet kapağı"},{"lang":"pt-BR","name":"assento sanitário"},{"lang":"de-DE","name":"Toilettensitz"},{"lang":"id-ID","name":"dudukan toilet"},{"lang":"fr-FR","name":"siège de toilette"}]},{"id":42,"name":"toilet tank","transcription":"[ˈtɔɪlət tæŋk]","image":"/img/dict/home/toilet_tank.png","translates":[{"lang":"ru-RU","name":"сливной бачок"},{"lang":"vi-VN","name":"bồn chứa nước toilet"},{"lang":"zh-CN","name":"马桶水箱"},{"lang":"hi-IN","name":"टॉयलेट टैंक"},{"lang":"th-TH","name":"ถังชักโครก"},{"lang":"tr-TR","name":"tuvalet haznesi"},{"lang":"pt-BR","name":"caixa acoplada"},{"lang":"de-DE","name":"Toilettenspülkasten"},{"lang":"id-ID","name":"tandon toilet"},{"lang":"fr-FR","name":"réservoir de chasse"}]},{"id":36,"name":"toothbrush","transcription":"[ˈtuːθbrʌʃ]","image":"/img/dict/home/toothbrush.png","translates":[{"lang":"ru-RU","name":"зубная щетка"},{"lang":"vi-VN","name":"bàn chải đánh răng"},{"lang":"zh-CN","name":"牙刷"},{"lang":"hi-IN","name":"टूथब्रश"},{"lang":"th-TH","name":"แปรงสีฟัน"},{"lang":"tr-TR","name":"diş fırçası"},{"lang":"pt-BR","name":"escova de dentes"},{"lang":"de-DE","name":"Zahnbürste"},{"lang":"id-ID","name":"sikat gigi"},{"lang":"fr-FR","name":"brosse à dents"}]},{"id":28,"name":"toothbrush holder","transcription":"[ˈtuːθbrʌʃ ˈhəʊldər]","image":"/img/dict/home/toothbrush_holder.png","translates":[{"lang":"ru-RU","name":"держатель зубной щетки"},{"lang":"vi-VN","name":"giá đỡ bàn chải đánh răng"},{"lang":"zh-CN","name":"牙刷架"},{"lang":"hi-IN","name":"टूथब्रश होल्डर"},{"lang":"th-TH","name":"ที่ใส่แปรงสีฟัน"},{"lang":"tr-TR","name":"diş fırçası tutacağı"},{"lang":"pt-BR","name":"porta escova de dentes"},{"lang":"de-DE","name":"Zahnbürstenhalter"},{"lang":"id-ID","name":"tempat sikat gigi"},{"lang":"fr-FR","name":"porte-brosse à dents"}]},{"id":51,"name":"toothpaste","transcription":"[ˈtuːθpeɪst]","image":"/img/dict/home/toothpaste.png","translates":[{"lang":"ru-RU","name":"зубная паста"},{"lang":"vi-VN","name":"kem đánh răng"},{"lang":"zh-CN","name":"牙膏"},{"lang":"hi-IN","name":"टूथपेस्ट"},{"lang":"th-TH","name":"ยาสีฟัน"},{"lang":"tr-TR","name":"diş macunu"},{"lang":"pt-BR","name":"pasta de dente"},{"lang":"de-DE","name":"Zahnpasta"},{"lang":"id-ID","name":"pasta gigi"},{"lang":"fr-FR","name":"dentifrice"}]},{"id":23,"name":"towel","transcription":"[ˈtaʊəl]","image":"/img/dict/home/towel.png","translates":[{"lang":"ru-RU","name":"полотенце"},{"lang":"vi-VN","name":"khăn tắm"},{"lang":"zh-CN","name":"毛巾"},{"lang":"hi-IN","name":"तौलिया"},{"lang":"th-TH","name":"ผ้าเช็ดตัว"},{"lang":"tr-TR","name":"havlu"},{"lang":"pt-BR","name":"toalha"},{"lang":"de-DE","name":"Handtuch"},{"lang":"id-ID","name":"handuk"},{"lang":"fr-FR","name":"serviette"}]},{"id":89,"name":"towel rack","transcription":"[ˈtaʊəl ræk]","image":"/img/dict/home/towel_rack.png","translates":[{"lang":"ru-RU","name":"вешалка для полотенец"},{"lang":"vi-VN","name":"giá treo khăn"},{"lang":"zh-CN","name":"毛巾架"},{"lang":"hi-IN","name":"तौलिया रैक"},{"lang":"th-TH","name":"ที่แขวนผ้าเช็ดตัว"},{"lang":"tr-TR","name":"havluluk"},{"lang":"pt-BR","name":"toalheiro"},{"lang":"de-DE","name":"Handtuchhalter"},{"lang":"id-ID","name":"rak handuk"},{"lang":"fr-FR","name":"porte-serviettes"}]},{"id":113,"name":"tube","transcription":"[tuːb]","image":"/img/dict/home/tube.png","translates":[{"lang":"ru-RU","name":"тюбик"},{"lang":"vi-VN","name":"ống"},{"lang":"zh-CN","name":"软管"},{"lang":"hi-IN","name":"ट्यूब"},{"lang":"th-TH","name":"หลอด"},{"lang":"tr-TR","name":"tüp"},{"lang":"pt-BR","name":"tubo"},{"lang":"de-DE","name":"Tube"},{"lang":"id-ID","name":"tabung"},{"lang":"fr-FR","name":"tube"}]},{"id":83,"name":"tweezers","transcription":"[ˈtwiːzərz]","image":"/img/dict/home/tweezers.png","translates":[{"lang":"ru-RU","name":"пинцет"},{"lang":"vi-VN","name":"nhíp"},{"lang":"zh-CN","name":"镊子"},{"lang":"hi-IN","name":"ट्वीज़र"},{"lang":"th-TH","name":"แหนบ"},{"lang":"tr-TR","name":"cımbız"},{"lang":"pt-BR","name":"pinça"},{"lang":"de-DE","name":"Pinzette"},{"lang":"id-ID","name":"penjepit"},{"lang":"fr-FR","name":"pince à épiler"}]},{"id":91,"name":"urinal","transcription":"[ˈjʊrənl]","image":"/img/dict/home/urinal.png","translates":[{"lang":"ru-RU","name":"писсуар"},{"lang":"vi-VN","name":"bồn tiểu"},{"lang":"zh-CN","name":"小便池"},{"lang":"hi-IN","name":"मूत्रालय"},{"lang":"th-TH","name":"โถปัสสาวะ"},{"lang":"tr-TR","name":"pisuvar"},{"lang":"pt-BR","name":"mictório"},{"lang":"de-DE","name":"Urinal"},{"lang":"id-ID","name":"urinoir"},{"lang":"fr-FR","name":"urinoir"}]},{"id":75,"name":"vanity","transcription":"[ˈvænɪtɪ]","image":"/img/dict/home/vanity.png","translates":[{"lang":"ru-RU","name":"туалетный столик"},{"lang":"vi-VN","name":"bàn trang điểm"},{"lang":"zh-CN","name":"梳妆台"},{"lang":"hi-IN","name":"वैनिटी"},{"lang":"th-TH","name":"โต๊ะเครื่องแป้ง"},{"lang":"tr-TR","name":"makyaj masası"},{"lang":"pt-BR","name":"penteadeira"},{"lang":"de-DE","name":"Schminktisch"},{"lang":"id-ID","name":"meja rias"},{"lang":"fr-FR","name":"coiffeuse"}]},{"id":99,"name":"wash","transcription":"[wɒʃ]","image":"/img/dict/home/wash.png","translates":[{"lang":"ru-RU","name":"мыть"},{"lang":"vi-VN","name":"rửa"},{"lang":"zh-CN","name":"洗"},{"lang":"hi-IN","name":"धोना"},{"lang":"th-TH","name":"ล้าง"},{"lang":"tr-TR","name":"yıkamak"},{"lang":"pt-BR","name":"lavar"},{"lang":"de-DE","name":"waschen"},{"lang":"id-ID","name":"mencuci"},{"lang":"fr-FR","name":"laver"}]},{"id":14,"name":"washing machine","transcription":"[ˈwɒʃɪŋ məˈʃiːn]","image":"/img/dict/home/washing_machine.png","translates":[{"lang":"ru-RU","name":"стиральная машина"},{"lang":"vi-VN","name":"máy giặt"},{"lang":"zh-CN","name":"洗衣机"},{"lang":"hi-IN","name":"वाशिंग मशीन"},{"lang":"th-TH","name":"เครื่องซักผ้า"},{"lang":"tr-TR","name":"çamaşır makinesi"},{"lang":"pt-BR","name":"máquina de lavar"},{"lang":"de-DE","name":"Waschmaschine"},{"lang":"id-ID","name":"mesin cuci"},{"lang":"fr-FR","name":"machine à laver"}]},{"id":59,"name":"wastebasket","transcription":"[ˈweɪstbæskɪt]","image":"/img/dict/home/wastebasket.png","translates":[{"lang":"ru-RU","name":"мусорная корзина"},{"lang":"vi-VN","name":"thùng rác"},{"lang":"zh-CN","name":"废纸篓"},{"lang":"hi-IN","name":"कचरा पेटी"},{"lang":"th-TH","name":"ถังขยะ"},{"lang":"tr-TR","name":"çöp sepeti"},{"lang":"pt-BR","name":"cesto de lixo"},{"lang":"de-DE","name":"Papierkorb"},{"lang":"id-ID","name":"keranjang sampah"},{"lang":"fr-FR","name":"corbeille"}]},{"id":80,"name":"water","transcription":"[ˈwɔːtə]","image":"/img/dict/home/water.png","translates":[{"lang":"ru-RU","name":"вода"},{"lang":"vi-VN","name":"nước"},{"lang":"zh-CN","name":"水"},{"lang":"hi-IN","name":"पानी"},{"lang":"th-TH","name":"น้ำ"},{"lang":"tr-TR","name":"su"},{"lang":"pt-BR","name":"água"},{"lang":"de-DE","name":"Wasser"},{"lang":"id-ID","name":"air"},{"lang":"fr-FR","name":"eau"}]},{"id":52,"name":"water heater","transcription":"[ˈwɔːtər ˈhiːtər]","image":"/img/dict/home/water_heater.png","translates":[{"lang":"ru-RU","name":"водонагреватель"},{"lang":"vi-VN","name":"bình nóng lạnh"},{"lang":"zh-CN","name":"热水器"},{"lang":"hi-IN","name":"वॉटर हीटर"},{"lang":"th-TH","name":"เครื่องทำน้ำอุ่น"},{"lang":"tr-TR","name":"su ısıtıcı"},{"lang":"pt-BR","name":"aquecedor de água"},{"lang":"de-DE","name":"Wassererhitzer"},{"lang":"id-ID","name":"pemanas air"},{"lang":"fr-FR","name":"chauffe-eau"}]},{"id":85,"name":"wet wipes","transcription":"[wet ˈwaɪps]","image":"/img/dict/home/wet_wipes.png","translates":[{"lang":"ru-RU","name":"влажные салфетки"},{"lang":"vi-VN","name":"khăn ướt"},{"lang":"zh-CN","name":"湿巾"},{"lang":"hi-IN","name":"वेट वाइप्स"},{"lang":"th-TH","name":"ทิชชู่เปียก"},{"lang":"tr-TR","name":"ıslak mendil"},{"lang":"pt-BR","name":"lenços umedecidos"},{"lang":"de-DE","name":"Feuchttücher"},{"lang":"id-ID","name":"tisu basah"},{"lang":"fr-FR","name":"lingettes"}]},{"id":114,"name":"wrench","transcription":"[renʧ]","image":"/img/dict/home/wrench.png","translates":[{"lang":"ru-RU","name":"гаечный ключ"},{"lang":"vi-VN","name":"cờ lê"},{"lang":"zh-CN","name":"扳手"},{"lang":"hi-IN","name":"रेंच"},{"lang":"th-TH","name":"ประแจ"},{"lang":"tr-TR","name":"anahtar"},{"lang":"pt-BR","name":"chave inglesa"},{"lang":"de-DE","name":"Schraubenschlüssel"},{"lang":"id-ID","name":"kunci inggris"},{"lang":"fr-FR","name":"clé"}]}]}