{"name":"Phonics /eer/","nameA":"","img":"","isRandom":false,"isBlur":false,"isUpper":true,"isByWords":false,"isForAdult":false,"separator":"","numWords":17,"Translations":[{"lang":"ru-RU","name":"Алфавит","nameA":""},{"lang":"vi-VN","name":"Ngữ âm /eer/","nameA":""},{"lang":"zh-CN","name":"拼音 /eer/","nameA":""},{"lang":"hi-IN","name":"ध्वनि /eer/","nameA":""},{"lang":"th-TH","name":"โฟนิกส์ /eer/","nameA":""},{"lang":"tr-TR","name":"Fonetik /eer/","nameA":""},{"lang":"pt-BR","name":"Fonética /eer/","nameA":""},{"lang":"de-DE","name":"Phonik /eer/","nameA":""},{"lang":"id-ID","name":"Fonik /eer/","nameA":""},{"lang":"fr-FR","name":"Phonétique /eer/","nameA":""}],"items":[{"id":0,"name":"ear","transcription":"[ɪr]","nameA":"","image":"/img/dict/body/ear.png","bg":"transparent","nameAnswer":"","translates":[{"lang":"ru-RU","name":"Ухо","nameA":""},{"lang":"vi-VN","name":"Tai","nameA":""},{"lang":"zh-CN","name":"耳朵","nameA":""},{"lang":"hi-IN","name":"कान","nameA":""},{"lang":"th-TH","name":"หู","nameA":""},{"lang":"tr-TR","name":"Kulak","nameA":""},{"lang":"pt-BR","name":"Orelha","nameA":""},{"lang":"de-DE","name":"Ohr","nameA":""},{"lang":"id-ID","name":"Telinga","nameA":""},{"lang":"fr-FR","name":"Oreille","nameA":""}]},{"id":0,"name":"dear","transcription":"[dɪr]","nameA":"","image":" ","bg":"transparent","nameAnswer":"","translates":[{"lang":"ru-RU","name":"Дорогой","nameA":""},{"lang":"vi-VN","name":"Thân mến","nameA":""},{"lang":"zh-CN","name":"亲爱的","nameA":""},{"lang":"hi-IN","name":"प्रिय","nameA":""},{"lang":"th-TH","name":"ที่รัก","nameA":""},{"lang":"tr-TR","name":"Sevgili","nameA":""},{"lang":"pt-BR","name":"Querido","nameA":""},{"lang":"de-DE","name":"Liebe","nameA":""},{"lang":"id-ID","name":"Sayang","nameA":""},{"lang":"fr-FR","name":"Cher","nameA":""}]},{"id":0,"name":"hear","transcription":"[hɪr]","nameA":"","image":" ","bg":"transparent","nameAnswer":"","translates":[{"lang":"ru-RU","name":"Слышать","nameA":""},{"lang":"vi-VN","name":"Nghe","nameA":""},{"lang":"zh-CN","name":"听到","nameA":""},{"lang":"hi-IN","name":"सुनना","nameA":""},{"lang":"th-TH","name":"ได้ยิน","nameA":""},{"lang":"tr-TR","name":"Duymak","nameA":""},{"lang":"pt-BR","name":"Ouvir","nameA":""},{"lang":"de-DE","name":"Hören","nameA":""},{"lang":"id-ID","name":"Mendengar","nameA":""},{"lang":"fr-FR","name":"Entendre","nameA":""}]},{"id":0,"name":"near","transcription":"[nɪr]","nameA":"","image":" ","bg":"transparent","nameAnswer":"","translates":[{"lang":"ru-RU","name":"Близко","nameA":""},{"lang":"vi-VN","name":"Gần","nameA":""},{"lang":"zh-CN","name":"靠近","nameA":""},{"lang":"hi-IN","name":"पास","nameA":""},{"lang":"th-TH","name":"ใกล้","nameA":""},{"lang":"tr-TR","name":"Yakın","nameA":""},{"lang":"pt-BR","name":"Perto","nameA":""},{"lang":"de-DE","name":"Nah","nameA":""},{"lang":"id-ID","name":"Dekat","nameA":""},{"lang":"fr-FR","name":"Près","nameA":""}]},{"id":0,"name":"rear","transcription":"[rɪr]","nameA":"","image":" ","bg":"transparent","nameAnswer":"","translates":[{"lang":"ru-RU","name":"Задний","nameA":""},{"lang":"vi-VN","name":"Phía sau","nameA":""},{"lang":"zh-CN","name":"后方","nameA":""},{"lang":"hi-IN","name":"पीछे","nameA":""},{"lang":"th-TH","name":"ด้านหลัง","nameA":""},{"lang":"tr-TR","name":"Arka","nameA":""},{"lang":"pt-BR","name":"Traseiro","nameA":""},{"lang":"de-DE","name":"Hinten","nameA":""},{"lang":"id-ID","name":"Belakang","nameA":""},{"lang":"fr-FR","name":"Arrière","nameA":""}]},{"id":0,"name":"year","transcription":"[jɪr]","nameA":"","image":" ","bg":"transparent","nameAnswer":"","translates":[{"lang":"ru-RU","name":"Год","nameA":""},{"lang":"vi-VN","name":"Năm","nameA":""},{"lang":"zh-CN","name":"年","nameA":""},{"lang":"hi-IN","name":"साल","nameA":""},{"lang":"th-TH","name":"ปี","nameA":""},{"lang":"tr-TR","name":"Yıl","nameA":""},{"lang":"pt-BR","name":"Ano","nameA":""},{"lang":"de-DE","name":"Jahr","nameA":""},{"lang":"id-ID","name":"Tahun","nameA":""},{"lang":"fr-FR","name":"An","nameA":""}]},{"id":0,"name":"cheer","transcription":"[tʃɪr]","nameA":"","image":" ","bg":"transparent","nameAnswer":"","translates":[{"lang":"ru-RU","name":"Аплодисменты","nameA":""},{"lang":"vi-VN","name":"Cổ vũ","nameA":""},{"lang":"zh-CN","name":"欢呼","nameA":""},{"lang":"hi-IN","name":"जयकार","nameA":""},{"lang":"th-TH","name":"เชียร์","nameA":""},{"lang":"tr-TR","name":"Tezahürat","nameA":""},{"lang":"pt-BR","name":"Aplauso","nameA":""},{"lang":"de-DE","name":"Jubel","nameA":""},{"lang":"id-ID","name":"Sorak","nameA":""},{"lang":"fr-FR","name":"Acclamation","nameA":""}]},{"id":0,"name":"deer","transcription":"[dɪr]","nameA":"","image":"/img/dict/animals/deer.png","bg":"transparent","nameAnswer":"","translates":[{"lang":"ru-RU","name":"Олень","nameA":""},{"lang":"vi-VN","name":"Con nai","nameA":""},{"lang":"zh-CN","name":"鹿","nameA":""},{"lang":"hi-IN","name":"हिरण","nameA":""},{"lang":"th-TH","name":"กวาง","nameA":""},{"lang":"tr-TR","name":"Geyik","nameA":""},{"lang":"pt-BR","name":"Cervo","nameA":""},{"lang":"de-DE","name":"Hirsch","nameA":""},{"lang":"id-ID","name":"Rusa","nameA":""},{"lang":"fr-FR","name":"Cerf","nameA":""}]},{"id":0,"name":"eerie","transcription":"[ˈɪri]","nameA":"","image":" ","bg":"transparent","nameAnswer":"","translates":[{"lang":"ru-RU","name":"Жуткий","nameA":""},{"lang":"vi-VN","name":"Kỳ lạ","nameA":""},{"lang":"zh-CN","name":"怪异的","nameA":""},{"lang":"hi-IN","name":"डरावना","nameA":""},{"lang":"th-TH","name":"น่าขนลุก","nameA":""},{"lang":"tr-TR","name":"Ürkütücü","nameA":""},{"lang":"pt-BR","name":"Assustador","nameA":""},{"lang":"de-DE","name":"Unheimlich","nameA":""},{"lang":"id-ID","name":"Mencekam","nameA":""},{"lang":"fr-FR","name":"Étrange","nameA":""}]},{"id":0,"name":"peer","transcription":"[pɪr]","nameA":"","image":" ","bg":"transparent","nameAnswer":"","translates":[{"lang":"ru-RU","name":"Сверстник","nameA":""},{"lang":"vi-VN","name":"Đồng nghiệp","nameA":""},{"lang":"zh-CN","name":"同龄人","nameA":""},{"lang":"hi-IN","name":"सहकर्मी","nameA":""},{"lang":"th-TH","name":"เพื่อน","nameA":""},{"lang":"tr-TR","name":"Akran","nameA":""},{"lang":"pt-BR","name":"Colega","nameA":""},{"lang":"de-DE","name":"Kollege","nameA":""},{"lang":"id-ID","name":"Rekan","nameA":""},{"lang":"fr-FR","name":"Pair","nameA":""}]},{"id":0,"name":"steer","transcription":"[stɪr]","nameA":"","image":" ","bg":"transparent","nameAnswer":"","translates":[{"lang":"ru-RU","name":"Управлять","nameA":""},{"lang":"vi-VN","name":"Lái","nameA":""},{"lang":"zh-CN","name":"驾驶","nameA":""},{"lang":"hi-IN","name":"चलाना","nameA":""},{"lang":"th-TH","name":"บังคับ","nameA":""},{"lang":"tr-TR","name":"Yönlendirmek","nameA":""},{"lang":"pt-BR","name":"Dirigir","nameA":""},{"lang":"de-DE","name":"Lenken","nameA":""},{"lang":"id-ID","name":"Mengemudikan","nameA":""},{"lang":"fr-FR","name":"Diriger","nameA":""}]},{"id":0,"name":"here","transcription":"[hɪr]","nameA":"","image":" ","bg":"transparent","nameAnswer":"","translates":[{"lang":"ru-RU","name":"Здесь","nameA":""},{"lang":"vi-VN","name":"Ở đây","nameA":""},{"lang":"zh-CN","name":"这里","nameA":""},{"lang":"hi-IN","name":"यहाँ","nameA":""},{"lang":"th-TH","name":"ที่นี่","nameA":""},{"lang":"tr-TR","name":"Burada","nameA":""},{"lang":"pt-BR","name":"Aqui","nameA":""},{"lang":"de-DE","name":"Hier","nameA":""},{"lang":"id-ID","name":"Di sini","nameA":""},{"lang":"fr-FR","name":"Ici","nameA":""}]},{"id":0,"name":"severe","transcription":"[sɪˈvɪr]","nameA":"","image":" ","bg":"transparent","nameAnswer":"","translates":[{"lang":"ru-RU","name":"Серьезный","nameA":""},{"lang":"vi-VN","name":"Nghiêm trọng","nameA":""},{"lang":"zh-CN","name":"严重","nameA":""},{"lang":"hi-IN","name":"गंभीर","nameA":""},{"lang":"th-TH","name":"รุนแรง","nameA":""},{"lang":"tr-TR","name":"Şiddetli","nameA":""},{"lang":"pt-BR","name":"Severo","nameA":""},{"lang":"de-DE","name":"Schwer","nameA":""},{"lang":"id-ID","name":"Parah","nameA":""},{"lang":"fr-FR","name":"Grave","nameA":""}]},{"id":0,"name":"sphere","transcription":"[sfɪr]","nameA":"","image":"/img/dict/shapes/sphere.png","bg":"transparent","nameAnswer":"","translates":[{"lang":"ru-RU","name":"Сфера","nameA":""},{"lang":"vi-VN","name":"Hình cầu","nameA":""},{"lang":"zh-CN","name":"球体","nameA":""},{"lang":"hi-IN","name":"गोला","nameA":""},{"lang":"th-TH","name":"ทรงกลม","nameA":""},{"lang":"tr-TR","name":"Küre","nameA":""},{"lang":"pt-BR","name":"Esfera","nameA":""},{"lang":"de-DE","name":"Sphäre","nameA":""},{"lang":"id-ID","name":"Bola","nameA":""},{"lang":"fr-FR","name":"Sphère","nameA":""}]},{"id":0,"name":"pier","transcription":"[pɪr]","nameA":"","image":" ","bg":"transparent","nameAnswer":"","translates":[{"lang":"ru-RU","name":"Пирс","nameA":""},{"lang":"vi-VN","name":"Cầu tàu","nameA":""},{"lang":"zh-CN","name":"码头","nameA":""},{"lang":"hi-IN","name":"घाट","nameA":""},{"lang":"th-TH","name":"ท่าเรือ","nameA":""},{"lang":"tr-TR","name":"İskele","nameA":""},{"lang":"pt-BR","name":"Píer","nameA":""},{"lang":"de-DE","name":"Pier","nameA":""},{"lang":"id-ID","name":"Dermaga","nameA":""},{"lang":"fr-FR","name":"Jetée","nameA":""}]},{"id":0,"name":"skier","transcription":"[ˈskiːər]","nameA":"","image":" ","bg":"transparent","nameAnswer":"","translates":[{"lang":"ru-RU","name":"Лыжник","nameA":""},{"lang":"vi-VN","name":"Người trượt tuyết","nameA":""},{"lang":"zh-CN","name":"滑雪者","nameA":""},{"lang":"hi-IN","name":"स्कीयर","nameA":""},{"lang":"th-TH","name":"นักสกี","nameA":""},{"lang":"tr-TR","name":"Kayakçı","nameA":""},{"lang":"pt-BR","name":"Esquiador","nameA":""},{"lang":"de-DE","name":"Skifahrer","nameA":""},{"lang":"id-ID","name":"Pemain ski","nameA":""},{"lang":"fr-FR","name":"Skieur","nameA":""}]},{"id":0,"name":"tier","transcription":"[tɪr]","nameA":"","image":" ","bg":"transparent","nameAnswer":"","translates":[{"lang":"ru-RU","name":"Уровень","nameA":""},{"lang":"vi-VN","name":"Tầng","nameA":""},{"lang":"zh-CN","name":"层级","nameA":""},{"lang":"hi-IN","name":"स्तर","nameA":""},{"lang":"th-TH","name":"ระดับ","nameA":""},{"lang":"tr-TR","name":"Katman","nameA":""},{"lang":"pt-BR","name":"Nível","nameA":""},{"lang":"de-DE","name":"Ebene","nameA":""},{"lang":"id-ID","name":"Tingkat","nameA":""},{"lang":"fr-FR","name":"Niveau","nameA":""}]}]}