{"name":"Drinks","isRandom":true,"isBlur":true,"isUpper":true,"isByWords":false,"isForAdult":false,"separator":"","numWords":15,"Translations":[{"lang":"ru-RU","name":"Напитки"},{"lang":"vi-VN","name":"Đồ uống"},{"lang":"zh-CN","name":"饮料"},{"lang":"hi-IN","name":"पेय"},{"lang":"th-TH","name":"เครื่องดื่ม"},{"lang":"tr-TR","name":"İçecekler"},{"lang":"pt-BR","name":"Bebidas"},{"lang":"de-DE","name":"Getränke"},{"lang":"id-ID","name":"Minuman"},{"lang":"fr-FR","name":"Boissons"}],"items":[{"id":0,"name":"juice","transcription":"[dʒuːs]","image":"/img/dict/food/juice.png","translates":[{"lang":"ru-RU","name":"сок"},{"lang":"vi-VN","name":"Nước ép"},{"lang":"zh-CN","name":"果汁"},{"lang":"hi-IN","name":"जूस"},{"lang":"th-TH","name":"น้ำผลไม้"},{"lang":"tr-TR","name":"Meyve suyu"},{"lang":"pt-BR","name":"Suco"},{"lang":"de-DE","name":"Saft"},{"lang":"id-ID","name":"Jus"},{"lang":"fr-FR","name":"Jus"}]},{"id":1,"name":"coffee","transcription":"[ˈkɔːfɪ]","image":"/img/dict/food/coffee.png","translates":[{"lang":"ru-RU","name":"кофе"},{"lang":"vi-VN","name":"Cà phê"},{"lang":"zh-CN","name":"咖啡"},{"lang":"hi-IN","name":"कॉफी"},{"lang":"th-TH","name":"กาแฟ"},{"lang":"tr-TR","name":"Kahve"},{"lang":"pt-BR","name":"Café"},{"lang":"de-DE","name":"Kaffee"},{"lang":"id-ID","name":"Kopi"},{"lang":"fr-FR","name":"Café"}]},{"id":2,"name":"soda","transcription":"[ˈsəʊdə]","image":"/img/dict/food/soda.png","translates":[{"lang":"ru-RU","name":"сода"},{"lang":"vi-VN","name":"Nước ngọt"},{"lang":"zh-CN","name":"苏打水"},{"lang":"hi-IN","name":"सोडा"},{"lang":"th-TH","name":"โซดา"},{"lang":"tr-TR","name":"Soda"},{"lang":"pt-BR","name":"Refrigerante"},{"lang":"de-DE","name":"Limonade"},{"lang":"id-ID","name":"Soda"},{"lang":"fr-FR","name":"Soda"}]},{"id":3,"name":"cola","transcription":"[ˈkəʊlə]","image":"/img/dict/food/cola.png","translates":[{"lang":"ru-RU","name":"кола"},{"lang":"vi-VN","name":"Cola"},{"lang":"zh-CN","name":"可乐"},{"lang":"hi-IN","name":"कोला"},{"lang":"th-TH","name":"โคล่า"},{"lang":"tr-TR","name":"Kola"},{"lang":"pt-BR","name":"Refrigerante"},{"lang":"de-DE","name":"Cola"},{"lang":"id-ID","name":"Cola"},{"lang":"fr-FR","name":"Cola"}]},{"id":4,"name":"tea","transcription":"[tiː]","image":"/img/dict/food/tea.png","translates":[{"lang":"ru-RU","name":"чай"},{"lang":"vi-VN","name":"Trà"},{"lang":"zh-CN","name":"茶"},{"lang":"hi-IN","name":"चाय"},{"lang":"th-TH","name":"ชา"},{"lang":"tr-TR","name":"Çay"},{"lang":"pt-BR","name":"Chá"},{"lang":"de-DE","name":"Tee"},{"lang":"id-ID","name":"Teh"},{"lang":"fr-FR","name":"Thé"}]},{"id":5,"name":"hot chocolate","transcription":"[hɑːt ˈtʃɑːklət]","image":"/img/dict/food/hotchocolate.png","translates":[{"lang":"ru-RU","name":"горячий шоколад"},{"lang":"vi-VN","name":"Sô cô la nóng"},{"lang":"zh-CN","name":"热巧克力"},{"lang":"hi-IN","name":"हॉट चॉकलेट"},{"lang":"th-TH","name":"ช็อกโกแลตร้อน"},{"lang":"tr-TR","name":"Sıcak çikolata"},{"lang":"pt-BR","name":"Chocolate quente"},{"lang":"de-DE","name":"Heiße Schokolade"},{"lang":"id-ID","name":"Cokelat panas"},{"lang":"fr-FR","name":"Chocolat chaud"}]},{"id":6,"name":"lemonade","transcription":"[ˌleməˈneɪd]","image":"/img/dict/food/lemonade.png","translates":[{"lang":"ru-RU","name":"лимонад"},{"lang":"vi-VN","name":"Nước chanh"},{"lang":"zh-CN","name":"柠檬水"},{"lang":"hi-IN","name":"नींबू पानी"},{"lang":"th-TH","name":"น้ำมะนาว"},{"lang":"tr-TR","name":"Limonata"},{"lang":"pt-BR","name":"Limonada"},{"lang":"de-DE","name":"Limonade"},{"lang":"id-ID","name":"Limonade"},{"lang":"fr-FR","name":"Limonade"}]},{"id":7,"name":"milk","transcription":"[mɪlk]","image":"/img/dict/food/milk.png","translates":[{"lang":"ru-RU","name":"молоко"},{"lang":"vi-VN","name":"Sữa"},{"lang":"zh-CN","name":"牛奶"},{"lang":"hi-IN","name":"दूध"},{"lang":"th-TH","name":"นม"},{"lang":"tr-TR","name":"Süt"},{"lang":"pt-BR","name":"Leite"},{"lang":"de-DE","name":"Milch"},{"lang":"id-ID","name":"Susu"},{"lang":"fr-FR","name":"Lait"}]},{"id":8,"name":"milkshake","transcription":"[ˈmɪlkʃeɪk]","image":"/img/dict/food/milkshake.png","translates":[{"lang":"ru-RU","name":"молочный коктейль"},{"lang":"vi-VN","name":"Sữa lắc"},{"lang":"zh-CN","name":"奶昔"},{"lang":"hi-IN","name":"मिल्कशेक"},{"lang":"th-TH","name":"มิลค์เชค"},{"lang":"tr-TR","name":"Milkshake"},{"lang":"pt-BR","name":"Milk-shake"},{"lang":"de-DE","name":"Milchshake"},{"lang":"id-ID","name":"Milkshake"},{"lang":"fr-FR","name":"Milkshake"}]},{"id":9,"name":"water","transcription":"[ˈwɔːtər]","image":"/img/dict/food/water.png","translates":[{"lang":"ru-RU","name":"вода"},{"lang":"vi-VN","name":"Nước"},{"lang":"zh-CN","name":"水"},{"lang":"hi-IN","name":"पानी"},{"lang":"th-TH","name":"น้ำ"},{"lang":"tr-TR","name":"Su"},{"lang":"pt-BR","name":"Água"},{"lang":"de-DE","name":"Wasser"},{"lang":"id-ID","name":"Air"},{"lang":"fr-FR","name":"Eau"}]},{"id":12,"name":"smoothie","transcription":"[ˈsmuːðɪ]","image":"/img/dict/food/smoothie.png","translates":[{"lang":"ru-RU","name":"смузи"},{"lang":"vi-VN","name":"Sinh tố"},{"lang":"zh-CN","name":"冰沙"},{"lang":"hi-IN","name":"स्मूदी"},{"lang":"th-TH","name":"สมูทตี้"},{"lang":"tr-TR","name":"Smoothie"},{"lang":"pt-BR","name":"Smoothie"},{"lang":"de-DE","name":"Smoothie"},{"lang":"id-ID","name":"Smoothie"},{"lang":"fr-FR","name":"Smoothie"}]},{"id":13,"name":"sparkling water","transcription":"[ˈspɑːrklɪŋ ˈwɔːtər]","image":"/img/dict/food/sparklingwater.png","translates":[{"lang":"ru-RU","name":"газированная вода"},{"lang":"vi-VN","name":"Nước có ga"},{"lang":"zh-CN","name":"气泡水"},{"lang":"hi-IN","name":"सोडा वाटर"},{"lang":"th-TH","name":"น้ำอัดลม"},{"lang":"tr-TR","name":"Maden suyu"},{"lang":"pt-BR","name":"Água com gás"},{"lang":"de-DE","name":"Sprudelwasser"},{"lang":"id-ID","name":"Air soda"},{"lang":"fr-FR","name":"Eau gazeuse"}]},{"id":14,"name":"still water","transcription":"[stɪl ˈwɔːtər]","image":"/img/dict/food/stillwater.png","translates":[{"lang":"ru-RU","name":"вода без газа"},{"lang":"vi-VN","name":"Nước không ga"},{"lang":"zh-CN","name":"静水"},{"lang":"hi-IN","name":"सादा पानी"},{"lang":"th-TH","name":"น้ำเปล่า"},{"lang":"tr-TR","name":"Durgun su"},{"lang":"pt-BR","name":"Água sem gás"},{"lang":"de-DE","name":"Stilles Wasser"},{"lang":"id-ID","name":"Air biasa"},{"lang":"fr-FR","name":"Eau plate"}]},{"id":15,"name":"cocktail","transcription":"[ˈkɑːkteɪl]","image":"/img/dict/food/cocktail.png","translates":[{"lang":"ru-RU","name":"коктейль"},{"lang":"vi-VN","name":"Cocktail"},{"lang":"zh-CN","name":"鸡尾酒"},{"lang":"hi-IN","name":"कॉकटेल"},{"lang":"th-TH","name":"ค็อกเทล"},{"lang":"tr-TR","name":"Kokteyl"},{"lang":"pt-BR","name":"Coquetel"},{"lang":"de-DE","name":"Cocktail"},{"lang":"id-ID","name":"Koktail"},{"lang":"fr-FR","name":"Cocktail"}]},{"id":16,"name":"milktea","transcription":"[mɪlk tiː]","image":"/img/dict/food/milktea.png","translates":[{"lang":"ru-RU","name":"молочный чай"},{"lang":"vi-VN","name":"Trà sữa"},{"lang":"zh-CN","name":"奶茶"},{"lang":"hi-IN","name":"मिल्क टी"},{"lang":"th-TH","name":"ชานม"},{"lang":"tr-TR","name":"Sütlü çay"},{"lang":"pt-BR","name":"Chá com leite"},{"lang":"de-DE","name":"Milchtee"},{"lang":"id-ID","name":"Teh susu"},{"lang":"fr-FR","name":"Thé au lait"}]}]}