{"name":"Phonics /oa/","nameA":"","img":"","isRandom":false,"isBlur":false,"isUpper":true,"isByWords":false,"isForAdult":false,"separator":"","numWords":31,"Translations":[{"lang":"ru-RU","name":"Алфавит","nameA":""},{"lang":"vi-VN","name":"Ngữ âm /oa/","nameA":""},{"lang":"zh-CN","name":"拼音 /oa/","nameA":""},{"lang":"hi-IN","name":"ध्वनि /oa/","nameA":""},{"lang":"th-TH","name":"โฟนิกส์ /oa/","nameA":""},{"lang":"tr-TR","name":"Fonetik /oa/","nameA":""},{"lang":"pt-BR","name":"Fônica /oa/","nameA":""},{"lang":"de-DE","name":"Phonik /oa/","nameA":""},{"lang":"id-ID","name":"Fonik /oa/","nameA":""},{"lang":"fr-FR","name":"Phonétique /oa/","nameA":""}],"items":[{"id":0,"name":"boat","transcription":"[boʊt]","nameA":"","image":" ","bg":"transparent","nameAnswer":"","translates":[{"lang":"ru-RU","name":"Лодка","nameA":""},{"lang":"vi-VN","name":"Thuyền","nameA":""},{"lang":"zh-CN","name":"船","nameA":""},{"lang":"hi-IN","name":"नाव","nameA":""},{"lang":"th-TH","name":"เรือ","nameA":""},{"lang":"tr-TR","name":"Tekne","nameA":""},{"lang":"pt-BR","name":"Barco","nameA":""},{"lang":"de-DE","name":"Boot","nameA":""},{"lang":"id-ID","name":"Perahu","nameA":""},{"lang":"fr-FR","name":"Bateau","nameA":""}]},{"id":0,"name":"croak","transcription":"[kroʊk]","nameA":"","image":" ","bg":"transparent","nameAnswer":"","translates":[{"lang":"ru-RU","name":"Квакать","nameA":""},{"lang":"vi-VN","name":"Kêu ộp ộp","nameA":""},{"lang":"zh-CN","name":"呱呱叫","nameA":""},{"lang":"hi-IN","name":"टर्राना","nameA":""},{"lang":"th-TH","name":"ร้องอย่างกบ","nameA":""},{"lang":"tr-TR","name":"Vıraklamak","nameA":""},{"lang":"pt-BR","name":"Coaxar","nameA":""},{"lang":"de-DE","name":"Quaken","nameA":""},{"lang":"id-ID","name":"Menguak","nameA":""},{"lang":"fr-FR","name":"Coasser","nameA":""}]},{"id":0,"name":"goat","transcription":"[ɡoʊt]","nameA":"","image":"/img/dict/animals/goat.png","bg":"transparent","nameAnswer":"","translates":[{"lang":"ru-RU","name":"Коза","nameA":""},{"lang":"vi-VN","name":"Dê","nameA":""},{"lang":"zh-CN","name":"山羊","nameA":""},{"lang":"hi-IN","name":"बकरी","nameA":""},{"lang":"th-TH","name":"แพะ","nameA":""},{"lang":"tr-TR","name":"Keçi","nameA":""},{"lang":"pt-BR","name":"Cabra","nameA":""},{"lang":"de-DE","name":"Ziege","nameA":""},{"lang":"id-ID","name":"Kambing","nameA":""},{"lang":"fr-FR","name":"Chèvre","nameA":""}]},{"id":0,"name":"oak","transcription":"[oʊk]","nameA":"","image":" ","bg":"transparent","nameAnswer":"","translates":[{"lang":"ru-RU","name":"Дуб","nameA":""},{"lang":"vi-VN","name":"Cây sồi","nameA":""},{"lang":"zh-CN","name":"橡树","nameA":""},{"lang":"hi-IN","name":"बलूत","nameA":""},{"lang":"th-TH","name":"ต้นโอ๊ก","nameA":""},{"lang":"tr-TR","name":"Meşe","nameA":""},{"lang":"pt-BR","name":"Carvalho","nameA":""},{"lang":"de-DE","name":"Eiche","nameA":""},{"lang":"id-ID","name":"Pohon ek","nameA":""},{"lang":"fr-FR","name":"Chêne","nameA":""}]},{"id":0,"name":"road","transcription":"[roʊd]","nameA":"","image":" ","bg":"transparent","nameAnswer":"","translates":[{"lang":"ru-RU","name":"Дорога","nameA":""},{"lang":"vi-VN","name":"Con đường","nameA":""},{"lang":"zh-CN","name":"道路","nameA":""},{"lang":"hi-IN","name":"सड़क","nameA":""},{"lang":"th-TH","name":"ถนน","nameA":""},{"lang":"tr-TR","name":"Yol","nameA":""},{"lang":"pt-BR","name":"Estrada","nameA":""},{"lang":"de-DE","name":"Straße","nameA":""},{"lang":"id-ID","name":"Jalan","nameA":""},{"lang":"fr-FR","name":"Route","nameA":""}]},{"id":0,"name":"toad","transcription":"[toʊd]","nameA":"","image":" ","bg":"transparent","nameAnswer":"","translates":[{"lang":"ru-RU","name":"Жаба","nameA":""},{"lang":"vi-VN","name":"Con cóc","nameA":""},{"lang":"zh-CN","name":"蟾蜍","nameA":""},{"lang":"hi-IN","name":"मेंढक","nameA":""},{"lang":"th-TH","name":"คางคก","nameA":""},{"lang":"tr-TR","name":"Kurbağa","nameA":""},{"lang":"pt-BR","name":"Sapo","nameA":""},{"lang":"de-DE","name":"Kröte","nameA":""},{"lang":"id-ID","name":"Kodok","nameA":""},{"lang":"fr-FR","name":"Crapaud","nameA":""}]},{"id":0,"name":"bow","transcription":"[boʊ]","nameA":"","image":" ","bg":"transparent","nameAnswer":"","translates":[{"lang":"ru-RU","name":"Лук (оружие)","nameA":""},{"lang":"vi-VN","name":"Cung","nameA":""},{"lang":"zh-CN","name":"弓","nameA":""},{"lang":"hi-IN","name":"धनुष","nameA":""},{"lang":"th-TH","name":"คันธนู","nameA":""},{"lang":"tr-TR","name":"Yay","nameA":""},{"lang":"pt-BR","name":"Arco","nameA":""},{"lang":"de-DE","name":"Bogen","nameA":""},{"lang":"id-ID","name":"Busur","nameA":""},{"lang":"fr-FR","name":"Arc","nameA":""}]},{"id":0,"name":"blow","transcription":"[bloʊ]","nameA":"","image":" ","bg":"transparent","nameAnswer":"","translates":[{"lang":"ru-RU","name":"Дуть","nameA":""},{"lang":"vi-VN","name":"Thổi","nameA":""},{"lang":"zh-CN","name":"吹","nameA":""},{"lang":"hi-IN","name":"फूंक मारना","nameA":""},{"lang":"th-TH","name":"เป่า","nameA":""},{"lang":"tr-TR","name":"Üflemek","nameA":""},{"lang":"pt-BR","name":"Soprar","nameA":""},{"lang":"de-DE","name":"Blasen","nameA":""},{"lang":"id-ID","name":"Meniup","nameA":""},{"lang":"fr-FR","name":"Souffler","nameA":""}]},{"id":0,"name":"follow","transcription":"[ˈfɑloʊ]","nameA":"","image":" ","bg":"transparent","nameAnswer":"","translates":[{"lang":"ru-RU","name":"Следовать","nameA":""},{"lang":"vi-VN","name":"Theo dõi","nameA":""},{"lang":"zh-CN","name":"跟随","nameA":""},{"lang":"hi-IN","name":"अनुसरण करना","nameA":""},{"lang":"th-TH","name":"ตาม","nameA":""},{"lang":"tr-TR","name":"Takip etmek","nameA":""},{"lang":"pt-BR","name":"Seguir","nameA":""},{"lang":"de-DE","name":"Folgen","nameA":""},{"lang":"id-ID","name":"Mengikuti","nameA":""},{"lang":"fr-FR","name":"Suivre","nameA":""}]},{"id":0,"name":"own","transcription":"[oʊn]","nameA":"","image":" ","bg":"transparent","nameAnswer":"","translates":[{"lang":"ru-RU","name":"Собственный","nameA":""},{"lang":"vi-VN","name":"Sở hữu","nameA":""},{"lang":"zh-CN","name":"自己的","nameA":""},{"lang":"hi-IN","name":"स्वयं का","nameA":""},{"lang":"th-TH","name":"เป็นของตัวเอง","nameA":""},{"lang":"tr-TR","name":"Kendi","nameA":""},{"lang":"pt-BR","name":"Próprio","nameA":""},{"lang":"de-DE","name":"Eigen","nameA":""},{"lang":"id-ID","name":"Milik sendiri","nameA":""},{"lang":"fr-FR","name":"Propre","nameA":""}]},{"id":0,"name":"snow","transcription":"[snoʊ]","nameA":"","image":" ","bg":"transparent","nameAnswer":"","translates":[{"lang":"ru-RU","name":"Снег","nameA":""},{"lang":"vi-VN","name":"Tuyết","nameA":""},{"lang":"zh-CN","name":"雪","nameA":""},{"lang":"hi-IN","name":"बर्फ","nameA":""},{"lang":"th-TH","name":"หิมะ","nameA":""},{"lang":"tr-TR","name":"Kar","nameA":""},{"lang":"pt-BR","name":"Neve","nameA":""},{"lang":"de-DE","name":"Schnee","nameA":""},{"lang":"id-ID","name":"Salju","nameA":""},{"lang":"fr-FR","name":"Neige","nameA":""}]},{"id":0,"name":"throw","transcription":"[θroʊ]","nameA":"","image":" ","bg":"transparent","nameAnswer":"","translates":[{"lang":"ru-RU","name":"Бросать","nameA":""},{"lang":"vi-VN","name":"Ném","nameA":""},{"lang":"zh-CN","name":"扔","nameA":""},{"lang":"hi-IN","name":"फेंकना","nameA":""},{"lang":"th-TH","name":"โยน","nameA":""},{"lang":"tr-TR","name":"Atmak","nameA":""},{"lang":"pt-BR","name":"Jogar","nameA":""},{"lang":"de-DE","name":"Werfen","nameA":""},{"lang":"id-ID","name":"Melempar","nameA":""},{"lang":"fr-FR","name":"Lancer","nameA":""}]},{"id":0,"name":"fold","transcription":"[foʊld]","nameA":"","image":" ","bg":"transparent","nameAnswer":"","translates":[{"lang":"ru-RU","name":"Складывать","nameA":""},{"lang":"vi-VN","name":"Gấp","nameA":""},{"lang":"zh-CN","name":"折叠","nameA":""},{"lang":"hi-IN","name":"तह करना","nameA":""},{"lang":"th-TH","name":"พับ","nameA":""},{"lang":"tr-TR","name":"Katlamak","nameA":""},{"lang":"pt-BR","name":"Dobrar","nameA":""},{"lang":"de-DE","name":"Falten","nameA":""},{"lang":"id-ID","name":"Melipat","nameA":""},{"lang":"fr-FR","name":"Plier","nameA":""}]},{"id":0,"name":"go","transcription":"[ɡoʊ]","nameA":"","image":" ","bg":"transparent","nameAnswer":"","translates":[{"lang":"ru-RU","name":"Идти","nameA":""},{"lang":"vi-VN","name":"Đi","nameA":""},{"lang":"zh-CN","name":"去","nameA":""},{"lang":"hi-IN","name":"जाना","nameA":""},{"lang":"th-TH","name":"ไป","nameA":""},{"lang":"tr-TR","name":"Gitmek","nameA":""},{"lang":"pt-BR","name":"Ir","nameA":""},{"lang":"de-DE","name":"Gehen","nameA":""},{"lang":"id-ID","name":"Pergi","nameA":""},{"lang":"fr-FR","name":"Aller","nameA":""}]},{"id":0,"name":"gold","transcription":"[ɡoʊld]","nameA":"","image":"/img/dict/colors/gold.png","bg":"transparent","nameAnswer":"","translates":[{"lang":"ru-RU","name":"Золото","nameA":""},{"lang":"vi-VN","name":"Vàng","nameA":""},{"lang":"zh-CN","name":"黄金","nameA":""},{"lang":"hi-IN","name":"सोना","nameA":""},{"lang":"th-TH","name":"ทอง","nameA":""},{"lang":"tr-TR","name":"Altın","nameA":""},{"lang":"pt-BR","name":"Ouro","nameA":""},{"lang":"de-DE","name":"Gold","nameA":""},{"lang":"id-ID","name":"Emas","nameA":""},{"lang":"fr-FR","name":"Or","nameA":""}]},{"id":0,"name":"no","transcription":"[noʊ]","nameA":"","image":" ","bg":"transparent","nameAnswer":"","translates":[{"lang":"ru-RU","name":"Нет","nameA":""},{"lang":"vi-VN","name":"Không","nameA":""},{"lang":"zh-CN","name":"不","nameA":""},{"lang":"hi-IN","name":"नहीं","nameA":""},{"lang":"th-TH","name":"ไม่","nameA":""},{"lang":"tr-TR","name":"Hayır","nameA":""},{"lang":"pt-BR","name":"Não","nameA":""},{"lang":"de-DE","name":"Nein","nameA":""},{"lang":"id-ID","name":"Tidak","nameA":""},{"lang":"fr-FR","name":"Non","nameA":""}]},{"id":0,"name":"old","transcription":"[oʊld]","nameA":"","image":" ","bg":"transparent","nameAnswer":"","translates":[{"lang":"ru-RU","name":"Старый","nameA":""},{"lang":"vi-VN","name":"Cũ","nameA":""},{"lang":"zh-CN","name":"老的","nameA":""},{"lang":"hi-IN","name":"पुराना","nameA":""},{"lang":"th-TH","name":"เก่า","nameA":""},{"lang":"tr-TR","name":"Eski","nameA":""},{"lang":"pt-BR","name":"Velho","nameA":""},{"lang":"de-DE","name":"Alt","nameA":""},{"lang":"id-ID","name":"Tua","nameA":""},{"lang":"fr-FR","name":"Vieux","nameA":""}]},{"id":0,"name":"open","transcription":"[ˈoʊpən]","nameA":"","image":" ","bg":"transparent","nameAnswer":"","translates":[{"lang":"ru-RU","name":"Открытый","nameA":""},{"lang":"vi-VN","name":"Mở","nameA":""},{"lang":"zh-CN","name":"开","nameA":""},{"lang":"hi-IN","name":"खुला","nameA":""},{"lang":"th-TH","name":"เปิด","nameA":""},{"lang":"tr-TR","name":"Açık","nameA":""},{"lang":"pt-BR","name":"Aberto","nameA":""},{"lang":"de-DE","name":"Offen","nameA":""},{"lang":"id-ID","name":"Terbuka","nameA":""},{"lang":"fr-FR","name":"Ouvert","nameA":""}]},{"id":0,"name":"so","transcription":"[soʊ]","nameA":"","image":" ","bg":"transparent","nameAnswer":"","translates":[{"lang":"ru-RU","name":"Так","nameA":""},{"lang":"vi-VN","name":"Vì vậy","nameA":""},{"lang":"zh-CN","name":"所以","nameA":""},{"lang":"hi-IN","name":"इसलिए","nameA":""},{"lang":"th-TH","name":"ดังนั้น","nameA":""},{"lang":"tr-TR","name":"Yani","nameA":""},{"lang":"pt-BR","name":"Então","nameA":""},{"lang":"de-DE","name":"Also","nameA":""},{"lang":"id-ID","name":"Jadi","nameA":""},{"lang":"fr-FR","name":"Donc","nameA":""}]},{"id":0,"name":"hope","transcription":"[hoʊp]","nameA":"","image":" ","bg":"transparent","nameAnswer":"","translates":[{"lang":"ru-RU","name":"Надежда","nameA":""},{"lang":"vi-VN","name":"Hy vọng","nameA":""},{"lang":"zh-CN","name":"希望","nameA":""},{"lang":"hi-IN","name":"आशा","nameA":""},{"lang":"th-TH","name":"ความหวัง","nameA":""},{"lang":"tr-TR","name":"Umut","nameA":""},{"lang":"pt-BR","name":"Esperança","nameA":""},{"lang":"de-DE","name":"Hoffnung","nameA":""},{"lang":"id-ID","name":"Harapan","nameA":""},{"lang":"fr-FR","name":"Espoir","nameA":""}]},{"id":0,"name":"nose","transcription":"[noʊz]","nameA":"","image":"/img/dict/body/nose.png","bg":"transparent","nameAnswer":"","translates":[{"lang":"ru-RU","name":"Нос","nameA":""},{"lang":"vi-VN","name":"Mũi","nameA":""},{"lang":"zh-CN","name":"鼻子","nameA":""},{"lang":"hi-IN","name":"नाक","nameA":""},{"lang":"th-TH","name":"จมูก","nameA":""},{"lang":"tr-TR","name":"Burun","nameA":""},{"lang":"pt-BR","name":"Nariz","nameA":""},{"lang":"de-DE","name":"Nase","nameA":""},{"lang":"id-ID","name":"Hidung","nameA":""},{"lang":"fr-FR","name":"Nez","nameA":""}]},{"id":0,"name":"rope","transcription":"[roʊp]","nameA":"","image":" ","bg":"transparent","nameAnswer":"","translates":[{"lang":"ru-RU","name":"Веревка","nameA":""},{"lang":"vi-VN","name":"Dây thừng","nameA":""},{"lang":"zh-CN","name":"绳子","nameA":""},{"lang":"hi-IN","name":"रस्सी","nameA":""},{"lang":"th-TH","name":"เชือก","nameA":""},{"lang":"tr-TR","name":"Halat","nameA":""},{"lang":"pt-BR","name":"Corda","nameA":""},{"lang":"de-DE","name":"Seil","nameA":""},{"lang":"id-ID","name":"Tali","nameA":""},{"lang":"fr-FR","name":"Corde","nameA":""}]},{"id":0,"name":"rose","transcription":"[roʊz]","nameA":"","image":" ","bg":"transparent","nameAnswer":"","translates":[{"lang":"ru-RU","name":"Роза","nameA":""},{"lang":"vi-VN","name":"Hoa hồng","nameA":""},{"lang":"zh-CN","name":"玫瑰","nameA":""},{"lang":"hi-IN","name":"गुलाब","nameA":""},{"lang":"th-TH","name":"กุหลาบ","nameA":""},{"lang":"tr-TR","name":"Gül","nameA":""},{"lang":"pt-BR","name":"Rosa","nameA":""},{"lang":"de-DE","name":"Rose","nameA":""},{"lang":"id-ID","name":"Mawar","nameA":""},{"lang":"fr-FR","name":"Rose","nameA":""}]},{"id":0,"name":"wrote","transcription":"[roʊt]","nameA":"","image":" ","bg":"transparent","nameAnswer":"","translates":[{"lang":"ru-RU","name":"Написал","nameA":""},{"lang":"vi-VN","name":"Đã viết","nameA":""},{"lang":"zh-CN","name":"写了","nameA":""},{"lang":"hi-IN","name":"लिखा","nameA":""},{"lang":"th-TH","name":"เขียน","nameA":""},{"lang":"tr-TR","name":"Yazdı","nameA":""},{"lang":"pt-BR","name":"Escreveu","nameA":""},{"lang":"de-DE","name":"Schrieb","nameA":""},{"lang":"id-ID","name":"Menulis","nameA":""},{"lang":"fr-FR","name":"Écrivit","nameA":""}]},{"id":0,"name":"although","transcription":"[ɔːlˈðoʊ]","nameA":"","image":" ","bg":"transparent","nameAnswer":"","translates":[{"lang":"ru-RU","name":"Хотя","nameA":""},{"lang":"vi-VN","name":"Mặc dù","nameA":""},{"lang":"zh-CN","name":"虽然","nameA":""},{"lang":"hi-IN","name":"हालांकि","nameA":""},{"lang":"th-TH","name":"แม้ว่า","nameA":""},{"lang":"tr-TR","name":"Rağmen","nameA":""},{"lang":"pt-BR","name":"Embora","nameA":""},{"lang":"de-DE","name":"Obwohl","nameA":""},{"lang":"id-ID","name":"Meskipun","nameA":""},{"lang":"fr-FR","name":"Bien que","nameA":""}]},{"id":0,"name":"dough","transcription":"[doʊ]","nameA":"","image":" ","bg":"transparent","nameAnswer":"","translates":[{"lang":"ru-RU","name":"Тесто","nameA":""},{"lang":"vi-VN","name":"Bột nhào","nameA":""},{"lang":"zh-CN","name":"面团","nameA":""},{"lang":"hi-IN","name":"आटा","nameA":""},{"lang":"th-TH","name":"แป้งโด","nameA":""},{"lang":"tr-TR","name":"Hamur","nameA":""},{"lang":"pt-BR","name":"Massa","nameA":""},{"lang":"de-DE","name":"Teig","nameA":""},{"lang":"id-ID","name":"Adonan","nameA":""},{"lang":"fr-FR","name":"Pâte","nameA":""}]},{"id":0,"name":"hoe","transcription":"[hoʊ]","nameA":"","image":" ","bg":"transparent","nameAnswer":"","translates":[{"lang":"ru-RU","name":"Мотыга","nameA":""},{"lang":"vi-VN","name":"Cái cuốc","nameA":""},{"lang":"zh-CN","name":"锄头","nameA":""},{"lang":"hi-IN","name":"कुदाल","nameA":""},{"lang":"th-TH","name":"จอบ","nameA":""},{"lang":"tr-TR","name":"Çapa","nameA":""},{"lang":"pt-BR","name":"Enxada","nameA":""},{"lang":"de-DE","name":"Hacke","nameA":""},{"lang":"id-ID","name":"Cangkul","nameA":""},{"lang":"fr-FR","name":"Houe","nameA":""}]},{"id":0,"name":"toe","transcription":"[toʊ]","nameA":"","image":"/img/dict/body/toe.png","bg":"transparent","nameAnswer":"","translates":[{"lang":"ru-RU","name":"Палец ноги","nameA":""},{"lang":"vi-VN","name":"Ngón chân","nameA":""},{"lang":"zh-CN","name":"脚趾","nameA":""},{"lang":"hi-IN","name":"पैर की अंगुली","nameA":""},{"lang":"th-TH","name":"นิ้วเท้า","nameA":""},{"lang":"tr-TR","name":"Ayak parmağı","nameA":""},{"lang":"pt-BR","name":"Dedo do pé","nameA":""},{"lang":"de-DE","name":"Zehe","nameA":""},{"lang":"id-ID","name":"Jari kaki","nameA":""},{"lang":"fr-FR","name":"Orteil","nameA":""}]},{"id":0,"name":"beau","transcription":"[boʊ]","nameA":"","image":" ","bg":"transparent","nameAnswer":"","translates":[{"lang":"ru-RU","name":"Кавалер","nameA":""},{"lang":"vi-VN","name":"Người yêu","nameA":""},{"lang":"zh-CN","name":"情人","nameA":""},{"lang":"hi-IN","name":"प्रेमी","nameA":""},{"lang":"th-TH","name":"คนรัก","nameA":""},{"lang":"tr-TR","name":"Sevgili","nameA":""},{"lang":"pt-BR","name":"Namorado","nameA":""},{"lang":"de-DE","name":"Freund","nameA":""},{"lang":"id-ID","name":"Kekasih","nameA":""},{"lang":"fr-FR","name":"Beau","nameA":""}]},{"id":0,"name":"gateau","transcription":"[ɡæˈtoʊ]","nameA":"","image":" ","bg":"transparent","nameAnswer":"","translates":[{"lang":"ru-RU","name":"Торт","nameA":""},{"lang":"vi-VN","name":"Bánh ngọt","nameA":""},{"lang":"zh-CN","name":"蛋糕","nameA":""},{"lang":"hi-IN","name":"केक","nameA":""},{"lang":"th-TH","name":"เค้ก","nameA":""},{"lang":"tr-TR","name":"Pasta","nameA":""},{"lang":"pt-BR","name":"Bolo","nameA":""},{"lang":"de-DE","name":"Torte","nameA":""},{"lang":"id-ID","name":"Kue","nameA":""},{"lang":"fr-FR","name":"Gâteau","nameA":""}]},{"id":0,"name":"plateau","transcription":"[plæˈtoʊ]","nameA":"","image":" ","bg":"transparent","nameAnswer":"","translates":[{"lang":"ru-RU","name":"Плато","nameA":""},{"lang":"vi-VN","name":"Cao nguyên","nameA":""},{"lang":"zh-CN","name":"高原","nameA":""},{"lang":"hi-IN","name":"पठार","nameA":""},{"lang":"th-TH","name":"ที่ราบสูง","nameA":""},{"lang":"tr-TR","name":"Plato","nameA":""},{"lang":"pt-BR","name":"Platô","nameA":""},{"lang":"de-DE","name":"Hochebene","nameA":""},{"lang":"id-ID","name":"Dataran tinggi","nameA":""},{"lang":"fr-FR","name":"Plateau","nameA":""}]}]}