{"name":"sweets","isRandom":true,"isBlur":true,"isUpper":true,"isByWords":false,"isForAdult":false,"separator":"","numWords":20,"Translations":[{"lang":"ru-RU","name":"сладости"},{"lang":"vi-VN","name":"Đồ ngọt"},{"lang":"zh-CN","name":"糖果"},{"lang":"hi-IN","name":"मिठाई"},{"lang":"th-TH","name":"ขนมหวาน"},{"lang":"tr-TR","name":"Tatlılar"},{"lang":"pt-BR","name":"Doces"},{"lang":"de-DE","name":"Süßigkeiten"},{"lang":"id-ID","name":"Permen"},{"lang":"fr-FR","name":"Bonbons"}],"items":[{"id":9,"name":"candy","transcription":"[ˈkændɪ]","image":"/img/dict/food/candy.png","translates":[{"lang":"ru-RU","name":"конфеты"},{"lang":"vi-VN","name":"Kẹo"},{"lang":"zh-CN","name":"糖果"},{"lang":"hi-IN","name":"कैंडी"},{"lang":"th-TH","name":"ลูกอม"},{"lang":"tr-TR","name":"Şeker"},{"lang":"pt-BR","name":"Doce"},{"lang":"de-DE","name":"Bonbon"},{"lang":"id-ID","name":"Permen"},{"lang":"fr-FR","name":"Bonbon"}]},{"id":11,"name":"brownie","transcription":"[ˈbraʊnɪ]","image":"/img/dict/food/brownie.png","translates":[{"lang":"ru-RU","name":"пирожное"},{"lang":"vi-VN","name":"Bánh brownie"},{"lang":"zh-CN","name":"布朗尼"},{"lang":"hi-IN","name":"ब्राउनी"},{"lang":"th-TH","name":"บราวนี่"},{"lang":"tr-TR","name":"Browni"},{"lang":"pt-BR","name":"Brownie"},{"lang":"de-DE","name":"Brownie"},{"lang":"id-ID","name":"Brownies"},{"lang":"fr-FR","name":"Brownie"}]},{"id":12,"name":"cookie","transcription":"[ˈkʊkɪ]","image":"/img/dict/food/cookie.png","translates":[{"lang":"ru-RU","name":"печенье"},{"lang":"vi-VN","name":"Bánh quy"},{"lang":"zh-CN","name":"饼干"},{"lang":"hi-IN","name":"कुकी"},{"lang":"th-TH","name":"คุกกี้"},{"lang":"tr-TR","name":"Kurabiye"},{"lang":"pt-BR","name":"Biscoito"},{"lang":"de-DE","name":"Keks"},{"lang":"id-ID","name":"Kue kering"},{"lang":"fr-FR","name":"Biscuit"}]},{"id":15,"name":"croissant","transcription":"[kwɑːˈsɑːnt]","image":"/img/dict/food/croissant.png","translates":[{"lang":"ru-RU","name":"круассан"},{"lang":"vi-VN","name":"Bánh sừng bò"},{"lang":"zh-CN","name":"牛角面包"},{"lang":"hi-IN","name":"क्रोइसैन"},{"lang":"th-TH","name":"ครัวซองต์"},{"lang":"tr-TR","name":"Kruvasan"},{"lang":"pt-BR","name":"Croissant"},{"lang":"de-DE","name":"Croissant"},{"lang":"id-ID","name":"Croissant"},{"lang":"fr-FR","name":"Croissant"}]},{"id":16,"name":"cupcake","transcription":"[ˈkʌpkeɪk]","image":"/img/dict/food/cupcake.png","translates":[{"lang":"ru-RU","name":"кекс"},{"lang":"vi-VN","name":"Bánh cupcake"},{"lang":"zh-CN","name":"纸杯蛋糕"},{"lang":"hi-IN","name":"कपकेक"},{"lang":"th-TH","name":"คัพเค้ก"},{"lang":"tr-TR","name":"Cupcake"},{"lang":"pt-BR","name":"Bolinho"},{"lang":"de-DE","name":"Cupcake"},{"lang":"id-ID","name":"Cupcake"},{"lang":"fr-FR","name":"Cupcake"}]},{"id":25,"name":"ice cream","transcription":"[aɪs kriːm]","image":"/img/dict/food/icecream.png","translates":[{"lang":"ru-RU","name":"мороженое"},{"lang":"vi-VN","name":"Kem"},{"lang":"zh-CN","name":"冰淇淋"},{"lang":"hi-IN","name":"आइसक्रीम"},{"lang":"th-TH","name":"ไอศกรีม"},{"lang":"tr-TR","name":"Dondurma"},{"lang":"pt-BR","name":"Sorvete"},{"lang":"de-DE","name":"Eis"},{"lang":"id-ID","name":"Es krim"},{"lang":"fr-FR","name":"Glace"}]},{"id":26,"name":"cake","transcription":"[keɪk]","image":"/img/dict/food/cake.png","translates":[{"lang":"ru-RU","name":"торт"},{"lang":"vi-VN","name":"Bánh"},{"lang":"zh-CN","name":"蛋糕"},{"lang":"hi-IN","name":"केक"},{"lang":"th-TH","name":"เค้ก"},{"lang":"tr-TR","name":"Pasta"},{"lang":"pt-BR","name":"Bolo"},{"lang":"de-DE","name":"Kuchen"},{"lang":"id-ID","name":"Kue"},{"lang":"fr-FR","name":"Gâteau"}]},{"id":27,"name":"chocolate","transcription":"[ˈtʃɑːklət]","image":"/img/dict/food/chocolate.png","translates":[{"lang":"ru-RU","name":"шоколад"},{"lang":"vi-VN","name":"Sô cô la"},{"lang":"zh-CN","name":"巧克力"},{"lang":"hi-IN","name":"चॉकलेट"},{"lang":"th-TH","name":"ช็อกโกแลต"},{"lang":"tr-TR","name":"Çikolata"},{"lang":"pt-BR","name":"Chocolate"},{"lang":"de-DE","name":"Schokolade"},{"lang":"id-ID","name":"Cokelat"},{"lang":"fr-FR","name":"Chocolat"}]},{"id":28,"name":"yoghurt","transcription":"[ˈjɒɡət]","image":"/img/dict/food/yoghurt.png","translates":[{"lang":"ru-RU","name":"йогурт"},{"lang":"vi-VN","name":"Sữa chua"},{"lang":"zh-CN","name":"酸奶"},{"lang":"hi-IN","name":"दही"},{"lang":"th-TH","name":"โยเกิร์ต"},{"lang":"tr-TR","name":"Yoğurt"},{"lang":"pt-BR","name":"Iogurte"},{"lang":"de-DE","name":"Joghurt"},{"lang":"id-ID","name":"Yoghurt"},{"lang":"fr-FR","name":"Yaourt"}]},{"id":29,"name":"donut","transcription":"[ˈdəʊnʌt]","image":"/img/dict/food/donut.png","translates":[{"lang":"ru-RU","name":"пончик"},{"lang":"vi-VN","name":"Bánh rán"},{"lang":"zh-CN","name":"甜甜圈"},{"lang":"hi-IN","name":"डोनट"},{"lang":"th-TH","name":"โดนัท"},{"lang":"tr-TR","name":"Donut"},{"lang":"pt-BR","name":"Rosquinha"},{"lang":"de-DE","name":"Donut"},{"lang":"id-ID","name":"Donat"},{"lang":"fr-FR","name":"Donut"}]},{"id":30,"name":"pie","transcription":"[paɪ]","image":"/img/dict/food/pie.png","translates":[{"lang":"ru-RU","name":"пирог"},{"lang":"vi-VN","name":"Bánh pie"},{"lang":"zh-CN","name":"馅饼"},{"lang":"hi-IN","name":"पाई"},{"lang":"th-TH","name":"พาย"},{"lang":"tr-TR","name":"Turta"},{"lang":"pt-BR","name":"Torta"},{"lang":"de-DE","name":"Kuchen"},{"lang":"id-ID","name":"Pai"},{"lang":"fr-FR","name":"Tarte"}]},{"id":31,"name":"biscuits","transcription":"[ˈbɪskəts]","image":"/img/dict/food/biscuits.png","translates":[{"lang":"ru-RU","name":"печенье"},{"lang":"vi-VN","name":"Bánh quy"},{"lang":"zh-CN","name":"饼干"},{"lang":"hi-IN","name":"बिस्कुट"},{"lang":"th-TH","name":"บิสกิต"},{"lang":"tr-TR","name":"Bisküvi"},{"lang":"pt-BR","name":"Biscoitos"},{"lang":"de-DE","name":"Kekse"},{"lang":"id-ID","name":"Biskuit"},{"lang":"fr-FR","name":"Biscuits"}]},{"id":33,"name":"jelly","transcription":"[ˈdʒelɪ]","image":"/img/dict/food/jelly.png","translates":[{"lang":"ru-RU","name":"желе"},{"lang":"vi-VN","name":"Thạch"},{"lang":"zh-CN","name":"果冻"},{"lang":"hi-IN","name":"जेली"},{"lang":"th-TH","name":"เยลลี่"},{"lang":"tr-TR","name":"Jöle"},{"lang":"pt-BR","name":"Gelatina"},{"lang":"de-DE","name":"Gelée"},{"lang":"id-ID","name":"Jeli"},{"lang":"fr-FR","name":"Gelée"}]},{"id":34,"name":"cracker","transcription":"[ˈkrækər]","image":"/img/dict/food/cracker.png","translates":[{"lang":"ru-RU","name":"крекер"},{"lang":"vi-VN","name":"Bánh quy giòn"},{"lang":"zh-CN","name":"薄脆饼干"},{"lang":"hi-IN","name":"क्रैकर"},{"lang":"th-TH","name":"แครกเกอร์"},{"lang":"tr-TR","name":"Kraker"},{"lang":"pt-BR","name":"Biscoito"},{"lang":"de-DE","name":"Cracker"},{"lang":"id-ID","name":"Kerupuk"},{"lang":"fr-FR","name":"Cracker"}]},{"id":43,"name":"pancake","transcription":"[ˈpænkeɪk]","image":"/img/dict/food/pancake.png","translates":[{"lang":"ru-RU","name":"блин"},{"lang":"vi-VN","name":"Bánh kếp"},{"lang":"zh-CN","name":"煎饼"},{"lang":"hi-IN","name":"पैनकेक"},{"lang":"th-TH","name":"แพนเค้ก"},{"lang":"tr-TR","name":"Pankek"},{"lang":"pt-BR","name":"Panqueca"},{"lang":"de-DE","name":"Pfannkuchen"},{"lang":"id-ID","name":"Panekuk"},{"lang":"fr-FR","name":"Crêpe"}]},{"id":46,"name":"waffles","transcription":"[ˈwɑːfəlz]","image":"/img/dict/food/waffles.png","translates":[{"lang":"ru-RU","name":"вафли"},{"lang":"vi-VN","name":"Bánh waffle"},{"lang":"zh-CN","name":"华夫饼"},{"lang":"hi-IN","name":"वॉफल्स"},{"lang":"th-TH","name":"วาฟเฟิล"},{"lang":"tr-TR","name":"Waffle"},{"lang":"pt-BR","name":"Waffle"},{"lang":"de-DE","name":"Waffel"},{"lang":"id-ID","name":"Wafel"},{"lang":"fr-FR","name":"Gaufre"}]},{"id":48,"name":"popcorn","transcription":"[ˈpɑːpkɔːrn]","image":"/img/dict/food/popcorn.png","translates":[{"lang":"ru-RU","name":"Попкорн"},{"lang":"vi-VN","name":"Bỏng ngô"},{"lang":"zh-CN","name":"爆米花"},{"lang":"hi-IN","name":"पॉपकॉर्न"},{"lang":"th-TH","name":"ป๊อปคอร์น"},{"lang":"tr-TR","name":"Patlamış mısır"},{"lang":"pt-BR","name":"Pipoca"},{"lang":"de-DE","name":"Popcorn"},{"lang":"id-ID","name":"Popcorn"},{"lang":"fr-FR","name":"Popcorn"}]},{"id":49,"name":"jam","transcription":"[dʒæm]","image":"/img/dict/food/jam.png","translates":[{"lang":"ru-RU","name":"варенье"},{"lang":"vi-VN","name":"Mứt"},{"lang":"zh-CN","name":"果酱"},{"lang":"hi-IN","name":"जैम"},{"lang":"th-TH","name":"แยม"},{"lang":"tr-TR","name":"Reçel"},{"lang":"pt-BR","name":"Geléia"},{"lang":"de-DE","name":"Marmelade"},{"lang":"id-ID","name":"Selai"},{"lang":"fr-FR","name":"Confiture"}]},{"id":50,"name":"lollipop","transcription":"[ˈlɑːlɪpɑːp]","image":"/img/dict/food/lollipop.png","translates":[{"lang":"ru-RU","name":"леденец"},{"lang":"vi-VN","name":"Kẹo mút"},{"lang":"zh-CN","name":"棒棒糖"},{"lang":"hi-IN","name":"लॉलीपॉप"},{"lang":"th-TH","name":"อมยิ้ม"},{"lang":"tr-TR","name":"Lolipop"},{"lang":"pt-BR","name":"Pirulito"},{"lang":"de-DE","name":"Lutscher"},{"lang":"id-ID","name":"Permen lolipop"},{"lang":"fr-FR","name":"Sucette"}]},{"id":53,"name":"gingerbread","transcription":"[ˈdʒɪndʒərbred]","image":"/img/dict/food/gingerbread.png","translates":[{"lang":"ru-RU","name":"пряник"},{"lang":"vi-VN","name":"Bánh gừng"},{"lang":"zh-CN","name":"姜饼"},{"lang":"hi-IN","name":"जिंजरब्रेड"},{"lang":"th-TH","name":"ขนมปังขิง"},{"lang":"tr-TR","name":"Zencefilli kurabiye"},{"lang":"pt-BR","name":"Pão de gengibre"},{"lang":"de-DE","name":"Lebkuchen"},{"lang":"id-ID","name":"Kue jahe"},{"lang":"fr-FR","name":"Pain d\u0027épices"}]}]}