{"name":"Berries","isRandom":true,"isBlur":true,"isUpper":true,"isByWords":false,"isForAdult":false,"separator":"","numWords":13,"Translations":[{"lang":"ru-RU","name":"Ягоды"},{"lang":"vi-VN","name":"Quả mọng"},{"lang":"zh-CN","name":"浆果"},{"lang":"hi-IN","name":"जामुन"},{"lang":"th-TH","name":"เบอร์รี่"},{"lang":"tr-TR","name":"Meyveler"},{"lang":"pt-BR","name":"Frutas silvestres"},{"lang":"de-DE","name":"Beeren"},{"lang":"id-ID","name":"Buah beri"},{"lang":"fr-FR","name":"Baies"}],"items":[{"id":0,"name":"Berries","transcription":"[ˈberɪz]","image":"/img/dict/food/berries.png","translates":[{"lang":"ru-RU","name":"Ягоды"},{"lang":"vi-VN","name":"Quả mọng"},{"lang":"zh-CN","name":"浆果"},{"lang":"hi-IN","name":"जामुन"},{"lang":"th-TH","name":"เบอร์รี่"},{"lang":"tr-TR","name":"Meyveler"},{"lang":"pt-BR","name":"Frutas silvestres"},{"lang":"de-DE","name":"Beeren"},{"lang":"id-ID","name":"Buah beri"},{"lang":"fr-FR","name":"Baies"}]},{"id":1,"name":"blueberry","transcription":"[ˈbluːberɪ]","image":"/img/dict/food/blueberry.png","translates":[{"lang":"ru-RU","name":"черника"},{"lang":"vi-VN","name":"việt quất"},{"lang":"zh-CN","name":"蓝莓"},{"lang":"hi-IN","name":"ब्लूबेरी"},{"lang":"th-TH","name":"บลูเบอร์รี่"},{"lang":"tr-TR","name":"yaban mersini"},{"lang":"pt-BR","name":"mirtilo"},{"lang":"de-DE","name":"Heidelbeere"},{"lang":"id-ID","name":"bluberi"},{"lang":"fr-FR","name":"myrtille"}]},{"id":2,"name":"blackberry","transcription":"[ˈblækberɪ]","image":"/img/dict/food/blackberry.png","translates":[{"lang":"ru-RU","name":"ежевика"},{"lang":"vi-VN","name":"mâm xôi đen"},{"lang":"zh-CN","name":"黑莓"},{"lang":"hi-IN","name":"ब्लैकबेरी"},{"lang":"th-TH","name":"แบล็กเบอร์รี่"},{"lang":"tr-TR","name":"böğürtlen"},{"lang":"pt-BR","name":"amora-preta"},{"lang":"de-DE","name":"Brombeere"},{"lang":"id-ID","name":"blackberry"},{"lang":"fr-FR","name":"mûre"}]},{"id":3,"name":"cherry","transcription":"[ˈtʃerɪ]","image":"/img/dict/food/cherry.png","translates":[{"lang":"ru-RU","name":"вишня"},{"lang":"vi-VN","name":"anh đào"},{"lang":"zh-CN","name":"樱桃"},{"lang":"hi-IN","name":"चेरी"},{"lang":"th-TH","name":"เชอร์รี่"},{"lang":"tr-TR","name":"kiraz"},{"lang":"pt-BR","name":"cereja"},{"lang":"de-DE","name":"Kirsche"},{"lang":"id-ID","name":"ceri"},{"lang":"fr-FR","name":"cerise"}]},{"id":4,"name":"currant","transcription":"[ˈkɜːrənt]","image":"/img/dict/food/currant.png","translates":[{"lang":"ru-RU","name":"смородина"},{"lang":"vi-VN","name":"nho Hy Lạp"},{"lang":"zh-CN","name":"醋栗"},{"lang":"hi-IN","name":"करंट"},{"lang":"th-TH","name":"ลูกเกดดำ"},{"lang":"tr-TR","name":"kuş üzümü"},{"lang":"pt-BR","name":"groselha"},{"lang":"de-DE","name":"Johannisbeere"},{"lang":"id-ID","name":"kismis"},{"lang":"fr-FR","name":"groseille"}]},{"id":5,"name":"cranberry","transcription":"[ˈkrænberɪ]","image":"/img/dict/food/cranberry.png","translates":[{"lang":"ru-RU","name":"клюква"},{"lang":"vi-VN","name":"nam việt quất"},{"lang":"zh-CN","name":"蔓越莓"},{"lang":"hi-IN","name":"क्रैनबेरी"},{"lang":"th-TH","name":"แครนเบอร์รี่"},{"lang":"tr-TR","name":"kızılcık"},{"lang":"pt-BR","name":"oxicoco"},{"lang":"de-DE","name":"Preiselbeere"},{"lang":"id-ID","name":"cranberry"},{"lang":"fr-FR","name":"canneberge"}]},{"id":6,"name":"chokeberry","transcription":"[ˈtʃoʊk.ber.i]","image":"/img/dict/food/chokeberry.png","translates":[{"lang":"ru-RU","name":"черноплодная рябина"},{"lang":"vi-VN","name":"quả aronia"},{"lang":"zh-CN","name":"黑果腺肋花楸"},{"lang":"hi-IN","name":"चोकबेरी"},{"lang":"th-TH","name":"โช๊คเบอร์รี่"},{"lang":"tr-TR","name":"aronya"},{"lang":"pt-BR","name":"aronia"},{"lang":"de-DE","name":"Aronia"},{"lang":"id-ID","name":"chokeberry"},{"lang":"fr-FR","name":"aronia"}]},{"id":7,"name":"goji berry","transcription":"[ˈɡoʊ.dʒi ˌber.i]","image":"/img/dict/food/gojiberry.png","translates":[{"lang":"ru-RU","name":"ягода годжи"},{"lang":"vi-VN","name":"quả goji"},{"lang":"zh-CN","name":"枸杞"},{"lang":"hi-IN","name":"गोजी बेरी"},{"lang":"th-TH","name":"โกจิเบอร์รี่"},{"lang":"tr-TR","name":"goji berry"},{"lang":"pt-BR","name":"goji berry"},{"lang":"de-DE","name":"Goji-Beere"},{"lang":"id-ID","name":"goji berry"},{"lang":"fr-FR","name":"baie de goji"}]},{"id":8,"name":"gooseberry","transcription":"[ˈɡuːsberɪ]","image":"/img/dict/food/gooseberry.png","translates":[{"lang":"ru-RU","name":"крыжовник"},{"lang":"vi-VN","name":"lý gai"},{"lang":"zh-CN","name":"醋栗"},{"lang":"hi-IN","name":"आमला"},{"lang":"th-TH","name":"กูสเบอร์รี่"},{"lang":"tr-TR","name":"bektaşi üzümü"},{"lang":"pt-BR","name":"groselha"},{"lang":"de-DE","name":"Stachelbeere"},{"lang":"id-ID","name":"gooseberry"},{"lang":"fr-FR","name":"groseille à maquereau"}]},{"id":9,"name":"raspberry","transcription":"[ˈræzberɪ]","image":"/img/dict/food/raspberry.png","translates":[{"lang":"ru-RU","name":"малина"},{"lang":"vi-VN","name":"quả mâm xôi"},{"lang":"zh-CN","name":"树莓"},{"lang":"hi-IN","name":"रास्पबेरी"},{"lang":"th-TH","name":"ราสเบอร์รี่"},{"lang":"tr-TR","name":"ahududu"},{"lang":"pt-BR","name":"framboesa"},{"lang":"de-DE","name":"Himbeere"},{"lang":"id-ID","name":"raspberry"},{"lang":"fr-FR","name":"framboise"}]},{"id":10,"name":"strawberry","transcription":"[ˈstrɔːberɪ]","image":"/img/dict/food/strawberry.png","translates":[{"lang":"ru-RU","name":"клубника"},{"lang":"vi-VN","name":"dâu tây"},{"lang":"zh-CN","name":"草莓"},{"lang":"hi-IN","name":"स्ट्रॉबेरी"},{"lang":"th-TH","name":"สตรอว์เบอร์รี่"},{"lang":"tr-TR","name":"çilek"},{"lang":"pt-BR","name":"morango"},{"lang":"de-DE","name":"Erdbeere"},{"lang":"id-ID","name":"stroberi"},{"lang":"fr-FR","name":"fraise"}]},{"id":11,"name":"Rowanberry","transcription":"[ˈrəʊən ˈberɪ]","image":"/img/dict/food/rowanberry.png","translates":[{"lang":"ru-RU","name":"Рябина"},{"lang":"vi-VN","name":"quả thanh lương trà"},{"lang":"zh-CN","name":"花楸果"},{"lang":"hi-IN","name":"रोवनबेरी"},{"lang":"th-TH","name":"โรวันเบอร์รี่"},{"lang":"tr-TR","name":"üvez meyvesi"},{"lang":"pt-BR","name":"sorveira"},{"lang":"de-DE","name":"Vogelbeere"},{"lang":"id-ID","name":"rowanberry"},{"lang":"fr-FR","name":"sorbier"}]},{"id":12,"name":"Sea buckthorn","transcription":"[siː ˈbəkˌθɔːrn]","image":"/img/dict/food/seabuckthorn.png","translates":[{"lang":"ru-RU","name":"Облепиха"},{"lang":"vi-VN","name":"quả sơn thù du"},{"lang":"zh-CN","name":"沙棘"},{"lang":"hi-IN","name":"सी बकथॉर्न"},{"lang":"th-TH","name":"ซีบัคธอร์น"},{"lang":"tr-TR","name":"yabani iğde"},{"lang":"pt-BR","name":"espinheiro-marítimo"},{"lang":"de-DE","name":"Sanddorn"},{"lang":"id-ID","name":"sea buckthorn"},{"lang":"fr-FR","name":"argousier"}]}]}