{"name":"Counting 10-20","minQuiz":8,"isRandom":false,"isBlur":true,"isUpper":true,"isByWords":false,"isForAdult":false,"separator":", ","numWords":8,"Translations":[{"lang":"ru-RU","name":"Числа от 10 до 20"},{"lang":"vi-VN","name":"Đếm từ 10 đến 20"},{"lang":"zh-CN","name":"从10数到20"},{"lang":"hi-IN","name":"10 से 20 तक गिनती"},{"lang":"th-TH","name":"นับจาก 10 ถึง 20"},{"lang":"tr-TR","name":"10\u0027dan 20\u0027ye Kadar Sayma"},{"lang":"pt-BR","name":"Contando de 10 a 20"},{"lang":"de-DE","name":"Von 10 bis 20 zählen"},{"lang":"id-ID","name":"Berhitung dari 10 sampai 20"},{"lang":"fr-FR","name":"Compter de 10 à 20"}],"items":[{"id":0,"name":"Count from 10 to 13","image":"/img/dict/math/ruler1020.png","bg":"white","nameAnswer":"[10][11][12][13]","translates":[{"lang":"ru-RU","name":"Посчитай от 10 до 13"},{"lang":"vi-VN","name":"Đếm từ 10 đến 13"},{"lang":"zh-CN","name":"从10数到13"},{"lang":"hi-IN","name":"10 से 13 तक गिनें"},{"lang":"th-TH","name":"นับจาก 10 ถึง 13"},{"lang":"tr-TR","name":"10\u0027dan 13\u0027e kadar say"},{"lang":"pt-BR","name":"Conte de 10 a 13"},{"lang":"de-DE","name":"Zähle von 10 bis 13"},{"lang":"id-ID","name":"Hitung dari 10 sampai 13"},{"lang":"fr-FR","name":"Compte de 10 à 13"}]},{"id":0,"name":"Count from 13 to 10","image":"/img/dict/math/ruler1020.png","bg":"white","nameAnswer":"[13][12][11][10]","translates":[{"lang":"ru-RU","name":"Посчитай от 13 до 10"},{"lang":"vi-VN","name":"Đếm từ 13 đến 10"},{"lang":"zh-CN","name":"从13数到10"},{"lang":"hi-IN","name":"13 से 10 तक गिनें"},{"lang":"th-TH","name":"นับจาก 13 ถึง 10"},{"lang":"tr-TR","name":"13\u0027ten 10\u0027a kadar say"},{"lang":"pt-BR","name":"Conte de 13 a 10"},{"lang":"de-DE","name":"Zähle von 13 bis 10"},{"lang":"id-ID","name":"Hitung dari 13 sampai 10"},{"lang":"fr-FR","name":"Compte de 13 à 10"}]},{"id":0,"name":"Count from 10 to 15","image":"/img/dict/math/ruler1020.png","bg":"white","nameAnswer":"[10][11][12][13][14][15]","translates":[{"lang":"ru-RU","name":"Посчитай от 10 до 15"},{"lang":"vi-VN","name":"Đếm từ 10 đến 15"},{"lang":"zh-CN","name":"从10数到15"},{"lang":"hi-IN","name":"10 से 15 तक गिनें"},{"lang":"th-TH","name":"นับจาก 10 ถึง 15"},{"lang":"tr-TR","name":"10\u0027dan 15\u0027e kadar say"},{"lang":"pt-BR","name":"Conte de 10 a 15"},{"lang":"de-DE","name":"Zähle von 10 bis 15"},{"lang":"id-ID","name":"Hitung dari 10 sampai 15"},{"lang":"fr-FR","name":"Compte de 10 à 15"}]},{"id":0,"name":"Count from 15 to 10","image":"/img/dict/math/ruler1020.png","bg":"white","nameAnswer":"[15][14][13][12][11][10]","translates":[{"lang":"ru-RU","name":"Посчитай от 15 до 10"},{"lang":"vi-VN","name":"Đếm từ 15 đến 10"},{"lang":"zh-CN","name":"从15数到10"},{"lang":"hi-IN","name":"15 से 10 तक गिनें"},{"lang":"th-TH","name":"นับจาก 15 ถึง 10"},{"lang":"tr-TR","name":"15\u0027ten 10\u0027a kadar say"},{"lang":"pt-BR","name":"Conte de 15 a 10"},{"lang":"de-DE","name":"Zähle von 15 bis 10"},{"lang":"id-ID","name":"Hitung dari 15 sampai 10"},{"lang":"fr-FR","name":"Compte de 15 à 10"}]},{"id":0,"name":"Count from 15 to 20","image":"/img/dict/math/ruler1020.png","bg":"white","nameAnswer":"[15][16][17][18][19][20]","translates":[{"lang":"ru-RU","name":"Посчитай от 15 до 20"},{"lang":"vi-VN","name":"Đếm từ 15 đến 20"},{"lang":"zh-CN","name":"从15数到20"},{"lang":"hi-IN","name":"15 से 20 तक गिनें"},{"lang":"th-TH","name":"นับจาก 15 ถึง 20"},{"lang":"tr-TR","name":"15\u0027ten 20\u0027ye kadar say"},{"lang":"pt-BR","name":"Conte de 15 a 20"},{"lang":"de-DE","name":"Zähle von 15 bis 20"},{"lang":"id-ID","name":"Hitung dari 15 sampai 20"},{"lang":"fr-FR","name":"Compte de 15 à 20"}]},{"id":0,"name":"Count from 20 to 15","image":"/img/dict/math/ruler1020.png","bg":"white","nameAnswer":"[20][19][18][17][16][15]","translates":[{"lang":"ru-RU","name":"Посчитай от 20 до 15"},{"lang":"vi-VN","name":"Đếm từ 20 đến 15"},{"lang":"zh-CN","name":"从20数到15"},{"lang":"hi-IN","name":"20 से 15 तक गिनें"},{"lang":"th-TH","name":"นับจาก 20 ถึง 15"},{"lang":"tr-TR","name":"20\u0027den 15\u0027e kadar say"},{"lang":"pt-BR","name":"Conte de 20 a 15"},{"lang":"de-DE","name":"Zähle von 20 bis 15"},{"lang":"id-ID","name":"Hitung dari 20 sampai 15"},{"lang":"fr-FR","name":"Compte de 20 à 15"}]},{"id":0,"name":"Count from 10 to 20","image":"/img/dict/math/ruler1020.png","bg":"white","nameAnswer":"[10][11][12][13][14][15][16][17][18][19][20]","translates":[{"lang":"ru-RU","name":"Посчитай от 10 до 20"},{"lang":"vi-VN","name":"Đếm từ 10 đến 20"},{"lang":"zh-CN","name":"从10数到20"},{"lang":"hi-IN","name":"10 से 20 तक गिनें"},{"lang":"th-TH","name":"นับจาก 10 ถึง 20"},{"lang":"tr-TR","name":"10\u0027dan 20\u0027ye kadar say"},{"lang":"pt-BR","name":"Conte de 10 a 20"},{"lang":"de-DE","name":"Zähle von 10 bis 20"},{"lang":"id-ID","name":"Hitung dari 10 sampai 20"},{"lang":"fr-FR","name":"Compte de 10 à 20"}]},{"id":0,"name":"Count from 20 to 10","image":"/img/dict/math/ruler1020.png","bg":"white","nameAnswer":"[20][19][18][17][16][15][14][13][12][11][10]","translates":[{"lang":"ru-RU","name":"Посчитай от 20 до 10"},{"lang":"vi-VN","name":"Đếm từ 20 đến 10"},{"lang":"zh-CN","name":"从20数到10"},{"lang":"hi-IN","name":"20 से 10 तक गिनें"},{"lang":"th-TH","name":"นับจาก 20 ถึง 10"},{"lang":"tr-TR","name":"20\u0027den 10\u0027a kadar say"},{"lang":"pt-BR","name":"Conte de 20 a 10"},{"lang":"de-DE","name":"Zähle von 20 bis 10"},{"lang":"id-ID","name":"Hitung dari 20 sampai 10"},{"lang":"fr-FR","name":"Compte de 20 à 10"}]}]}