{"name":"Home","img":"/img/dict/home/city.png","isRandom":true,"isBlur":true,"isUpper":true,"isByWords":false,"isForAdult":false,"separator":"","numWords":19,"tags":["home","housing"],"Translations":[],"items":[{"id":18,"name":"home","transcription":"[hoʊm]","image":"/img/dict/home/home.png","translates":[{"lang":"ru-RU","name":"дом, место где родился или вырос"},{"lang":"vi-VN","name":"nhà, nơi sinh ra hoặc lớn lên"},{"lang":"zh-CN","name":"家，出生或成长的地方"},{"lang":"hi-IN","name":"घर, जन्म या पालन स्थान"},{"lang":"th-TH","name":"บ้าน, ที่เกิดหรือเติบโต"},{"lang":"tr-TR","name":"ev, doğup büyüdüğün yer"},{"lang":"pt-BR","name":"lar, lugar onde nasceu ou cresceu"},{"lang":"de-DE","name":"Zuhause, Geburts- oder Aufwachsort"},{"lang":"id-ID","name":"rumah, tempat lahir atau dibesarkan"},{"lang":"fr-FR","name":"foyer, lieu de naissance ou d\u0027éducation"}]},{"id":12,"name":"house","transcription":"[haʊs]","image":"/img/dict/home/house.png","translates":[{"lang":"ru-RU","name":"дом, здание"},{"lang":"vi-VN","name":"nhà, tòa nhà"},{"lang":"zh-CN","name":"房屋，建筑物"},{"lang":"hi-IN","name":"घर, इमारत"},{"lang":"th-TH","name":"บ้าน, อาคาร"},{"lang":"tr-TR","name":"ev, bina"},{"lang":"pt-BR","name":"casa, edifício"},{"lang":"de-DE","name":"Haus, Gebäude"},{"lang":"id-ID","name":"rumah, bangunan"},{"lang":"fr-FR","name":"maison, bâtiment"}]},{"id":19,"name":"building","transcription":"[ˈbɪldɪŋ]","image":"/img/dict/home/building.png","translates":[{"lang":"ru-RU","name":"здание, строение"},{"lang":"vi-VN","name":"tòa nhà, công trình"},{"lang":"zh-CN","name":"建筑物"},{"lang":"hi-IN","name":"इमारत, निर्माण"},{"lang":"th-TH","name":"อาคาร, สิ่งก่อสร้าง"},{"lang":"tr-TR","name":"bina, yapı"},{"lang":"pt-BR","name":"edifício, construção"},{"lang":"de-DE","name":"Gebäude, Bauwerk"},{"lang":"id-ID","name":"bangunan"},{"lang":"fr-FR","name":"bâtiment, construction"}]},{"id":5,"name":"multistoried building","transcription":"[ˌmʌltiˈstɔːrid ˈbɪldɪŋ]","image":"/img/dict/home/multistoried_building.png","translates":[{"lang":"ru-RU","name":"многоэтажное здание"},{"lang":"vi-VN","name":"tòa nhà nhiều tầng"},{"lang":"zh-CN","name":"多层建筑"},{"lang":"hi-IN","name":"बहुमंजिला इमारत"},{"lang":"th-TH","name":"อาคารหลายชั้น"},{"lang":"tr-TR","name":"çok katlı bina"},{"lang":"pt-BR","name":"edifício de vários andares"},{"lang":"de-DE","name":"Mehrstöckiges Gebäude"},{"lang":"id-ID","name":"gedung bertingkat"},{"lang":"fr-FR","name":"immeuble à plusieurs étages"}]},{"id":2,"name":"skyscraper","transcription":"[ˈskaɪskreɪpər]","image":"/img/dict/home/skyscraper.png","translates":[{"lang":"ru-RU","name":"небоскрёб"},{"lang":"vi-VN","name":"nhà chọc trời"},{"lang":"zh-CN","name":"摩天大楼"},{"lang":"hi-IN","name":"गगनचुंबी इमारत"},{"lang":"th-TH","name":"ตึกระฟ้า"},{"lang":"tr-TR","name":"gökdelen"},{"lang":"pt-BR","name":"arranha-céu"},{"lang":"de-DE","name":"Wolkenkratzer"},{"lang":"id-ID","name":"pencakar langit"},{"lang":"fr-FR","name":"gratte-ciel"}]},{"id":22,"name":"flat","transcription":"[flæt]","image":"/img/dict/home/flat.png","translates":[{"lang":"ru-RU","name":"квартира"},{"lang":"vi-VN","name":"căn hộ"},{"lang":"zh-CN","name":"公寓"},{"lang":"hi-IN","name":"फ्लैट"},{"lang":"th-TH","name":"แฟลต"},{"lang":"tr-TR","name":"daire"},{"lang":"pt-BR","name":"apartamento"},{"lang":"de-DE","name":"Wohnung"},{"lang":"id-ID","name":"apartemen"},{"lang":"fr-FR","name":"appartement"}]},{"id":25,"name":"hut","transcription":"[hʌt]","image":"/img/dict/home/hut.png","translates":[{"lang":"ru-RU","name":"хижина, избушка"},{"lang":"vi-VN","name":"túp lều"},{"lang":"zh-CN","name":"小屋"},{"lang":"hi-IN","name":"झोपड़ी"},{"lang":"th-TH","name":"กระท่อม"},{"lang":"tr-TR","name":"kulübe"},{"lang":"pt-BR","name":"cabana"},{"lang":"de-DE","name":"Hütte"},{"lang":"id-ID","name":"gubuk"},{"lang":"fr-FR","name":"hutte"}]},{"id":29,"name":"door","transcription":"[dɔːr]","image":"/img/dict/home/door.png","translates":[{"lang":"ru-RU","name":"дверь"},{"lang":"vi-VN","name":"cửa"},{"lang":"zh-CN","name":"门"},{"lang":"hi-IN","name":"दरवाजा"},{"lang":"th-TH","name":"ประตู"},{"lang":"tr-TR","name":"kapı"},{"lang":"pt-BR","name":"porta"},{"lang":"de-DE","name":"Tür"},{"lang":"id-ID","name":"pintu"},{"lang":"fr-FR","name":"porte"}]},{"id":29,"name":"window","transcription":"[ˈwɪndoʊ]","image":"/img/dict/home/window.png","translates":[{"lang":"ru-RU","name":"окно"},{"lang":"vi-VN","name":"cửa sổ"},{"lang":"zh-CN","name":"窗户"},{"lang":"hi-IN","name":"खिड़की"},{"lang":"th-TH","name":"หน้าต่าง"},{"lang":"tr-TR","name":"pencere"},{"lang":"pt-BR","name":"janela"},{"lang":"de-DE","name":"Fenster"},{"lang":"id-ID","name":"jendela"},{"lang":"fr-FR","name":"fenêtre"}]},{"id":29,"name":"stairs","transcription":"[steərz]","image":"/img/dict/home/stairs.png","translates":[{"lang":"ru-RU","name":"лестница"},{"lang":"vi-VN","name":"cầu thang"},{"lang":"zh-CN","name":"楼梯"},{"lang":"hi-IN","name":"सीढ़ियाँ"},{"lang":"th-TH","name":"บันได"},{"lang":"tr-TR","name":"merdiven"},{"lang":"pt-BR","name":"escadas"},{"lang":"de-DE","name":"Treppe"},{"lang":"id-ID","name":"tangga"},{"lang":"fr-FR","name":"escalier"}]},{"id":29,"name":"Elevator","transcription":"[ˈelɪveɪtər]","image":"/img/dict/home/elevator.png","translates":[{"lang":"ru-RU","name":"лифт"},{"lang":"vi-VN","name":"thang máy"},{"lang":"zh-CN","name":"电梯"},{"lang":"hi-IN","name":"लिफ्ट"},{"lang":"th-TH","name":"ลิฟต์"},{"lang":"tr-TR","name":"asansör"},{"lang":"pt-BR","name":"elevador"},{"lang":"de-DE","name":"Aufzug"},{"lang":"id-ID","name":"lift"},{"lang":"fr-FR","name":"ascenseur"}]},{"id":29,"name":"fence","transcription":"[fens]","image":"/img/dict/home/fence.png","translates":[{"lang":"ru-RU","name":"забор, ограда"},{"lang":"vi-VN","name":"hàng rào"},{"lang":"zh-CN","name":"围栏"},{"lang":"hi-IN","name":"बाड़"},{"lang":"th-TH","name":"รั้ว"},{"lang":"tr-TR","name":"çit"},{"lang":"pt-BR","name":"cerca"},{"lang":"de-DE","name":"Zaun"},{"lang":"id-ID","name":"pagar"},{"lang":"fr-FR","name":"clôture"}]},{"id":29,"name":"wall","transcription":"[wɔːl]","image":"/img/dict/home/wall.png","translates":[{"lang":"ru-RU","name":"стена"},{"lang":"vi-VN","name":"bức tường"},{"lang":"zh-CN","name":"墙"},{"lang":"hi-IN","name":"दीवार"},{"lang":"th-TH","name":"กำแพง"},{"lang":"tr-TR","name":"duvar"},{"lang":"pt-BR","name":"parede"},{"lang":"de-DE","name":"Wand"},{"lang":"id-ID","name":"dinding"},{"lang":"fr-FR","name":"mur"}]},{"id":29,"name":"roof","transcription":"[ruːf]","image":"/img/dict/home/roof.png","translates":[{"lang":"ru-RU","name":"крыша"},{"lang":"vi-VN","name":"mái nhà"},{"lang":"zh-CN","name":"屋顶"},{"lang":"hi-IN","name":"छत"},{"lang":"th-TH","name":"หลังคา"},{"lang":"tr-TR","name":"çatı"},{"lang":"pt-BR","name":"telhado"},{"lang":"de-DE","name":"Dach"},{"lang":"id-ID","name":"atap"},{"lang":"fr-FR","name":"toit"}]},{"id":29,"name":"chimney","transcription":"[ˈtʃɪmni]","image":"/img/dict/home/chimney.png","translates":[{"lang":"ru-RU","name":"дымоходная труба"},{"lang":"vi-VN","name":"ống khói"},{"lang":"zh-CN","name":"烟囱"},{"lang":"hi-IN","name":"चिमनी"},{"lang":"th-TH","name":"ปล่องไฟ"},{"lang":"tr-TR","name":"baca"},{"lang":"pt-BR","name":"chaminé"},{"lang":"de-DE","name":"Schornstein"},{"lang":"id-ID","name":"cerobong"},{"lang":"fr-FR","name":"cheminée"}]},{"id":9,"name":"country house","transcription":"[ˈkʌntri haʊs]","image":"/img/dict/home/country_house.png","translates":[{"lang":"ru-RU","name":"загородный дом"},{"lang":"vi-VN","name":"nhà ở nông thôn"},{"lang":"zh-CN","name":"乡间别墅"},{"lang":"hi-IN","name":"ग्रामीण घर"},{"lang":"th-TH","name":"บ้านชนบท"},{"lang":"tr-TR","name":"köy evi"},{"lang":"pt-BR","name":"casa de campo"},{"lang":"de-DE","name":"Landhaus"},{"lang":"id-ID","name":"rumah pedesaan"},{"lang":"fr-FR","name":"maison de campagne"}]},{"id":13,"name":"camp site","transcription":"[kæmp saɪt]","image":"/img/dict/home/camp_site.png","translates":[{"lang":"ru-RU","name":"кемпинг"},{"lang":"vi-VN","name":"khu cắm trại"},{"lang":"zh-CN","name":"露营地"},{"lang":"hi-IN","name":"कैंप साइट"},{"lang":"th-TH","name":"แคมป์ปิ้ง"},{"lang":"tr-TR","name":"kamp alanı"},{"lang":"pt-BR","name":"acampamento"},{"lang":"de-DE","name":"Campingplatz"},{"lang":"id-ID","name":"tempat berkemah"},{"lang":"fr-FR","name":"camping"}]},{"id":25,"name":"tree house","transcription":"[ˈtriː haʊs]","image":"/img/dict/home/tree_house.png","translates":[{"lang":"ru-RU","name":"дом на дереве"},{"lang":"vi-VN","name":"nhà trên cây"},{"lang":"zh-CN","name":"树屋"},{"lang":"hi-IN","name":"पेड़ पर घर"},{"lang":"th-TH","name":"บ้านต้นไม้"},{"lang":"tr-TR","name":"ağaç ev"},{"lang":"pt-BR","name":"casa na árvore"},{"lang":"de-DE","name":"Baumhaus"},{"lang":"id-ID","name":"rumah pohon"},{"lang":"fr-FR","name":"cabane dans l\u0027arbre"}]},{"id":25,"name":"motor home","transcription":"[ˈmoʊtər hoʊm]","image":"/img/dict/home/motor_home.png","translates":[{"lang":"ru-RU","name":"дом на колёсах, трейлер"},{"lang":"vi-VN","name":"nhà lưu động"},{"lang":"zh-CN","name":"房车"},{"lang":"hi-IN","name":"मोटर होम"},{"lang":"th-TH","name":"รถบ้าน"},{"lang":"tr-TR","name":"karavan"},{"lang":"pt-BR","name":"motorhome"},{"lang":"de-DE","name":"Wohnmobil"},{"lang":"id-ID","name":"rumah motor"},{"lang":"fr-FR","name":"camping-car"}]}]}