{"name":"reptiles","img":"/img/dict/animals/desert.jpg","isRandom":true,"isBlur":true,"isUpper":true,"isByWords":false,"isForAdult":false,"separator":"","numWords":14,"Translations":[{"lang":"ru-RU","name":"Рептилии"},{"lang":"vi-VN","name":"Bò sát"},{"lang":"zh-CN","name":"爬行动物"},{"lang":"hi-IN","name":"सरीसृप"},{"lang":"th-TH","name":"สัตว์เลื้อยคลาน"},{"lang":"tr-TR","name":"Sürüngenler"},{"lang":"pt-BR","name":"Répteis"},{"lang":"de-DE","name":"Reptilien"},{"lang":"id-ID","name":"Reptil"},{"lang":"fr-FR","name":"Reptiles"}],"items":[{"id":47,"name":"reptile","transcription":"[ˈreptaɪl]","image":"/img/dict/animals/reptile.png","translates":[{"lang":"ru-RU","name":"рептилия"},{"lang":"vi-VN","name":"loài bò sát"},{"lang":"zh-CN","name":"爬行动物"},{"lang":"hi-IN","name":"सरीसृप"},{"lang":"th-TH","name":"สัตว์เลื้อยคลาน"},{"lang":"tr-TR","name":"sürüngen"},{"lang":"pt-BR","name":"réptil"},{"lang":"de-DE","name":"Reptil"},{"lang":"id-ID","name":"reptil"},{"lang":"fr-FR","name":"reptile"}]},{"id":0,"name":"Alligator","transcription":"[ˈælɪɡeɪtər]","image":"/img/dict/animals/alligator.png","translates":[{"lang":"ru-RU","name":"Аллигатор"},{"lang":"vi-VN","name":"Cá sấu"},{"lang":"zh-CN","name":"短吻鳄"},{"lang":"hi-IN","name":"मगरमच्छ"},{"lang":"th-TH","name":"จระเข้"},{"lang":"tr-TR","name":"timsah"},{"lang":"pt-BR","name":"jacaré"},{"lang":"de-DE","name":"Alligator"},{"lang":"id-ID","name":"buaya"},{"lang":"fr-FR","name":"alligator"}]},{"id":40,"name":"snake","transcription":"[sneɪk]","image":"/img/dict/animals/snake.png","translates":[{"lang":"ru-RU","name":"змея"},{"lang":"vi-VN","name":"rắn"},{"lang":"zh-CN","name":"蛇"},{"lang":"hi-IN","name":"साँप"},{"lang":"th-TH","name":"งู"},{"lang":"tr-TR","name":"yılan"},{"lang":"pt-BR","name":"cobra"},{"lang":"de-DE","name":"Schlange"},{"lang":"id-ID","name":"ular"},{"lang":"fr-FR","name":"serpent"}]},{"id":44,"name":"lizard","transcription":"[ˈlɪzərd]","image":"/img/dict/animals/lizard.png","translates":[{"lang":"ru-RU","name":"ящерица"},{"lang":"vi-VN","name":"thằn lằn"},{"lang":"zh-CN","name":"蜥蜴"},{"lang":"hi-IN","name":"छिपकली"},{"lang":"th-TH","name":"จิ้งจก"},{"lang":"tr-TR","name":"kertenkele"},{"lang":"pt-BR","name":"lagarto"},{"lang":"de-DE","name":"Eidechse"},{"lang":"id-ID","name":"kadal"},{"lang":"fr-FR","name":"lézard"}]},{"id":45,"name":"frog","transcription":"[frɔːɡ]","image":"/img/dict/animals/frog.png","translates":[{"lang":"ru-RU","name":"лягушка"},{"lang":"vi-VN","name":"ếch"},{"lang":"zh-CN","name":"青蛙"},{"lang":"hi-IN","name":"मेंढक"},{"lang":"th-TH","name":"กบ"},{"lang":"tr-TR","name":"kurbağa"},{"lang":"pt-BR","name":"sapo"},{"lang":"de-DE","name":"Frosch"},{"lang":"id-ID","name":"katak"},{"lang":"fr-FR","name":"grenouille"}]},{"id":47,"name":"turtle","transcription":"[ˈtɜːrtl]","image":"/img/dict/animals/turtle.png","translates":[{"lang":"ru-RU","name":"черепаха"},{"lang":"vi-VN","name":"rùa"},{"lang":"zh-CN","name":"龟"},{"lang":"hi-IN","name":"कछुआ"},{"lang":"th-TH","name":"เต่า"},{"lang":"tr-TR","name":"kaplumbağa"},{"lang":"pt-BR","name":"tartaruga"},{"lang":"de-DE","name":"Schildkröte"},{"lang":"id-ID","name":"kura-kura"},{"lang":"fr-FR","name":"tortue"}]},{"id":47,"name":"dinosaur","transcription":"[ˈdaɪnəsɔːr]","image":"/img/dict/animals/dinosaur.png","translates":[{"lang":"ru-RU","name":"динозавр"},{"lang":"vi-VN","name":"khủng long"},{"lang":"zh-CN","name":"恐龙"},{"lang":"hi-IN","name":"डायनासोर"},{"lang":"th-TH","name":"ไดโนเสาร์"},{"lang":"tr-TR","name":"dinozor"},{"lang":"pt-BR","name":"dinossauro"},{"lang":"de-DE","name":"Dinosaurier"},{"lang":"id-ID","name":"dinosaurus"},{"lang":"fr-FR","name":"dinosaure"}]},{"id":47,"name":"python","transcription":"[ˈpaɪθɑːn]","image":"/img/dict/animals/python.png","translates":[{"lang":"ru-RU","name":"питон"},{"lang":"vi-VN","name":"trăn"},{"lang":"zh-CN","name":"蟒蛇"},{"lang":"hi-IN","name":"अजगर"},{"lang":"th-TH","name":"งูเหลือม"},{"lang":"tr-TR","name":"piton"},{"lang":"pt-BR","name":"píton"},{"lang":"de-DE","name":"Python"},{"lang":"id-ID","name":"ular sanca"},{"lang":"fr-FR","name":"python"}]},{"id":47,"name":"cobra","transcription":"[ˈkəʊbrə]","image":"/img/dict/animals/cobra.png","translates":[{"lang":"ru-RU","name":"кобра"},{"lang":"vi-VN","name":"rắn hổ mang"},{"lang":"zh-CN","name":"眼镜蛇"},{"lang":"hi-IN","name":"कोबरा"},{"lang":"th-TH","name":"งูเห่า"},{"lang":"tr-TR","name":"kobra"},{"lang":"pt-BR","name":"naja"},{"lang":"de-DE","name":"Kobra"},{"lang":"id-ID","name":"kobra"},{"lang":"fr-FR","name":"cobra"}]},{"id":47,"name":"chameleon","transcription":"[kəˈmiːlɪən]","image":"/img/dict/animals/chameleon.png","translates":[{"lang":"ru-RU","name":"хамелеон"},{"lang":"vi-VN","name":"tắc kè"},{"lang":"zh-CN","name":"变色龙"},{"lang":"hi-IN","name":"गिरगिट"},{"lang":"th-TH","name":"กิ้งก่า"},{"lang":"tr-TR","name":"bukalemun"},{"lang":"pt-BR","name":"camaleão"},{"lang":"de-DE","name":"Chamäleon"},{"lang":"id-ID","name":"bunglon"},{"lang":"fr-FR","name":"caméléon"}]},{"id":47,"name":"salamander","transcription":"[ˈsæləmændər]","image":"/img/dict/animals/salamander.png","translates":[{"lang":"ru-RU","name":"саламандра"},{"lang":"vi-VN","name":"kỳ nhông"},{"lang":"zh-CN","name":"蝾螈"},{"lang":"hi-IN","name":"सैलामैंडर"},{"lang":"th-TH","name":"ซาลาแมนเดอร์"},{"lang":"tr-TR","name":"semender"},{"lang":"pt-BR","name":"salamandra"},{"lang":"de-DE","name":"Salamander"},{"lang":"id-ID","name":"salamander"},{"lang":"fr-FR","name":"salamandre"}]},{"id":47,"name":"iguana","transcription":"[ɪˈɡwɑːnə]","image":"/img/dict/animals/iguana.png","translates":[{"lang":"ru-RU","name":"игуана"},{"lang":"vi-VN","name":"kỳ đà"},{"lang":"zh-CN","name":"鬣蜥"},{"lang":"hi-IN","name":"इगुआना"},{"lang":"th-TH","name":"อิกัวนา"},{"lang":"tr-TR","name":"iguana"},{"lang":"pt-BR","name":"iguana"},{"lang":"de-DE","name":"Leguan"},{"lang":"id-ID","name":"iguana"},{"lang":"fr-FR","name":"iguane"}]},{"id":47,"name":"gecko","transcription":"[ˈɡekəʊ]","image":"/img/dict/animals/gecko.png","translates":[{"lang":"ru-RU","name":"геккон"},{"lang":"vi-VN","name":"tắc kè"},{"lang":"zh-CN","name":"壁虎"},{"lang":"hi-IN","name":"गेको"},{"lang":"th-TH","name":"ตุ๊กแก"},{"lang":"tr-TR","name":"gekko"},{"lang":"pt-BR","name":"lagartixa"},{"lang":"de-DE","name":"Gecko"},{"lang":"id-ID","name":"tokek"},{"lang":"fr-FR","name":"gecko"}]},{"id":47,"name":"monitor lizard","transcription":"[ˈmɑːnɪtər ˈlɪzərd]","image":"/img/dict/animals/monitor_lizard.png","translates":[{"lang":"ru-RU","name":"варан"},{"lang":"vi-VN","name":"kỳ đà"},{"lang":"zh-CN","name":"巨蜥"},{"lang":"hi-IN","name":"मॉनिटर छिपकली"},{"lang":"th-TH","name":"เหี้ย"},{"lang":"tr-TR","name":"monitör kertenkelesi"},{"lang":"pt-BR","name":"lagarto-monitor"},{"lang":"de-DE","name":"Waranechse"},{"lang":"id-ID","name":"biawak"},{"lang":"fr-FR","name":"varan"}]}]}