{"name":"Counting to 10","minQuiz":12,"isRandom":false,"isBlur":true,"isUpper":true,"isByWords":false,"isForAdult":false,"separator":", ","numWords":12,"Translations":[{"lang":"ru-RU","name":"Числа до десяти"},{"lang":"vi-VN","name":"Đếm đến 10"},{"lang":"zh-CN","name":"数到10"},{"lang":"hi-IN","name":"10 तक गिनती"},{"lang":"th-TH","name":"นับถึง 10"},{"lang":"tr-TR","name":"10\u0027a Kadar Sayma"},{"lang":"pt-BR","name":"Contando até 10"},{"lang":"de-DE","name":"Bis 10 zählen"},{"lang":"id-ID","name":"Berhitung sampai 10"},{"lang":"fr-FR","name":"Compter jusqu\u0027à 10"}],"items":[{"id":0,"name":"Count from 0 to 1","image":"/img/dict/math/ruler10.png","bg":"white","nameAnswer":"01","translates":[{"lang":"ru-RU","name":"Посчитай от 0 до 1"},{"lang":"vi-VN","name":"Đếm từ 0 đến 1"},{"lang":"zh-CN","name":"从0数到1"},{"lang":"hi-IN","name":"0 से 1 तक गिनें"},{"lang":"th-TH","name":"นับจาก 0 ถึง 1"},{"lang":"tr-TR","name":"0\u0027dan 1\u0027e kadar say"},{"lang":"pt-BR","name":"Conte de 0 a 1"},{"lang":"de-DE","name":"Zähle von 0 bis 1"},{"lang":"id-ID","name":"Hitung dari 0 sampai 1"},{"lang":"fr-FR","name":"Compte de 0 à 1"}]},{"id":0,"name":"Count from 1 to 0","image":"/img/dict/math/ruler10.png","bg":"white","nameAnswer":"10","translates":[{"lang":"ru-RU","name":"Посчитай от 1 до 0"},{"lang":"vi-VN","name":"Đếm từ 1 đến 0"},{"lang":"zh-CN","name":"从1数到0"},{"lang":"hi-IN","name":"1 से 0 तक गिनें"},{"lang":"th-TH","name":"นับจาก 1 ถึง 0"},{"lang":"tr-TR","name":"1\u0027den 0\u0027a kadar say"},{"lang":"pt-BR","name":"Conte de 1 a 0"},{"lang":"de-DE","name":"Zähle von 1 bis 0"},{"lang":"id-ID","name":"Hitung dari 1 sampai 0"},{"lang":"fr-FR","name":"Compte de 1 à 0"}]},{"id":0,"name":"Count from 0 to 3","image":"/img/dict/math/ruler10.png","bg":"white","nameAnswer":"0123","translates":[{"lang":"ru-RU","name":"Посчитай от 0 до 3"},{"lang":"vi-VN","name":"Đếm từ 0 đến 3"},{"lang":"zh-CN","name":"从0数到3"},{"lang":"hi-IN","name":"0 से 3 तक गिनें"},{"lang":"th-TH","name":"นับจาก 0 ถึง 3"},{"lang":"tr-TR","name":"0\u0027dan 3\u0027e kadar say"},{"lang":"pt-BR","name":"Conte de 0 a 3"},{"lang":"de-DE","name":"Zähle von 0 bis 3"},{"lang":"id-ID","name":"Hitung dari 0 sampai 3"},{"lang":"fr-FR","name":"Compte de 0 à 3"}]},{"id":0,"name":"Count from 3 to 0","image":"/img/dict/math/ruler10.png","bg":"white","nameAnswer":"3210","translates":[{"lang":"ru-RU","name":"Посчитай от 3 до 0"},{"lang":"vi-VN","name":"Đếm từ 3 đến 0"},{"lang":"zh-CN","name":"从3数到0"},{"lang":"hi-IN","name":"3 से 0 तक गिनें"},{"lang":"th-TH","name":"นับจาก 3 ถึง 0"},{"lang":"tr-TR","name":"3\u0027ten 0\u0027a kadar say"},{"lang":"pt-BR","name":"Conte de 3 a 0"},{"lang":"de-DE","name":"Zähle von 3 bis 0"},{"lang":"id-ID","name":"Hitung dari 3 sampai 0"},{"lang":"fr-FR","name":"Compte de 3 à 0"}]},{"id":0,"name":"Count from 0 to 5","image":"/img/dict/math/ruler10.png","bg":"white","nameAnswer":"012345","translates":[{"lang":"ru-RU","name":"Посчитай от 0 до 5"},{"lang":"vi-VN","name":"Đếm từ 0 đến 5"},{"lang":"zh-CN","name":"从0数到5"},{"lang":"hi-IN","name":"0 से 5 तक गिनें"},{"lang":"th-TH","name":"นับจาก 0 ถึง 5"},{"lang":"tr-TR","name":"0\u0027dan 5\u0027e kadar say"},{"lang":"pt-BR","name":"Conte de 0 a 5"},{"lang":"de-DE","name":"Zähle von 0 bis 5"},{"lang":"id-ID","name":"Hitung dari 0 sampai 5"},{"lang":"fr-FR","name":"Compte de 0 à 5"}]},{"id":0,"name":"Count from 5 to 0","image":"/img/dict/math/ruler10.png","bg":"white","nameAnswer":"543210","translates":[{"lang":"ru-RU","name":"Посчитай от 5 до 0"},{"lang":"vi-VN","name":"Đếm từ 5 đến 0"},{"lang":"zh-CN","name":"从5数到0"},{"lang":"hi-IN","name":"5 से 0 तक गिनें"},{"lang":"th-TH","name":"นับจาก 5 ถึง 0"},{"lang":"tr-TR","name":"5\u0027ten 0\u0027a kadar say"},{"lang":"pt-BR","name":"Conte de 5 a 0"},{"lang":"de-DE","name":"Zähle von 5 bis 0"},{"lang":"id-ID","name":"Hitung dari 5 sampai 0"},{"lang":"fr-FR","name":"Compte de 5 à 0"}]},{"id":0,"name":"Count from 0 to 8","image":"/img/dict/math/ruler10.png","bg":"white","nameAnswer":"012345678","translates":[{"lang":"ru-RU","name":"Посчитай от 0 до 8"},{"lang":"vi-VN","name":"Đếम từ 0 đến 8"},{"lang":"zh-CN","name":"从0数到8"},{"lang":"hi-IN","name":"0 से 8 तक गिनें"},{"lang":"th-TH","name":"นับจาก 0 ถึง 8"},{"lang":"tr-TR","name":"0\u0027dan 8\u0027e kadar say"},{"lang":"pt-BR","name":"Conte de 0 a 8"},{"lang":"de-DE","name":"Zähle von 0 bis 8"},{"lang":"id-ID","name":"Hitung dari 0 sampai 8"},{"lang":"fr-FR","name":"Compte de 0 à 8"}]},{"id":0,"name":"Count from 8 to 0","image":"/img/dict/math/ruler10.png","bg":"white","nameAnswer":"876543210","translates":[{"lang":"ru-RU","name":"Посчитай от 8 до 0"},{"lang":"vi-VN","name":"Đếm từ 8 đến 0"},{"lang":"zh-CN","name":"从8数到0"},{"lang":"hi-IN","name":"8 से 0 तक गिनें"},{"lang":"th-TH","name":"นับจาก 8 ถึง 0"},{"lang":"tr-TR","name":"8\u0027den 0\u0027a kadar say"},{"lang":"pt-BR","name":"Conte de 8 a 0"},{"lang":"de-DE","name":"Zähle von 8 bis 0"},{"lang":"id-ID","name":"Hitung dari 8 sampai 0"},{"lang":"fr-FR","name":"Compte de 8 à 0"}]},{"id":0,"name":"Count from 5 to 10","image":"/img/dict/math/ruler10.png","bg":"white","nameAnswer":"56789[10]","translates":[{"lang":"ru-RU","name":"Посчитай от 5 до 10"},{"lang":"vi-VN","name":"Đếm từ 5 đến 10"},{"lang":"zh-CN","name":"从5数到10"},{"lang":"hi-IN","name":"5 से 10 तक गिनें"},{"lang":"th-TH","name":"นับจาก 5 ถึง 10"},{"lang":"tr-TR","name":"5\u0027ten 10\u0027a kadar say"},{"lang":"pt-BR","name":"Conte de 5 a 10"},{"lang":"de-DE","name":"Zähle von 5 bis 10"},{"lang":"id-ID","name":"Hitung dari 5 sampai 10"},{"lang":"fr-FR","name":"Compte de 5 à 10"}]},{"id":0,"name":"Count from 10 to 5","image":"/img/dict/math/ruler10.png","bg":"white","nameAnswer":"[10]98765","translates":[{"lang":"ru-RU","name":"Посчитай от 10 до 5"},{"lang":"vi-VN","name":"Đếm từ 10 đến 5"},{"lang":"zh-CN","name":"从10数到5"},{"lang":"hi-IN","name":"10 से 5 तक गिनें"},{"lang":"th-TH","name":"นับจาก 10 ถึง 5"},{"lang":"tr-TR","name":"10\u0027dan 5\u0027e kadar say"},{"lang":"pt-BR","name":"Conte de 10 a 5"},{"lang":"de-DE","name":"Zähle von 10 bis 5"},{"lang":"id-ID","name":"Hitung dari 10 sampai 5"},{"lang":"fr-FR","name":"Compte de 10 à 5"}]},{"id":0,"name":"Count from 0 to 10","image":"/img/dict/math/ruler10.png","bg":"white","nameAnswer":"0123456789[10]","translates":[{"lang":"ru-RU","name":"Посчитай от 0 до 10"},{"lang":"vi-VN","name":"Đếm từ 0 đến 10"},{"lang":"zh-CN","name":"从0数到10"},{"lang":"hi-IN","name":"0 से 10 तक गिनें"},{"lang":"th-TH","name":"นับจาก 0 ถึง 10"},{"lang":"tr-TR","name":"0\u0027dan 10\u0027a kadar say"},{"lang":"pt-BR","name":"Conte de 0 a 10"},{"lang":"de-DE","name":"Zähle von 0 bis 10"},{"lang":"id-ID","name":"Hitung dari 0 sampai 10"},{"lang":"fr-FR","name":"Compte de 0 à 10"}]},{"id":0,"name":"Count from 10 to 0","image":"/img/dict/math/ruler10.png","bg":"white","nameAnswer":"[10]9876543210","translates":[{"lang":"ru-RU","name":"Посчитай от 10 до 0"},{"lang":"vi-VN","name":"Đếm từ 10 đến 0"},{"lang":"zh-CN","name":"从10数到0"},{"lang":"hi-IN","name":"10 से 0 तक गिनें"},{"lang":"th-TH","name":"นับจาก 10 ถึง 0"},{"lang":"tr-TR","name":"10\u0027dan 0\u0027a kadar say"},{"lang":"pt-BR","name":"Conte de 10 a 0"},{"lang":"de-DE","name":"Zähle von 10 bis 0"},{"lang":"id-ID","name":"Hitung dari 10 sampai 0"},{"lang":"fr-FR","name":"Compte de 10 à 0"}]}]}