{"name":"Numbers to 10","isRandom":true,"isBlur":true,"isUpper":true,"isByWords":false,"isForAdult":false,"separator":"","numWords":11,"Translations":[{"lang":"ru-RU","name":"Числа до десяти"},{"lang":"vi-VN","name":"Số từ 0 đến 10"},{"lang":"zh-CN","name":"数字0到10"},{"lang":"hi-IN","name":"0 से 10 तक की संख्याएँ"},{"lang":"th-TH","name":"ตัวเลข 0 ถึง 10"},{"lang":"tr-TR","name":"0\u0027dan 10\u0027a Kadar Sayılar"},{"lang":"pt-BR","name":"Números de 0 a 10"},{"lang":"de-DE","name":"Zahlen von 0 bis 10"},{"lang":"id-ID","name":"Angka 0 sampai 10"},{"lang":"fr-FR","name":"Nombres de 0 à 10"}],"items":[{"id":0,"name":"Zero","transcription":"[ˈzɪərəʊ]","image":"/img/dict/numbers/0.png","bg":"transparent","translates":[{"lang":"ru-RU","name":"Ноль"},{"lang":"vi-VN","name":"Số không"},{"lang":"zh-CN","name":"零"},{"lang":"hi-IN","name":"शून्य"},{"lang":"th-TH","name":"ศูนย์"},{"lang":"tr-TR","name":"Sıfır"},{"lang":"pt-BR","name":"Zero"},{"lang":"de-DE","name":"Null"},{"lang":"id-ID","name":"Nol"},{"lang":"fr-FR","name":"Zéro"}]},{"id":0,"name":"One","transcription":"[wʌn]","image":"/img/dict/numbers/1.png","bg":"transparent","translates":[{"lang":"ru-RU","name":"Один"},{"lang":"vi-VN","name":"Một"},{"lang":"zh-CN","name":"一"},{"lang":"hi-IN","name":"एक"},{"lang":"th-TH","name":"หนึ่ง"},{"lang":"tr-TR","name":"Bir"},{"lang":"pt-BR","name":"Um"},{"lang":"de-DE","name":"Eins"},{"lang":"id-ID","name":"Satu"},{"lang":"fr-FR","name":"Un"}]},{"id":0,"name":"Two","transcription":"[tuː]","image":"/img/dict/numbers/2.png","bg":"transparent","translates":[{"lang":"ru-RU","name":"Два"},{"lang":"vi-VN","name":"Hai"},{"lang":"zh-CN","name":"二"},{"lang":"hi-IN","name":"दो"},{"lang":"th-TH","name":"สอง"},{"lang":"tr-TR","name":"İki"},{"lang":"pt-BR","name":"Dois"},{"lang":"de-DE","name":"Zwei"},{"lang":"id-ID","name":"Dua"},{"lang":"fr-FR","name":"Deux"}]},{"id":0,"name":"Three","transcription":"[θriː]","image":"/img/dict/numbers/3.png","bg":"transparent","translates":[{"lang":"ru-RU","name":"Три"},{"lang":"vi-VN","name":"Ba"},{"lang":"zh-CN","name":"三"},{"lang":"hi-IN","name":"तीन"},{"lang":"th-TH","name":"สาม"},{"lang":"tr-TR","name":"Üç"},{"lang":"pt-BR","name":"Três"},{"lang":"de-DE","name":"Drei"},{"lang":"id-ID","name":"Tiga"},{"lang":"fr-FR","name":"Trois"}]},{"id":0,"name":"Four","transcription":"[fɔː]","image":"/img/dict/numbers/4.png","bg":"transparent","translates":[{"lang":"ru-RU","name":"Четыре"},{"lang":"vi-VN","name":"Bốn"},{"lang":"zh-CN","name":"四"},{"lang":"hi-IN","name":"चार"},{"lang":"th-TH","name":"สี่"},{"lang":"tr-TR","name":"Dört"},{"lang":"pt-BR","name":"Quatro"},{"lang":"de-DE","name":"Vier"},{"lang":"id-ID","name":"Empat"},{"lang":"fr-FR","name":"Quatre"}]},{"id":0,"name":"Five","transcription":"[faɪv]","image":"/img/dict/numbers/5.png","bg":"transparent","translates":[{"lang":"ru-RU","name":"Пять"},{"lang":"vi-VN","name":"Năm"},{"lang":"zh-CN","name":"五"},{"lang":"hi-IN","name":"पाँच"},{"lang":"th-TH","name":"ห้า"},{"lang":"tr-TR","name":"Beş"},{"lang":"pt-BR","name":"Cinco"},{"lang":"de-DE","name":"Fünf"},{"lang":"id-ID","name":"Lima"},{"lang":"fr-FR","name":"Cinq"}]},{"id":0,"name":"Six","transcription":"[sɪks]","image":"/img/dict/numbers/6.png","bg":"transparent","translates":[{"lang":"ru-RU","name":"Шесть"},{"lang":"vi-VN","name":"Sáu"},{"lang":"zh-CN","name":"六"},{"lang":"hi-IN","name":"छह"},{"lang":"th-TH","name":"หก"},{"lang":"tr-TR","name":"Altı"},{"lang":"pt-BR","name":"Seis"},{"lang":"de-DE","name":"Sechs"},{"lang":"id-ID","name":"Enam"},{"lang":"fr-FR","name":"Six"}]},{"id":0,"name":"Seven","transcription":"[sevn]","image":"/img/dict/numbers/7.png","bg":"transparent","translates":[{"lang":"ru-RU","name":"Семь"},{"lang":"vi-VN","name":"Bảy"},{"lang":"zh-CN","name":"七"},{"lang":"hi-IN","name":"सात"},{"lang":"th-TH","name":"เจ็ด"},{"lang":"tr-TR","name":"Yedi"},{"lang":"pt-BR","name":"Sete"},{"lang":"de-DE","name":"Sieben"},{"lang":"id-ID","name":"Tujuh"},{"lang":"fr-FR","name":"Sept"}]},{"id":0,"name":"Eight","transcription":"[eɪt]","image":"/img/dict/numbers/8.png","bg":"transparent","translates":[{"lang":"ru-RU","name":"Восемь"},{"lang":"vi-VN","name":"Tám"},{"lang":"zh-CN","name":"八"},{"lang":"hi-IN","name":"आठ"},{"lang":"th-TH","name":"แปด"},{"lang":"tr-TR","name":"Sekiz"},{"lang":"pt-BR","name":"Oito"},{"lang":"de-DE","name":"Acht"},{"lang":"id-ID","name":"Delapan"},{"lang":"fr-FR","name":"Huit"}]},{"id":0,"name":"Nine","transcription":"[naɪn]","image":"/img/dict/numbers/9.png","bg":"transparent","translates":[{"lang":"ru-RU","name":"Девять"},{"lang":"vi-VN","name":"Chín"},{"lang":"zh-CN","name":"九"},{"lang":"hi-IN","name":"नौ"},{"lang":"th-TH","name":"เก้า"},{"lang":"tr-TR","name":"Dokuz"},{"lang":"pt-BR","name":"Nove"},{"lang":"de-DE","name":"Neun"},{"lang":"id-ID","name":"Sembilan"},{"lang":"fr-FR","name":"Neuf"}]},{"id":0,"name":"Ten","transcription":"[ten]","image":"/img/dict/numbers/10.png","bg":"transparent","translates":[{"lang":"ru-RU","name":"Десять"},{"lang":"vi-VN","name":"Mười"},{"lang":"zh-CN","name":"十"},{"lang":"hi-IN","name":"दस"},{"lang":"th-TH","name":"สิบ"},{"lang":"tr-TR","name":"On"},{"lang":"pt-BR","name":"Dez"},{"lang":"de-DE","name":"Zehn"},{"lang":"id-ID","name":"Sepuluh"},{"lang":"fr-FR","name":"Dix"}]}]}