{"name":"Dining room","isRandom":true,"isBlur":true,"isUpper":true,"isByWords":false,"isForAdult":false,"separator":"","numWords":49,"tags":["home","dining room"],"Translations":[],"items":[{"id":21,"name":"bottle opener","transcription":"[ˈbɒtl ˈəʊpnər]","image":"/img/dict/home/bottle_opener.png","translates":[{"lang":"ru-RU","name":"открывашка"},{"lang":"vi-VN","name":"đồ mở chai"},{"lang":"zh-CN","name":"开瓶器"},{"lang":"hi-IN","name":"बोतल खोलने वाला"},{"lang":"th-TH","name":"ที่เปิดขวด"},{"lang":"tr-TR","name":"şişe açacağı"},{"lang":"pt-BR","name":"abridor de garrafas"},{"lang":"de-DE","name":"Flaschenöffner"},{"lang":"id-ID","name":"pembuka botol"},{"lang":"fr-FR","name":"ouvre-bouteille"}]},{"id":0,"name":"buffet","transcription":"[ˈbʌfeɪ]","image":"/img/dict/home/buffet.png","translates":[{"lang":"ru-RU","name":"буфет"},{"lang":"vi-VN","name":"tủ đựng đồ ăn"},{"lang":"zh-CN","name":"餐具柜"},{"lang":"hi-IN","name":"बुफे"},{"lang":"th-TH","name":"ตู้เก็บจานชาม"},{"lang":"tr-TR","name":"büfe"},{"lang":"pt-BR","name":"aparador"},{"lang":"de-DE","name":"Anrichte"},{"lang":"id-ID","name":"lemari makan"},{"lang":"fr-FR","name":"buffet"}]},{"id":45,"name":"butter dish","transcription":"[ˈbʌtər dɪʃ]","image":"/img/dict/home/butter-dish.png","translates":[{"lang":"ru-RU","name":"масленка"},{"lang":"vi-VN","name":"đĩa đựng bơ"},{"lang":"zh-CN","name":"黄油碟"},{"lang":"hi-IN","name":"मक्खन पात्र"},{"lang":"th-TH","name":"จานใส่เนย"},{"lang":"tr-TR","name":"tereyağı kabı"},{"lang":"pt-BR","name":"manteigueira"},{"lang":"de-DE","name":"Butterdose"},{"lang":"id-ID","name":"tempat mentega"},{"lang":"fr-FR","name":"beurrier"}]},{"id":10,"name":"can opener","transcription":"[kæn ˈəʊpnər]","image":"/img/dict/home/can_opener.png","translates":[{"lang":"ru-RU","name":"консервный нож"},{"lang":"vi-VN","name":"đồ mở hộp"},{"lang":"zh-CN","name":"开罐器"},{"lang":"hi-IN","name":"कैन ओपनर"},{"lang":"th-TH","name":"ที่เปิดกระป๋อง"},{"lang":"tr-TR","name":"konserve açacağı"},{"lang":"pt-BR","name":"abridor de latas"},{"lang":"de-DE","name":"Dosenöffner"},{"lang":"id-ID","name":"pembuka kaleng"},{"lang":"fr-FR","name":"ouvre-boîte"}]},{"id":5,"name":"candle","transcription":"[ˈkændl]","image":"/img/dict/home/candle.png","translates":[{"lang":"ru-RU","name":"свеча"},{"lang":"vi-VN","name":"nến"},{"lang":"zh-CN","name":"蜡烛"},{"lang":"hi-IN","name":"मोमबत्ती"},{"lang":"th-TH","name":"เทียน"},{"lang":"tr-TR","name":"mum"},{"lang":"pt-BR","name":"vela"},{"lang":"de-DE","name":"Kerze"},{"lang":"id-ID","name":"lilin"},{"lang":"fr-FR","name":"bougie"}]},{"id":13,"name":"candlestick","transcription":"[ˈkændlstɪk]","image":"/img/dict/home/candlestick.png","translates":[{"lang":"ru-RU","name":"подсвечник"},{"lang":"vi-VN","name":"giá nến"},{"lang":"zh-CN","name":"烛台"},{"lang":"hi-IN","name":"मोमबत्तीदान"},{"lang":"th-TH","name":"เชิงเทียน"},{"lang":"tr-TR","name":"şamdan"},{"lang":"pt-BR","name":"castiçal"},{"lang":"de-DE","name":"Kerzenhalter"},{"lang":"id-ID","name":"penyangga lilin"},{"lang":"fr-FR","name":"chandelier"}]},{"id":20,"name":"centerpiece","transcription":"[ˈsentərpiːs]","image":"/img/dict/home/centerpiece.png","translates":[{"lang":"ru-RU","name":"центральное украшение стола"},{"lang":"vi-VN","name":"vật trang trí trung tâm"},{"lang":"zh-CN","name":"中心装饰品"},{"lang":"hi-IN","name":"केंद्र सजावट"},{"lang":"th-TH","name":"ของประดับกลางโต๊ะ"},{"lang":"tr-TR","name":"masa ortası süsü"},{"lang":"pt-BR","name":"peça central"},{"lang":"de-DE","name":"Tischdekoration"},{"lang":"id-ID","name":"hiasan tengah meja"},{"lang":"fr-FR","name":"pièce centrale"}]},{"id":16,"name":"chair","transcription":"[tʃeər]","image":"/img/dict/home/chair.png","translates":[{"lang":"ru-RU","name":"стул"},{"lang":"vi-VN","name":"ghế"},{"lang":"zh-CN","name":"椅子"},{"lang":"hi-IN","name":"कुर्सी"},{"lang":"th-TH","name":"เก้าอี้"},{"lang":"tr-TR","name":"sandalye"},{"lang":"pt-BR","name":"cadeira"},{"lang":"de-DE","name":"Stuhl"},{"lang":"id-ID","name":"kursi"},{"lang":"fr-FR","name":"chaise"}]},{"id":46,"name":"chandelier","transcription":"[ˌʃændəˈlɪər]","image":"/img/dict/home/chandelier.png","translates":[{"lang":"ru-RU","name":"люстра"},{"lang":"vi-VN","name":"đèn chùm"},{"lang":"zh-CN","name":"枝形吊灯"},{"lang":"hi-IN","name":"झाड़ फ़ानूस"},{"lang":"th-TH","name":"โคมระย้า"},{"lang":"tr-TR","name":"avize"},{"lang":"pt-BR","name":"lustre"},{"lang":"de-DE","name":"Kronleuchter"},{"lang":"id-ID","name":"lampu gantung"},{"lang":"fr-FR","name":"lustre"}]},{"id":38,"name":"china","transcription":"[ˈtʃaɪnə]","image":"/img/dict/home/china.png","translates":[{"lang":"ru-RU","name":"фарфоровая посуда"},{"lang":"vi-VN","name":"đồ sứ"},{"lang":"zh-CN","name":"瓷器"},{"lang":"hi-IN","name":"चीनी मिट्टी के बर्तन"},{"lang":"th-TH","name":"เครื่องลายคราม"},{"lang":"tr-TR","name":"porselen"},{"lang":"pt-BR","name":"porcelana"},{"lang":"de-DE","name":"Porzellan"},{"lang":"id-ID","name":"porselen"},{"lang":"fr-FR","name":"porcelaine"}]},{"id":33,"name":"china cabinet","transcription":"[ˈtʃaɪnə ˈkæbɪnɪt]","image":"/img/dict/home/china_cabinet.png","translates":[{"lang":"ru-RU","name":"застеклённый буфет"},{"lang":"vi-VN","name":"tủ trưng bày đồ sứ"},{"lang":"zh-CN","name":"瓷器柜"},{"lang":"hi-IN","name":"चीनी मिट्टी का अलमारी"},{"lang":"th-TH","name":"ตู้โชว์เครื่องลายคราม"},{"lang":"tr-TR","name":"porselen dolabı"},{"lang":"pt-BR","name":"vitrine de porcelanas"},{"lang":"de-DE","name":"Porzellanschrank"},{"lang":"id-ID","name":"lemari porselen"},{"lang":"fr-FR","name":"vitrine à porcelaine"}]},{"id":18,"name":"coffee pot","transcription":"[ˈkɒfi pɒt]","image":"/img/dict/home/coffee-pot.png","translates":[{"lang":"ru-RU","name":"кофейник"},{"lang":"vi-VN","name":"ấm pha cà phê"},{"lang":"zh-CN","name":"咖啡壶"},{"lang":"hi-IN","name":"कॉफी पॉट"},{"lang":"th-TH","name":"กาแฟ"},{"lang":"tr-TR","name":"kahve demliği"},{"lang":"pt-BR","name":"cafeteira"},{"lang":"de-DE","name":"Kaffeekanne"},{"lang":"id-ID","name":"teko kopi"},{"lang":"fr-FR","name":"cafetière"}]},{"id":15,"name":"corkscrew","transcription":"[ˈkɔːrkskruː]","image":"/img/dict/home/corkscrew.png","translates":[{"lang":"ru-RU","name":"штопор"},{"lang":"vi-VN","name":"đồ mở nút chai"},{"lang":"zh-CN","name":"开瓶器"},{"lang":"hi-IN","name":"कॉर्कस्क्रू"},{"lang":"th-TH","name":"ที่เปิดขวดไวน์"},{"lang":"tr-TR","name":"tirbuşon"},{"lang":"pt-BR","name":"saca-rolhas"},{"lang":"de-DE","name":"Korkenzieher"},{"lang":"id-ID","name":"pembuka botol anggur"},{"lang":"fr-FR","name":"tire-bouchon"}]},{"id":36,"name":"creamer","transcription":"[ˈkriːmər]","image":"/img/dict/home/creamer.png","translates":[{"lang":"ru-RU","name":"кувшин для сливок"},{"lang":"vi-VN","name":"bình đựng kem"},{"lang":"zh-CN","name":"奶精壶"},{"lang":"hi-IN","name":"क्रीम जग"},{"lang":"th-TH","name":"เหยือกครีม"},{"lang":"tr-TR","name":"krema kabı"},{"lang":"pt-BR","name":"cremeira"},{"lang":"de-DE","name":"Sahnekännchen"},{"lang":"id-ID","name":"tempat krim"},{"lang":"fr-FR","name":"pot à crème"}]},{"id":24,"name":"cruet-stand","transcription":"[ˈkruːɪt stænd]","image":"/img/dict/home/cruet-stand.png","translates":[{"lang":"ru-RU","name":"подставка для специй"},{"lang":"vi-VN","name":"giá đựng gia vị"},{"lang":"zh-CN","name":"调味瓶架"},{"lang":"hi-IN","name":"मसाला स्टैंड"},{"lang":"th-TH","name":"ที่วางขวดเครื่องปรุง"},{"lang":"tr-TR","name":"sosluk"},{"lang":"pt-BR","name":"suporte para condimentos"},{"lang":"de-DE","name":"Gewürzständer"},{"lang":"id-ID","name":"tempat bumbu"},{"lang":"fr-FR","name":"porte-condiments"}]},{"id":3,"name":"cup and saucer","transcription":"[kʌp ənd ˈsɔːsər]","image":"/img/dict/home/cup_and_saucer.png","translates":[{"lang":"ru-RU","name":"чашка с блюдцем"},{"lang":"vi-VN","name":"tách và đĩa lót"},{"lang":"zh-CN","name":"杯子和碟子"},{"lang":"hi-IN","name":"कप और तश्तरी"},{"lang":"th-TH","name":"ถ้วยกับจานรอง"},{"lang":"tr-TR","name":"fincan ve tabak"},{"lang":"pt-BR","name":"xícara e pires"},{"lang":"de-DE","name":"Tasse und Untertasse"},{"lang":"id-ID","name":"cangkir dan piring kecil"},{"lang":"fr-FR","name":"tasse et soucoupe"}]},{"id":17,"name":"cupboard","transcription":"[ˈkʌbərd]","image":"/img/dict/home/cupboard.png","translates":[{"lang":"ru-RU","name":"шкаф для посуды"},{"lang":"vi-VN","name":"tủ bếp"},{"lang":"zh-CN","name":"碗柜"},{"lang":"hi-IN","name":"अलमारी"},{"lang":"th-TH","name":"ตู้ครัว"},{"lang":"tr-TR","name":"dolap"},{"lang":"pt-BR","name":"armário de cozinha"},{"lang":"de-DE","name":"Küchenschrank"},{"lang":"id-ID","name":"lemari dapur"},{"lang":"fr-FR","name":"placard"}]},{"id":26,"name":"cutlery","transcription":"[ˈkʌtləri]","image":"/img/dict/home/cutlery.png","translates":[{"lang":"ru-RU","name":"столовые приборы"},{"lang":"vi-VN","name":"dao nĩa"},{"lang":"zh-CN","name":"餐具"},{"lang":"hi-IN","name":"कटलरी"},{"lang":"th-TH","name":"ช้อนส้อม"},{"lang":"tr-TR","name":"çatal bıçak takımı"},{"lang":"pt-BR","name":"talheres"},{"lang":"de-DE","name":"Besteck"},{"lang":"id-ID","name":"peralatan makan"},{"lang":"fr-FR","name":"couverts"}]},{"id":41,"name":"decanter","transcription":"[dɪˈkæntər]","image":"/img/dict/home/decanter.png","translates":[{"lang":"ru-RU","name":"графин"},{"lang":"vi-VN","name":"bình rượu"},{"lang":"zh-CN","name":"醒酒器"},{"lang":"hi-IN","name":"डिकैंटर"},{"lang":"th-TH","name":"เหยือกเหล้า"},{"lang":"tr-TR","name":"sürahi"},{"lang":"pt-BR","name":"decantador"},{"lang":"de-DE","name":"Karaffe"},{"lang":"id-ID","name":"wadah anggur"},{"lang":"fr-FR","name":"carafe"}]},{"id":9,"name":"dining room","transcription":"[ˈdaɪnɪŋ ruːm]","image":"/img/dict/home/dining_room.png","translates":[{"lang":"ru-RU","name":"столовая"},{"lang":"vi-VN","name":"phòng ăn"},{"lang":"zh-CN","name":"餐厅"},{"lang":"hi-IN","name":"भोजन कक्ष"},{"lang":"th-TH","name":"ห้องอาหาร"},{"lang":"tr-TR","name":"yemek odası"},{"lang":"pt-BR","name":"sala de jantar"},{"lang":"de-DE","name":"Esszimmer"},{"lang":"id-ID","name":"ruang makan"},{"lang":"fr-FR","name":"salle à manger"}]},{"id":23,"name":"dish","transcription":"[dɪʃ]","image":"/img/dict/home/dish.png","translates":[{"lang":"ru-RU","name":"блюдо"},{"lang":"vi-VN","name":"đĩa"},{"lang":"zh-CN","name":"盘子"},{"lang":"hi-IN","name":"थाली"},{"lang":"th-TH","name":"จาน"},{"lang":"tr-TR","name":"tabak"},{"lang":"pt-BR","name":"prato"},{"lang":"de-DE","name":"Teller"},{"lang":"id-ID","name":"piring"},{"lang":"fr-FR","name":"assiette"}]},{"id":34,"name":"fork","transcription":"[fɔːrk]","image":"/img/dict/home/fork.png","translates":[{"lang":"ru-RU","name":"вилка"},{"lang":"vi-VN","name":"dĩa"},{"lang":"zh-CN","name":"叉子"},{"lang":"hi-IN","name":"कांटा"},{"lang":"th-TH","name":"ส้อม"},{"lang":"tr-TR","name":"çatal"},{"lang":"pt-BR","name":"garfo"},{"lang":"de-DE","name":"Gabel"},{"lang":"id-ID","name":"garpu"},{"lang":"fr-FR","name":"fourchette"}]},{"id":32,"name":"glass","transcription":"[ɡlɑːs]","image":"/img/dict/home/glass.png","translates":[{"lang":"ru-RU","name":"стакан"},{"lang":"vi-VN","name":"ly"},{"lang":"zh-CN","name":"玻璃杯"},{"lang":"hi-IN","name":"गिलास"},{"lang":"th-TH","name":"แก้ว"},{"lang":"tr-TR","name":"bardak"},{"lang":"pt-BR","name":"copo"},{"lang":"de-DE","name":"Glas"},{"lang":"id-ID","name":"gelas"},{"lang":"fr-FR","name":"verre"}]},{"id":28,"name":"hot pot","transcription":"[hɒt pɒt]","image":"/img/dict/home/hot_pot.png","translates":[{"lang":"ru-RU","name":"горячий горшочек"},{"lang":"vi-VN","name":"nồi lẩu"},{"lang":"zh-CN","name":"火锅"},{"lang":"hi-IN","name":"हॉट पॉट"},{"lang":"th-TH","name":"หม้อไฟ"},{"lang":"tr-TR","name":"sıcak tencere"},{"lang":"pt-BR","name":"panela quente"},{"lang":"de-DE","name":"Feuertopf"},{"lang":"id-ID","name":"panci panas"},{"lang":"fr-FR","name":"marmite"}]},{"id":6,"name":"jug","transcription":"[dʒʌɡ]","image":"/img/dict/home/jug.png","translates":[{"lang":"ru-RU","name":"кувшин"},{"lang":"vi-VN","name":"bình"},{"lang":"zh-CN","name":"水壶"},{"lang":"hi-IN","name":"जग"},{"lang":"th-TH","name":"เหยือก"},{"lang":"tr-TR","name":"sürahi"},{"lang":"pt-BR","name":"jarro"},{"lang":"de-DE","name":"Krug"},{"lang":"id-ID","name":"kendi"},{"lang":"fr-FR","name":"cruche"}]},{"id":43,"name":"knife","transcription":"[naɪf]","image":"/img/dict/home/knife.png","translates":[{"lang":"ru-RU","name":"нож"},{"lang":"vi-VN","name":"dao"},{"lang":"zh-CN","name":"刀"},{"lang":"hi-IN","name":"चाकू"},{"lang":"th-TH","name":"มีด"},{"lang":"tr-TR","name":"bıçak"},{"lang":"pt-BR","name":"faca"},{"lang":"de-DE","name":"Messer"},{"lang":"id-ID","name":"pisau"},{"lang":"fr-FR","name":"couteau"}]},{"id":31,"name":"ladle","transcription":"[ˈleɪdl]","image":"/img/dict/home/ladle.png","translates":[{"lang":"ru-RU","name":"половник"},{"lang":"vi-VN","name":"muôi"},{"lang":"zh-CN","name":"长柄勺"},{"lang":"hi-IN","name":"करछुल"},{"lang":"th-TH","name":"ทัพพี"},{"lang":"tr-TR","name":"kepçe"},{"lang":"pt-BR","name":"concha"},{"lang":"de-DE","name":"Kelle"},{"lang":"id-ID","name":"sendok sayur"},{"lang":"fr-FR","name":"louche"}]},{"id":35,"name":"measuring cup","transcription":"[ˈmeʒərɪŋ kʌp]","image":"/img/dict/home/measuring_cup.png","translates":[{"lang":"ru-RU","name":"мерная кружка"},{"lang":"vi-VN","name":"cốc đong"},{"lang":"zh-CN","name":"量杯"},{"lang":"hi-IN","name":"मापने वाला कप"},{"lang":"th-TH","name":"ถ้วยตวง"},{"lang":"tr-TR","name":"ölçü kabı"},{"lang":"pt-BR","name":"copo medidor"},{"lang":"de-DE","name":"Messbecher"},{"lang":"id-ID","name":"cangkir ukur"},{"lang":"fr-FR","name":"verre doseur"}]},{"id":29,"name":"mug","transcription":"[mʌɡ]","image":"/img/dict/home/mug.png","translates":[{"lang":"ru-RU","name":"кружка"},{"lang":"vi-VN","name":"cốc"},{"lang":"zh-CN","name":"马克杯"},{"lang":"hi-IN","name":"मग"},{"lang":"th-TH","name":"แก้วมัค"},{"lang":"tr-TR","name":"kupa"},{"lang":"pt-BR","name":"caneca"},{"lang":"de-DE","name":"Becher"},{"lang":"id-ID","name":"cangkir besar"},{"lang":"fr-FR","name":"mug"}]},{"id":14,"name":"napkin","transcription":"[ˈnæpkɪn]","image":"/img/dict/home/napkin.png","translates":[{"lang":"ru-RU","name":"салфетка"},{"lang":"vi-VN","name":"khăn ăn"},{"lang":"zh-CN","name":"餐巾"},{"lang":"hi-IN","name":"नैपकिन"},{"lang":"th-TH","name":"ผ้าเช็ดปาก"},{"lang":"tr-TR","name":"peçete"},{"lang":"pt-BR","name":"guardanapo"},{"lang":"de-DE","name":"Serviette"},{"lang":"id-ID","name":"serbet"},{"lang":"fr-FR","name":"serviette"}]},{"id":7,"name":"pepper shaker","transcription":"[ˈpepər ˈʃeɪkər]","image":"/img/dict/home/pepperbox.png","translates":[{"lang":"ru-RU","name":"перечница"},{"lang":"vi-VN","name":"lọ tiêu"},{"lang":"zh-CN","name":"胡椒瓶"},{"lang":"hi-IN","name":"काली मिर्च डिब्बा"},{"lang":"th-TH","name":"ที่เขย่าพริกไทย"},{"lang":"tr-TR","name":"biberlik"},{"lang":"pt-BR","name":"pimenteiro"},{"lang":"de-DE","name":"Pfefferstreuer"},{"lang":"id-ID","name":"tempat merica"},{"lang":"fr-FR","name":"poivrier"}]},{"id":19,"name":"pitcher","transcription":"[ˈpɪtʃər]","image":"/img/dict/home/jug.png","translates":[{"lang":"ru-RU","name":"кувшин"},{"lang":"vi-VN","name":"bình nước"},{"lang":"zh-CN","name":"水罐"},{"lang":"hi-IN","name":"जग"},{"lang":"th-TH","name":"เหยือกน้ำ"},{"lang":"tr-TR","name":"sürahi"},{"lang":"pt-BR","name":"jarro"},{"lang":"de-DE","name":"Krug"},{"lang":"id-ID","name":"kendi"},{"lang":"fr-FR","name":"pichet"}]},{"id":1,"name":"plate","transcription":"[pleɪt]","image":"/img/dict/home/plate.png","translates":[{"lang":"ru-RU","name":"тарелка"},{"lang":"vi-VN","name":"đĩa"},{"lang":"zh-CN","name":"盘子"},{"lang":"hi-IN","name":"प्लेट"},{"lang":"th-TH","name":"จาน"},{"lang":"tr-TR","name":"tabak"},{"lang":"pt-BR","name":"prato"},{"lang":"de-DE","name":"Teller"},{"lang":"id-ID","name":"piring"},{"lang":"fr-FR","name":"assiette"}]},{"id":30,"name":"rag","transcription":"[ræɡ]","image":"/img/dict/home/rag.png","translates":[{"lang":"ru-RU","name":"тряпка"},{"lang":"vi-VN","name":"giẻ lau"},{"lang":"zh-CN","name":"抹布"},{"lang":"hi-IN","name":"चिथड़ा"},{"lang":"th-TH","name":"ผ้าเช็ด"},{"lang":"tr-TR","name":"bez"},{"lang":"pt-BR","name":"pano"},{"lang":"de-DE","name":"Lappen"},{"lang":"id-ID","name":"kain lap"},{"lang":"fr-FR","name":"chiffon"}]},{"id":44,"name":"salad bowl","transcription":"[ˈsæləd bəʊl]","image":"/img/dict/home/saladbowl.png","translates":[{"lang":"ru-RU","name":"салатница"},{"lang":"vi-VN","name":"tô trộn salad"},{"lang":"zh-CN","name":"沙拉碗"},{"lang":"hi-IN","name":"सलाद कटोरा"},{"lang":"th-TH","name":"ชามสลัด"},{"lang":"tr-TR","name":"salata kasesi"},{"lang":"pt-BR","name":"saladeira"},{"lang":"de-DE","name":"Salatschüssel"},{"lang":"id-ID","name":"mangkuk salad"},{"lang":"fr-FR","name":"saladier"}]},{"id":2,"name":"salt shaker","transcription":"[sɔːlt ˈʃeɪkər]","image":"/img/dict/home/salt-cellar.png","translates":[{"lang":"ru-RU","name":"солонка"},{"lang":"vi-VN","name":"lọ muối"},{"lang":"zh-CN","name":"盐瓶"},{"lang":"hi-IN","name":"नमक डिब्बा"},{"lang":"th-TH","name":"ที่เขย่าเกลือ"},{"lang":"tr-TR","name":"tuzluk"},{"lang":"pt-BR","name":"saleiro"},{"lang":"de-DE","name":"Salzstreuer"},{"lang":"id-ID","name":"tempat garam"},{"lang":"fr-FR","name":"salière"}]},{"id":25,"name":"saucer","transcription":"[ˈsɔːsər]","image":"/img/dict/home/saucer.png","translates":[{"lang":"ru-RU","name":"блюдце"},{"lang":"vi-VN","name":"đĩa lót"},{"lang":"zh-CN","name":"茶托"},{"lang":"hi-IN","name":"तश्तरी"},{"lang":"th-TH","name":"จานรอง"},{"lang":"tr-TR","name":"fincan tabağı"},{"lang":"pt-BR","name":"pires"},{"lang":"de-DE","name":"Untertasse"},{"lang":"id-ID","name":"piring kecil"},{"lang":"fr-FR","name":"soucoupe"}]},{"id":42,"name":"serving cart","transcription":"[ˈsɜːrvɪŋ kɑːrt]","image":"/img/dict/home/serving_cart.png","translates":[{"lang":"ru-RU","name":"сервировочная тележка"},{"lang":"vi-VN","name":"xe đẩy phục vụ"},{"lang":"zh-CN","name":"餐车"},{"lang":"hi-IN","name":"सर्विंग कार्ट"},{"lang":"th-TH","name":"รถเสิร์ฟอาหาร"},{"lang":"tr-TR","name":"servis arabası"},{"lang":"pt-BR","name":"carrinho de serviço"},{"lang":"de-DE","name":"Servierwagen"},{"lang":"id-ID","name":"gerobak saji"},{"lang":"fr-FR","name":"chariot de service"}]},{"id":40,"name":"serving platter","transcription":"[ˈsɜːrvɪŋ ˈplætər]","image":"/img/dict/home/serving_platter.png","translates":[{"lang":"ru-RU","name":"сервировочное блюдо"},{"lang":"vi-VN","name":"đĩa phục vụ"},{"lang":"zh-CN","name":"餐盘"},{"lang":"hi-IN","name":"सर्विंग प्लेटर"},{"lang":"th-TH","name":"จานเสิร์ฟ"},{"lang":"tr-TR","name":"servis tabağı"},{"lang":"pt-BR","name":"prato de servir"},{"lang":"de-DE","name":"Servierplatte"},{"lang":"id-ID","name":"piring saji"},{"lang":"fr-FR","name":"plat de service"}]},{"id":37,"name":"silverware","transcription":"[ˈsɪlvərwer]","image":"/img/dict/home/silverware.png","translates":[{"lang":"ru-RU","name":"столовое серебро"},{"lang":"vi-VN","name":"đồ bạc"},{"lang":"zh-CN","name":"银器"},{"lang":"hi-IN","name":"चांदी के बर्तन"},{"lang":"th-TH","name":"เครื่องเงิน"},{"lang":"tr-TR","name":"gümüş takım"},{"lang":"pt-BR","name":"talheres de prata"},{"lang":"de-DE","name":"Silberbesteck"},{"lang":"id-ID","name":"perak"},{"lang":"fr-FR","name":"argenterie"}]},{"id":47,"name":"spoon","transcription":"[spuːn]","image":"/img/dict/home/spoon.png","translates":[{"lang":"ru-RU","name":"ложка"},{"lang":"vi-VN","name":"thìa"},{"lang":"zh-CN","name":"勺子"},{"lang":"hi-IN","name":"चम्मच"},{"lang":"th-TH","name":"ช้อน"},{"lang":"tr-TR","name":"kaşık"},{"lang":"pt-BR","name":"colher"},{"lang":"de-DE","name":"Löffel"},{"lang":"id-ID","name":"sendok"},{"lang":"fr-FR","name":"cuillère"}]},{"id":12,"name":"straw","transcription":"[strɔː]","image":"/img/dict/home/straw.png","translates":[{"lang":"ru-RU","name":"соломинка"},{"lang":"vi-VN","name":"ống hút"},{"lang":"zh-CN","name":"吸管"},{"lang":"hi-IN","name":"स्ट्रॉ"},{"lang":"th-TH","name":"หลอด"},{"lang":"tr-TR","name":"pipet"},{"lang":"pt-BR","name":"canudo"},{"lang":"de-DE","name":"Strohhalm"},{"lang":"id-ID","name":"sedotan"},{"lang":"fr-FR","name":"paille"}]},{"id":39,"name":"sugar bowl","transcription":"[ˈʃʊɡər bəʊl]","image":"/img/dict/home/sugar_bowl.png","translates":[{"lang":"ru-RU","name":"сахарница"},{"lang":"vi-VN","name":"lọ đường"},{"lang":"zh-CN","name":"糖罐"},{"lang":"hi-IN","name":"चीनी का डिब्बा"},{"lang":"th-TH","name":"ถ้วยน้ำตาล"},{"lang":"tr-TR","name":"şekerlik"},{"lang":"pt-BR","name":"açucareiro"},{"lang":"de-DE","name":"Zuckerdose"},{"lang":"id-ID","name":"mangkuk gula"},{"lang":"fr-FR","name":"sucrier"}]},{"id":8,"name":"table","transcription":"[ˈteɪbl]","image":"/img/dict/home/table.png","translates":[{"lang":"ru-RU","name":"стол"},{"lang":"vi-VN","name":"bàn"},{"lang":"zh-CN","name":"桌子"},{"lang":"hi-IN","name":"मेज़"},{"lang":"th-TH","name":"โต๊ะ"},{"lang":"tr-TR","name":"masa"},{"lang":"pt-BR","name":"mesa"},{"lang":"de-DE","name":"Tisch"},{"lang":"id-ID","name":"meja"},{"lang":"fr-FR","name":"table"}]},{"id":4,"name":"tablecloth","transcription":"[ˈteɪblklɒθ]","image":"/img/dict/home/tablecloth.png","translates":[{"lang":"ru-RU","name":"скатерть"},{"lang":"vi-VN","name":"khăn trải bàn"},{"lang":"zh-CN","name":"桌布"},{"lang":"hi-IN","name":"मेज़पोश"},{"lang":"th-TH","name":"ผ้าปูโต๊ะ"},{"lang":"tr-TR","name":"masa örtüsü"},{"lang":"pt-BR","name":"toalha de mesa"},{"lang":"de-DE","name":"Tischdecke"},{"lang":"id-ID","name":"taplak meja"},{"lang":"fr-FR","name":"nappe"}]},{"id":48,"name":"tableware","transcription":"[ˈteɪblweər]","image":"/img/dict/home/tableware.png","translates":[{"lang":"ru-RU","name":"посуда"},{"lang":"vi-VN","name":"bộ đồ ăn"},{"lang":"zh-CN","name":"餐具"},{"lang":"hi-IN","name":"टेबलवेयर"},{"lang":"th-TH","name":"เครื่องใช้บนโต๊ะอาหาร"},{"lang":"tr-TR","name":"sofra takımı"},{"lang":"pt-BR","name":"louça de mesa"},{"lang":"de-DE","name":"Tischgeschirr"},{"lang":"id-ID","name":"peralatan makan"},{"lang":"fr-FR","name":"vaisselle"}]},{"id":22,"name":"tea set","transcription":"[tiː set]","image":"/img/dict/home/tea_set.png","translates":[{"lang":"ru-RU","name":"чайный сервиз"},{"lang":"vi-VN","name":"bộ trà"},{"lang":"zh-CN","name":"茶具"},{"lang":"hi-IN","name":"चाय का सेट"},{"lang":"th-TH","name":"ชุดชา"},{"lang":"tr-TR","name":"çay takımı"},{"lang":"pt-BR","name":"conjunto de chá"},{"lang":"de-DE","name":"Teeservice"},{"lang":"id-ID","name":"perangkat teh"},{"lang":"fr-FR","name":"service à thé"}]},{"id":27,"name":"teapot","transcription":"[ˈtiːpɒt]","image":"/img/dict/home/teapot.png","translates":[{"lang":"ru-RU","name":"чайник для заварки"},{"lang":"vi-VN","name":"ấm trà"},{"lang":"zh-CN","name":"茶壶"},{"lang":"hi-IN","name":"चायदानी"},{"lang":"th-TH","name":"กาน้ำชา"},{"lang":"tr-TR","name":"çaydanlık"},{"lang":"pt-BR","name":"bule de chá"},{"lang":"de-DE","name":"Teekanne"},{"lang":"id-ID","name":"teko teh"},{"lang":"fr-FR","name":"théière"}]},{"id":11,"name":"tray","transcription":"[treɪ]","image":"/img/dict/home/tray.png","translates":[{"lang":"ru-RU","name":"поднос"},{"lang":"vi-VN","name":"khay"},{"lang":"zh-CN","name":"托盘"},{"lang":"hi-IN","name":"ट्रे"},{"lang":"th-TH","name":"ถาด"},{"lang":"tr-TR","name":"tepsi"},{"lang":"pt-BR","name":"bandeja"},{"lang":"de-DE","name":"Tablett"},{"lang":"id-ID","name":"baki"},{"lang":"fr-FR","name":"plateau"}]}]}