{"name":"Phonics /d/","nameA":"","img":"","isRandom":false,"isBlur":false,"isUpper":true,"isByWords":false,"isForAdult":false,"separator":"","numWords":52,"Translations":[{"lang":"ru-RU","name":"Алфавит","nameA":""},{"lang":"vi-VN","name":"Âm thanh /d/","nameA":""},{"lang":"zh-CN","name":"语音 /d/","nameA":""},{"lang":"hi-IN","name":"ध्वनि /d/","nameA":""},{"lang":"th-TH","name":"เสียง /d/","nameA":""},{"lang":"tr-TR","name":"Ses /d/","nameA":""},{"lang":"pt-BR","name":"Fonética /d/","nameA":""},{"lang":"de-DE","name":"Phonik /d/","nameA":""},{"lang":"id-ID","name":"Fonik /d/","nameA":""},{"lang":"fr-FR","name":"Phonétique /d/","nameA":""}],"items":[{"id":0,"name":"dad","transcription":"[dæd]","nameA":"","image":" ","bg":"transparent","nameAnswer":"","translates":[{"lang":"ru-RU","name":"Папа","nameA":""},{"lang":"vi-VN","name":"Bố","nameA":""},{"lang":"zh-CN","name":"爸爸","nameA":""},{"lang":"hi-IN","name":"पिता","nameA":""},{"lang":"th-TH","name":"พ่อ","nameA":""},{"lang":"tr-TR","name":"Baba","nameA":""},{"lang":"pt-BR","name":"Pai","nameA":""},{"lang":"de-DE","name":"Vater","nameA":""},{"lang":"id-ID","name":"Ayah","nameA":""},{"lang":"fr-FR","name":"Papa","nameA":""}]},{"id":0,"name":"damp","transcription":"[dæmp]","nameA":"","image":" ","bg":"transparent","nameAnswer":"","translates":[{"lang":"ru-RU","name":"Сырой","nameA":""},{"lang":"vi-VN","name":"Ẩm ướt","nameA":""},{"lang":"zh-CN","name":"潮湿","nameA":""},{"lang":"hi-IN","name":"नम","nameA":""},{"lang":"th-TH","name":"ชื้น","nameA":""},{"lang":"tr-TR","name":"Nemli","nameA":""},{"lang":"pt-BR","name":"Úmido","nameA":""},{"lang":"de-DE","name":"Feucht","nameA":""},{"lang":"id-ID","name":"Lembab","nameA":""},{"lang":"fr-FR","name":"Humide","nameA":""}]},{"id":0,"name":"dance","transcription":"[dæns]","nameA":"","image":" ","bg":"transparent","nameAnswer":"","translates":[{"lang":"ru-RU","name":"Танцевать","nameA":""},{"lang":"vi-VN","name":"Nhảy","nameA":""},{"lang":"zh-CN","name":"跳舞","nameA":""},{"lang":"hi-IN","name":"नृत्य","nameA":""},{"lang":"th-TH","name":"เต้น","nameA":""},{"lang":"tr-TR","name":"Dans etmek","nameA":""},{"lang":"pt-BR","name":"Dançar","nameA":""},{"lang":"de-DE","name":"Tanzen","nameA":""},{"lang":"id-ID","name":"Menari","nameA":""},{"lang":"fr-FR","name":"Danser","nameA":""}]},{"id":0,"name":"danger","transcription":"[ˈdeɪndʒər]","nameA":"","image":" ","bg":"transparent","nameAnswer":"","translates":[{"lang":"ru-RU","name":"Опасность","nameA":""},{"lang":"vi-VN","name":"Nguy hiểm","nameA":""},{"lang":"zh-CN","name":"危险","nameA":""},{"lang":"hi-IN","name":"खतरा","nameA":""},{"lang":"th-TH","name":"อันตราย","nameA":""},{"lang":"tr-TR","name":"Tehlike","nameA":""},{"lang":"pt-BR","name":"Perigo","nameA":""},{"lang":"de-DE","name":"Gefahr","nameA":""},{"lang":"id-ID","name":"Bahaya","nameA":""},{"lang":"fr-FR","name":"Danger","nameA":""}]},{"id":0,"name":"dangerous","transcription":"[ˈdeɪndʒərəs]","nameA":"","image":" ","bg":"transparent","nameAnswer":"","translates":[{"lang":"ru-RU","name":"Опасный","nameA":""},{"lang":"vi-VN","name":"Nguy hiểm","nameA":""},{"lang":"zh-CN","name":"危险","nameA":""},{"lang":"hi-IN","name":"खतरनाक","nameA":""},{"lang":"th-TH","name":"อันตราย","nameA":""},{"lang":"tr-TR","name":"Tehlikeli","nameA":""},{"lang":"pt-BR","name":"Perigoso","nameA":""},{"lang":"de-DE","name":"Gefährlich","nameA":""},{"lang":"id-ID","name":"Berbahaya","nameA":""},{"lang":"fr-FR","name":"Dangereux","nameA":""}]},{"id":0,"name":"dark","transcription":"[dɑːrk]","nameA":"","image":" ","bg":"transparent","nameAnswer":"","translates":[{"lang":"ru-RU","name":"Темный","nameA":""},{"lang":"vi-VN","name":"Tối","nameA":""},{"lang":"zh-CN","name":"黑暗","nameA":""},{"lang":"hi-IN","name":"अंधेरा","nameA":""},{"lang":"th-TH","name":"มืด","nameA":""},{"lang":"tr-TR","name":"Karanlık","nameA":""},{"lang":"pt-BR","name":"Escuro","nameA":""},{"lang":"de-DE","name":"Dunkel","nameA":""},{"lang":"id-ID","name":"Gelap","nameA":""},{"lang":"fr-FR","name":"Sombre","nameA":""}]},{"id":0,"name":"date","transcription":"[deɪt]","nameA":"","image":"/img/dict/food/date.png","bg":"transparent","nameAnswer":"","translates":[{"lang":"ru-RU","name":"Дата","nameA":""},{"lang":"vi-VN","name":"Ngày","nameA":""},{"lang":"zh-CN","name":"日期","nameA":""},{"lang":"hi-IN","name":"तारीख","nameA":""},{"lang":"th-TH","name":"วันที่","nameA":""},{"lang":"tr-TR","name":"Tarih","nameA":""},{"lang":"pt-BR","name":"Data","nameA":""},{"lang":"de-DE","name":"Datum","nameA":""},{"lang":"id-ID","name":"Tanggal","nameA":""},{"lang":"fr-FR","name":"Date","nameA":""}]},{"id":0,"name":"day","transcription":"[deɪ]","nameA":"","image":" ","bg":"transparent","nameAnswer":"","translates":[{"lang":"ru-RU","name":"День","nameA":""},{"lang":"vi-VN","name":"Ngày","nameA":""},{"lang":"zh-CN","name":"天","nameA":""},{"lang":"hi-IN","name":"दिन","nameA":""},{"lang":"th-TH","name":"วัน","nameA":""},{"lang":"tr-TR","name":"Gün","nameA":""},{"lang":"pt-BR","name":"Dia","nameA":""},{"lang":"de-DE","name":"Tag","nameA":""},{"lang":"id-ID","name":"Hari","nameA":""},{"lang":"fr-FR","name":"Jour","nameA":""}]},{"id":0,"name":"deep","transcription":"[diːp]","nameA":"","image":" ","bg":"transparent","nameAnswer":"","translates":[{"lang":"ru-RU","name":"Глубокий","nameA":""},{"lang":"vi-VN","name":"Sâu","nameA":""},{"lang":"zh-CN","name":"深","nameA":""},{"lang":"hi-IN","name":"गहरा","nameA":""},{"lang":"th-TH","name":"ลึก","nameA":""},{"lang":"tr-TR","name":"Derin","nameA":""},{"lang":"pt-BR","name":"Profundo","nameA":""},{"lang":"de-DE","name":"Tief","nameA":""},{"lang":"id-ID","name":"Dalam","nameA":""},{"lang":"fr-FR","name":"Profond","nameA":""}]},{"id":0,"name":"delicious","transcription":"[dɪˈlɪʃəs]","nameA":"","image":" ","bg":"transparent","nameAnswer":"","translates":[{"lang":"ru-RU","name":"Вкусный","nameA":""},{"lang":"vi-VN","name":"Ngon","nameA":""},{"lang":"zh-CN","name":"美味","nameA":""},{"lang":"hi-IN","name":"स्वादिष्ट","nameA":""},{"lang":"th-TH","name":"อร่อย","nameA":""},{"lang":"tr-TR","name":"Lezzetli","nameA":""},{"lang":"pt-BR","name":"Delicioso","nameA":""},{"lang":"de-DE","name":"Köstlich","nameA":""},{"lang":"id-ID","name":"Lezat","nameA":""},{"lang":"fr-FR","name":"Délicieux","nameA":""}]},{"id":0,"name":"dentist","transcription":"[ˈdɛntɪst]","nameA":"","image":" ","bg":"transparent","nameAnswer":"","translates":[{"lang":"ru-RU","name":"Стоматолог","nameA":""},{"lang":"vi-VN","name":"Nha sĩ","nameA":""},{"lang":"zh-CN","name":"牙医","nameA":""},{"lang":"hi-IN","name":"दंत चिकित्सक","nameA":""},{"lang":"th-TH","name":"ทันตแพทย์","nameA":""},{"lang":"tr-TR","name":"Diş hekimi","nameA":""},{"lang":"pt-BR","name":"Dentista","nameA":""},{"lang":"de-DE","name":"Zahnarzt","nameA":""},{"lang":"id-ID","name":"Dokter gigi","nameA":""},{"lang":"fr-FR","name":"Dentiste","nameA":""}]},{"id":0,"name":"desert","transcription":"[ˈdɛzərt]","nameA":"","image":"/img/dict/animals/desert.jpg","bg":"transparent","nameAnswer":"","translates":[{"lang":"ru-RU","name":"Пустыня","nameA":""},{"lang":"vi-VN","name":"Sa mạc","nameA":""},{"lang":"zh-CN","name":"沙漠","nameA":""},{"lang":"hi-IN","name":"रेगिस्तान","nameA":""},{"lang":"th-TH","name":"ทะเลทราย","nameA":""},{"lang":"tr-TR","name":"Çöl","nameA":""},{"lang":"pt-BR","name":"Deserto","nameA":""},{"lang":"de-DE","name":"Wüste","nameA":""},{"lang":"id-ID","name":"Gurun","nameA":""},{"lang":"fr-FR","name":"Désert","nameA":""}]},{"id":0,"name":"desk","transcription":"[dɛsk]","nameA":"","image":"/img/dict/classroom/desk.png","bg":"transparent","nameAnswer":"","translates":[{"lang":"ru-RU","name":"Парта","nameA":""},{"lang":"vi-VN","name":"Bàn học","nameA":""},{"lang":"zh-CN","name":"书桌","nameA":""},{"lang":"hi-IN","name":"डेस्क","nameA":""},{"lang":"th-TH","name":"โต๊ะเรียน","nameA":""},{"lang":"tr-TR","name":"Sıra","nameA":""},{"lang":"pt-BR","name":"Carteira","nameA":""},{"lang":"de-DE","name":"Schreibtisch","nameA":""},{"lang":"id-ID","name":"Meja","nameA":""},{"lang":"fr-FR","name":"Bureau","nameA":""}]},{"id":0,"name":"dessert","transcription":"[dɪˈzɜːrt]","nameA":"","image":" ","bg":"transparent","nameAnswer":"","translates":[{"lang":"ru-RU","name":"Десерт","nameA":""},{"lang":"vi-VN","name":"Tráng miệng","nameA":""},{"lang":"zh-CN","name":"甜点","nameA":""},{"lang":"hi-IN","name":"मिठाई","nameA":""},{"lang":"th-TH","name":"ของหวาน","nameA":""},{"lang":"tr-TR","name":"Tatlı","nameA":""},{"lang":"pt-BR","name":"Sobremesa","nameA":""},{"lang":"de-DE","name":"Dessert","nameA":""},{"lang":"id-ID","name":"Hidangan penutup","nameA":""},{"lang":"fr-FR","name":"Dessert","nameA":""}]},{"id":0,"name":"destroy","transcription":"[dɪˈstrɔɪ]","nameA":"","image":" ","bg":"transparent","nameAnswer":"","translates":[{"lang":"ru-RU","name":"Уничтожить","nameA":""},{"lang":"vi-VN","name":"Phá hủy","nameA":""},{"lang":"zh-CN","name":"摧毁","nameA":""},{"lang":"hi-IN","name":"नष्ट","nameA":""},{"lang":"th-TH","name":"ทำลาย","nameA":""},{"lang":"tr-TR","name":"Yok etmek","nameA":""},{"lang":"pt-BR","name":"Destruir","nameA":""},{"lang":"de-DE","name":"Zerstören","nameA":""},{"lang":"id-ID","name":"Menghancurkan","nameA":""},{"lang":"fr-FR","name":"Détruire","nameA":""}]},{"id":0,"name":"diamond","transcription":"[ˈdaɪəmənd]","nameA":"","image":"/img/dict/shapes/diamond.png","bg":"transparent","nameAnswer":"","translates":[{"lang":"ru-RU","name":"Алмаз","nameA":""},{"lang":"vi-VN","name":"Kim cương","nameA":""},{"lang":"zh-CN","name":"钻石","nameA":""},{"lang":"hi-IN","name":"हीरा","nameA":""},{"lang":"th-TH","name":"เพชร","nameA":""},{"lang":"tr-TR","name":"Elmas","nameA":""},{"lang":"pt-BR","name":"Diamante","nameA":""},{"lang":"de-DE","name":"Diamant","nameA":""},{"lang":"id-ID","name":"Berlian","nameA":""},{"lang":"fr-FR","name":"Diamant","nameA":""}]},{"id":0,"name":"diary","transcription":"[ˈdaɪəri]","nameA":"","image":" ","bg":"transparent","nameAnswer":"","translates":[{"lang":"ru-RU","name":"Дневник","nameA":""},{"lang":"vi-VN","name":"Nhật ký","nameA":""},{"lang":"zh-CN","name":"日记","nameA":""},{"lang":"hi-IN","name":"डायरी","nameA":""},{"lang":"th-TH","name":"ไดอารี่","nameA":""},{"lang":"tr-TR","name":"Günlük","nameA":""},{"lang":"pt-BR","name":"Diário","nameA":""},{"lang":"de-DE","name":"Tagebuch","nameA":""},{"lang":"id-ID","name":"Buku harian","nameA":""},{"lang":"fr-FR","name":"Journal","nameA":""}]},{"id":0,"name":"dictionary","transcription":"[ˈdɪkʃəˌnɛri]","nameA":"","image":" ","bg":"transparent","nameAnswer":"","translates":[{"lang":"ru-RU","name":"Словарь","nameA":""},{"lang":"vi-VN","name":"Từ điển","nameA":""},{"lang":"zh-CN","name":"字典","nameA":""},{"lang":"hi-IN","name":"शब्दकोश","nameA":""},{"lang":"th-TH","name":"พจนานุกรม","nameA":""},{"lang":"tr-TR","name":"Sözlük","nameA":""},{"lang":"pt-BR","name":"Dicionário","nameA":""},{"lang":"de-DE","name":"Wörterbuch","nameA":""},{"lang":"id-ID","name":"Kamus","nameA":""},{"lang":"fr-FR","name":"Dictionnaire","nameA":""}]},{"id":0,"name":"different","transcription":"[ˈdɪfərənt]","nameA":"","image":" ","bg":"transparent","nameAnswer":"","translates":[{"lang":"ru-RU","name":"Разный","nameA":""},{"lang":"vi-VN","name":"Khác nhau","nameA":""},{"lang":"zh-CN","name":"不同","nameA":""},{"lang":"hi-IN","name":"अलग","nameA":""},{"lang":"th-TH","name":"แตกต่าง","nameA":""},{"lang":"tr-TR","name":"Farklı","nameA":""},{"lang":"pt-BR","name":"Diferente","nameA":""},{"lang":"de-DE","name":"Anders","nameA":""},{"lang":"id-ID","name":"Berbeda","nameA":""},{"lang":"fr-FR","name":"Différent","nameA":""}]},{"id":0,"name":"difficult","transcription":"[ˈdɪfɪkəlt]","nameA":"","image":" ","bg":"transparent","nameAnswer":"","translates":[{"lang":"ru-RU","name":"Сложный","nameA":""},{"lang":"vi-VN","name":"Khó","nameA":""},{"lang":"zh-CN","name":"困难","nameA":""},{"lang":"hi-IN","name":"कठिन","nameA":""},{"lang":"th-TH","name":"ยาก","nameA":""},{"lang":"tr-TR","name":"Zor","nameA":""},{"lang":"pt-BR","name":"Difícil","nameA":""},{"lang":"de-DE","name":"Schwierig","nameA":""},{"lang":"id-ID","name":"Sulit","nameA":""},{"lang":"fr-FR","name":"Difficile","nameA":""}]},{"id":0,"name":"dig","transcription":"[dɪɡ]","nameA":"","image":" ","bg":"transparent","nameAnswer":"","translates":[{"lang":"ru-RU","name":"Копать","nameA":""},{"lang":"vi-VN","name":"Đào","nameA":""},{"lang":"zh-CN","name":"挖","nameA":""},{"lang":"hi-IN","name":"खोदना","nameA":""},{"lang":"th-TH","name":"ขุด","nameA":""},{"lang":"tr-TR","name":"Kazmak","nameA":""},{"lang":"pt-BR","name":"Cavar","nameA":""},{"lang":"de-DE","name":"Graben","nameA":""},{"lang":"id-ID","name":"Menggali","nameA":""},{"lang":"fr-FR","name":"Creuser","nameA":""}]},{"id":0,"name":"dinosaur","transcription":"[ˈdaɪnəˌsɔːr]","nameA":"","image":"/img/dict/animals/dinosaur.png","bg":"transparent","nameAnswer":"","translates":[{"lang":"ru-RU","name":"Динозавр","nameA":""},{"lang":"vi-VN","name":"Khủng long","nameA":""},{"lang":"zh-CN","name":"恐龙","nameA":""},{"lang":"hi-IN","name":"डायनासोर","nameA":""},{"lang":"th-TH","name":"ไดโนเสาร์","nameA":""},{"lang":"tr-TR","name":"Dinozor","nameA":""},{"lang":"pt-BR","name":"Dinossauro","nameA":""},{"lang":"de-DE","name":"Dinosaurier","nameA":""},{"lang":"id-ID","name":"Dinosaurus","nameA":""},{"lang":"fr-FR","name":"Dinosaure","nameA":""}]},{"id":0,"name":"direction","transcription":"[dɪˈrɛkʃən]","nameA":"","image":" ","bg":"transparent","nameAnswer":"","translates":[{"lang":"ru-RU","name":"Направление","nameA":""},{"lang":"vi-VN","name":"Hướng","nameA":""},{"lang":"zh-CN","name":"方向","nameA":""},{"lang":"hi-IN","name":"दिशा","nameA":""},{"lang":"th-TH","name":"ทิศทาง","nameA":""},{"lang":"tr-TR","name":"Yön","nameA":""},{"lang":"pt-BR","name":"Direção","nameA":""},{"lang":"de-DE","name":"Richtung","nameA":""},{"lang":"id-ID","name":"Arah","nameA":""},{"lang":"fr-FR","name":"Direction","nameA":""}]},{"id":0,"name":"dirt","transcription":"[dɜːrt]","nameA":"","image":" ","bg":"transparent","nameAnswer":"","translates":[{"lang":"ru-RU","name":"Грязь","nameA":""},{"lang":"vi-VN","name":"Bụi bẩn","nameA":""},{"lang":"zh-CN","name":"污垢","nameA":""},{"lang":"hi-IN","name":"गंदगी","nameA":""},{"lang":"th-TH","name":"สิ่งสกปรก","nameA":""},{"lang":"tr-TR","name":"Kir","nameA":""},{"lang":"pt-BR","name":"Sujeira","nameA":""},{"lang":"de-DE","name":"Schmutz","nameA":""},{"lang":"id-ID","name":"Kotoran","nameA":""},{"lang":"fr-FR","name":"Saleté","nameA":""}]},{"id":0,"name":"disappear","transcription":"[ˌdɪsəˈpɪr]","nameA":"","image":" ","bg":"transparent","nameAnswer":"","translates":[{"lang":"ru-RU","name":"Исчезать","nameA":""},{"lang":"vi-VN","name":"Biến mất","nameA":""},{"lang":"zh-CN","name":"消失","nameA":""},{"lang":"hi-IN","name":"गायब","nameA":""},{"lang":"th-TH","name":"หายไป","nameA":""},{"lang":"tr-TR","name":"Kaybolmak","nameA":""},{"lang":"pt-BR","name":"Desaparecer","nameA":""},{"lang":"de-DE","name":"Verschwinden","nameA":""},{"lang":"id-ID","name":"Menghilang","nameA":""},{"lang":"fr-FR","name":"Disparaître","nameA":""}]},{"id":0,"name":"discover","transcription":"[dɪˈskʌvər]","nameA":"","image":" ","bg":"transparent","nameAnswer":"","translates":[{"lang":"ru-RU","name":"Открывать","nameA":""},{"lang":"vi-VN","name":"Khám phá","nameA":""},{"lang":"zh-CN","name":"发现","nameA":""},{"lang":"hi-IN","name":"खोज","nameA":""},{"lang":"th-TH","name":"ค้นพบ","nameA":""},{"lang":"tr-TR","name":"Keşfetmek","nameA":""},{"lang":"pt-BR","name":"Descobrir","nameA":""},{"lang":"de-DE","name":"Entdecken","nameA":""},{"lang":"id-ID","name":"Menemukan","nameA":""},{"lang":"fr-FR","name":"Découvrir","nameA":""}]},{"id":0,"name":"disguise","transcription":"[dɪsˈɡaɪz]","nameA":"","image":" ","bg":"transparent","nameAnswer":"","translates":[{"lang":"ru-RU","name":"Маскировка","nameA":""},{"lang":"vi-VN","name":"Ngụy trang","nameA":""},{"lang":"zh-CN","name":"伪装","nameA":""},{"lang":"hi-IN","name":"भेष","nameA":""},{"lang":"th-TH","name":"ปลอมตัว","nameA":""},{"lang":"tr-TR","name":"Kılık değiştirmek","nameA":""},{"lang":"pt-BR","name":"Disfarce","nameA":""},{"lang":"de-DE","name":"Verkleidung","nameA":""},{"lang":"id-ID","name":"Menyamar","nameA":""},{"lang":"fr-FR","name":"Déguisement","nameA":""}]},{"id":0,"name":"dish","transcription":"[dɪʃ]","nameA":"","image":"/img/dict/food/dish.png","bg":"transparent","nameAnswer":"","translates":[{"lang":"ru-RU","name":"Блюдо","nameA":""},{"lang":"vi-VN","name":"Món ăn","nameA":""},{"lang":"zh-CN","name":"盘子","nameA":""},{"lang":"hi-IN","name":"पकवान","nameA":""},{"lang":"th-TH","name":"จาน","nameA":""},{"lang":"tr-TR","name":"Tabak","nameA":""},{"lang":"pt-BR","name":"Prato","nameA":""},{"lang":"de-DE","name":"Gericht","nameA":""},{"lang":"id-ID","name":"Hidangan","nameA":""},{"lang":"fr-FR","name":"Plat","nameA":""}]},{"id":0,"name":"dive","transcription":"[daɪv]","nameA":"","image":" ","bg":"transparent","nameAnswer":"","translates":[{"lang":"ru-RU","name":"Нырять","nameA":""},{"lang":"vi-VN","name":"Lặn","nameA":""},{"lang":"zh-CN","name":"潜水","nameA":""},{"lang":"hi-IN","name":"डुबकी","nameA":""},{"lang":"th-TH","name":"ดำน้ำ","nameA":""},{"lang":"tr-TR","name":"Dalmak","nameA":""},{"lang":"pt-BR","name":"Mergulhar","nameA":""},{"lang":"de-DE","name":"Tauchen","nameA":""},{"lang":"id-ID","name":"Menyelam","nameA":""},{"lang":"fr-FR","name":"Plonger","nameA":""}]},{"id":0,"name":"divide","transcription":"[dɪˈvaɪd]","nameA":"","image":" ","bg":"transparent","nameAnswer":"","translates":[{"lang":"ru-RU","name":"Делить","nameA":""},{"lang":"vi-VN","name":"Chia","nameA":""},{"lang":"zh-CN","name":"分开","nameA":""},{"lang":"hi-IN","name":"विभाजित","nameA":""},{"lang":"th-TH","name":"แบ่ง","nameA":""},{"lang":"tr-TR","name":"Bölmek","nameA":""},{"lang":"pt-BR","name":"Dividir","nameA":""},{"lang":"de-DE","name":"Teilen","nameA":""},{"lang":"id-ID","name":"Membagi","nameA":""},{"lang":"fr-FR","name":"Diviser","nameA":""}]},{"id":0,"name":"do","transcription":"[duː]","nameA":"","image":" ","bg":"transparent","nameAnswer":"","translates":[{"lang":"ru-RU","name":"Делать","nameA":""},{"lang":"vi-VN","name":"Làm","nameA":""},{"lang":"zh-CN","name":"做","nameA":""},{"lang":"hi-IN","name":"करना","nameA":""},{"lang":"th-TH","name":"ทำ","nameA":""},{"lang":"tr-TR","name":"Yapmak","nameA":""},{"lang":"pt-BR","name":"Fazer","nameA":""},{"lang":"de-DE","name":"Tun","nameA":""},{"lang":"id-ID","name":"Melakukan","nameA":""},{"lang":"fr-FR","name":"Faire","nameA":""}]},{"id":0,"name":"doctor","transcription":"[ˈdɑːktər]","nameA":"","image":" ","bg":"transparent","nameAnswer":"","translates":[{"lang":"ru-RU","name":"Доктор","nameA":""},{"lang":"vi-VN","name":"Bác sĩ","nameA":""},{"lang":"zh-CN","name":"医生","nameA":""},{"lang":"hi-IN","name":"डॉक्टर","nameA":""},{"lang":"th-TH","name":"หมอ","nameA":""},{"lang":"tr-TR","name":"Doktor","nameA":""},{"lang":"pt-BR","name":"Doutor","nameA":""},{"lang":"de-DE","name":"Arzt","nameA":""},{"lang":"id-ID","name":"Dokter","nameA":""},{"lang":"fr-FR","name":"Docteur","nameA":""}]},{"id":0,"name":"dog","transcription":"[dɔːɡ]","nameA":"","image":"/img/dict/animals/dog.png","bg":"transparent","nameAnswer":"","translates":[{"lang":"ru-RU","name":"Собака","nameA":""},{"lang":"vi-VN","name":"Chó","nameA":""},{"lang":"zh-CN","name":"狗","nameA":""},{"lang":"hi-IN","name":"कुत्ता","nameA":""},{"lang":"th-TH","name":"หมา","nameA":""},{"lang":"tr-TR","name":"Köpek","nameA":""},{"lang":"pt-BR","name":"Cachorro","nameA":""},{"lang":"de-DE","name":"Hund","nameA":""},{"lang":"id-ID","name":"Anjing","nameA":""},{"lang":"fr-FR","name":"Chien","nameA":""}]},{"id":0,"name":"doll","transcription":"[dɑːl]","nameA":"","image":"/img/dict/home/doll.png","bg":"transparent","nameAnswer":"","translates":[{"lang":"ru-RU","name":"Кукла","nameA":""},{"lang":"vi-VN","name":"Búp bê","nameA":""},{"lang":"zh-CN","name":"娃娃","nameA":""},{"lang":"hi-IN","name":"गुड़िया","nameA":""},{"lang":"th-TH","name":"ตุ๊กตา","nameA":""},{"lang":"tr-TR","name":"Oyuncak bebek","nameA":""},{"lang":"pt-BR","name":"Boneca","nameA":""},{"lang":"de-DE","name":"Puppe","nameA":""},{"lang":"id-ID","name":"Boneka","nameA":""},{"lang":"fr-FR","name":"Poupée","nameA":""}]},{"id":0,"name":"dolphin","transcription":"[ˈdɑːlfɪn]","nameA":"","image":"/img/dict/animals/dolphin.png","bg":"transparent","nameAnswer":"","translates":[{"lang":"ru-RU","name":"Дельфин","nameA":""},{"lang":"vi-VN","name":"Cá heo","nameA":""},{"lang":"zh-CN","name":"海豚","nameA":""},{"lang":"hi-IN","name":"डॉल्फिन","nameA":""},{"lang":"th-TH","name":"โลมา","nameA":""},{"lang":"tr-TR","name":"Yunus","nameA":""},{"lang":"pt-BR","name":"Golfinho","nameA":""},{"lang":"de-DE","name":"Delfin","nameA":""},{"lang":"id-ID","name":"Lumba-lumba","nameA":""},{"lang":"fr-FR","name":"Dauphin","nameA":""}]},{"id":0,"name":"dragon","transcription":"[ˈdræɡən]","nameA":"","image":" ","bg":"transparent","nameAnswer":"","translates":[{"lang":"ru-RU","name":"Дракон","nameA":""},{"lang":"vi-VN","name":"Rồng","nameA":""},{"lang":"zh-CN","name":"龙","nameA":""},{"lang":"hi-IN","name":"ड्रैगन","nameA":""},{"lang":"th-TH","name":"มังกร","nameA":""},{"lang":"tr-TR","name":"Ejderha","nameA":""},{"lang":"pt-BR","name":"Dragão","nameA":""},{"lang":"de-DE","name":"Drache","nameA":""},{"lang":"id-ID","name":"Naga","nameA":""},{"lang":"fr-FR","name":"Dragon","nameA":""}]},{"id":0,"name":"draw","transcription":"[drɔː]","nameA":"","image":" ","bg":"transparent","nameAnswer":"","translates":[{"lang":"ru-RU","name":"Рисовать","nameA":""},{"lang":"vi-VN","name":"Vẽ","nameA":""},{"lang":"zh-CN","name":"画","nameA":""},{"lang":"hi-IN","name":"खींचना","nameA":""},{"lang":"th-TH","name":"วาด","nameA":""},{"lang":"tr-TR","name":"Çizmek","nameA":""},{"lang":"pt-BR","name":"Desenhar","nameA":""},{"lang":"de-DE","name":"Zeichnen","nameA":""},{"lang":"id-ID","name":"Menggambar","nameA":""},{"lang":"fr-FR","name":"Dessiner","nameA":""}]},{"id":0,"name":"drawer","transcription":"[drɔːr]","nameA":"","image":" ","bg":"transparent","nameAnswer":"","translates":[{"lang":"ru-RU","name":"Ящик","nameA":""},{"lang":"vi-VN","name":"Ngăn kéo","nameA":""},{"lang":"zh-CN","name":"抽屉","nameA":""},{"lang":"hi-IN","name":"दराज","nameA":""},{"lang":"th-TH","name":"ลิ้นชัก","nameA":""},{"lang":"tr-TR","name":"Çekmece","nameA":""},{"lang":"pt-BR","name":"Gaveta","nameA":""},{"lang":"de-DE","name":"Schublade","nameA":""},{"lang":"id-ID","name":"Laci","nameA":""},{"lang":"fr-FR","name":"Tiroir","nameA":""}]},{"id":0,"name":"dress","transcription":"[drɛs]","nameA":"","image":"/img/dict/clothes/dress.png","bg":"transparent","nameAnswer":"","translates":[{"lang":"ru-RU","name":"Платье","nameA":""},{"lang":"vi-VN","name":"Váy","nameA":""},{"lang":"zh-CN","name":"连衣裙","nameA":""},{"lang":"hi-IN","name":"पोशाक","nameA":""},{"lang":"th-TH","name":"ชุด","nameA":""},{"lang":"tr-TR","name":"Elbise","nameA":""},{"lang":"pt-BR","name":"Vestido","nameA":""},{"lang":"de-DE","name":"Kleid","nameA":""},{"lang":"id-ID","name":"Gaun","nameA":""},{"lang":"fr-FR","name":"Robe","nameA":""}]},{"id":0,"name":"drink","transcription":"[drɪŋk]","nameA":"","image":" ","bg":"transparent","nameAnswer":"","translates":[{"lang":"ru-RU","name":"Пить","nameA":""},{"lang":"vi-VN","name":"Uống","nameA":""},{"lang":"zh-CN","name":"喝","nameA":""},{"lang":"hi-IN","name":"पीना","nameA":""},{"lang":"th-TH","name":"ดื่ม","nameA":""},{"lang":"tr-TR","name":"İçmek","nameA":""},{"lang":"pt-BR","name":"Beber","nameA":""},{"lang":"de-DE","name":"Trinken","nameA":""},{"lang":"id-ID","name":"Minum","nameA":""},{"lang":"fr-FR","name":"Boire","nameA":""}]},{"id":0,"name":"drip","transcription":"[drɪp]","nameA":"","image":" ","bg":"transparent","nameAnswer":"","translates":[{"lang":"ru-RU","name":"Капать","nameA":""},{"lang":"vi-VN","name":"Nhỏ giọt","nameA":""},{"lang":"zh-CN","name":"滴","nameA":""},{"lang":"hi-IN","name":"टपकना","nameA":""},{"lang":"th-TH","name":"หยด","nameA":""},{"lang":"tr-TR","name":"Damlamak","nameA":""},{"lang":"pt-BR","name":"Pingar","nameA":""},{"lang":"de-DE","name":"Tropfen","nameA":""},{"lang":"id-ID","name":"Menetes","nameA":""},{"lang":"fr-FR","name":"Goutter","nameA":""}]},{"id":0,"name":"drop","transcription":"[drɑːp]","nameA":"","image":" ","bg":"transparent","nameAnswer":"","translates":[{"lang":"ru-RU","name":"Капля","nameA":""},{"lang":"vi-VN","name":"Giọt","nameA":""},{"lang":"zh-CN","name":"滴","nameA":""},{"lang":"hi-IN","name":"बूंद","nameA":""},{"lang":"th-TH","name":"หยด","nameA":""},{"lang":"tr-TR","name":"Damla","nameA":""},{"lang":"pt-BR","name":"Gota","nameA":""},{"lang":"de-DE","name":"Tropfen","nameA":""},{"lang":"id-ID","name":"Tetes","nameA":""},{"lang":"fr-FR","name":"Goutte","nameA":""}]},{"id":0,"name":"drum","transcription":"[drʌm]","nameA":"","image":"/img/dict/toys/drum.png","bg":"transparent","nameAnswer":"","translates":[{"lang":"ru-RU","name":"Барабан","nameA":""},{"lang":"vi-VN","name":"Trống","nameA":""},{"lang":"zh-CN","name":"鼓","nameA":""},{"lang":"hi-IN","name":"ड्रम","nameA":""},{"lang":"th-TH","name":"กลอง","nameA":""},{"lang":"tr-TR","name":"Davul","nameA":""},{"lang":"pt-BR","name":"Tambor","nameA":""},{"lang":"de-DE","name":"Trommel","nameA":""},{"lang":"id-ID","name":"Drum","nameA":""},{"lang":"fr-FR","name":"Tambour","nameA":""}]},{"id":0,"name":"duck","transcription":"[dʌk]","nameA":"","image":"/img/dict/animals/duck.png","bg":"transparent","nameAnswer":"","translates":[{"lang":"ru-RU","name":"Утка","nameA":""},{"lang":"vi-VN","name":"Vịt","nameA":""},{"lang":"zh-CN","name":"鸭子","nameA":""},{"lang":"hi-IN","name":"बतख","nameA":""},{"lang":"th-TH","name":"เป็ด","nameA":""},{"lang":"tr-TR","name":"Ördek","nameA":""},{"lang":"pt-BR","name":"Pato","nameA":""},{"lang":"de-DE","name":"Ente","nameA":""},{"lang":"id-ID","name":"Bebek","nameA":""},{"lang":"fr-FR","name":"Canard","nameA":""}]},{"id":0,"name":"dust","transcription":"[dʌst]","nameA":"","image":" ","bg":"transparent","nameAnswer":"","translates":[{"lang":"ru-RU","name":"Пыль","nameA":""},{"lang":"vi-VN","name":"Bụi","nameA":""},{"lang":"zh-CN","name":"灰尘","nameA":""},{"lang":"hi-IN","name":"धूल","nameA":""},{"lang":"th-TH","name":"ฝุ่น","nameA":""},{"lang":"tr-TR","name":"Toz","nameA":""},{"lang":"pt-BR","name":"Pó","nameA":""},{"lang":"de-DE","name":"Staub","nameA":""},{"lang":"id-ID","name":"Debu","nameA":""},{"lang":"fr-FR","name":"Poussière","nameA":""}]},{"id":0,"name":"add","transcription":"[æd]","nameA":"","image":" ","bg":"transparent","nameAnswer":"","translates":[{"lang":"ru-RU","name":"Добавлять","nameA":""},{"lang":"vi-VN","name":"Thêm","nameA":""},{"lang":"zh-CN","name":"添加","nameA":""},{"lang":"hi-IN","name":"जोड़ना","nameA":""},{"lang":"th-TH","name":"เพิ่ม","nameA":""},{"lang":"tr-TR","name":"Eklemek","nameA":""},{"lang":"pt-BR","name":"Adicionar","nameA":""},{"lang":"de-DE","name":"Hinzufügen","nameA":""},{"lang":"id-ID","name":"Menambahkan","nameA":""},{"lang":"fr-FR","name":"Ajouter","nameA":""}]},{"id":0,"name":"cuddle","transcription":"[ˈkʌdəl]","nameA":"","image":" ","bg":"transparent","nameAnswer":"","translates":[{"lang":"ru-RU","name":"Обнимать","nameA":""},{"lang":"vi-VN","name":"Ôm","nameA":""},{"lang":"zh-CN","name":"拥抱","nameA":""},{"lang":"hi-IN","name":"गले लगाना","nameA":""},{"lang":"th-TH","name":"กอด","nameA":""},{"lang":"tr-TR","name":"Sarılmak","nameA":""},{"lang":"pt-BR","name":"Abraçar","nameA":""},{"lang":"de-DE","name":"Kuscheln","nameA":""},{"lang":"id-ID","name":"Memeluk","nameA":""},{"lang":"fr-FR","name":"Câliner","nameA":""}]},{"id":0,"name":"odd","transcription":"[ɑːd]","nameA":"","image":" ","bg":"transparent","nameAnswer":"","translates":[{"lang":"ru-RU","name":"Странный","nameA":""},{"lang":"vi-VN","name":"Kỳ lạ","nameA":""},{"lang":"zh-CN","name":"奇怪","nameA":""},{"lang":"hi-IN","name":"अजीब","nameA":""},{"lang":"th-TH","name":"แปลก","nameA":""},{"lang":"tr-TR","name":"Garip","nameA":""},{"lang":"pt-BR","name":"Estranho","nameA":""},{"lang":"de-DE","name":"Seltsam","nameA":""},{"lang":"id-ID","name":"Aneh","nameA":""},{"lang":"fr-FR","name":"Étrange","nameA":""}]},{"id":0,"name":"puddle","transcription":"[ˈpʌdəl]","nameA":"","image":" ","bg":"transparent","nameAnswer":"","translates":[{"lang":"ru-RU","name":"Лужа","nameA":""},{"lang":"vi-VN","name":"Vũng nước","nameA":""},{"lang":"zh-CN","name":"水坑","nameA":""},{"lang":"hi-IN","name":"पोखर","nameA":""},{"lang":"th-TH","name":"แอ่งน้ำ","nameA":""},{"lang":"tr-TR","name":"Su birikintisi","nameA":""},{"lang":"pt-BR","name":"Poça","nameA":""},{"lang":"de-DE","name":"Pfütze","nameA":""},{"lang":"id-ID","name":"Genangan air","nameA":""},{"lang":"fr-FR","name":"Flague","nameA":""}]},{"id":0,"name":"played","transcription":"[pleɪd]","nameA":"","image":" ","bg":"transparent","nameAnswer":"","translates":[{"lang":"ru-RU","name":"Играл","nameA":""},{"lang":"vi-VN","name":"Chơi","nameA":""},{"lang":"zh-CN","name":"玩","nameA":""},{"lang":"hi-IN","name":"खेला","nameA":""},{"lang":"th-TH","name":"เล่น","nameA":""},{"lang":"tr-TR","name":"Oynadı","nameA":""},{"lang":"pt-BR","name":"Jogou","nameA":""},{"lang":"de-DE","name":"Spielte","nameA":""},{"lang":"id-ID","name":"Bermain","nameA":""},{"lang":"fr-FR","name":"Joué","nameA":""}]},{"id":0,"name":"rained","transcription":"[reɪnd]","nameA":"","image":" ","bg":"transparent","nameAnswer":"","translates":[{"lang":"ru-RU","name":"Шел дождь","nameA":""},{"lang":"vi-VN","name":"Mưa","nameA":""},{"lang":"zh-CN","name":"下雨","nameA":""},{"lang":"hi-IN","name":"बारिश हुई","nameA":""},{"lang":"th-TH","name":"ฝนตก","nameA":""},{"lang":"tr-TR","name":"Yağmur yağdı","nameA":""},{"lang":"pt-BR","name":"Choveu","nameA":""},{"lang":"de-DE","name":"Regnete","nameA":""},{"lang":"id-ID","name":"Hujan","nameA":""},{"lang":"fr-FR","name":"Plu","nameA":""}]},{"id":0,"name":"stayed","transcription":"[steɪd]","nameA":"","image":" ","bg":"transparent","nameAnswer":"","translates":[{"lang":"ru-RU","name":"Остался","nameA":""},{"lang":"vi-VN","name":"Ở lại","nameA":""},{"lang":"zh-CN","name":"停留","nameA":""},{"lang":"hi-IN","name":"रुका","nameA":""},{"lang":"th-TH","name":"พัก","nameA":""},{"lang":"tr-TR","name":"Kaldı","nameA":""},{"lang":"pt-BR","name":"Ficou","nameA":""},{"lang":"de-DE","name":"Bleib","nameA":""},{"lang":"id-ID","name":"Tinggal","nameA":""},{"lang":"fr-FR","name":"Resté","nameA":""}]}]}