{"name":"Phonics /n/","isRandom":false,"isBlur":false,"isUpper":true,"isByWords":false,"isForAdult":false,"separator":"","numWords":58,"Translations":[{"lang":"ru-RU","name":"Алфавит"},{"lang":"vi-VN","name":"Âm /n/"},{"lang":"zh-CN","name":"拼音 /n/"},{"lang":"hi-IN","name":"ध्वनि /n/"},{"lang":"th-TH","name":"เสียง /n/"},{"lang":"tr-TR","name":"Fonetik /n/"},{"lang":"pt-BR","name":"Fonética /n/"},{"lang":"de-DE","name":"Phonik /n/"},{"lang":"id-ID","name":"Fonik /n/"},{"lang":"fr-FR","name":"Phonétique /n/"}],"items":[{"id":0,"name":"/N/","transcription":"","nameA":"/sound/dict/n.mp3","image":"","bg":"","translates":[{"lang":"ru-RU","name":""},{"lang":"vi-VN","name":""},{"lang":"zh-CN","name":""},{"lang":"hi-IN","name":""},{"lang":"th-TH","name":""},{"lang":"tr-TR","name":""},{"lang":"pt-BR","name":""},{"lang":"de-DE","name":""},{"lang":"id-ID","name":""},{"lang":"fr-FR","name":""}]},{"id":0,"name":"Toucan","transcription":"[ˈtuːkæn]","nameA":"","image":"/img/dict/animals/toucan.png","bg":"transparent","translates":[{"lang":"ru-RU","name":"Тукан"},{"lang":"vi-VN","name":"Chim Toucan"},{"lang":"zh-CN","name":"巨嘴鸟"},{"lang":"hi-IN","name":"टूकेन"},{"lang":"th-TH","name":"นกทูแคน"},{"lang":"tr-TR","name":"Tukan"},{"lang":"pt-BR","name":"Tucano"},{"lang":"de-DE","name":"Tukan"},{"lang":"id-ID","name":"Toucan"},{"lang":"fr-FR","name":"Toucan"}]},{"id":0,"name":"Ant","transcription":"[ænt]","nameA":"","image":"/img/dict/animals/ant.png","bg":"transparent","translates":[{"lang":"ru-RU","name":"Муравей"},{"lang":"vi-VN","name":"Kiến"},{"lang":"zh-CN","name":"蚂蚁"},{"lang":"hi-IN","name":"चींटी"},{"lang":"th-TH","name":"มด"},{"lang":"tr-TR","name":"Karınca"},{"lang":"pt-BR","name":"Formiga"},{"lang":"de-DE","name":"Ameise"},{"lang":"id-ID","name":"Semut"},{"lang":"fr-FR","name":"Fourmi"}]},{"id":0,"name":"knee","transcription":"[niː]","nameA":"","image":"/img/dict/body/knee.png","bg":"transparent","translates":[{"lang":"ru-RU","name":"Колено"},{"lang":"vi-VN","name":"Đầu gối"},{"lang":"zh-CN","name":"膝盖"},{"lang":"hi-IN","name":"घुटना"},{"lang":"th-TH","name":"เข่า"},{"lang":"tr-TR","name":"Diz"},{"lang":"pt-BR","name":"Joelho"},{"lang":"de-DE","name":"Knie"},{"lang":"id-ID","name":"Lutut"},{"lang":"fr-FR","name":"Genou"}]},{"id":0,"name":"knife","transcription":"[naɪf]","nameA":"","image":"/img/dict/home/knife.png","bg":"transparent","translates":[{"lang":"ru-RU","name":"Нож"},{"lang":"vi-VN","name":"Dao"},{"lang":"zh-CN","name":"刀"},{"lang":"hi-IN","name":"चाकू"},{"lang":"th-TH","name":"มีด"},{"lang":"tr-TR","name":"Bıçak"},{"lang":"pt-BR","name":"Faca"},{"lang":"de-DE","name":"Messer"},{"lang":"id-ID","name":"Pisau"},{"lang":"fr-FR","name":"Couteau"}]},{"id":0,"name":"knight","transcription":"[naɪt]","nameA":"","image":"/img/dict/profs/knight.png","bg":"transparent","translates":[{"lang":"ru-RU","name":"Рыцарь"},{"lang":"vi-VN","name":"Hiệp sĩ"},{"lang":"zh-CN","name":"骑士"},{"lang":"hi-IN","name":"नाइट"},{"lang":"th-TH","name":"อัศวิน"},{"lang":"tr-TR","name":"Şövalye"},{"lang":"pt-BR","name":"Cavaleiro"},{"lang":"de-DE","name":"Ritter"},{"lang":"id-ID","name":"Ksatria"},{"lang":"fr-FR","name":"Chevalier"}]},{"id":0,"name":"gnome","transcription":"[nəʊm]","nameA":"","image":"/img/dict/home/gnome.png","bg":"transparent","translates":[{"lang":"ru-RU","name":"Гном"},{"lang":"vi-VN","name":"Yêu tinh"},{"lang":"zh-CN","name":"地精"},{"lang":"hi-IN","name":"बौना"},{"lang":"th-TH","name":"โนม"},{"lang":"tr-TR","name":"Cüce"},{"lang":"pt-BR","name":"Gnomo"},{"lang":"de-DE","name":"Gnom"},{"lang":"id-ID","name":"Kurcaci"},{"lang":"fr-FR","name":"Gnome"}]},{"id":0,"name":"sign","transcription":"[saɪn]","nameA":"","image":"/img/dict/city/sign.png","bg":"transparent","translates":[{"lang":"ru-RU","name":"Знак"},{"lang":"vi-VN","name":"Biển báo"},{"lang":"zh-CN","name":"标志"},{"lang":"hi-IN","name":"संकेत"},{"lang":"th-TH","name":"ป้าย"},{"lang":"tr-TR","name":"İşaret"},{"lang":"pt-BR","name":"Sinal"},{"lang":"de-DE","name":"Schild"},{"lang":"id-ID","name":"Tanda"},{"lang":"fr-FR","name":"Panneau"}]},{"id":0,"name":"night","transcription":"[naɪt]","nameA":"","image":"/img/dict/seasons/night.png","bg":"transparent","translates":[{"lang":"ru-RU","name":"Ночь"},{"lang":"vi-VN","name":"Đêm"},{"lang":"zh-CN","name":"夜晚"},{"lang":"hi-IN","name":"रात"},{"lang":"th-TH","name":"กลางคืน"},{"lang":"tr-TR","name":"Gece"},{"lang":"pt-BR","name":"Noite"},{"lang":"de-DE","name":"Nacht"},{"lang":"id-ID","name":"Malam"},{"lang":"fr-FR","name":"Nuit"}]},{"id":0,"name":"funnel","transcription":"[ˈfʌnl]","nameA":"","image":"/img/dict/home/funnel.png","bg":"transparent","translates":[{"lang":"ru-RU","name":"Воронка"},{"lang":"vi-VN","name":"Phễu"},{"lang":"zh-CN","name":"漏斗"},{"lang":"hi-IN","name":"फ़नल"},{"lang":"th-TH","name":"กรวย"},{"lang":"tr-TR","name":"Huni"},{"lang":"pt-BR","name":"Funil"},{"lang":"de-DE","name":"Trichter"},{"lang":"id-ID","name":"Corong"},{"lang":"fr-FR","name":"Entonnoir"}]},{"id":0,"name":"tennis","transcription":"[ˈtenɪs]","nameA":"","image":"/img/dict/sports/tennis.png","bg":"transparent","translates":[{"lang":"ru-RU","name":"Теннис"},{"lang":"vi-VN","name":"Quần vợt"},{"lang":"zh-CN","name":"网球"},{"lang":"hi-IN","name":"टेनिस"},{"lang":"th-TH","name":"เทนนิส"},{"lang":"tr-TR","name":"Tenis"},{"lang":"pt-BR","name":"Tênis"},{"lang":"de-DE","name":"Tennis"},{"lang":"id-ID","name":"Tenis"},{"lang":"fr-FR","name":"Tennis"}]},{"id":0,"name":"corn","transcription":"[kɔːrn]","nameA":"","image":"/img/dict/food/corn.png","bg":"transparent","translates":[{"lang":"ru-RU","name":"Кукуруза"},{"lang":"vi-VN","name":"Ngô"},{"lang":"zh-CN","name":"玉米"},{"lang":"hi-IN","name":"मक्का"},{"lang":"th-TH","name":"ข้าวโพด"},{"lang":"tr-TR","name":"Mısır"},{"lang":"pt-BR","name":"Milho"},{"lang":"de-DE","name":"Mais"},{"lang":"id-ID","name":"Jagung"},{"lang":"fr-FR","name":"Maïs"}]},{"id":0,"name":"nest","transcription":"[nest]","nameA":"","image":"/img/dict/animals/nest.png","bg":"transparent","translates":[{"lang":"ru-RU","name":"Гнездо"},{"lang":"vi-VN","name":"Tổ"},{"lang":"zh-CN","name":"鸟巢"},{"lang":"hi-IN","name":"घोंसला"},{"lang":"th-TH","name":"รัง"},{"lang":"tr-TR","name":"Yuva"},{"lang":"pt-BR","name":"Ninho"},{"lang":"de-DE","name":"Nest"},{"lang":"id-ID","name":"Sarang"},{"lang":"fr-FR","name":"Nid"}]},{"id":0,"name":"designer","transcription":"[dɪˈzaɪnər]","nameA":"","image":"/img/dict/profs/designer.png","bg":"transparent","translates":[{"lang":"ru-RU","name":"Дизайнер"},{"lang":"vi-VN","name":"Nhà thiết kế"},{"lang":"zh-CN","name":"设计师"},{"lang":"hi-IN","name":"डिजाइनर"},{"lang":"th-TH","name":"นักออกแบบ"},{"lang":"tr-TR","name":"Tasarımcı"},{"lang":"pt-BR","name":"Designer"},{"lang":"de-DE","name":"Designer"},{"lang":"id-ID","name":"Desainer"},{"lang":"fr-FR","name":"Designer"}]},{"id":0,"name":"nail","transcription":"[neɪl]","nameA":"","image":"","bg":"transparent","translates":[{"lang":"ru-RU","name":"Гвоздь"},{"lang":"vi-VN","name":"Móng tay"},{"lang":"zh-CN","name":"钉子"},{"lang":"hi-IN","name":"कील"},{"lang":"th-TH","name":"ตะปู"},{"lang":"tr-TR","name":"Çivi"},{"lang":"pt-BR","name":"Prego"},{"lang":"de-DE","name":"Nagel"},{"lang":"id-ID","name":"Paku"},{"lang":"fr-FR","name":"Clou"}]},{"id":0,"name":"narrow","transcription":"[ˈnæroʊ]","nameA":"","image":"","bg":"transparent","translates":[{"lang":"ru-RU","name":"Узкий"},{"lang":"vi-VN","name":"Hẹp"},{"lang":"zh-CN","name":"狭窄"},{"lang":"hi-IN","name":"संकीर्ण"},{"lang":"th-TH","name":"แคบ"},{"lang":"tr-TR","name":"Dar"},{"lang":"pt-BR","name":"Estreito"},{"lang":"de-DE","name":"Eng"},{"lang":"id-ID","name":"Sempit"},{"lang":"fr-FR","name":"Étroit"}]},{"id":0,"name":"nasty","transcription":"[ˈnæsti]","nameA":"","image":"","bg":"transparent","translates":[{"lang":"ru-RU","name":"Противный"},{"lang":"vi-VN","name":"Khó chịu"},{"lang":"zh-CN","name":"恶心"},{"lang":"hi-IN","name":"गंदा"},{"lang":"th-TH","name":"น่ารังเกียจ"},{"lang":"tr-TR","name":"İğrenç"},{"lang":"pt-BR","name":"Nojento"},{"lang":"de-DE","name":"Widerlich"},{"lang":"id-ID","name":"Jorok"},{"lang":"fr-FR","name":"Dégoûtant"}]},{"id":0,"name":"nature","transcription":"[ˈneɪtʃər]","nameA":"","image":"","bg":"transparent","translates":[{"lang":"ru-RU","name":"Природа"},{"lang":"vi-VN","name":"Thiên nhiên"},{"lang":"zh-CN","name":"自然"},{"lang":"hi-IN","name":"प्रकृति"},{"lang":"th-TH","name":"ธรรมชาติ"},{"lang":"tr-TR","name":"Doğa"},{"lang":"pt-BR","name":"Natureza"},{"lang":"de-DE","name":"Natur"},{"lang":"id-ID","name":"Alam"},{"lang":"fr-FR","name":"Nature"}]},{"id":0,"name":"near","transcription":"[nɪr]","nameA":"","image":"","bg":"transparent","translates":[{"lang":"ru-RU","name":"Близко"},{"lang":"vi-VN","name":"Gần"},{"lang":"zh-CN","name":"近"},{"lang":"hi-IN","name":"पास"},{"lang":"th-TH","name":"ใกล้"},{"lang":"tr-TR","name":"Yakın"},{"lang":"pt-BR","name":"Perto"},{"lang":"de-DE","name":"Nah"},{"lang":"id-ID","name":"Dekat"},{"lang":"fr-FR","name":"Proche"}]},{"id":0,"name":"neat","transcription":"[niːt]","nameA":"","image":"","bg":"transparent","translates":[{"lang":"ru-RU","name":"Аккуратный"},{"lang":"vi-VN","name":"Gọn gàng"},{"lang":"zh-CN","name":"整洁"},{"lang":"hi-IN","name":"साफ"},{"lang":"th-TH","name":"เป็นระเบียบ"},{"lang":"tr-TR","name":"Düzenli"},{"lang":"pt-BR","name":"Organizado"},{"lang":"de-DE","name":"Ordentlich"},{"lang":"id-ID","name":"Rapi"},{"lang":"fr-FR","name":"Soigné"}]},{"id":0,"name":"neck","transcription":"[nɛk]","nameA":"","image":"/img/dict/body/neck.png","bg":"transparent","translates":[{"lang":"ru-RU","name":"Шея"},{"lang":"vi-VN","name":"Cổ"},{"lang":"zh-CN","name":"脖子"},{"lang":"hi-IN","name":"गर्दन"},{"lang":"th-TH","name":"คอ"},{"lang":"tr-TR","name":"Boyun"},{"lang":"pt-BR","name":"Pescoço"},{"lang":"de-DE","name":"Hals"},{"lang":"id-ID","name":"Leher"},{"lang":"fr-FR","name":"Cou"}]},{"id":0,"name":"necklace","transcription":"[ˈnɛklɪs]","nameA":"","image":"","bg":"transparent","translates":[{"lang":"ru-RU","name":"Ожерелье"},{"lang":"vi-VN","name":"Vòng cổ"},{"lang":"zh-CN","name":"项链"},{"lang":"hi-IN","name":"हार"},{"lang":"th-TH","name":"สร้อยคอ"},{"lang":"tr-TR","name":"Kolye"},{"lang":"pt-BR","name":"Colar"},{"lang":"de-DE","name":"Halskette"},{"lang":"id-ID","name":"Kalung"},{"lang":"fr-FR","name":"Collier"}]},{"id":0,"name":"need","transcription":"[niːd]","nameA":"","image":"","bg":"transparent","translates":[{"lang":"ru-RU","name":"Нуждаться"},{"lang":"vi-VN","name":"Cần"},{"lang":"zh-CN","name":"需要"},{"lang":"hi-IN","name":"आवश्यकता"},{"lang":"th-TH","name":"ต้องการ"},{"lang":"tr-TR","name":"İhtiyaç"},{"lang":"pt-BR","name":"Precisar"},{"lang":"de-DE","name":"Brauchen"},{"lang":"id-ID","name":"Butuh"},{"lang":"fr-FR","name":"Besoin"}]},{"id":0,"name":"neighbour","transcription":"[ˈneɪbər]","nameA":"","image":"","bg":"transparent","translates":[{"lang":"ru-RU","name":"Сосед"},{"lang":"vi-VN","name":"Hàng xóm"},{"lang":"zh-CN","name":"邻居"},{"lang":"hi-IN","name":"पड़ोसी"},{"lang":"th-TH","name":"เพื่อนบ้าน"},{"lang":"tr-TR","name":"Komşu"},{"lang":"pt-BR","name":"Vizinho"},{"lang":"de-DE","name":"Nachbar"},{"lang":"id-ID","name":"Tetangga"},{"lang":"fr-FR","name":"Voisin"}]},{"id":0,"name":"nephew","transcription":"[ˈnɛfjuː]","nameA":"","image":"","bg":"transparent","translates":[{"lang":"ru-RU","name":"Племянник"},{"lang":"vi-VN","name":"Cháu trai"},{"lang":"zh-CN","name":"侄子"},{"lang":"hi-IN","name":"भतीजा"},{"lang":"th-TH","name":"หลานชาย"},{"lang":"tr-TR","name":"Yeğen"},{"lang":"pt-BR","name":"Sobrinho"},{"lang":"de-DE","name":"Neffe"},{"lang":"id-ID","name":"Keponakan"},{"lang":"fr-FR","name":"Neveu"}]},{"id":0,"name":"nervous","transcription":"[ˈnɜːrvəs]","nameA":"","image":"","bg":"transparent","translates":[{"lang":"ru-RU","name":"Нервный"},{"lang":"vi-VN","name":"Lo lắng"},{"lang":"zh-CN","name":"紧张"},{"lang":"hi-IN","name":"घबराया हुआ"},{"lang":"th-TH","name":"ประสาท"},{"lang":"tr-TR","name":"Sinirli"},{"lang":"pt-BR","name":"Nervoso"},{"lang":"de-DE","name":"Nervös"},{"lang":"id-ID","name":"Gugup"},{"lang":"fr-FR","name":"Nerveux"}]},{"id":0,"name":"net","transcription":"[nɛt]","nameA":"","image":"","bg":"transparent","translates":[{"lang":"ru-RU","name":"Сеть"},{"lang":"vi-VN","name":"Lưới"},{"lang":"zh-CN","name":"网"},{"lang":"hi-IN","name":"जाल"},{"lang":"th-TH","name":"ตาข่าย"},{"lang":"tr-TR","name":"Ağ"},{"lang":"pt-BR","name":"Rede"},{"lang":"de-DE","name":"Netz"},{"lang":"id-ID","name":"Jaring"},{"lang":"fr-FR","name":"Filet"}]},{"id":0,"name":"new","transcription":"[nuː]","nameA":"","image":"","bg":"transparent","translates":[{"lang":"ru-RU","name":"Новый"},{"lang":"vi-VN","name":"Mới"},{"lang":"zh-CN","name":"新"},{"lang":"hi-IN","name":"नया"},{"lang":"th-TH","name":"ใหม่"},{"lang":"tr-TR","name":"Yeni"},{"lang":"pt-BR","name":"Novo"},{"lang":"de-DE","name":"Neu"},{"lang":"id-ID","name":"Baru"},{"lang":"fr-FR","name":"Nouveau"}]},{"id":0,"name":"news","transcription":"[nuːz]","nameA":"","image":"","bg":"transparent","translates":[{"lang":"ru-RU","name":"Новости"},{"lang":"vi-VN","name":"Tin tức"},{"lang":"zh-CN","name":"新闻"},{"lang":"hi-IN","name":"समाचार"},{"lang":"th-TH","name":"ข่าว"},{"lang":"tr-TR","name":"Haber"},{"lang":"pt-BR","name":"Notícias"},{"lang":"de-DE","name":"Nachrichten"},{"lang":"id-ID","name":"Berita"},{"lang":"fr-FR","name":"Nouvelles"}]},{"id":0,"name":"next","transcription":"[nɛkst]","nameA":"","image":"","bg":"transparent","translates":[{"lang":"ru-RU","name":"Следующий"},{"lang":"vi-VN","name":"Tiếp theo"},{"lang":"zh-CN","name":"下一个"},{"lang":"hi-IN","name":"अगला"},{"lang":"th-TH","name":"ต่อไป"},{"lang":"tr-TR","name":"Sonraki"},{"lang":"pt-BR","name":"Próximo"},{"lang":"de-DE","name":"Nächster"},{"lang":"id-ID","name":"Berikutnya"},{"lang":"fr-FR","name":"Suivant"}]},{"id":0,"name":"nice","transcription":"[naɪs]","nameA":"","image":"","bg":"transparent","translates":[{"lang":"ru-RU","name":"Приятный"},{"lang":"vi-VN","name":"Tốt"},{"lang":"zh-CN","name":"好"},{"lang":"hi-IN","name":"अच्छा"},{"lang":"th-TH","name":"ดี"},{"lang":"tr-TR","name":"Güzel"},{"lang":"pt-BR","name":"Bom"},{"lang":"de-DE","name":"Schön"},{"lang":"id-ID","name":"Bagus"},{"lang":"fr-FR","name":"Sympa"}]},{"id":0,"name":"niece","transcription":"[niːs]","nameA":"","image":"","bg":"transparent","translates":[{"lang":"ru-RU","name":"Племянница"},{"lang":"vi-VN","name":"Cháu gái"},{"lang":"zh-CN","name":"侄女"},{"lang":"hi-IN","name":"भतीजी"},{"lang":"th-TH","name":"หลานสาว"},{"lang":"tr-TR","name":"Yeğen"},{"lang":"pt-BR","name":"Sobrinha"},{"lang":"de-DE","name":"Nichte"},{"lang":"id-ID","name":"Keponakan"},{"lang":"fr-FR","name":"Nièce"}]},{"id":0,"name":"nightdress","transcription":"[ˈnaɪtdrɛs]","nameA":"","image":"","bg":"transparent","translates":[{"lang":"ru-RU","name":"Ночная рубашка"},{"lang":"vi-VN","name":"Áo ngủ"},{"lang":"zh-CN","name":"睡衣"},{"lang":"hi-IN","name":"रात का पोशाक"},{"lang":"th-TH","name":"ชุดนอน"},{"lang":"tr-TR","name":"Gecelik"},{"lang":"pt-BR","name":"Camisola"},{"lang":"de-DE","name":"Nachthemd"},{"lang":"id-ID","name":"Gaun malam"},{"lang":"fr-FR","name":"Chemise de nuit"}]},{"id":0,"name":"nightmare","transcription":"[ˈnaɪtmɛr]","nameA":"","image":"","bg":"transparent","translates":[{"lang":"ru-RU","name":"Кошмар"},{"lang":"vi-VN","name":"Ác mộng"},{"lang":"zh-CN","name":"噩梦"},{"lang":"hi-IN","name":"बुरा सपना"},{"lang":"th-TH","name":"ฝันร้าย"},{"lang":"tr-TR","name":"Kâbus"},{"lang":"pt-BR","name":"Pesadelo"},{"lang":"de-DE","name":"Albtraum"},{"lang":"id-ID","name":"Mimpi buruk"},{"lang":"fr-FR","name":"Cauchemar"}]},{"id":0,"name":"nod","transcription":"[nɑd]","nameA":"","image":"","bg":"transparent","translates":[{"lang":"ru-RU","name":"Кивок"},{"lang":"vi-VN","name":"Gật đầu"},{"lang":"zh-CN","name":"点头"},{"lang":"hi-IN","name":"सिर हिलाना"},{"lang":"th-TH","name":"พยักหน้า"},{"lang":"tr-TR","name":"Baş sallama"},{"lang":"pt-BR","name":"Aceno"},{"lang":"de-DE","name":"Nicken"},{"lang":"id-ID","name":"Anggukan"},{"lang":"fr-FR","name":"Hochement"}]},{"id":0,"name":"noise","transcription":"[nɔɪz]","nameA":"","image":"","bg":"transparent","translates":[{"lang":"ru-RU","name":"Шум"},{"lang":"vi-VN","name":"Tiếng ồn"},{"lang":"zh-CN","name":"噪音"},{"lang":"hi-IN","name":"शोर"},{"lang":"th-TH","name":"เสียงดัง"},{"lang":"tr-TR","name":"Gürültü"},{"lang":"pt-BR","name":"Barulho"},{"lang":"de-DE","name":"Lärm"},{"lang":"id-ID","name":"Kebisingan"},{"lang":"fr-FR","name":"Bruit"}]},{"id":0,"name":"noisy","transcription":"[ˈnɔɪzi]","nameA":"","image":"","bg":"transparent","translates":[{"lang":"ru-RU","name":"Шумный"},{"lang":"vi-VN","name":"Ồn ào"},{"lang":"zh-CN","name":"吵闹"},{"lang":"hi-IN","name":"शोरगुल"},{"lang":"th-TH","name":"เสียงดัง"},{"lang":"tr-TR","name":"Gürültülü"},{"lang":"pt-BR","name":"Barulhento"},{"lang":"de-DE","name":"Laut"},{"lang":"id-ID","name":"Ribut"},{"lang":"fr-FR","name":"Bruyant"}]},{"id":0,"name":"noon","transcription":"[nuːn]","nameA":"","image":"","bg":"transparent","translates":[{"lang":"ru-RU","name":"Полдень"},{"lang":"vi-VN","name":"Buổi trưa"},{"lang":"zh-CN","name":"中午"},{"lang":"hi-IN","name":"दोपहर"},{"lang":"th-TH","name":"เที่ยงวัน"},{"lang":"tr-TR","name":"Öğle"},{"lang":"pt-BR","name":"Meio-dia"},{"lang":"de-DE","name":"Mittag"},{"lang":"id-ID","name":"Siang"},{"lang":"fr-FR","name":"Midi"}]},{"id":0,"name":"not","transcription":"[nɑt]","nameA":"","image":"","bg":"transparent","translates":[{"lang":"ru-RU","name":"Не"},{"lang":"vi-VN","name":"Không"},{"lang":"zh-CN","name":"不"},{"lang":"hi-IN","name":"नहीं"},{"lang":"th-TH","name":"ไม่"},{"lang":"tr-TR","name":"Değil"},{"lang":"pt-BR","name":"Não"},{"lang":"de-DE","name":"Nicht"},{"lang":"id-ID","name":"Tidak"},{"lang":"fr-FR","name":"Pas"}]},{"id":0,"name":"notice","transcription":"[ˈnoʊtɪs]","nameA":"","image":"","bg":"transparent","translates":[{"lang":"ru-RU","name":"Заметить"},{"lang":"vi-VN","name":"Chú ý"},{"lang":"zh-CN","name":"注意"},{"lang":"hi-IN","name":"सूचना"},{"lang":"th-TH","name":"สังเกต"},{"lang":"tr-TR","name":"Fark etmek"},{"lang":"pt-BR","name":"Notar"},{"lang":"de-DE","name":"Bemerken"},{"lang":"id-ID","name":"Memperhatikan"},{"lang":"fr-FR","name":"Remarquer"}]},{"id":0,"name":"now","transcription":"[naʊ]","nameA":"","image":"","bg":"transparent","translates":[{"lang":"ru-RU","name":"Сейчас"},{"lang":"vi-VN","name":"Bây giờ"},{"lang":"zh-CN","name":"现在"},{"lang":"hi-IN","name":"अब"},{"lang":"th-TH","name":"ตอนนี้"},{"lang":"tr-TR","name":"Şimdi"},{"lang":"pt-BR","name":"Agora"},{"lang":"de-DE","name":"Jetzt"},{"lang":"id-ID","name":"Sekarang"},{"lang":"fr-FR","name":"Maintenant"}]},{"id":0,"name":"number","transcription":"[ˈnʌmbər]","nameA":"","image":"","bg":"transparent","translates":[{"lang":"ru-RU","name":"Число"},{"lang":"vi-VN","name":"Số"},{"lang":"zh-CN","name":"数字"},{"lang":"hi-IN","name":"संख्या"},{"lang":"th-TH","name":"ตัวเลข"},{"lang":"tr-TR","name":"Sayı"},{"lang":"pt-BR","name":"Número"},{"lang":"de-DE","name":"Zahl"},{"lang":"id-ID","name":"Angka"},{"lang":"fr-FR","name":"Nombre"}]},{"id":0,"name":"nut","transcription":"[nʌt]","nameA":"","image":"","bg":"transparent","translates":[{"lang":"ru-RU","name":"Орех"},{"lang":"vi-VN","name":"Hạt"},{"lang":"zh-CN","name":"坚果"},{"lang":"hi-IN","name":"अखरोट"},{"lang":"th-TH","name":"ถั่ว"},{"lang":"tr-TR","name":"Fındık"},{"lang":"pt-BR","name":"Noz"},{"lang":"de-DE","name":"Nuss"},{"lang":"id-ID","name":"Kacang"},{"lang":"fr-FR","name":"Noix"}]},{"id":0,"name":"kneel","transcription":"[niːl]","nameA":"","image":"","bg":"transparent","translates":[{"lang":"ru-RU","name":"Становиться на колени"},{"lang":"vi-VN","name":"Quỳ"},{"lang":"zh-CN","name":"跪"},{"lang":"hi-IN","name":"घुटने टेकना"},{"lang":"th-TH","name":"คุกเข่า"},{"lang":"tr-TR","name":"Diz çökmek"},{"lang":"pt-BR","name":"Ajoelhar"},{"lang":"de-DE","name":"Knien"},{"lang":"id-ID","name":"Berlutut"},{"lang":"fr-FR","name":"S\u0027agenouiller"}]},{"id":0,"name":"knock","transcription":"[nɑk]","nameA":"","image":"","bg":"transparent","translates":[{"lang":"ru-RU","name":"Стучать"},{"lang":"vi-VN","name":"Gõ"},{"lang":"zh-CN","name":"敲"},{"lang":"hi-IN","name":"दस्तक"},{"lang":"th-TH","name":"เคาะ"},{"lang":"tr-TR","name":"Vurmak"},{"lang":"pt-BR","name":"Bater"},{"lang":"de-DE","name":"Klopfen"},{"lang":"id-ID","name":"Mengetuk"},{"lang":"fr-FR","name":"Frapper"}]},{"id":0,"name":"knot","transcription":"[nɑt]","nameA":"","image":"","bg":"transparent","translates":[{"lang":"ru-RU","name":"Узел"},{"lang":"vi-VN","name":"Nút"},{"lang":"zh-CN","name":"结"},{"lang":"hi-IN","name":"गाँठ"},{"lang":"th-TH","name":"ปม"},{"lang":"tr-TR","name":"Düğüm"},{"lang":"pt-BR","name":"Nó"},{"lang":"de-DE","name":"Knoten"},{"lang":"id-ID","name":"Simpul"},{"lang":"fr-FR","name":"Nœud"}]},{"id":0,"name":"know","transcription":"[noʊ]","nameA":"","image":"","bg":"transparent","translates":[{"lang":"ru-RU","name":"Знать"},{"lang":"vi-VN","name":"Biết"},{"lang":"zh-CN","name":"知道"},{"lang":"hi-IN","name":"जानना"},{"lang":"th-TH","name":"รู้"},{"lang":"tr-TR","name":"Bilmek"},{"lang":"pt-BR","name":"Saber"},{"lang":"de-DE","name":"Wissen"},{"lang":"id-ID","name":"Tahu"},{"lang":"fr-FR","name":"Savoir"}]},{"id":0,"name":"knowledge","transcription":"[ˈnɑlɪdʒ]","nameA":"","image":"","bg":"transparent","translates":[{"lang":"ru-RU","name":"Знание"},{"lang":"vi-VN","name":"Kiến thức"},{"lang":"zh-CN","name":"知识"},{"lang":"hi-IN","name":"ज्ञान"},{"lang":"th-TH","name":"ความรู้"},{"lang":"tr-TR","name":"Bilgi"},{"lang":"pt-BR","name":"Conhecimento"},{"lang":"de-DE","name":"Wissen"},{"lang":"id-ID","name":"Pengetahuan"},{"lang":"fr-FR","name":"Connaissance"}]},{"id":0,"name":"knuckle","transcription":"[ˈnʌkəl]","nameA":"","image":"","bg":"transparent","translates":[{"lang":"ru-RU","name":"Сустав пальца"},{"lang":"vi-VN","name":"Khớp ngón tay"},{"lang":"zh-CN","name":"指关节"},{"lang":"hi-IN","name":"उंगली का जोड़"},{"lang":"th-TH","name":"ข้อนิ้ว"},{"lang":"tr-TR","name":"Parmak eklemi"},{"lang":"pt-BR","name":"Nó do dedo"},{"lang":"de-DE","name":"Fingergelenk"},{"lang":"id-ID","name":"Buku jari"},{"lang":"fr-FR","name":"Articulation du doigt"}]},{"id":0,"name":"gnat","transcription":"[næt]","nameA":"","image":"","bg":"transparent","translates":[{"lang":"ru-RU","name":"Мошка"},{"lang":"vi-VN","name":"Muỗi nhỏ"},{"lang":"zh-CN","name":"小虫"},{"lang":"hi-IN","name":"मच्छर"},{"lang":"th-TH","name":"แมลงเล็ก"},{"lang":"tr-TR","name":"Küçük sinek"},{"lang":"pt-BR","name":"Mosquito pequeno"},{"lang":"de-DE","name":"Mücke"},{"lang":"id-ID","name":"Nyamuk kecil"},{"lang":"fr-FR","name":"Moucheron"}]},{"id":0,"name":"gnaw","transcription":"[nɔː]","nameA":"","image":"","bg":"transparent","translates":[{"lang":"ru-RU","name":"Грызть"},{"lang":"vi-VN","name":"Gặm"},{"lang":"zh-CN","name":"咬"},{"lang":"hi-IN","name":"कुतरना"},{"lang":"th-TH","name":"แทะ"},{"lang":"tr-TR","name":"Kemirmek"},{"lang":"pt-BR","name":"Roer"},{"lang":"de-DE","name":"Nagen"},{"lang":"id-ID","name":"Menggerogoti"},{"lang":"fr-FR","name":"Ronger"}]},{"id":0,"name":"dinner","transcription":"[ˈdɪnər]","nameA":"","image":"","bg":"transparent","translates":[{"lang":"ru-RU","name":"Ужин"},{"lang":"vi-VN","name":"Bữa tối"},{"lang":"zh-CN","name":"晚餐"},{"lang":"hi-IN","name":"रात का खाना"},{"lang":"th-TH","name":"อาหารเย็น"},{"lang":"tr-TR","name":"Akşam yemeği"},{"lang":"pt-BR","name":"Jantar"},{"lang":"de-DE","name":"Abendessen"},{"lang":"id-ID","name":"Makan malam"},{"lang":"fr-FR","name":"Dîner"}]},{"id":0,"name":"funny","transcription":"[ˈfʌni]","nameA":"","image":"","bg":"transparent","translates":[{"lang":"ru-RU","name":"Смешной"},{"lang":"vi-VN","name":"Buồn cười"},{"lang":"zh-CN","name":"有趣"},{"lang":"hi-IN","name":"मजाकिया"},{"lang":"th-TH","name":"ตลก"},{"lang":"tr-TR","name":"Komik"},{"lang":"pt-BR","name":"Engraçado"},{"lang":"de-DE","name":"Lustig"},{"lang":"id-ID","name":"Lucu"},{"lang":"fr-FR","name":"Drôle"}]},{"id":0,"name":"kennel","transcription":"[ˈkɛnəl]","nameA":"","image":"","bg":"transparent","translates":[{"lang":"ru-RU","name":"Конура"},{"lang":"vi-VN","name":"Chuồng chó"},{"lang":"zh-CN","name":"狗窝"},{"lang":"hi-IN","name":"कुत्ते का घर"},{"lang":"th-TH","name":"คอกสุนัข"},{"lang":"tr-TR","name":"Köpek kulübesi"},{"lang":"pt-BR","name":"Canil"},{"lang":"de-DE","name":"Hundehütte"},{"lang":"id-ID","name":"Kandang anjing"},{"lang":"fr-FR","name":"Chenil"}]},{"id":0,"name":"sunny","transcription":"[ˈsʌni]","nameA":"","image":"","bg":"transparent","translates":[{"lang":"ru-RU","name":"Солнечный"},{"lang":"vi-VN","name":"Nắng"},{"lang":"zh-CN","name":"晴朗"},{"lang":"hi-IN","name":"धूप"},{"lang":"th-TH","name":"แดดจัด"},{"lang":"tr-TR","name":"Güneşli"},{"lang":"pt-BR","name":"Ensolarado"},{"lang":"de-DE","name":"Sonnig"},{"lang":"id-ID","name":"Cerah"},{"lang":"fr-FR","name":"Ensoleillé"}]},{"id":0,"name":"campaign","transcription":"[kæmˈpeɪn]","nameA":"","image":"","bg":"transparent","translates":[{"lang":"ru-RU","name":"Кампания"},{"lang":"vi-VN","name":"Chiến dịch"},{"lang":"zh-CN","name":"活动"},{"lang":"hi-IN","name":"अभियान"},{"lang":"th-TH","name":"แคมเปญ"},{"lang":"tr-TR","name":"Kampanya"},{"lang":"pt-BR","name":"Campanha"},{"lang":"de-DE","name":"Kampagne"},{"lang":"id-ID","name":"Kampanye"},{"lang":"fr-FR","name":"Campagne"}]},{"id":0,"name":"design","transcription":"[dɪˈzaɪn]","nameA":"","image":"","bg":"transparent","translates":[{"lang":"ru-RU","name":"Дизайн"},{"lang":"vi-VN","name":"Thiết kế"},{"lang":"zh-CN","name":"设计"},{"lang":"hi-IN","name":"डिजाइन"},{"lang":"th-TH","name":"ออกแบบ"},{"lang":"tr-TR","name":"Tasarım"},{"lang":"pt-BR","name":"Design"},{"lang":"de-DE","name":"Design"},{"lang":"id-ID","name":"Desain"},{"lang":"fr-FR","name":"Design"}]},{"id":0,"name":"reign","transcription":"[reɪn]","nameA":"","image":"","bg":"transparent","translates":[{"lang":"ru-RU","name":"Правление"},{"lang":"vi-VN","name":"Triều đại"},{"lang":"zh-CN","name":"统治"},{"lang":"hi-IN","name":"शासन"},{"lang":"th-TH","name":"รัชสมัย"},{"lang":"tr-TR","name":"Saltanat"},{"lang":"pt-BR","name":"Reinado"},{"lang":"de-DE","name":"Herrschaft"},{"lang":"id-ID","name":"Pemerintahan"},{"lang":"fr-FR","name":"Règne"}]}]}