{"name":"Phonics /v/","nameA":"","img":"","isRandom":false,"isBlur":false,"isUpper":true,"isByWords":false,"isForAdult":false,"separator":"","numWords":19,"Translations":[{"lang":"ru-RU","name":"Алфавит","nameA":""},{"lang":"vi-VN","name":"Ngữ âm /v/","nameA":""},{"lang":"zh-CN","name":"语音 /v/","nameA":""},{"lang":"hi-IN","name":"ध्वनि /v/","nameA":""},{"lang":"th-TH","name":"เสียง /v/","nameA":""},{"lang":"tr-TR","name":"Fonetik /v/","nameA":""},{"lang":"pt-BR","name":"Fonética /v/","nameA":""},{"lang":"de-DE","name":"Phonik /v/","nameA":""},{"lang":"id-ID","name":"Fonik /v/","nameA":""},{"lang":"fr-FR","name":"Phonétique /v/","nameA":""}],"items":[{"id":0,"name":"valley","transcription":"[ˈvæli]","nameA":"","image":" ","bg":"transparent","nameAnswer":"","translates":[{"lang":"ru-RU","name":"Долина","nameA":""},{"lang":"vi-VN","name":"Thung lũng","nameA":""},{"lang":"zh-CN","name":"山谷","nameA":""},{"lang":"hi-IN","name":"घाटी","nameA":""},{"lang":"th-TH","name":"หุบเขา","nameA":""},{"lang":"tr-TR","name":"Vadi","nameA":""},{"lang":"pt-BR","name":"Vale","nameA":""},{"lang":"de-DE","name":"Tal","nameA":""},{"lang":"id-ID","name":"Lembah","nameA":""},{"lang":"fr-FR","name":"Vallée","nameA":""}]},{"id":0,"name":"van","transcription":"[væn]","nameA":"","image":" ","bg":"transparent","nameAnswer":"","translates":[{"lang":"ru-RU","name":"Фургон","nameA":""},{"lang":"vi-VN","name":"Xe tải nhỏ","nameA":""},{"lang":"zh-CN","name":"货车","nameA":""},{"lang":"hi-IN","name":"वैन","nameA":""},{"lang":"th-TH","name":"รถตู้","nameA":""},{"lang":"tr-TR","name":"Kamyonet","nameA":""},{"lang":"pt-BR","name":"Van","nameA":""},{"lang":"de-DE","name":"Transporter","nameA":""},{"lang":"id-ID","name":"Van","nameA":""},{"lang":"fr-FR","name":"Fourgon","nameA":""}]},{"id":0,"name":"vase","transcription":"[veɪs]","nameA":"","image":"/img/dict/home/vase.png","bg":"transparent","nameAnswer":"","translates":[{"lang":"ru-RU","name":"Ваза","nameA":""},{"lang":"vi-VN","name":"Lọ hoa","nameA":""},{"lang":"zh-CN","name":"花瓶","nameA":""},{"lang":"hi-IN","name":"फूलदान","nameA":""},{"lang":"th-TH","name":"แจกัน","nameA":""},{"lang":"tr-TR","name":"Vazo","nameA":""},{"lang":"pt-BR","name":"Vaso","nameA":""},{"lang":"de-DE","name":"Vase","nameA":""},{"lang":"id-ID","name":"Vas","nameA":""},{"lang":"fr-FR","name":"Vase","nameA":""}]},{"id":0,"name":"vegetable","transcription":"[ˈvɛdʒtəbəl]","nameA":"","image":" ","bg":"transparent","nameAnswer":"","translates":[{"lang":"ru-RU","name":"Овощ","nameA":""},{"lang":"vi-VN","name":"Rau củ","nameA":""},{"lang":"zh-CN","name":"蔬菜","nameA":""},{"lang":"hi-IN","name":"सब्जी","nameA":""},{"lang":"th-TH","name":"ผัก","nameA":""},{"lang":"tr-TR","name":"Sebze","nameA":""},{"lang":"pt-BR","name":"Legume","nameA":""},{"lang":"de-DE","name":"Gemüse","nameA":""},{"lang":"id-ID","name":"Sayuran","nameA":""},{"lang":"fr-FR","name":"Légume","nameA":""}]},{"id":0,"name":"very","transcription":"[ˈvɛri]","nameA":"","image":" ","bg":"transparent","nameAnswer":"","translates":[{"lang":"ru-RU","name":"Очень","nameA":""},{"lang":"vi-VN","name":"Rất","nameA":""},{"lang":"zh-CN","name":"非常","nameA":""},{"lang":"hi-IN","name":"बहुत","nameA":""},{"lang":"th-TH","name":"มาก","nameA":""},{"lang":"tr-TR","name":"Çok","nameA":""},{"lang":"pt-BR","name":"Muito","nameA":""},{"lang":"de-DE","name":"Sehr","nameA":""},{"lang":"id-ID","name":"Sangat","nameA":""},{"lang":"fr-FR","name":"Très","nameA":""}]},{"id":0,"name":"vest","transcription":"[vɛst]","nameA":"","image":"/img/dict/clothes/vest.png","bg":"transparent","nameAnswer":"","translates":[{"lang":"ru-RU","name":"Жилет","nameA":""},{"lang":"vi-VN","name":"Áo vest","nameA":""},{"lang":"zh-CN","name":"背心","nameA":""},{"lang":"hi-IN","name":"बनियान","nameA":""},{"lang":"th-TH","name":"เสื้อกั๊ก","nameA":""},{"lang":"tr-TR","name":"Yelek","nameA":""},{"lang":"pt-BR","name":"Colete","nameA":""},{"lang":"de-DE","name":"Weste","nameA":""},{"lang":"id-ID","name":"Rompi","nameA":""},{"lang":"fr-FR","name":"Gilet","nameA":""}]},{"id":0,"name":"vet","transcription":"[vɛt]","nameA":"","image":" ","bg":"transparent","nameAnswer":"","translates":[{"lang":"ru-RU","name":"Ветеринар","nameA":""},{"lang":"vi-VN","name":"Bác sĩ thú y","nameA":""},{"lang":"zh-CN","name":"兽医","nameA":""},{"lang":"hi-IN","name":"पशु चिकित्सक","nameA":""},{"lang":"th-TH","name":"สัตวแพทย์","nameA":""},{"lang":"tr-TR","name":"Veteriner","nameA":""},{"lang":"pt-BR","name":"Veterinário","nameA":""},{"lang":"de-DE","name":"Tierarzt","nameA":""},{"lang":"id-ID","name":"Dokter hewan","nameA":""},{"lang":"fr-FR","name":"Vétérinaire","nameA":""}]},{"id":0,"name":"village","transcription":"[ˈvɪlɪdʒ]","nameA":"","image":" ","bg":"transparent","nameAnswer":"","translates":[{"lang":"ru-RU","name":"Деревня","nameA":""},{"lang":"vi-VN","name":"Làng","nameA":""},{"lang":"zh-CN","name":"村庄","nameA":""},{"lang":"hi-IN","name":"गाँव","nameA":""},{"lang":"th-TH","name":"หมู่บ้าน","nameA":""},{"lang":"tr-TR","name":"Köy","nameA":""},{"lang":"pt-BR","name":"Vila","nameA":""},{"lang":"de-DE","name":"Dorf","nameA":""},{"lang":"id-ID","name":"Desa","nameA":""},{"lang":"fr-FR","name":"Village","nameA":""}]},{"id":0,"name":"voice","transcription":"[vɔɪs]","nameA":"","image":" ","bg":"transparent","nameAnswer":"","translates":[{"lang":"ru-RU","name":"Голос","nameA":""},{"lang":"vi-VN","name":"Giọng nói","nameA":""},{"lang":"zh-CN","name":"声音","nameA":""},{"lang":"hi-IN","name":"आवाज़","nameA":""},{"lang":"th-TH","name":"เสียง","nameA":""},{"lang":"tr-TR","name":"Ses","nameA":""},{"lang":"pt-BR","name":"Voz","nameA":""},{"lang":"de-DE","name":"Stimme","nameA":""},{"lang":"id-ID","name":"Suara","nameA":""},{"lang":"fr-FR","name":"Voix","nameA":""}]},{"id":0,"name":"volcano","transcription":"[vɑlˈkeɪnoʊ]","nameA":"","image":" ","bg":"transparent","nameAnswer":"","translates":[{"lang":"ru-RU","name":"Вулкан","nameA":""},{"lang":"vi-VN","name":"Núi lửa","nameA":""},{"lang":"zh-CN","name":"火山","nameA":""},{"lang":"hi-IN","name":"ज्वालामुखी","nameA":""},{"lang":"th-TH","name":"ภูเขาไฟ","nameA":""},{"lang":"tr-TR","name":"Volkan","nameA":""},{"lang":"pt-BR","name":"Vulcão","nameA":""},{"lang":"de-DE","name":"Vulkan","nameA":""},{"lang":"id-ID","name":"Gunung berapi","nameA":""},{"lang":"fr-FR","name":"Volcan","nameA":""}]},{"id":0,"name":"believe","transcription":"[bɪˈliːv]","nameA":"","image":" ","bg":"transparent","nameAnswer":"","translates":[{"lang":"ru-RU","name":"Верить","nameA":""},{"lang":"vi-VN","name":"Tin tưởng","nameA":""},{"lang":"zh-CN","name":"相信","nameA":""},{"lang":"hi-IN","name":"विश्वास","nameA":""},{"lang":"th-TH","name":"เชื่อ","nameA":""},{"lang":"tr-TR","name":"İnanmak","nameA":""},{"lang":"pt-BR","name":"Acreditar","nameA":""},{"lang":"de-DE","name":"Glauben","nameA":""},{"lang":"id-ID","name":"Percaya","nameA":""},{"lang":"fr-FR","name":"Croire","nameA":""}]},{"id":0,"name":"deserve","transcription":"[dɪˈzɜrv]","nameA":"","image":" ","bg":"transparent","nameAnswer":"","translates":[{"lang":"ru-RU","name":"Заслуживать","nameA":""},{"lang":"vi-VN","name":"Xứng đáng","nameA":""},{"lang":"zh-CN","name":"值得","nameA":""},{"lang":"hi-IN","name":"पात्र","nameA":""},{"lang":"th-TH","name":"สมควรได้รับ","nameA":""},{"lang":"tr-TR","name":"Hak etmek","nameA":""},{"lang":"pt-BR","name":"Merecer","nameA":""},{"lang":"de-DE","name":"Verdienen","nameA":""},{"lang":"id-ID","name":"Layak","nameA":""},{"lang":"fr-FR","name":"Mériter","nameA":""}]},{"id":0,"name":"glove","transcription":"[ɡlʌv]","nameA":"","image":" ","bg":"transparent","nameAnswer":"","translates":[{"lang":"ru-RU","name":"Перчатка","nameA":""},{"lang":"vi-VN","name":"Găng tay","nameA":""},{"lang":"zh-CN","name":"手套","nameA":""},{"lang":"hi-IN","name":"दस्ताना","nameA":""},{"lang":"th-TH","name":"ถุงมือ","nameA":""},{"lang":"tr-TR","name":"Eldiven","nameA":""},{"lang":"pt-BR","name":"Luva","nameA":""},{"lang":"de-DE","name":"Handschuh","nameA":""},{"lang":"id-ID","name":"Sarung tangan","nameA":""},{"lang":"fr-FR","name":"Gant","nameA":""}]},{"id":0,"name":"have","transcription":"[hæv]","nameA":"","image":" ","bg":"transparent","nameAnswer":"","translates":[{"lang":"ru-RU","name":"Иметь","nameA":""},{"lang":"vi-VN","name":"Có","nameA":""},{"lang":"zh-CN","name":"有","nameA":""},{"lang":"hi-IN","name":"पास","nameA":""},{"lang":"th-TH","name":"มี","nameA":""},{"lang":"tr-TR","name":"Sahip olmak","nameA":""},{"lang":"pt-BR","name":"Ter","nameA":""},{"lang":"de-DE","name":"Haben","nameA":""},{"lang":"id-ID","name":"Memiliki","nameA":""},{"lang":"fr-FR","name":"Avoir","nameA":""}]},{"id":0,"name":"leave","transcription":"[liːv]","nameA":"","image":" ","bg":"transparent","nameAnswer":"","translates":[{"lang":"ru-RU","name":"Покидать","nameA":""},{"lang":"vi-VN","name":"Rời đi","nameA":""},{"lang":"zh-CN","name":"离开","nameA":""},{"lang":"hi-IN","name":"छोड़ना","nameA":""},{"lang":"th-TH","name":"ออก","nameA":""},{"lang":"tr-TR","name":"Ayrılmak","nameA":""},{"lang":"pt-BR","name":"Sair","nameA":""},{"lang":"de-DE","name":"Verlassen","nameA":""},{"lang":"id-ID","name":"Pergi","nameA":""},{"lang":"fr-FR","name":"Partir","nameA":""}]},{"id":0,"name":"live","transcription":"[lɪv]","nameA":"","image":" ","bg":"transparent","nameAnswer":"","translates":[{"lang":"ru-RU","name":"Жить","nameA":""},{"lang":"vi-VN","name":"Sống","nameA":""},{"lang":"zh-CN","name":"生活","nameA":""},{"lang":"hi-IN","name":"जीना","nameA":""},{"lang":"th-TH","name":"อยู่","nameA":""},{"lang":"tr-TR","name":"Yaşamak","nameA":""},{"lang":"pt-BR","name":"Viver","nameA":""},{"lang":"de-DE","name":"Leben","nameA":""},{"lang":"id-ID","name":"Hidup","nameA":""},{"lang":"fr-FR","name":"Vivre","nameA":""}]},{"id":0,"name":"serve","transcription":"[sɜrv]","nameA":"","image":" ","bg":"transparent","nameAnswer":"","translates":[{"lang":"ru-RU","name":"Служить","nameA":""},{"lang":"vi-VN","name":"Phục vụ","nameA":""},{"lang":"zh-CN","name":"服务","nameA":""},{"lang":"hi-IN","name":"सेवा","nameA":""},{"lang":"th-TH","name":"บริการ","nameA":""},{"lang":"tr-TR","name":"Hizmet etmek","nameA":""},{"lang":"pt-BR","name":"Servir","nameA":""},{"lang":"de-DE","name":"Dienen","nameA":""},{"lang":"id-ID","name":"Melayani","nameA":""},{"lang":"fr-FR","name":"Servir","nameA":""}]},{"id":0,"name":"swerve","transcription":"[swɜrv]","nameA":"","image":" ","bg":"transparent","nameAnswer":"","translates":[{"lang":"ru-RU","name":"Сворачивать","nameA":""},{"lang":"vi-VN","name":"Rẽ","nameA":""},{"lang":"zh-CN","name":"转向","nameA":""},{"lang":"hi-IN","name":"मोड़","nameA":""},{"lang":"th-TH","name":"เลี้ยว","nameA":""},{"lang":"tr-TR","name":"Sapmak","nameA":""},{"lang":"pt-BR","name":"Desviar","nameA":""},{"lang":"de-DE","name":"Ausweichen","nameA":""},{"lang":"id-ID","name":"Belok","nameA":""},{"lang":"fr-FR","name":"Dévier","nameA":""}]},{"id":0,"name":"stove","transcription":"[stoʊv]","nameA":"","image":"/img/dict/home/stove.png","bg":"transparent","nameAnswer":"","translates":[{"lang":"ru-RU","name":"Печь","nameA":""},{"lang":"vi-VN","name":"Bếp","nameA":""},{"lang":"zh-CN","name":"炉子","nameA":""},{"lang":"hi-IN","name":"चूल्हा","nameA":""},{"lang":"th-TH","name":"เตา","nameA":""},{"lang":"tr-TR","name":"Soba","nameA":""},{"lang":"pt-BR","name":"Fogão","nameA":""},{"lang":"de-DE","name":"Herd","nameA":""},{"lang":"id-ID","name":"Kompor","nameA":""},{"lang":"fr-FR","name":"Poêle","nameA":""}]}]}