{"name":"Phonics /f/","nameA":"","img":"","isRandom":false,"isBlur":false,"isUpper":true,"isByWords":false,"isForAdult":false,"separator":"","numWords":80,"Translations":[{"lang":"ru-RU","name":"Алфавит","nameA":""},{"lang":"vi-VN","name":"Ngữ âm /f/","nameA":""},{"lang":"zh-CN","name":"拼音 /f/","nameA":""},{"lang":"hi-IN","name":"ध्वनि /f/","nameA":""},{"lang":"th-TH","name":"โฟนิกส์ /f/","nameA":""},{"lang":"tr-TR","name":"Fonetik /f/","nameA":""},{"lang":"pt-BR","name":"Fonética /f/","nameA":""},{"lang":"de-DE","name":"Phonik /f/","nameA":""},{"lang":"id-ID","name":"Fonik /f/","nameA":""},{"lang":"fr-FR","name":"Phonétique /f/","nameA":""}],"items":[{"id":0,"name":"face","transcription":"[feɪs]","nameA":"","image":"/img/dict/body/face.png","bg":"transparent","nameAnswer":"","translates":[{"lang":"ru-RU","name":"Лицо","nameA":""},{"lang":"vi-VN","name":"Khuôn mặt","nameA":""},{"lang":"zh-CN","name":"脸","nameA":""},{"lang":"hi-IN","name":"चेहरा","nameA":""},{"lang":"th-TH","name":"ใบหน้า","nameA":""},{"lang":"tr-TR","name":"Yüz","nameA":""},{"lang":"pt-BR","name":"Rosto","nameA":""},{"lang":"de-DE","name":"Gesicht","nameA":""},{"lang":"id-ID","name":"Wajah","nameA":""},{"lang":"fr-FR","name":"Visage","nameA":""}]},{"id":0,"name":"factory","transcription":"[ˈfæktəri]","nameA":"","image":" ","bg":"transparent","nameAnswer":"","translates":[{"lang":"ru-RU","name":"Фабрика","nameA":""},{"lang":"vi-VN","name":"Nhà máy","nameA":""},{"lang":"zh-CN","name":"工厂","nameA":""},{"lang":"hi-IN","name":"कारखाना","nameA":""},{"lang":"th-TH","name":"โรงงาน","nameA":""},{"lang":"tr-TR","name":"Fabrika","nameA":""},{"lang":"pt-BR","name":"Fábrica","nameA":""},{"lang":"de-DE","name":"Fabrik","nameA":""},{"lang":"id-ID","name":"Pabrik","nameA":""},{"lang":"fr-FR","name":"Usine","nameA":""}]},{"id":0,"name":"fair","transcription":"[fɛr]","nameA":"","image":" ","bg":"transparent","nameAnswer":"","translates":[{"lang":"ru-RU","name":"Ярмарка","nameA":""},{"lang":"vi-VN","name":"Hội chợ","nameA":""},{"lang":"zh-CN","name":"公平","nameA":""},{"lang":"hi-IN","name":"मेला","nameA":""},{"lang":"th-TH","name":"งานแสดง","nameA":""},{"lang":"tr-TR","name":"Fuar","nameA":""},{"lang":"pt-BR","name":"Feira","nameA":""},{"lang":"de-DE","name":"Messe","nameA":""},{"lang":"id-ID","name":"Pameran","nameA":""},{"lang":"fr-FR","name":"Foire","nameA":""}]},{"id":0,"name":"fall","transcription":"[fɔl]","nameA":"","image":" ","bg":"transparent","nameAnswer":"","translates":[{"lang":"ru-RU","name":"Падать","nameA":""},{"lang":"vi-VN","name":"Ngã","nameA":""},{"lang":"zh-CN","name":"跌倒","nameA":""},{"lang":"hi-IN","name":"गिरना","nameA":""},{"lang":"th-TH","name":"ตก","nameA":""},{"lang":"tr-TR","name":"Düşmek","nameA":""},{"lang":"pt-BR","name":"Cair","nameA":""},{"lang":"de-DE","name":"Fallen","nameA":""},{"lang":"id-ID","name":"Jatuh","nameA":""},{"lang":"fr-FR","name":"Tomber","nameA":""}]},{"id":0,"name":"family","transcription":"[ˈfæməli]","nameA":"","image":"/img/dict/family/family.png","bg":"transparent","nameAnswer":"","translates":[{"lang":"ru-RU","name":"Семья","nameA":""},{"lang":"vi-VN","name":"Gia đình","nameA":""},{"lang":"zh-CN","name":"家庭","nameA":""},{"lang":"hi-IN","name":"परिवार","nameA":""},{"lang":"th-TH","name":"ครอบครัว","nameA":""},{"lang":"tr-TR","name":"Aile","nameA":""},{"lang":"pt-BR","name":"Família","nameA":""},{"lang":"de-DE","name":"Familie","nameA":""},{"lang":"id-ID","name":"Keluarga","nameA":""},{"lang":"fr-FR","name":"Famille","nameA":""}]},{"id":0,"name":"famous","transcription":"[ˈfeɪməs]","nameA":"","image":" ","bg":"transparent","nameAnswer":"","translates":[{"lang":"ru-RU","name":"Знаменитый","nameA":""},{"lang":"vi-VN","name":"Nổi tiếng","nameA":""},{"lang":"zh-CN","name":"著名","nameA":""},{"lang":"hi-IN","name":"प्रसिद्ध","nameA":""},{"lang":"th-TH","name":"มีชื่อเสียง","nameA":""},{"lang":"tr-TR","name":"Ünlü","nameA":""},{"lang":"pt-BR","name":"Famoso","nameA":""},{"lang":"de-DE","name":"Berühmt","nameA":""},{"lang":"id-ID","name":"Terkenal","nameA":""},{"lang":"fr-FR","name":"Célèbre","nameA":""}]},{"id":0,"name":"far","transcription":"[fɑr]","nameA":"","image":" ","bg":"transparent","nameAnswer":"","translates":[{"lang":"ru-RU","name":"Далеко","nameA":""},{"lang":"vi-VN","name":"Xa","nameA":""},{"lang":"zh-CN","name":"远","nameA":""},{"lang":"hi-IN","name":"दूर","nameA":""},{"lang":"th-TH","name":"ไกล","nameA":""},{"lang":"tr-TR","name":"Uzak","nameA":""},{"lang":"pt-BR","name":"Longe","nameA":""},{"lang":"de-DE","name":"Weit","nameA":""},{"lang":"id-ID","name":"Jauh","nameA":""},{"lang":"fr-FR","name":"Loin","nameA":""}]},{"id":0,"name":"farm","transcription":"[fɑrm]","nameA":"","image":"/img/dict/animals/farm.png","bg":"transparent","nameAnswer":"","translates":[{"lang":"ru-RU","name":"Ферма","nameA":""},{"lang":"vi-VN","name":"Nông trại","nameA":""},{"lang":"zh-CN","name":"农场","nameA":""},{"lang":"hi-IN","name":"खेत","nameA":""},{"lang":"th-TH","name":"ฟาร์ม","nameA":""},{"lang":"tr-TR","name":"Çiftlik","nameA":""},{"lang":"pt-BR","name":"Fazenda","nameA":""},{"lang":"de-DE","name":"Bauernhof","nameA":""},{"lang":"id-ID","name":"Pertanian","nameA":""},{"lang":"fr-FR","name":"Ferme","nameA":""}]},{"id":0,"name":"fast","transcription":"[fæst]","nameA":"","image":" ","bg":"transparent","nameAnswer":"","translates":[{"lang":"ru-RU","name":"Быстрый","nameA":""},{"lang":"vi-VN","name":"Nhanh","nameA":""},{"lang":"zh-CN","name":"快","nameA":""},{"lang":"hi-IN","name":"तेज़","nameA":""},{"lang":"th-TH","name":"เร็ว","nameA":""},{"lang":"tr-TR","name":"Hızlı","nameA":""},{"lang":"pt-BR","name":"Rápido","nameA":""},{"lang":"de-DE","name":"Schnell","nameA":""},{"lang":"id-ID","name":"Cepat","nameA":""},{"lang":"fr-FR","name":"Rapide","nameA":""}]},{"id":0,"name":"fasten","transcription":"[ˈfæsən]","nameA":"","image":"/img/dict/actions/fasten.png","bg":"transparent","nameAnswer":"","translates":[{"lang":"ru-RU","name":"Закреплять","nameA":""},{"lang":"vi-VN","name":"Thắt chặt","nameA":""},{"lang":"zh-CN","name":"固定","nameA":""},{"lang":"hi-IN","name":"बांधना","nameA":""},{"lang":"th-TH","name":"รัด","nameA":""},{"lang":"tr-TR","name":"Bağlamak","nameA":""},{"lang":"pt-BR","name":"Apertar","nameA":""},{"lang":"de-DE","name":"Befestigen","nameA":""},{"lang":"id-ID","name":"Mengikat","nameA":""},{"lang":"fr-FR","name":"Attacher","nameA":""}]},{"id":0,"name":"fat","transcription":"[fæt]","nameA":"","image":" ","bg":"transparent","nameAnswer":"","translates":[{"lang":"ru-RU","name":"Жир","nameA":""},{"lang":"vi-VN","name":"Mập","nameA":""},{"lang":"zh-CN","name":"脂肪","nameA":""},{"lang":"hi-IN","name":"मोटा","nameA":""},{"lang":"th-TH","name":"อ้วน","nameA":""},{"lang":"tr-TR","name":"Şişman","nameA":""},{"lang":"pt-BR","name":"Gordo","nameA":""},{"lang":"de-DE","name":"Fett","nameA":""},{"lang":"id-ID","name":"Gemuk","nameA":""},{"lang":"fr-FR","name":"Gras","nameA":""}]},{"id":0,"name":"favorite","transcription":"[ˈfeɪvərɪt]","nameA":"","image":" ","bg":"transparent","nameAnswer":"","translates":[{"lang":"ru-RU","name":"Любимый","nameA":""},{"lang":"vi-VN","name":"Yêu thích","nameA":""},{"lang":"zh-CN","name":"最喜欢的","nameA":""},{"lang":"hi-IN","name":"पसंदीदा","nameA":""},{"lang":"th-TH","name":"ที่ชื่นชอบ","nameA":""},{"lang":"tr-TR","name":"Favori","nameA":""},{"lang":"pt-BR","name":"Favorito","nameA":""},{"lang":"de-DE","name":"Lieblings","nameA":""},{"lang":"id-ID","name":"Favorit","nameA":""},{"lang":"fr-FR","name":"Préféré","nameA":""}]},{"id":0,"name":"feather","transcription":"[ˈfɛðər]","nameA":"","image":" ","bg":"transparent","nameAnswer":"","translates":[{"lang":"ru-RU","name":"Перо","nameA":""},{"lang":"vi-VN","name":"Lông vũ","nameA":""},{"lang":"zh-CN","name":"羽毛","nameA":""},{"lang":"hi-IN","name":"पंख","nameA":""},{"lang":"th-TH","name":"ขนนก","nameA":""},{"lang":"tr-TR","name":"Tüy","nameA":""},{"lang":"pt-BR","name":"Pena","nameA":""},{"lang":"de-DE","name":"Feder","nameA":""},{"lang":"id-ID","name":"Bulu","nameA":""},{"lang":"fr-FR","name":"Plume","nameA":""}]},{"id":0,"name":"feed","transcription":"[fiːd]","nameA":"","image":" ","bg":"transparent","nameAnswer":"","translates":[{"lang":"ru-RU","name":"Кормить","nameA":""},{"lang":"vi-VN","name":"Cho ăn","nameA":""},{"lang":"zh-CN","name":"喂食","nameA":""},{"lang":"hi-IN","name":"खिलाना","nameA":""},{"lang":"th-TH","name":"ให้อาหาร","nameA":""},{"lang":"tr-TR","name":"Beslemek","nameA":""},{"lang":"pt-BR","name":"Alimentar","nameA":""},{"lang":"de-DE","name":"Füttern","nameA":""},{"lang":"id-ID","name":"Memberi makan","nameA":""},{"lang":"fr-FR","name":"Nourrir","nameA":""}]},{"id":0,"name":"feel","transcription":"[fiːl]","nameA":"","image":" ","bg":"transparent","nameAnswer":"","translates":[{"lang":"ru-RU","name":"Чувствовать","nameA":""},{"lang":"vi-VN","name":"Cảm thấy","nameA":""},{"lang":"zh-CN","name":"感觉","nameA":""},{"lang":"hi-IN","name":"महसूस करना","nameA":""},{"lang":"th-TH","name":"รู้สึก","nameA":""},{"lang":"tr-TR","name":"Hissetmek","nameA":""},{"lang":"pt-BR","name":"Sentir","nameA":""},{"lang":"de-DE","name":"Fühlen","nameA":""},{"lang":"id-ID","name":"Merasa","nameA":""},{"lang":"fr-FR","name":"Sentir","nameA":""}]},{"id":0,"name":"female","transcription":"[ˈfiːmeɪl]","nameA":"","image":" ","bg":"transparent","nameAnswer":"","translates":[{"lang":"ru-RU","name":"Женский","nameA":""},{"lang":"vi-VN","name":"Nữ","nameA":""},{"lang":"zh-CN","name":"女性","nameA":""},{"lang":"hi-IN","name":"महिला","nameA":""},{"lang":"th-TH","name":"หญิง","nameA":""},{"lang":"tr-TR","name":"Dişi","nameA":""},{"lang":"pt-BR","name":"Feminino","nameA":""},{"lang":"de-DE","name":"Weiblich","nameA":""},{"lang":"id-ID","name":"Perempuan","nameA":""},{"lang":"fr-FR","name":"Femelle","nameA":""}]},{"id":0,"name":"fence","transcription":"[fɛns]","nameA":"","image":"/img/dict/home/fence.png","bg":"transparent","nameAnswer":"","translates":[{"lang":"ru-RU","name":"Забор","nameA":""},{"lang":"vi-VN","name":"Hàng rào","nameA":""},{"lang":"zh-CN","name":"栅栏","nameA":""},{"lang":"hi-IN","name":"बाड़","nameA":""},{"lang":"th-TH","name":"รั้ว","nameA":""},{"lang":"tr-TR","name":"Çit","nameA":""},{"lang":"pt-BR","name":"Cerca","nameA":""},{"lang":"de-DE","name":"Zaun","nameA":""},{"lang":"id-ID","name":"Pagar","nameA":""},{"lang":"fr-FR","name":"Clôture","nameA":""}]},{"id":0,"name":"few","transcription":"[fjuː]","nameA":"","image":" ","bg":"transparent","nameAnswer":"","translates":[{"lang":"ru-RU","name":"Несколько","nameA":""},{"lang":"vi-VN","name":"Một vài","nameA":""},{"lang":"zh-CN","name":"几个","nameA":""},{"lang":"hi-IN","name":"कुछ","nameA":""},{"lang":"th-TH","name":"ไม่กี่","nameA":""},{"lang":"tr-TR","name":"Birkaç","nameA":""},{"lang":"pt-BR","name":"Poucos","nameA":""},{"lang":"de-DE","name":"Wenige","nameA":""},{"lang":"id-ID","name":"Beberapa","nameA":""},{"lang":"fr-FR","name":"Peu","nameA":""}]},{"id":0,"name":"field","transcription":"[fiːld]","nameA":"","image":"/img/dict/animals/field.jpg","bg":"transparent","nameAnswer":"","translates":[{"lang":"ru-RU","name":"Поле","nameA":""},{"lang":"vi-VN","name":"Cánh đồng","nameA":""},{"lang":"zh-CN","name":"田野","nameA":""},{"lang":"hi-IN","name":"खेत","nameA":""},{"lang":"th-TH","name":"ทุ่งนา","nameA":""},{"lang":"tr-TR","name":"Tarla","nameA":""},{"lang":"pt-BR","name":"Campo","nameA":""},{"lang":"de-DE","name":"Feld","nameA":""},{"lang":"id-ID","name":"Ladang","nameA":""},{"lang":"fr-FR","name":"Champ","nameA":""}]},{"id":0,"name":"fierce","transcription":"[fɪrs]","nameA":"","image":" ","bg":"transparent","nameAnswer":"","translates":[{"lang":"ru-RU","name":"Свирепый","nameA":""},{"lang":"vi-VN","name":"Dữ dội","nameA":""},{"lang":"zh-CN","name":"凶猛","nameA":""},{"lang":"hi-IN","name":"भयंकर","nameA":""},{"lang":"th-TH","name":"ดุร้าย","nameA":""},{"lang":"tr-TR","name":"Şiddetli","nameA":""},{"lang":"pt-BR","name":"Feroz","nameA":""},{"lang":"de-DE","name":"Heftig","nameA":""},{"lang":"id-ID","name":"Ganas","nameA":""},{"lang":"fr-FR","name":"Féroce","nameA":""}]},{"id":0,"name":"fight","transcription":"[faɪt]","nameA":"","image":" ","bg":"transparent","nameAnswer":"","translates":[{"lang":"ru-RU","name":"Драка","nameA":""},{"lang":"vi-VN","name":"Đánh nhau","nameA":""},{"lang":"zh-CN","name":"打架","nameA":""},{"lang":"hi-IN","name":"लड़ाई","nameA":""},{"lang":"th-TH","name":"ต่อสู้","nameA":""},{"lang":"tr-TR","name":"Kavga","nameA":""},{"lang":"pt-BR","name":"Luta","nameA":""},{"lang":"de-DE","name":"Kampf","nameA":""},{"lang":"id-ID","name":"Pertarungan","nameA":""},{"lang":"fr-FR","name":"Combat","nameA":""}]},{"id":0,"name":"film","transcription":"[fɪlm]","nameA":"","image":" ","bg":"transparent","nameAnswer":"","translates":[{"lang":"ru-RU","name":"Фильм","nameA":""},{"lang":"vi-VN","name":"Phim","nameA":""},{"lang":"zh-CN","name":"电影","nameA":""},{"lang":"hi-IN","name":"फिल्म","nameA":""},{"lang":"th-TH","name":"ภาพยนตร์","nameA":""},{"lang":"tr-TR","name":"Film","nameA":""},{"lang":"pt-BR","name":"Filme","nameA":""},{"lang":"de-DE","name":"Film","nameA":""},{"lang":"id-ID","name":"Film","nameA":""},{"lang":"fr-FR","name":"Film","nameA":""}]},{"id":0,"name":"fin","transcription":"[fɪn]","nameA":"","image":" ","bg":"transparent","nameAnswer":"","translates":[{"lang":"ru-RU","name":"Плавник","nameA":""},{"lang":"vi-VN","name":"Vây cá","nameA":""},{"lang":"zh-CN","name":"鳍","nameA":""},{"lang":"hi-IN","name":"पंख","nameA":""},{"lang":"th-TH","name":"ครีบ","nameA":""},{"lang":"tr-TR","name":"Yüzgeç","nameA":""},{"lang":"pt-BR","name":"Barbatana","nameA":""},{"lang":"de-DE","name":"Flosse","nameA":""},{"lang":"id-ID","name":"Sirip","nameA":""},{"lang":"fr-FR","name":"Nageoire","nameA":""}]},{"id":0,"name":"fine","transcription":"[faɪn]","nameA":"","image":" ","bg":"transparent","nameAnswer":"","translates":[{"lang":"ru-RU","name":"Хороший","nameA":""},{"lang":"vi-VN","name":"Tốt","nameA":""},{"lang":"zh-CN","name":"好","nameA":""},{"lang":"hi-IN","name":"ठीक","nameA":""},{"lang":"th-TH","name":"ดี","nameA":""},{"lang":"tr-TR","name":"İyi","nameA":""},{"lang":"pt-BR","name":"Bem","nameA":""},{"lang":"de-DE","name":"Gut","nameA":""},{"lang":"id-ID","name":"Baik","nameA":""},{"lang":"fr-FR","name":"Bien","nameA":""}]},{"id":0,"name":"finger","transcription":"[ˈfɪŋɡər]","nameA":"","image":"/img/dict/body/finger.png","bg":"transparent","nameAnswer":"","translates":[{"lang":"ru-RU","name":"Палец","nameA":""},{"lang":"vi-VN","name":"Ngón tay","nameA":""},{"lang":"zh-CN","name":"手指","nameA":""},{"lang":"hi-IN","name":"उंगली","nameA":""},{"lang":"th-TH","name":"นิ้ว","nameA":""},{"lang":"tr-TR","name":"Parmak","nameA":""},{"lang":"pt-BR","name":"Dedo","nameA":""},{"lang":"de-DE","name":"Finger","nameA":""},{"lang":"id-ID","name":"Jari","nameA":""},{"lang":"fr-FR","name":"Doigt","nameA":""}]},{"id":0,"name":"finish","transcription":"[ˈfɪnɪʃ]","nameA":"","image":" ","bg":"transparent","nameAnswer":"","translates":[{"lang":"ru-RU","name":"Заканчивать","nameA":""},{"lang":"vi-VN","name":"Kết thúc","nameA":""},{"lang":"zh-CN","name":"完成","nameA":""},{"lang":"hi-IN","name":"समाप्त करना","nameA":""},{"lang":"th-TH","name":"เสร็จสิ้น","nameA":""},{"lang":"tr-TR","name":"Bitirmek","nameA":""},{"lang":"pt-BR","name":"Terminar","nameA":""},{"lang":"de-DE","name":"Beenden","nameA":""},{"lang":"id-ID","name":"Menyelesaikan","nameA":""},{"lang":"fr-FR","name":"Finir","nameA":""}]},{"id":0,"name":"fire","transcription":"[faɪr]","nameA":"","image":" ","bg":"transparent","nameAnswer":"","translates":[{"lang":"ru-RU","name":"Огонь","nameA":""},{"lang":"vi-VN","name":"Lửa","nameA":""},{"lang":"zh-CN","name":"火","nameA":""},{"lang":"hi-IN","name":"आग","nameA":""},{"lang":"th-TH","name":"ไฟ","nameA":""},{"lang":"tr-TR","name":"Ateş","nameA":""},{"lang":"pt-BR","name":"Fogo","nameA":""},{"lang":"de-DE","name":"Feuer","nameA":""},{"lang":"id-ID","name":"Api","nameA":""},{"lang":"fr-FR","name":"Feu","nameA":""}]},{"id":0,"name":"fire engine","transcription":"[ˈfaɪər ˈɛndʒɪn]","nameA":"","image":" ","bg":"transparent","nameAnswer":"","translates":[{"lang":"ru-RU","name":"Пожарная машина","nameA":""},{"lang":"vi-VN","name":"Xe cứu hỏa","nameA":""},{"lang":"zh-CN","name":"消防车","nameA":""},{"lang":"hi-IN","name":"फायर इंजन","nameA":""},{"lang":"th-TH","name":"รถดับเพลิง","nameA":""},{"lang":"tr-TR","name":"İtfaiye aracı","nameA":""},{"lang":"pt-BR","name":"Caminhão de bombeiros","nameA":""},{"lang":"de-DE","name":"Feuerwehrauto","nameA":""},{"lang":"id-ID","name":"Mobil pemadam kebakaran","nameA":""},{"lang":"fr-FR","name":"Camion de pompiers","nameA":""}]},{"id":0,"name":"firework","transcription":"[ˈfaɪərwɜrk]","nameA":"","image":" ","bg":"transparent","nameAnswer":"","translates":[{"lang":"ru-RU","name":"Фейерверк","nameA":""},{"lang":"vi-VN","name":"Pháo hoa","nameA":""},{"lang":"zh-CN","name":"烟花","nameA":""},{"lang":"hi-IN","name":"आतिशबाजी","nameA":""},{"lang":"th-TH","name":"ดอกไม้ไฟ","nameA":""},{"lang":"tr-TR","name":"Havai fişek","nameA":""},{"lang":"pt-BR","name":"Fogo de artifício","nameA":""},{"lang":"de-DE","name":"Feuerwerk","nameA":""},{"lang":"id-ID","name":"Kembang api","nameA":""},{"lang":"fr-FR","name":"Feu d\u0027artifice","nameA":""}]},{"id":0,"name":"first","transcription":"[fɜrst]","nameA":"","image":" ","bg":"transparent","nameAnswer":"","translates":[{"lang":"ru-RU","name":"Первый","nameA":""},{"lang":"vi-VN","name":"Đầu tiên","nameA":""},{"lang":"zh-CN","name":"第一","nameA":""},{"lang":"hi-IN","name":"पहला","nameA":""},{"lang":"th-TH","name":"แรก","nameA":""},{"lang":"tr-TR","name":"İlk","nameA":""},{"lang":"pt-BR","name":"Primeiro","nameA":""},{"lang":"de-DE","name":"Erste","nameA":""},{"lang":"id-ID","name":"Pertama","nameA":""},{"lang":"fr-FR","name":"Premier","nameA":""}]},{"id":0,"name":"fish","transcription":"[fɪʃ]","nameA":"","image":"/img/dict/animals/fish.png","bg":"transparent","nameAnswer":"","translates":[{"lang":"ru-RU","name":"Рыба","nameA":""},{"lang":"vi-VN","name":"Cá","nameA":""},{"lang":"zh-CN","name":"鱼","nameA":""},{"lang":"hi-IN","name":"मछली","nameA":""},{"lang":"th-TH","name":"ปลา","nameA":""},{"lang":"tr-TR","name":"Balık","nameA":""},{"lang":"pt-BR","name":"Peixe","nameA":""},{"lang":"de-DE","name":"Fisch","nameA":""},{"lang":"id-ID","name":"Ikan","nameA":""},{"lang":"fr-FR","name":"Poisson","nameA":""}]},{"id":0,"name":"fit","transcription":"[fɪt]","nameA":"","image":" ","bg":"transparent","nameAnswer":"","translates":[{"lang":"ru-RU","name":"Подходить","nameA":""},{"lang":"vi-VN","name":"Vừa vặn","nameA":""},{"lang":"zh-CN","name":"适合","nameA":""},{"lang":"hi-IN","name":"फिट","nameA":""},{"lang":"th-TH","name":"พอดี","nameA":""},{"lang":"tr-TR","name":"Uymak","nameA":""},{"lang":"pt-BR","name":"Caber","nameA":""},{"lang":"de-DE","name":"Passen","nameA":""},{"lang":"id-ID","name":"Cocok","nameA":""},{"lang":"fr-FR","name":"Convenir","nameA":""}]},{"id":0,"name":"fix","transcription":"[fɪks]","nameA":"","image":" ","bg":"transparent","nameAnswer":"","translates":[{"lang":"ru-RU","name":"Чинить","nameA":""},{"lang":"vi-VN","name":"Sửa chữa","nameA":""},{"lang":"zh-CN","name":"修理","nameA":""},{"lang":"hi-IN","name":"ठीक करना","nameA":""},{"lang":"th-TH","name":"ซ่อม","nameA":""},{"lang":"tr-TR","name":"Onarmak","nameA":""},{"lang":"pt-BR","name":"Consertar","nameA":""},{"lang":"de-DE","name":"Reparieren","nameA":""},{"lang":"id-ID","name":"Memperbaiki","nameA":""},{"lang":"fr-FR","name":"Réparer","nameA":""}]},{"id":0,"name":"fizzy","transcription":"[ˈfɪzi]","nameA":"","image":" ","bg":"transparent","nameAnswer":"","translates":[{"lang":"ru-RU","name":"Газированный","nameA":""},{"lang":"vi-VN","name":"Có ga","nameA":""},{"lang":"zh-CN","name":"起泡的","nameA":""},{"lang":"hi-IN","name":"फ़िज़ी","nameA":""},{"lang":"th-TH","name":"มีฟอง","nameA":""},{"lang":"tr-TR","name":"Gazlı","nameA":""},{"lang":"pt-BR","name":"Efervescente","nameA":""},{"lang":"de-DE","name":"Sprudelnd","nameA":""},{"lang":"id-ID","name":"Bersoda","nameA":""},{"lang":"fr-FR","name":"Pétillant","nameA":""}]},{"id":0,"name":"flag","transcription":"[flæɡ]","nameA":"","image":" ","bg":"transparent","nameAnswer":"","translates":[{"lang":"ru-RU","name":"Флаг","nameA":""},{"lang":"vi-VN","name":"Lá cờ","nameA":""},{"lang":"zh-CN","name":"旗帜","nameA":""},{"lang":"hi-IN","name":"झंडा","nameA":""},{"lang":"th-TH","name":"ธง","nameA":""},{"lang":"tr-TR","name":"Bayrak","nameA":""},{"lang":"pt-BR","name":"Bandeira","nameA":""},{"lang":"de-DE","name":"Flagge","nameA":""},{"lang":"id-ID","name":"Bendera","nameA":""},{"lang":"fr-FR","name":"Drapeau","nameA":""}]},{"id":0,"name":"flame","transcription":"[fleɪm]","nameA":"","image":" ","bg":"transparent","nameAnswer":"","translates":[{"lang":"ru-RU","name":"Пламя","nameA":""},{"lang":"vi-VN","name":"Ngọn lửa","nameA":""},{"lang":"zh-CN","name":"火焰","nameA":""},{"lang":"hi-IN","name":"लौ","nameA":""},{"lang":"th-TH","name":"เปลวไฟ","nameA":""},{"lang":"tr-TR","name":"Alev","nameA":""},{"lang":"pt-BR","name":"Chama","nameA":""},{"lang":"de-DE","name":"Flamme","nameA":""},{"lang":"id-ID","name":"Api","nameA":""},{"lang":"fr-FR","name":"Flamme","nameA":""}]},{"id":0,"name":"flash","transcription":"[flæʃ]","nameA":"","image":" ","bg":"transparent","nameAnswer":"","translates":[{"lang":"ru-RU","name":"Вспышка","nameA":""},{"lang":"vi-VN","name":"Chớp","nameA":""},{"lang":"zh-CN","name":"闪光","nameA":""},{"lang":"hi-IN","name":"चमक","nameA":""},{"lang":"th-TH","name":"แฟลช","nameA":""},{"lang":"tr-TR","name":"Flaş","nameA":""},{"lang":"pt-BR","name":"Flash","nameA":""},{"lang":"de-DE","name":"Blitz","nameA":""},{"lang":"id-ID","name":"Kilat","nameA":""},{"lang":"fr-FR","name":"Flash","nameA":""}]},{"id":0,"name":"flat","transcription":"[flæt]","nameA":"","image":"/img/dict/home/flat.png","bg":"transparent","nameAnswer":"","translates":[{"lang":"ru-RU","name":"Квартира","nameA":""},{"lang":"vi-VN","name":"Căn hộ","nameA":""},{"lang":"zh-CN","name":"公寓","nameA":""},{"lang":"hi-IN","name":"फ्लैट","nameA":""},{"lang":"th-TH","name":"แฟลต","nameA":""},{"lang":"tr-TR","name":"Daire","nameA":""},{"lang":"pt-BR","name":"Apartamento","nameA":""},{"lang":"de-DE","name":"Wohnung","nameA":""},{"lang":"id-ID","name":"Apartemen","nameA":""},{"lang":"fr-FR","name":"Appartement","nameA":""}]},{"id":0,"name":"flavour","transcription":"[ˈfleɪvər]","nameA":"","image":" ","bg":"transparent","nameAnswer":"","translates":[{"lang":"ru-RU","name":"Вкус","nameA":""},{"lang":"vi-VN","name":"Hương vị","nameA":""},{"lang":"zh-CN","name":"味道","nameA":""},{"lang":"hi-IN","name":"स्वाद","nameA":""},{"lang":"th-TH","name":"รสชาติ","nameA":""},{"lang":"tr-TR","name":"Lezzet","nameA":""},{"lang":"pt-BR","name":"Sabor","nameA":""},{"lang":"de-DE","name":"Geschmack","nameA":""},{"lang":"id-ID","name":"Rasa","nameA":""},{"lang":"fr-FR","name":"Saveur","nameA":""}]},{"id":0,"name":"flipper","transcription":"[ˈflɪpər]","nameA":"","image":" ","bg":"transparent","nameAnswer":"","translates":[{"lang":"ru-RU","name":"Ласт","nameA":""},{"lang":"vi-VN","name":"Chân vịt","nameA":""},{"lang":"zh-CN","name":"脚蹼","nameA":""},{"lang":"hi-IN","name":"फ्लिपर","nameA":""},{"lang":"th-TH","name":"ครีบ","nameA":""},{"lang":"tr-TR","name":"Palet","nameA":""},{"lang":"pt-BR","name":"Barbatana","nameA":""},{"lang":"de-DE","name":"Flosse","nameA":""},{"lang":"id-ID","name":"Sirip","nameA":""},{"lang":"fr-FR","name":"Nageoire","nameA":""}]},{"id":0,"name":"float","transcription":"[floʊt]","nameA":"","image":" ","bg":"transparent","nameAnswer":"","translates":[{"lang":"ru-RU","name":"Плавать","nameA":""},{"lang":"vi-VN","name":"Nổi","nameA":""},{"lang":"zh-CN","name":"漂浮","nameA":""},{"lang":"hi-IN","name":"तैरना","nameA":""},{"lang":"th-TH","name":"ลอย","nameA":""},{"lang":"tr-TR","name":"Yüzmek","nameA":""},{"lang":"pt-BR","name":"Flutuar","nameA":""},{"lang":"de-DE","name":"Schwimmen","nameA":""},{"lang":"id-ID","name":"Mengapung","nameA":""},{"lang":"fr-FR","name":"Flotter","nameA":""}]},{"id":0,"name":"flock","transcription":"[flɑk]","nameA":"","image":" ","bg":"transparent","nameAnswer":"","translates":[{"lang":"ru-RU","name":"Стая","nameA":""},{"lang":"vi-VN","name":"Đàn","nameA":""},{"lang":"zh-CN","name":"群","nameA":""},{"lang":"hi-IN","name":"झुंड","nameA":""},{"lang":"th-TH","name":"ฝูง","nameA":""},{"lang":"tr-TR","name":"Sürü","nameA":""},{"lang":"pt-BR","name":"Bando","nameA":""},{"lang":"de-DE","name":"Herde","nameA":""},{"lang":"id-ID","name":"Kawanan","nameA":""},{"lang":"fr-FR","name":"Troupeau","nameA":""}]},{"id":0,"name":"flour","transcription":"[ˈflaʊər]","nameA":"","image":" ","bg":"transparent","nameAnswer":"","translates":[{"lang":"ru-RU","name":"Мука","nameA":""},{"lang":"vi-VN","name":"Bột","nameA":""},{"lang":"zh-CN","name":"面粉","nameA":""},{"lang":"hi-IN","name":"आटा","nameA":""},{"lang":"th-TH","name":"แป้ง","nameA":""},{"lang":"tr-TR","name":"Un","nameA":""},{"lang":"pt-BR","name":"Farinha","nameA":""},{"lang":"de-DE","name":"Mehl","nameA":""},{"lang":"id-ID","name":"Tepung","nameA":""},{"lang":"fr-FR","name":"Farine","nameA":""}]},{"id":0,"name":"flow","transcription":"[floʊ]","nameA":"","image":" ","bg":"transparent","nameAnswer":"","translates":[{"lang":"ru-RU","name":"Течь","nameA":""},{"lang":"vi-VN","name":"Chảy","nameA":""},{"lang":"zh-CN","name":"流动","nameA":""},{"lang":"hi-IN","name":"बहना","nameA":""},{"lang":"th-TH","name":"ไหล","nameA":""},{"lang":"tr-TR","name":"Akmak","nameA":""},{"lang":"pt-BR","name":"Fluir","nameA":""},{"lang":"de-DE","name":"Fließen","nameA":""},{"lang":"id-ID","name":"Mengalir","nameA":""},{"lang":"fr-FR","name":"Couler","nameA":""}]},{"id":0,"name":"fly","transcription":"[flaɪ]","nameA":"","image":"/img/dict/animals/fly.png","bg":"transparent","nameAnswer":"","translates":[{"lang":"ru-RU","name":"Летать","nameA":""},{"lang":"vi-VN","name":"Bay","nameA":""},{"lang":"zh-CN","name":"飞","nameA":""},{"lang":"hi-IN","name":"उड़ना","nameA":""},{"lang":"th-TH","name":"บิน","nameA":""},{"lang":"tr-TR","name":"Uçmak","nameA":""},{"lang":"pt-BR","name":"Voar","nameA":""},{"lang":"de-DE","name":"Fliegen","nameA":""},{"lang":"id-ID","name":"Terbang","nameA":""},{"lang":"fr-FR","name":"Voler","nameA":""}]},{"id":0,"name":"fog","transcription":"[fɑɡ]","nameA":"","image":" ","bg":"transparent","nameAnswer":"","translates":[{"lang":"ru-RU","name":"Туман","nameA":""},{"lang":"vi-VN","name":"Sương mù","nameA":""},{"lang":"zh-CN","name":"雾","nameA":""},{"lang":"hi-IN","name":"कोहरा","nameA":""},{"lang":"th-TH","name":"หมอก","nameA":""},{"lang":"tr-TR","name":"Sis","nameA":""},{"lang":"pt-BR","name":"Névoa","nameA":""},{"lang":"de-DE","name":"Nebel","nameA":""},{"lang":"id-ID","name":"Kabut","nameA":""},{"lang":"fr-FR","name":"Brouillard","nameA":""}]},{"id":0,"name":"food","transcription":"[fuːd]","nameA":"","image":"/img/dict/food/food.png","bg":"transparent","nameAnswer":"","translates":[{"lang":"ru-RU","name":"Еда","nameA":""},{"lang":"vi-VN","name":"Thức ăn","nameA":""},{"lang":"zh-CN","name":"食物","nameA":""},{"lang":"hi-IN","name":"भोजन","nameA":""},{"lang":"th-TH","name":"อาหาร","nameA":""},{"lang":"tr-TR","name":"Yiyecek","nameA":""},{"lang":"pt-BR","name":"Comida","nameA":""},{"lang":"de-DE","name":"Essen","nameA":""},{"lang":"id-ID","name":"Makanan","nameA":""},{"lang":"fr-FR","name":"Nourriture","nameA":""}]},{"id":0,"name":"football","transcription":"[ˈfʊtbɔl]","nameA":"","image":" ","bg":"transparent","nameAnswer":"","translates":[{"lang":"ru-RU","name":"Футбол","nameA":""},{"lang":"vi-VN","name":"Bóng đá","nameA":""},{"lang":"zh-CN","name":"足球","nameA":""},{"lang":"hi-IN","name":"फुटबॉल","nameA":""},{"lang":"th-TH","name":"ฟุตบอล","nameA":""},{"lang":"tr-TR","name":"Futbol","nameA":""},{"lang":"pt-BR","name":"Futebol","nameA":""},{"lang":"de-DE","name":"Fußball","nameA":""},{"lang":"id-ID","name":"Sepak bola","nameA":""},{"lang":"fr-FR","name":"Football","nameA":""}]},{"id":0,"name":"forest","transcription":"[ˈfɔrɪst]","nameA":"","image":"/img/dict/animals/forest.jpg","bg":"transparent","nameAnswer":"","translates":[{"lang":"ru-RU","name":"Лес","nameA":""},{"lang":"vi-VN","name":"Rừng","nameA":""},{"lang":"zh-CN","name":"森林","nameA":""},{"lang":"hi-IN","name":"जंगल","nameA":""},{"lang":"th-TH","name":"ป่า","nameA":""},{"lang":"tr-TR","name":"Orman","nameA":""},{"lang":"pt-BR","name":"Floresta","nameA":""},{"lang":"de-DE","name":"Wald","nameA":""},{"lang":"id-ID","name":"Hutan","nameA":""},{"lang":"fr-FR","name":"Forêt","nameA":""}]},{"id":0,"name":"forget","transcription":"[fərˈɡɛt]","nameA":"","image":" ","bg":"transparent","nameAnswer":"","translates":[{"lang":"ru-RU","name":"Забывать","nameA":""},{"lang":"vi-VN","name":"Quên","nameA":""},{"lang":"zh-CN","name":"忘记","nameA":""},{"lang":"hi-IN","name":"भूलना","nameA":""},{"lang":"th-TH","name":"ลืม","nameA":""},{"lang":"tr-TR","name":"Unutmak","nameA":""},{"lang":"pt-BR","name":"Esquecer","nameA":""},{"lang":"de-DE","name":"Vergessen","nameA":""},{"lang":"id-ID","name":"Lupa","nameA":""},{"lang":"fr-FR","name":"Oublier","nameA":""}]},{"id":0,"name":"forgive","transcription":"[fərˈɡɪv]","nameA":"","image":" ","bg":"transparent","nameAnswer":"","translates":[{"lang":"ru-RU","name":"Прощать","nameA":""},{"lang":"vi-VN","name":"Tha thứ","nameA":""},{"lang":"zh-CN","name":"原谅","nameA":""},{"lang":"hi-IN","name":"माफ करना","nameA":""},{"lang":"th-TH","name":"ให้อภัย","nameA":""},{"lang":"tr-TR","name":"Affetmek","nameA":""},{"lang":"pt-BR","name":"Perdoar","nameA":""},{"lang":"de-DE","name":"Vergeben","nameA":""},{"lang":"id-ID","name":"Memaafkan","nameA":""},{"lang":"fr-FR","name":"Pardonner","nameA":""}]},{"id":0,"name":"fox","transcription":"[fɑks]","nameA":"","image":"/img/dict/animals/fox.png","bg":"transparent","nameAnswer":"","translates":[{"lang":"ru-RU","name":"Лиса","nameA":""},{"lang":"vi-VN","name":"Cáo","nameA":""},{"lang":"zh-CN","name":"狐狸","nameA":""},{"lang":"hi-IN","name":"लोमड़ी","nameA":""},{"lang":"th-TH","name":"สุนัขจิ้งจอก","nameA":""},{"lang":"tr-TR","name":"Tilki","nameA":""},{"lang":"pt-BR","name":"Raposa","nameA":""},{"lang":"de-DE","name":"Fuchs","nameA":""},{"lang":"id-ID","name":"Rubah","nameA":""},{"lang":"fr-FR","name":"Renard","nameA":""}]},{"id":0,"name":"frame","transcription":"[freɪm]","nameA":"","image":"/img/dict/home/frame.png","bg":"transparent","nameAnswer":"","translates":[{"lang":"ru-RU","name":"Рамка","nameA":""},{"lang":"vi-VN","name":"Khung","nameA":""},{"lang":"zh-CN","name":"框架","nameA":""},{"lang":"hi-IN","name":"फ्रेम","nameA":""},{"lang":"th-TH","name":"กรอบ","nameA":""},{"lang":"tr-TR","name":"Çerçeve","nameA":""},{"lang":"pt-BR","name":"Moldura","nameA":""},{"lang":"de-DE","name":"Rahmen","nameA":""},{"lang":"id-ID","name":"Bingkai","nameA":""},{"lang":"fr-FR","name":"Cadre","nameA":""}]},{"id":0,"name":"free","transcription":"[friː]","nameA":"","image":" ","bg":"transparent","nameAnswer":"","translates":[{"lang":"ru-RU","name":"Свободный","nameA":""},{"lang":"vi-VN","name":"Tự do","nameA":""},{"lang":"zh-CN","name":"自由","nameA":""},{"lang":"hi-IN","name":"मुक्त","nameA":""},{"lang":"th-TH","name":"อิสระ","nameA":""},{"lang":"tr-TR","name":"Özgür","nameA":""},{"lang":"pt-BR","name":"Livre","nameA":""},{"lang":"de-DE","name":"Frei","nameA":""},{"lang":"id-ID","name":"Bebas","nameA":""},{"lang":"fr-FR","name":"Libre","nameA":""}]},{"id":0,"name":"freeze","transcription":"[friːz]","nameA":"","image":" ","bg":"transparent","nameAnswer":"","translates":[{"lang":"ru-RU","name":"Заморозить","nameA":""},{"lang":"vi-VN","name":"Đóng băng","nameA":""},{"lang":"zh-CN","name":"冻结","nameA":""},{"lang":"hi-IN","name":"जमना","nameA":""},{"lang":"th-TH","name":"แช่แข็ง","nameA":""},{"lang":"tr-TR","name":"Dondurmak","nameA":""},{"lang":"pt-BR","name":"Congelar","nameA":""},{"lang":"de-DE","name":"Einfrieren","nameA":""},{"lang":"id-ID","name":"Membeku","nameA":""},{"lang":"fr-FR","name":"Geler","nameA":""}]},{"id":0,"name":"fresh","transcription":"[frɛʃ]","nameA":"","image":" ","bg":"transparent","nameAnswer":"","translates":[{"lang":"ru-RU","name":"Свежий","nameA":""},{"lang":"vi-VN","name":"Tươi","nameA":""},{"lang":"zh-CN","name":"新鲜","nameA":""},{"lang":"hi-IN","name":"ताजा","nameA":""},{"lang":"th-TH","name":"สดใหม่","nameA":""},{"lang":"tr-TR","name":"Taze","nameA":""},{"lang":"pt-BR","name":"Fresco","nameA":""},{"lang":"de-DE","name":"Frisch","nameA":""},{"lang":"id-ID","name":"Segar","nameA":""},{"lang":"fr-FR","name":"Frais","nameA":""}]},{"id":0,"name":"fridge","transcription":"[frɪdʒ]","nameA":"","image":"/img/dict/home/fridge.png","bg":"transparent","nameAnswer":"","translates":[{"lang":"ru-RU","name":"Холодильник","nameA":""},{"lang":"vi-VN","name":"Tủ lạnh","nameA":""},{"lang":"zh-CN","name":"冰箱","nameA":""},{"lang":"hi-IN","name":"फ्रिज","nameA":""},{"lang":"th-TH","name":"ตู้เย็น","nameA":""},{"lang":"tr-TR","name":"Buzdolabı","nameA":""},{"lang":"pt-BR","name":"Geladeira","nameA":""},{"lang":"de-DE","name":"Kühlschrank","nameA":""},{"lang":"id-ID","name":"Kulkas","nameA":""},{"lang":"fr-FR","name":"Réfrigérateur","nameA":""}]},{"id":0,"name":"friend","transcription":"[frɛnd]","nameA":"","image":" ","bg":"transparent","nameAnswer":"","translates":[{"lang":"ru-RU","name":"Друг","nameA":""},{"lang":"vi-VN","name":"Bạn","nameA":""},{"lang":"zh-CN","name":"朋友","nameA":""},{"lang":"hi-IN","name":"दोस्त","nameA":""},{"lang":"th-TH","name":"เพื่อน","nameA":""},{"lang":"tr-TR","name":"Arkadaş","nameA":""},{"lang":"pt-BR","name":"Amigo","nameA":""},{"lang":"de-DE","name":"Freund","nameA":""},{"lang":"id-ID","name":"Teman","nameA":""},{"lang":"fr-FR","name":"Ami","nameA":""}]},{"id":0,"name":"frog","transcription":"[frɑɡ]","nameA":"","image":"/img/dict/animals/frog.png","bg":"transparent","nameAnswer":"","translates":[{"lang":"ru-RU","name":"Лягушка","nameA":""},{"lang":"vi-VN","name":"Ếch","nameA":""},{"lang":"zh-CN","name":"青蛙","nameA":""},{"lang":"hi-IN","name":"मेंढक","nameA":""},{"lang":"th-TH","name":"กบ","nameA":""},{"lang":"tr-TR","name":"Kurbağa","nameA":""},{"lang":"pt-BR","name":"Sapo","nameA":""},{"lang":"de-DE","name":"Frosch","nameA":""},{"lang":"id-ID","name":"Kodok","nameA":""},{"lang":"fr-FR","name":"Grenouille","nameA":""}]},{"id":0,"name":"from","transcription":"[frʌm]","nameA":"","image":" ","bg":"transparent","nameAnswer":"","translates":[{"lang":"ru-RU","name":"Из","nameA":""},{"lang":"vi-VN","name":"Từ","nameA":""},{"lang":"zh-CN","name":"从","nameA":""},{"lang":"hi-IN","name":"से","nameA":""},{"lang":"th-TH","name":"จาก","nameA":""},{"lang":"tr-TR","name":"Den","nameA":""},{"lang":"pt-BR","name":"De","nameA":""},{"lang":"de-DE","name":"Von","nameA":""},{"lang":"id-ID","name":"Dari","nameA":""},{"lang":"fr-FR","name":"De","nameA":""}]},{"id":0,"name":"front","transcription":"[frʌnt]","nameA":"","image":" ","bg":"transparent","nameAnswer":"","translates":[{"lang":"ru-RU","name":"Перед","nameA":""},{"lang":"vi-VN","name":"Trước","nameA":""},{"lang":"zh-CN","name":"前面","nameA":""},{"lang":"hi-IN","name":"सामने","nameA":""},{"lang":"th-TH","name":"ด้านหน้า","nameA":""},{"lang":"tr-TR","name":"Ön","nameA":""},{"lang":"pt-BR","name":"Frente","nameA":""},{"lang":"de-DE","name":"Vorderseite","nameA":""},{"lang":"id-ID","name":"Depan","nameA":""},{"lang":"fr-FR","name":"Devant","nameA":""}]},{"id":0,"name":"frown","transcription":"[fraʊn]","nameA":"","image":" ","bg":"transparent","nameAnswer":"","translates":[{"lang":"ru-RU","name":"Хмуриться","nameA":""},{"lang":"vi-VN","name":"Cau mày","nameA":""},{"lang":"zh-CN","name":"皱眉","nameA":""},{"lang":"hi-IN","name":"भ्रूभंग","nameA":""},{"lang":"th-TH","name":"ขมวดคิ้ว","nameA":""},{"lang":"tr-TR","name":"Kaş çatmak","nameA":""},{"lang":"pt-BR","name":"Franzir","nameA":""},{"lang":"de-DE","name":"Stirnrunzeln","nameA":""},{"lang":"id-ID","name":"Mengerutkan kening","nameA":""},{"lang":"fr-FR","name":"Froncer","nameA":""}]},{"id":0,"name":"fry","transcription":"[fraɪ]","nameA":"","image":" ","bg":"transparent","nameAnswer":"","translates":[{"lang":"ru-RU","name":"Жарить","nameA":""},{"lang":"vi-VN","name":"Chiên","nameA":""},{"lang":"zh-CN","name":"油炸","nameA":""},{"lang":"hi-IN","name":"तलना","nameA":""},{"lang":"th-TH","name":"ทอด","nameA":""},{"lang":"tr-TR","name":"Kızartmak","nameA":""},{"lang":"pt-BR","name":"Fritar","nameA":""},{"lang":"de-DE","name":"Braten","nameA":""},{"lang":"id-ID","name":"Menggoreng","nameA":""},{"lang":"fr-FR","name":"Frire","nameA":""}]},{"id":0,"name":"full","transcription":"[fʊl]","nameA":"","image":" ","bg":"transparent","nameAnswer":"","translates":[{"lang":"ru-RU","name":"Полный","nameA":""},{"lang":"vi-VN","name":"Đầy","nameA":""},{"lang":"zh-CN","name":"满","nameA":""},{"lang":"hi-IN","name":"पूर्ण","nameA":""},{"lang":"th-TH","name":"เต็ม","nameA":""},{"lang":"tr-TR","name":"Dolu","nameA":""},{"lang":"pt-BR","name":"Cheio","nameA":""},{"lang":"de-DE","name":"Voll","nameA":""},{"lang":"id-ID","name":"Penuh","nameA":""},{"lang":"fr-FR","name":"Plein","nameA":""}]},{"id":0,"name":"fun","transcription":"[fʌn]","nameA":"","image":" ","bg":"transparent","nameAnswer":"","translates":[{"lang":"ru-RU","name":"Веселье","nameA":""},{"lang":"vi-VN","name":"Vui vẻ","nameA":""},{"lang":"zh-CN","name":"乐趣","nameA":""},{"lang":"hi-IN","name":"मज़ा","nameA":""},{"lang":"th-TH","name":"สนุก","nameA":""},{"lang":"tr-TR","name":"Eğlence","nameA":""},{"lang":"pt-BR","name":"Diversão","nameA":""},{"lang":"de-DE","name":"Spaß","nameA":""},{"lang":"id-ID","name":"Kesenangan","nameA":""},{"lang":"fr-FR","name":"Amusement","nameA":""}]},{"id":0,"name":"fur","transcription":"[fɜr]","nameA":"","image":" ","bg":"transparent","nameAnswer":"","translates":[{"lang":"ru-RU","name":"Мех","nameA":""},{"lang":"vi-VN","name":"Lông","nameA":""},{"lang":"zh-CN","name":"毛皮","nameA":""},{"lang":"hi-IN","name":"फर","nameA":""},{"lang":"th-TH","name":"ขนสัตว์","nameA":""},{"lang":"tr-TR","name":"Kürk","nameA":""},{"lang":"pt-BR","name":"Pele","nameA":""},{"lang":"de-DE","name":"Pelz","nameA":""},{"lang":"id-ID","name":"Bulu","nameA":""},{"lang":"fr-FR","name":"Fourrure","nameA":""}]},{"id":0,"name":"furniture","transcription":"[ˈfɜrnɪtʃər]","nameA":"","image":"/img/dict/home/furniture.png","bg":"transparent","nameAnswer":"","translates":[{"lang":"ru-RU","name":"Мебель","nameA":""},{"lang":"vi-VN","name":"Đồ nội thất","nameA":""},{"lang":"zh-CN","name":"家具","nameA":""},{"lang":"hi-IN","name":"फर्नीचर","nameA":""},{"lang":"th-TH","name":"เฟอร์นิเจอร์","nameA":""},{"lang":"tr-TR","name":"Mobilya","nameA":""},{"lang":"pt-BR","name":"Mobília","nameA":""},{"lang":"de-DE","name":"Möbel","nameA":""},{"lang":"id-ID","name":"Furnitur","nameA":""},{"lang":"fr-FR","name":"Meubles","nameA":""}]},{"id":0,"name":"future","transcription":"[ˈfjuːtʃər]","nameA":"","image":" ","bg":"transparent","nameAnswer":"","translates":[{"lang":"ru-RU","name":"Будущее","nameA":""},{"lang":"vi-VN","name":"Tương lai","nameA":""},{"lang":"zh-CN","name":"未来","nameA":""},{"lang":"hi-IN","name":"भविष्य","nameA":""},{"lang":"th-TH","name":"อนาคต","nameA":""},{"lang":"tr-TR","name":"Gelecek","nameA":""},{"lang":"pt-BR","name":"Futuro","nameA":""},{"lang":"de-DE","name":"Zukunft","nameA":""},{"lang":"id-ID","name":"Masa depan","nameA":""},{"lang":"fr-FR","name":"Avenir","nameA":""}]},{"id":0,"name":"phone","transcription":"[foʊn]","nameA":"","image":" ","bg":"transparent","nameAnswer":"","translates":[{"lang":"ru-RU","name":"Телефон","nameA":""},{"lang":"vi-VN","name":"Điện thoại","nameA":""},{"lang":"zh-CN","name":"电话","nameA":""},{"lang":"hi-IN","name":"फोन","nameA":""},{"lang":"th-TH","name":"โทรศัพท์","nameA":""},{"lang":"tr-TR","name":"Telefon","nameA":""},{"lang":"pt-BR","name":"Telefone","nameA":""},{"lang":"de-DE","name":"Telefon","nameA":""},{"lang":"id-ID","name":"Telepon","nameA":""},{"lang":"fr-FR","name":"Téléphone","nameA":""}]},{"id":0,"name":"photo","transcription":"[ˈfoʊtoʊ]","nameA":"","image":" ","bg":"transparent","nameAnswer":"","translates":[{"lang":"ru-RU","name":"Фото","nameA":""},{"lang":"vi-VN","name":"Ảnh","nameA":""},{"lang":"zh-CN","name":"照片","nameA":""},{"lang":"hi-IN","name":"तस्वीर","nameA":""},{"lang":"th-TH","name":"รูปภาพ","nameA":""},{"lang":"tr-TR","name":"Fotoğraf","nameA":""},{"lang":"pt-BR","name":"Foto","nameA":""},{"lang":"de-DE","name":"Foto","nameA":""},{"lang":"id-ID","name":"Foto","nameA":""},{"lang":"fr-FR","name":"Photo","nameA":""}]},{"id":0,"name":"phrase","transcription":"[freɪz]","nameA":"","image":" ","bg":"transparent","nameAnswer":"","translates":[{"lang":"ru-RU","name":"Фраза","nameA":""},{"lang":"vi-VN","name":"Cụm từ","nameA":""},{"lang":"zh-CN","name":"短语","nameA":""},{"lang":"hi-IN","name":"वाक्यांश","nameA":""},{"lang":"th-TH","name":"วลี","nameA":""},{"lang":"tr-TR","name":"İfade","nameA":""},{"lang":"pt-BR","name":"Frase","nameA":""},{"lang":"de-DE","name":"Phrase","nameA":""},{"lang":"id-ID","name":"Frasa","nameA":""},{"lang":"fr-FR","name":"Phrase","nameA":""}]},{"id":0,"name":"physical","transcription":"[ˈfɪzɪkəl]","nameA":"","image":" ","bg":"transparent","nameAnswer":"","translates":[{"lang":"ru-RU","name":"Физический","nameA":""},{"lang":"vi-VN","name":"Vật lý","nameA":""},{"lang":"zh-CN","name":"物理","nameA":""},{"lang":"hi-IN","name":"शारीरिक","nameA":""},{"lang":"th-TH","name":"ทางกายภาพ","nameA":""},{"lang":"tr-TR","name":"Fiziksel","nameA":""},{"lang":"pt-BR","name":"Físico","nameA":""},{"lang":"de-DE","name":"Physisch","nameA":""},{"lang":"id-ID","name":"Fisik","nameA":""},{"lang":"fr-FR","name":"Physique","nameA":""}]},{"id":0,"name":"cliff","transcription":"[klɪf]","nameA":"","image":" ","bg":"transparent","nameAnswer":"","translates":[{"lang":"ru-RU","name":"Скала","nameA":""},{"lang":"vi-VN","name":"Vách đá","nameA":""},{"lang":"zh-CN","name":"悬崖","nameA":""},{"lang":"hi-IN","name":"चट्टान","nameA":""},{"lang":"th-TH","name":"หน้าผา","nameA":""},{"lang":"tr-TR","name":"Uçurum","nameA":""},{"lang":"pt-BR","name":"Penhasco","nameA":""},{"lang":"de-DE","name":"Klippe","nameA":""},{"lang":"id-ID","name":"Tebing","nameA":""},{"lang":"fr-FR","name":"Falaise","nameA":""}]},{"id":0,"name":"coffee","transcription":"[ˈkɔfi]","nameA":"","image":"/img/dict/food/coffee.png","bg":"transparent","nameAnswer":"","translates":[{"lang":"ru-RU","name":"Кофе","nameA":""},{"lang":"vi-VN","name":"Cà phê","nameA":""},{"lang":"zh-CN","name":"咖啡","nameA":""},{"lang":"hi-IN","name":"कॉफी","nameA":""},{"lang":"th-TH","name":"กาแฟ","nameA":""},{"lang":"tr-TR","name":"Kahve","nameA":""},{"lang":"pt-BR","name":"Café","nameA":""},{"lang":"de-DE","name":"Kaffee","nameA":""},{"lang":"id-ID","name":"Kopi","nameA":""},{"lang":"fr-FR","name":"Café","nameA":""}]},{"id":0,"name":"cuff","transcription":"[kʌf]","nameA":"","image":" ","bg":"transparent","nameAnswer":"","translates":[{"lang":"ru-RU","name":"Манжета","nameA":""},{"lang":"vi-VN","name":"Cổ tay áo","nameA":""},{"lang":"zh-CN","name":"袖口","nameA":""},{"lang":"hi-IN","name":"कफ","nameA":""},{"lang":"th-TH","name":"ข้อมือเสื้อ","nameA":""},{"lang":"tr-TR","name":"Manşet","nameA":""},{"lang":"pt-BR","name":"Punho","nameA":""},{"lang":"de-DE","name":"Manschette","nameA":""},{"lang":"id-ID","name":"Lengan baju","nameA":""},{"lang":"fr-FR","name":"Manchette","nameA":""}]},{"id":0,"name":"fluffy","transcription":"[ˈflʌfi]","nameA":"","image":" ","bg":"transparent","nameAnswer":"","translates":[{"lang":"ru-RU","name":"Пушистый","nameA":""},{"lang":"vi-VN","name":"Mịn","nameA":""},{"lang":"zh-CN","name":"蓬松","nameA":""},{"lang":"hi-IN","name":"फुलाया हुआ","nameA":""},{"lang":"th-TH","name":"นุ่ม","nameA":""},{"lang":"tr-TR","name":"Kabarık","nameA":""},{"lang":"pt-BR","name":"Fofo","nameA":""},{"lang":"de-DE","name":"Flauschig","nameA":""},{"lang":"id-ID","name":"Bermbulu","nameA":""},{"lang":"fr-FR","name":"Doux","nameA":""}]},{"id":0,"name":"cough","transcription":"[kɔf]","nameA":"","image":" ","bg":"transparent","nameAnswer":"","translates":[{"lang":"ru-RU","name":"Кашель","nameA":""},{"lang":"vi-VN","name":"Ho","nameA":""},{"lang":"zh-CN","name":"咳嗽","nameA":""},{"lang":"hi-IN","name":"खांसी","nameA":""},{"lang":"th-TH","name":"ไอ","nameA":""},{"lang":"tr-TR","name":"Öksürük","nameA":""},{"lang":"pt-BR","name":"Tosse","nameA":""},{"lang":"de-DE","name":"Husten","nameA":""},{"lang":"id-ID","name":"Batuk","nameA":""},{"lang":"fr-FR","name":"Toux","nameA":""}]},{"id":0,"name":"enough","transcription":"[ɪˈnʌf]","nameA":"","image":" ","bg":"transparent","nameAnswer":"","translates":[{"lang":"ru-RU","name":"Достаточно","nameA":""},{"lang":"vi-VN","name":"Đủ","nameA":""},{"lang":"zh-CN","name":"足够","nameA":""},{"lang":"hi-IN","name":"पर्याप्त","nameA":""},{"lang":"th-TH","name":"พอ","nameA":""},{"lang":"tr-TR","name":"Yeterli","nameA":""},{"lang":"pt-BR","name":"Suficiente","nameA":""},{"lang":"de-DE","name":"Genug","nameA":""},{"lang":"id-ID","name":"Cukup","nameA":""},{"lang":"fr-FR","name":"Assez","nameA":""}]},{"id":0,"name":"laugh","transcription":"[læf]","nameA":"","image":" ","bg":"transparent","nameAnswer":"","translates":[{"lang":"ru-RU","name":"Смех","nameA":""},{"lang":"vi-VN","name":"Cười","nameA":""},{"lang":"zh-CN","name":"笑","nameA":""},{"lang":"hi-IN","name":"हँसी","nameA":""},{"lang":"th-TH","name":"หัวเราะ","nameA":""},{"lang":"tr-TR","name":"Gülmek","nameA":""},{"lang":"pt-BR","name":"Rir","nameA":""},{"lang":"de-DE","name":"Lachen","nameA":""},{"lang":"id-ID","name":"Tertawa","nameA":""},{"lang":"fr-FR","name":"Rire","nameA":""}]},{"id":0,"name":"rough","transcription":"[rʌf]","nameA":"","image":" ","bg":"transparent","nameAnswer":"","translates":[{"lang":"ru-RU","name":"Грубый","nameA":""},{"lang":"vi-VN","name":"Thô","nameA":""},{"lang":"zh-CN","name":"粗糙","nameA":""},{"lang":"hi-IN","name":"कठोर","nameA":""},{"lang":"th-TH","name":"หยาบ","nameA":""},{"lang":"tr-TR","name":"Kaba","nameA":""},{"lang":"pt-BR","name":"Áspero","nameA":""},{"lang":"de-DE","name":"Rau","nameA":""},{"lang":"id-ID","name":"Kasar","nameA":""},{"lang":"fr-FR","name":"Rugueux","nameA":""}]}]}