{"name":"Phonics /ou/","nameA":"","img":"","isRandom":false,"isBlur":false,"isUpper":true,"isByWords":false,"isForAdult":false,"separator":"","numWords":16,"Translations":[{"lang":"ru-RU","name":"Алфавит","nameA":""},{"lang":"vi-VN","name":"Ngữ âm /ou/","nameA":""},{"lang":"zh-CN","name":"拼音 /ou/","nameA":""},{"lang":"hi-IN","name":"ध्वनि /ou/","nameA":""},{"lang":"th-TH","name":"โฟนิกส์ /ou/","nameA":""},{"lang":"tr-TR","name":"Fonetik /ou/","nameA":""},{"lang":"pt-BR","name":"Fônica /ou/","nameA":""},{"lang":"de-DE","name":"Phonik /ou/","nameA":""},{"lang":"id-ID","name":"Fonik /ou/","nameA":""},{"lang":"fr-FR","name":"Phonétique /ou/","nameA":""}],"items":[{"id":0,"name":"clown","transcription":"[klaʊn]","nameA":"","image":" ","bg":"transparent","nameAnswer":"","translates":[{"lang":"ru-RU","name":"Клоун","nameA":""},{"lang":"vi-VN","name":"Chú hề","nameA":""},{"lang":"zh-CN","name":"小丑","nameA":""},{"lang":"hi-IN","name":"जोकर","nameA":""},{"lang":"th-TH","name":"ตัวตลก","nameA":""},{"lang":"tr-TR","name":"Palyaço","nameA":""},{"lang":"pt-BR","name":"Palhaço","nameA":""},{"lang":"de-DE","name":"Clown","nameA":""},{"lang":"id-ID","name":"Badut","nameA":""},{"lang":"fr-FR","name":"Clown","nameA":""}]},{"id":0,"name":"cow","transcription":"[kaʊ]","nameA":"","image":"/img/dict/animals/cow.png","bg":"transparent","nameAnswer":"","translates":[{"lang":"ru-RU","name":"Корова","nameA":""},{"lang":"vi-VN","name":"Con bò","nameA":""},{"lang":"zh-CN","name":"奶牛","nameA":""},{"lang":"hi-IN","name":"गाय","nameA":""},{"lang":"th-TH","name":"วัว","nameA":""},{"lang":"tr-TR","name":"İnek","nameA":""},{"lang":"pt-BR","name":"Vaca","nameA":""},{"lang":"de-DE","name":"Kuh","nameA":""},{"lang":"id-ID","name":"Sapi","nameA":""},{"lang":"fr-FR","name":"Vache","nameA":""}]},{"id":0,"name":"down","transcription":"[daʊn]","nameA":"","image":" ","bg":"transparent","nameAnswer":"","translates":[{"lang":"ru-RU","name":"Вниз","nameA":""},{"lang":"vi-VN","name":"Xuống","nameA":""},{"lang":"zh-CN","name":"向下","nameA":""},{"lang":"hi-IN","name":"नीचे","nameA":""},{"lang":"th-TH","name":"ลง","nameA":""},{"lang":"tr-TR","name":"Aşağı","nameA":""},{"lang":"pt-BR","name":"Para baixo","nameA":""},{"lang":"de-DE","name":"Hinunter","nameA":""},{"lang":"id-ID","name":"Turun","nameA":""},{"lang":"fr-FR","name":"Vers le bas","nameA":""}]},{"id":0,"name":"flower","transcription":"[ˈflaʊər]","nameA":"","image":" ","bg":"transparent","nameAnswer":"","translates":[{"lang":"ru-RU","name":"Цветок","nameA":""},{"lang":"vi-VN","name":"Hoa","nameA":""},{"lang":"zh-CN","name":"花","nameA":""},{"lang":"hi-IN","name":"फूल","nameA":""},{"lang":"th-TH","name":"ดอกไม้","nameA":""},{"lang":"tr-TR","name":"Çiçek","nameA":""},{"lang":"pt-BR","name":"Flor","nameA":""},{"lang":"de-DE","name":"Blume","nameA":""},{"lang":"id-ID","name":"Bunga","nameA":""},{"lang":"fr-FR","name":"Fleur","nameA":""}]},{"id":0,"name":"frown","transcription":"[fraʊn]","nameA":"","image":" ","bg":"transparent","nameAnswer":"","translates":[{"lang":"ru-RU","name":"Хмуриться","nameA":""},{"lang":"vi-VN","name":"Cau mày","nameA":""},{"lang":"zh-CN","name":"皱眉","nameA":""},{"lang":"hi-IN","name":"भौंह चढ़ाना","nameA":""},{"lang":"th-TH","name":"ขมวดคิ้ว","nameA":""},{"lang":"tr-TR","name":"Kaş çatmak","nameA":""},{"lang":"pt-BR","name":"Franzir","nameA":""},{"lang":"de-DE","name":"Stirnrunzeln","nameA":""},{"lang":"id-ID","name":"Mengerutkan kening","nameA":""},{"lang":"fr-FR","name":"Froncer","nameA":""}]},{"id":0,"name":"owl","transcription":"[aʊl]","nameA":"","image":"/img/dict/animals/owl.png","bg":"transparent","nameAnswer":"","translates":[{"lang":"ru-RU","name":"Сова","nameA":""},{"lang":"vi-VN","name":"Con cú","nameA":""},{"lang":"zh-CN","name":"猫头鹰","nameA":""},{"lang":"hi-IN","name":"उल्लू","nameA":""},{"lang":"th-TH","name":"นกฮูก","nameA":""},{"lang":"tr-TR","name":"Baykuş","nameA":""},{"lang":"pt-BR","name":"Coruja","nameA":""},{"lang":"de-DE","name":"Eule","nameA":""},{"lang":"id-ID","name":"Burung hantu","nameA":""},{"lang":"fr-FR","name":"Hibou","nameA":""}]},{"id":0,"name":"power","transcription":"[ˈpaʊər]","nameA":"","image":" ","bg":"transparent","nameAnswer":"","translates":[{"lang":"ru-RU","name":"Сила","nameA":""},{"lang":"vi-VN","name":"Sức mạnh","nameA":""},{"lang":"zh-CN","name":"力量","nameA":""},{"lang":"hi-IN","name":"शक्ति","nameA":""},{"lang":"th-TH","name":"พลัง","nameA":""},{"lang":"tr-TR","name":"Güç","nameA":""},{"lang":"pt-BR","name":"Poder","nameA":""},{"lang":"de-DE","name":"Kraft","nameA":""},{"lang":"id-ID","name":"Kekuatan","nameA":""},{"lang":"fr-FR","name":"Puissance","nameA":""}]},{"id":0,"name":"town","transcription":"[taʊn]","nameA":"","image":" ","bg":"transparent","nameAnswer":"","translates":[{"lang":"ru-RU","name":"Город","nameA":""},{"lang":"vi-VN","name":"Thị trấn","nameA":""},{"lang":"zh-CN","name":"城镇","nameA":""},{"lang":"hi-IN","name":"शहर","nameA":""},{"lang":"th-TH","name":"เมือง","nameA":""},{"lang":"tr-TR","name":"Kasaba","nameA":""},{"lang":"pt-BR","name":"Cidade","nameA":""},{"lang":"de-DE","name":"Stadt","nameA":""},{"lang":"id-ID","name":"Kota","nameA":""},{"lang":"fr-FR","name":"Ville","nameA":""}]},{"id":0,"name":"about","transcription":"[əˈbaʊt]","nameA":"","image":" ","bg":"transparent","nameAnswer":"","translates":[{"lang":"ru-RU","name":"О","nameA":""},{"lang":"vi-VN","name":"Về","nameA":""},{"lang":"zh-CN","name":"关于","nameA":""},{"lang":"hi-IN","name":"के बारे में","nameA":""},{"lang":"th-TH","name":"เกี่ยวกับ","nameA":""},{"lang":"tr-TR","name":"Hakkında","nameA":""},{"lang":"pt-BR","name":"Sobre","nameA":""},{"lang":"de-DE","name":"Über","nameA":""},{"lang":"id-ID","name":"Tentang","nameA":""},{"lang":"fr-FR","name":"Sur","nameA":""}]},{"id":0,"name":"found","transcription":"[faʊnd]","nameA":"","image":" ","bg":"transparent","nameAnswer":"","translates":[{"lang":"ru-RU","name":"Найденный","nameA":""},{"lang":"vi-VN","name":"Tìm thấy","nameA":""},{"lang":"zh-CN","name":"发现","nameA":""},{"lang":"hi-IN","name":"पाया","nameA":""},{"lang":"th-TH","name":"พบ","nameA":""},{"lang":"tr-TR","name":"Bulundu","nameA":""},{"lang":"pt-BR","name":"Encontrado","nameA":""},{"lang":"de-DE","name":"Gefunden","nameA":""},{"lang":"id-ID","name":"Ditemukan","nameA":""},{"lang":"fr-FR","name":"Trouvé","nameA":""}]},{"id":0,"name":"ground","transcription":"[ɡraʊnd]","nameA":"","image":" ","bg":"transparent","nameAnswer":"","translates":[{"lang":"ru-RU","name":"Земля","nameA":""},{"lang":"vi-VN","name":"Mặt đất","nameA":""},{"lang":"zh-CN","name":"地面","nameA":""},{"lang":"hi-IN","name":"जमीन","nameA":""},{"lang":"th-TH","name":"พื้นดิน","nameA":""},{"lang":"tr-TR","name":"Zemin","nameA":""},{"lang":"pt-BR","name":"Chão","nameA":""},{"lang":"de-DE","name":"Boden","nameA":""},{"lang":"id-ID","name":"Tanah","nameA":""},{"lang":"fr-FR","name":"Sol","nameA":""}]},{"id":0,"name":"house","transcription":"[haʊs]","nameA":"","image":"/img/dict/animals/house.png","bg":"transparent","nameAnswer":"","translates":[{"lang":"ru-RU","name":"Дом","nameA":""},{"lang":"vi-VN","name":"Ngôi nhà","nameA":""},{"lang":"zh-CN","name":"房子","nameA":""},{"lang":"hi-IN","name":"घर","nameA":""},{"lang":"th-TH","name":"บ้าน","nameA":""},{"lang":"tr-TR","name":"Ev","nameA":""},{"lang":"pt-BR","name":"Casa","nameA":""},{"lang":"de-DE","name":"Haus","nameA":""},{"lang":"id-ID","name":"Rumah","nameA":""},{"lang":"fr-FR","name":"Maison","nameA":""}]},{"id":0,"name":"mouse","transcription":"[maʊs]","nameA":"","image":"/img/dict/animals/mouse.png","bg":"transparent","nameAnswer":"","translates":[{"lang":"ru-RU","name":"Мышь","nameA":""},{"lang":"vi-VN","name":"Con chuột","nameA":""},{"lang":"zh-CN","name":"老鼠","nameA":""},{"lang":"hi-IN","name":"चूहा","nameA":""},{"lang":"th-TH","name":"หนู","nameA":""},{"lang":"tr-TR","name":"Fare","nameA":""},{"lang":"pt-BR","name":"Rato","nameA":""},{"lang":"de-DE","name":"Maus","nameA":""},{"lang":"id-ID","name":"Tikus","nameA":""},{"lang":"fr-FR","name":"Souris","nameA":""}]},{"id":0,"name":"mouth","transcription":"[maʊθ]","nameA":"","image":"/img/dict/body/mouth.png","bg":"transparent","nameAnswer":"","translates":[{"lang":"ru-RU","name":"Рот","nameA":""},{"lang":"vi-VN","name":"Miệng","nameA":""},{"lang":"zh-CN","name":"嘴巴","nameA":""},{"lang":"hi-IN","name":"मुंह","nameA":""},{"lang":"th-TH","name":"ปาก","nameA":""},{"lang":"tr-TR","name":"Ağız","nameA":""},{"lang":"pt-BR","name":"Boca","nameA":""},{"lang":"de-DE","name":"Mund","nameA":""},{"lang":"id-ID","name":"Mulut","nameA":""},{"lang":"fr-FR","name":"Bouche","nameA":""}]},{"id":0,"name":"out","transcription":"[aʊt]","nameA":"","image":" ","bg":"transparent","nameAnswer":"","translates":[{"lang":"ru-RU","name":"Вне","nameA":""},{"lang":"vi-VN","name":"Ra ngoài","nameA":""},{"lang":"zh-CN","name":"外面","nameA":""},{"lang":"hi-IN","name":"बाहर","nameA":""},{"lang":"th-TH","name":"ออก","nameA":""},{"lang":"tr-TR","name":"Dışarı","nameA":""},{"lang":"pt-BR","name":"Fora","nameA":""},{"lang":"de-DE","name":"Draußen","nameA":""},{"lang":"id-ID","name":"Keluar","nameA":""},{"lang":"fr-FR","name":"Dehors","nameA":""}]},{"id":0,"name":"plough","transcription":"[plaʊ]","nameA":"","image":" ","bg":"transparent","nameAnswer":"","translates":[{"lang":"ru-RU","name":"Плуг","nameA":""},{"lang":"vi-VN","name":"Cái cày","nameA":""},{"lang":"zh-CN","name":"犁","nameA":""},{"lang":"hi-IN","name":"हल","nameA":""},{"lang":"th-TH","name":"คันไถ","nameA":""},{"lang":"tr-TR","name":"Pulluk","nameA":""},{"lang":"pt-BR","name":"Arado","nameA":""},{"lang":"de-DE","name":"Pflug","nameA":""},{"lang":"id-ID","name":"Bajak","nameA":""},{"lang":"fr-FR","name":"Charrue","nameA":""}]}]}