{"name":"Kitchen","isRandom":true,"isBlur":true,"isUpper":true,"isByWords":false,"isForAdult":false,"separator":"","numWords":103,"tags":["home","kitchen"],"Translations":[],"items":[{"id":57,"name":"apron","transcription":"[ˈeɪprən]","image":"/img/dict/home/apron.png","translates":[{"lang":"ru-RU","name":"фартук"},{"lang":"vi-VN","name":"tạp dề"},{"lang":"zh-CN","name":"围裙"},{"lang":"hi-IN","name":"एप्रन"},{"lang":"th-TH","name":"ผ้ากันเปื้อน"},{"lang":"tr-TR","name":"önlük"},{"lang":"pt-BR","name":"avental"},{"lang":"de-DE","name":"Schürze"},{"lang":"id-ID","name":"celemek"},{"lang":"fr-FR","name":"tablier"}]},{"id":33,"name":"baking tray","transcription":"[ˈbeɪkɪŋ treɪ]","image":"/img/dict/home/baking_tray.png","translates":[{"lang":"ru-RU","name":"противень"},{"lang":"vi-VN","name":"khay nướng"},{"lang":"zh-CN","name":"烤盘"},{"lang":"hi-IN","name":"बेकिंग ट्रे"},{"lang":"th-TH","name":"ถาดอบ"},{"lang":"tr-TR","name":"fırın tepsisi"},{"lang":"pt-BR","name":"forma de assar"},{"lang":"de-DE","name":"Backblech"},{"lang":"id-ID","name":"loyang panggang"},{"lang":"fr-FR","name":"plaque de cuisson"}]},{"id":58,"name":"bin","transcription":"[bɪn]","image":"/img/dict/home/bin.png","translates":[{"lang":"ru-RU","name":"мусорное ведро"},{"lang":"vi-VN","name":"thùng rác"},{"lang":"zh-CN","name":"垃圾桶"},{"lang":"hi-IN","name":"कचरा पात्र"},{"lang":"th-TH","name":"ถังขยะ"},{"lang":"tr-TR","name":"çöp kutusu"},{"lang":"pt-BR","name":"lixeira"},{"lang":"de-DE","name":"Mülleimer"},{"lang":"id-ID","name":"tempat sampah"},{"lang":"fr-FR","name":"poubelle"}]},{"id":12,"name":"blender","transcription":"[ˈblendə]","image":"/img/dict/home/blender.png","translates":[{"lang":"ru-RU","name":"блендер"},{"lang":"vi-VN","name":"máy xay"},{"lang":"zh-CN","name":"搅拌机"},{"lang":"hi-IN","name":"ब्लेंडर"},{"lang":"th-TH","name":"เครื่องปั่น"},{"lang":"tr-TR","name":"blender"},{"lang":"pt-BR","name":"liquidificador"},{"lang":"de-DE","name":"Mixer"},{"lang":"id-ID","name":"blender"},{"lang":"fr-FR","name":"mixeur"}]},{"id":72,"name":"bottle opener","transcription":"[ˈbɑːtl ˈəʊpnər]","image":"/img/dict/home/bottle_opener.png","translates":[{"lang":"ru-RU","name":"открывашка"},{"lang":"vi-VN","name":"đồ mở chai"},{"lang":"zh-CN","name":"开瓶器"},{"lang":"hi-IN","name":"बोतल खोलने वाला"},{"lang":"th-TH","name":"ที่เปิดขวด"},{"lang":"tr-TR","name":"şişe açacağı"},{"lang":"pt-BR","name":"abridor de garrafas"},{"lang":"de-DE","name":"Flaschenöffner"},{"lang":"id-ID","name":"pembuka botol"},{"lang":"fr-FR","name":"ouvre-bouteille"}]},{"id":48,"name":"bowl","transcription":"[bəʊl]","image":"/img/dict/home/bowl.png","translates":[{"lang":"ru-RU","name":"чаша"},{"lang":"vi-VN","name":"tô"},{"lang":"zh-CN","name":"碗"},{"lang":"hi-IN","name":"कटोरा"},{"lang":"th-TH","name":"ชาม"},{"lang":"tr-TR","name":"kase"},{"lang":"pt-BR","name":"tigela"},{"lang":"de-DE","name":"Schüssel"},{"lang":"id-ID","name":"mangkuk"},{"lang":"fr-FR","name":"bol"}]},{"id":74,"name":"bread box","transcription":"[bred bɑːks]","image":"/img/dict/home/breadbox.png","translates":[{"lang":"ru-RU","name":"хлебница"},{"lang":"vi-VN","name":"hộp đựng bánh mì"},{"lang":"zh-CN","name":"面包盒"},{"lang":"hi-IN","name":"ब्रेड बॉक्स"},{"lang":"th-TH","name":"กล่องขนมปัง"},{"lang":"tr-TR","name":"ekmek kutusu"},{"lang":"pt-BR","name":"caixa de pão"},{"lang":"de-DE","name":"Brotkasten"},{"lang":"id-ID","name":"kotak roti"},{"lang":"fr-FR","name":"boîte à pain"}]},{"id":79,"name":"bucket","transcription":"[ˈbʌkɪt]","image":"/img/dict/home/bucket.png","translates":[{"lang":"ru-RU","name":"ведро"},{"lang":"vi-VN","name":"xô"},{"lang":"zh-CN","name":"桶"},{"lang":"hi-IN","name":"बाल्टी"},{"lang":"th-TH","name":"ถัง"},{"lang":"tr-TR","name":"kova"},{"lang":"pt-BR","name":"balde"},{"lang":"de-DE","name":"Eimer"},{"lang":"id-ID","name":"ember"},{"lang":"fr-FR","name":"seau"}]},{"id":7,"name":"burner","transcription":"[ˈbɜːnə]","image":"/img/dict/home/burner.png","translates":[{"lang":"ru-RU","name":"конфорка"},{"lang":"vi-VN","name":"bếp"},{"lang":"zh-CN","name":"炉灶"},{"lang":"hi-IN","name":"बर्नर"},{"lang":"th-TH","name":"เตา"},{"lang":"tr-TR","name":"ocak"},{"lang":"pt-BR","name":"queimador"},{"lang":"de-DE","name":"Herdplatte"},{"lang":"id-ID","name":"pembakar"},{"lang":"fr-FR","name":"brûleur"}]},{"id":15,"name":"butter-dish","transcription":"[ˈbʌtədɪʃ]","image":"/img/dict/home/butter-dish.png","translates":[{"lang":"ru-RU","name":"масленка"},{"lang":"vi-VN","name":"đĩa đựng bơ"},{"lang":"zh-CN","name":"黄油碟"},{"lang":"hi-IN","name":"मक्खन डिश"},{"lang":"th-TH","name":"จานเนย"},{"lang":"tr-TR","name":"tereyağı tabağı"},{"lang":"pt-BR","name":"prato de manteiga"},{"lang":"de-DE","name":"Butterdose"},{"lang":"id-ID","name":"piring mentega"},{"lang":"fr-FR","name":"beurrier"}]},{"id":4,"name":"cabinet","transcription":"[ˈkæbɪnɪt]","image":"/img/dict/home/cabinet.png","translates":[{"lang":"ru-RU","name":"шкафчик"},{"lang":"vi-VN","name":"tủ"},{"lang":"zh-CN","name":"橱柜"},{"lang":"hi-IN","name":"कैबिनेट"},{"lang":"th-TH","name":"ตู้"},{"lang":"tr-TR","name":"dolap"},{"lang":"pt-BR","name":"armário"},{"lang":"de-DE","name":"Schrank"},{"lang":"id-ID","name":"lemari"},{"lang":"fr-FR","name":"armoire"}]},{"id":3,"name":"can opener","transcription":"[ˈəʊpnər]","image":"/img/dict/home/can_opener.png","translates":[{"lang":"ru-RU","name":"консервный нож"},{"lang":"vi-VN","name":"đồ mở hộp"},{"lang":"zh-CN","name":"开罐器"},{"lang":"hi-IN","name":"कैन ओपनर"},{"lang":"th-TH","name":"ที่เปิดกระป๋อง"},{"lang":"tr-TR","name":"konserve açacağı"},{"lang":"pt-BR","name":"abridor de latas"},{"lang":"de-DE","name":"Dosenöffner"},{"lang":"id-ID","name":"pembuka kaleng"},{"lang":"fr-FR","name":"ouvre-boîte"}]},{"id":28,"name":"canned food","transcription":"[ˈkrɑːkərɪ]","image":"/img/dict/home/canned_food.png","translates":[{"lang":"ru-RU","name":"консервы"},{"lang":"vi-VN","name":"đồ hộp"},{"lang":"zh-CN","name":"罐头食品"},{"lang":"hi-IN","name":"डिब्बाबंद भोजन"},{"lang":"th-TH","name":"อาหารกระป๋อง"},{"lang":"tr-TR","name":"konserve yiyecek"},{"lang":"pt-BR","name":"comida enlatada"},{"lang":"de-DE","name":"Konserven"},{"lang":"id-ID","name":"makanan kaleng"},{"lang":"fr-FR","name":"nourriture en conserve"}]},{"id":13,"name":"chair","transcription":"[ʧeə]","image":"/img/dict/home/chair.png","translates":[{"lang":"ru-RU","name":"стул"},{"lang":"vi-VN","name":"ghế"},{"lang":"zh-CN","name":"椅子"},{"lang":"hi-IN","name":"कुर्सी"},{"lang":"th-TH","name":"เก้าอี้"},{"lang":"tr-TR","name":"sandalye"},{"lang":"pt-BR","name":"cadeira"},{"lang":"de-DE","name":"Stuhl"},{"lang":"id-ID","name":"kursi"},{"lang":"fr-FR","name":"chaise"}]},{"id":5,"name":"clothes peg","transcription":"[kləʊðz peɡ]","image":"/img/dict/home/clothes_peg.png","translates":[{"lang":"ru-RU","name":"прищепка"},{"lang":"vi-VN","name":"kẹp quần áo"},{"lang":"zh-CN","name":"衣夹"},{"lang":"hi-IN","name":"कपड़े का पेग"},{"lang":"th-TH","name":"ที่หนีบผ้า"},{"lang":"tr-TR","name":"çamaşır mandalı"},{"lang":"pt-BR","name":"pregador de roupa"},{"lang":"de-DE","name":"Wäscheklammer"},{"lang":"id-ID","name":"penjepit baju"},{"lang":"fr-FR","name":"pince à linge"}]},{"id":85,"name":"coffee machine","transcription":"[ˈkɒfɪ məˈʃiːn]","image":"/img/dict/home/coffee_machine.png","translates":[{"lang":"ru-RU","name":"кофе-машина"},{"lang":"vi-VN","name":"máy pha cà phê"},{"lang":"zh-CN","name":"咖啡机"},{"lang":"hi-IN","name":"कॉफी मशीन"},{"lang":"th-TH","name":"เครื่องชงกาแฟ"},{"lang":"tr-TR","name":"kahve makinesi"},{"lang":"pt-BR","name":"máquina de café"},{"lang":"de-DE","name":"Kaffeemaschine"},{"lang":"id-ID","name":"mesin kopi"},{"lang":"fr-FR","name":"machine à café"}]},{"id":78,"name":"coffee-mill","transcription":"[ˈkɒfɪ mɪl]","image":"/img/dict/home/coffee-mill.png","translates":[{"lang":"ru-RU","name":"кофемолка"},{"lang":"vi-VN","name":"máy xay cà phê"},{"lang":"zh-CN","name":"咖啡磨"},{"lang":"hi-IN","name":"कॉफी मिल"},{"lang":"th-TH","name":"เครื่องบดกาแฟ"},{"lang":"tr-TR","name":"kahve değirmeni"},{"lang":"pt-BR","name":"moedor de café"},{"lang":"de-DE","name":"Kaffeemühle"},{"lang":"id-ID","name":"penggiling kopi"},{"lang":"fr-FR","name":"moulin à café"}]},{"id":73,"name":"coffee-pot","transcription":"[ˈkɔːfiːˌpɑːt]","image":"/img/dict/home/coffee-pot.png","translates":[{"lang":"ru-RU","name":"кофейник"},{"lang":"vi-VN","name":"ấm pha cà phê"},{"lang":"zh-CN","name":"咖啡壶"},{"lang":"hi-IN","name":"कॉफी पॉट"},{"lang":"th-TH","name":"กาแฟ"},{"lang":"tr-TR","name":"kahve demliği"},{"lang":"pt-BR","name":"cafeteira"},{"lang":"de-DE","name":"Kaffeekanne"},{"lang":"id-ID","name":"teko kopi"},{"lang":"fr-FR","name":"cafetière"}]},{"id":1,"name":"colander","transcription":"[ˈkʌləndə]","image":"/img/dict/home/colander.png","translates":[{"lang":"ru-RU","name":"дуршлаг"},{"lang":"vi-VN","name":"rổ lọc"},{"lang":"zh-CN","name":"滤网"},{"lang":"hi-IN","name":"कलंदर"},{"lang":"th-TH","name":"กระชอน"},{"lang":"tr-TR","name":"süzgeç"},{"lang":"pt-BR","name":"escorredor"},{"lang":"de-DE","name":"Sieb"},{"lang":"id-ID","name":"saringan"},{"lang":"fr-FR","name":"passoire"}]},{"id":42,"name":"cookbook","transcription":"[ˈkʊkbʊk]","image":"/img/dict/home/cookbook.png","translates":[{"lang":"ru-RU","name":"кулинарная книга"},{"lang":"vi-VN","name":"sách nấu ăn"},{"lang":"zh-CN","name":"烹饪书"},{"lang":"hi-IN","name":"रसोई की किताब"},{"lang":"th-TH","name":"หนังสือทำอาหาร"},{"lang":"tr-TR","name":"yemek kitabı"},{"lang":"pt-BR","name":"livro de receitas"},{"lang":"de-DE","name":"Kochbuch"},{"lang":"id-ID","name":"buku masak"},{"lang":"fr-FR","name":"livre de cuisine"}]},{"id":90,"name":"corkscrew","transcription":"[ˈkɔːrkskruː]","image":"/img/dict/home/corkscrew.png","translates":[{"lang":"ru-RU","name":"штопор"},{"lang":"vi-VN","name":"đồ mở nút chai"},{"lang":"zh-CN","name":"开瓶器"},{"lang":"hi-IN","name":"कॉर्कस्क्रू"},{"lang":"th-TH","name":"ที่เปิดขวด"},{"lang":"tr-TR","name":"tirbuşon"},{"lang":"pt-BR","name":"saca-rolhas"},{"lang":"de-DE","name":"Korkenzieher"},{"lang":"id-ID","name":"pembuka botol"},{"lang":"fr-FR","name":"tire-bouchon"}]},{"id":52,"name":"cruet-stand","transcription":"[ˈkruːɪt stænd]","image":"/img/dict/home/cruet-stand.png","translates":[{"lang":"ru-RU","name":"судок для специй"},{"lang":"vi-VN","name":"giá đựng gia vị"},{"lang":"zh-CN","name":"调味品架"},{"lang":"hi-IN","name":"मसाला स्टैंड"},{"lang":"th-TH","name":"ที่วางเครื่องปรุง"},{"lang":"tr-TR","name":"baharatlık"},{"lang":"pt-BR","name":"suporte de temperos"},{"lang":"de-DE","name":"Gewürzständer"},{"lang":"id-ID","name":"stand bumbu"},{"lang":"fr-FR","name":"support à condiments"}]},{"id":75,"name":"cup and saucer","transcription":"[kʌp ˈsɔːsər]","image":"/img/dict/home/cup_and_saucer.png","translates":[{"lang":"ru-RU","name":"чашка и блюдце"},{"lang":"vi-VN","name":"tách và đĩa lót"},{"lang":"zh-CN","name":"杯子和碟子"},{"lang":"hi-IN","name":"कप और तश्तरी"},{"lang":"th-TH","name":"ถ้วยและจานรอง"},{"lang":"tr-TR","name":"fincan ve tabak"},{"lang":"pt-BR","name":"xícara e pires"},{"lang":"de-DE","name":"Tasse und Untertasse"},{"lang":"id-ID","name":"cangkir dan piring"},{"lang":"fr-FR","name":"tasse et soucoupe"}]},{"id":49,"name":"cupboard","transcription":"[ˈkʌpbəd]","image":"/img/dict/home/cupboard.png","translates":[{"lang":"ru-RU","name":"шкаф для посуды"},{"lang":"vi-VN","name":"tủ đựng chén"},{"lang":"zh-CN","name":"碗柜"},{"lang":"hi-IN","name":"कपबोर्ड"},{"lang":"th-TH","name":"ตู้เก็บจาน"},{"lang":"tr-TR","name":"buzdolabı"},{"lang":"pt-BR","name":"armário de cozinha"},{"lang":"de-DE","name":"Schrank"},{"lang":"id-ID","name":"lemari piring"},{"lang":"fr-FR","name":"placard"}]},{"id":41,"name":"cutlery","transcription":"[ˈkʌtlərɪ]","image":"/img/dict/home/cutlery.png","translates":[{"lang":"ru-RU","name":"столовые приборы"},{"lang":"vi-VN","name":"dao kéo"},{"lang":"zh-CN","name":"餐具"},{"lang":"hi-IN","name":"कटलरी"},{"lang":"th-TH","name":"เครื่องใช้บนโต๊ะอาหาร"},{"lang":"tr-TR","name":"çatal bıçak takımı"},{"lang":"pt-BR","name":"talheres"},{"lang":"de-DE","name":"Besteck"},{"lang":"id-ID","name":"alat makan"},{"lang":"fr-FR","name":"couverts"}]},{"id":83,"name":"cutlery holder","transcription":"[ˈkʌtlərɪ ˈhəʊldər]","image":"/img/dict/home/cutlery_holder.png","translates":[{"lang":"ru-RU","name":"держатель для столовых приборов"},{"lang":"vi-VN","name":"giá đựng dao kéo"},{"lang":"zh-CN","name":"餐具架"},{"lang":"hi-IN","name":"कटलरी होल्डर"},{"lang":"th-TH","name":"ที่วางเครื่องใช้บนโต๊ะอาหาร"},{"lang":"tr-TR","name":"çatal bıçak tutacağı"},{"lang":"pt-BR","name":"suporte de talheres"},{"lang":"de-DE","name":"Besteckhalter"},{"lang":"id-ID","name":"tempat alat makan"},{"lang":"fr-FR","name":"porte-couverts"}]},{"id":69,"name":"cutting board","transcription":"[ˈkʌtɪŋ bɔːrd]","image":"/img/dict/home/cutting_board.png","translates":[{"lang":"ru-RU","name":"разделочная доска"},{"lang":"vi-VN","name":"thớt"},{"lang":"zh-CN","name":"砧板"},{"lang":"hi-IN","name":"कटिंग बोर्ड"},{"lang":"th-TH","name":"เขียง"},{"lang":"tr-TR","name":"kesme tahtası"},{"lang":"pt-BR","name":"tábua de corte"},{"lang":"de-DE","name":"Schneidebrett"},{"lang":"id-ID","name":"talenan"},{"lang":"fr-FR","name":"planche à découper"}]},{"id":32,"name":"decanter","transcription":"[dɪˈkæntər]","image":"/img/dict/home/decanter.png","translates":[{"lang":"ru-RU","name":"графин"},{"lang":"vi-VN","name":"bình đựng rượu"},{"lang":"zh-CN","name":"醒酒器"},{"lang":"hi-IN","name":"डिकैंटर"},{"lang":"th-TH","name":"เหยือก"},{"lang":"tr-TR","name":"sürahi"},{"lang":"pt-BR","name":"decantador"},{"lang":"de-DE","name":"Karaffe"},{"lang":"id-ID","name":"botol anggur"},{"lang":"fr-FR","name":"carafe"}]},{"id":101,"name":"dish","transcription":"[dɪʃ]","image":"/img/dict/home/dish.png","translates":[{"lang":"ru-RU","name":"блюдо"},{"lang":"vi-VN","name":"đĩa"},{"lang":"zh-CN","name":"盘子"},{"lang":"hi-IN","name":"पकवान"},{"lang":"th-TH","name":"จาน"},{"lang":"tr-TR","name":"tabak"},{"lang":"pt-BR","name":"prato"},{"lang":"de-DE","name":"Gericht"},{"lang":"id-ID","name":"piring"},{"lang":"fr-FR","name":"plat"}]},{"id":54,"name":"Dish Soap","transcription":"[dɪʃ səʊp]","image":"/img/dict/home/dish_soap.png","translates":[{"lang":"ru-RU","name":"средство для мытья посуды"},{"lang":"vi-VN","name":"nước rửa chén"},{"lang":"zh-CN","name":"洗洁精"},{"lang":"hi-IN","name":"बर्तन धोने का साबुन"},{"lang":"th-TH","name":"น้ำยาล้างจาน"},{"lang":"tr-TR","name":"bulaşık deterjanı"},{"lang":"pt-BR","name":"detergente"},{"lang":"de-DE","name":"Spülmittel"},{"lang":"id-ID","name":"sabun cuci piring"},{"lang":"fr-FR","name":"liquide vaisselle"}]},{"id":59,"name":"dishwasher","transcription":"[ˈdɪʃwɒʃə]","image":"/img/dict/home/dishwasher.png","translates":[{"lang":"ru-RU","name":"посудомоечная машина"},{"lang":"vi-VN","name":"máy rửa chén"},{"lang":"zh-CN","name":"洗碗机"},{"lang":"hi-IN","name":"बर्तन धोने की मशीन"},{"lang":"th-TH","name":"เครื่องล้างจาน"},{"lang":"tr-TR","name":"bulaşık makinesi"},{"lang":"pt-BR","name":"lava-louças"},{"lang":"de-DE","name":"Geschirrspüler"},{"lang":"id-ID","name":"mesin cuci piring"},{"lang":"fr-FR","name":"lave-vaisselle"}]},{"id":61,"name":"draining board","transcription":"[ˈdreɪnɪŋ bɔːrd]","image":"/img/dict/home/draining_board.png","translates":[{"lang":"ru-RU","name":"сушилка для посуды"},{"lang":"vi-VN","name":"giá phơi chén"},{"lang":"zh-CN","name":"沥水架"},{"lang":"hi-IN","name":"ड्रेनिंग बोर्ड"},{"lang":"th-TH","name":"ที่วางจานให้แห้ง"},{"lang":"tr-TR","name":"drenaj tahtası"},{"lang":"pt-BR","name":"escorredor de louças"},{"lang":"de-DE","name":"Abtropfbrett"},{"lang":"id-ID","name":"rak piring"},{"lang":"fr-FR","name":"égouttoir"}]},{"id":70,"name":"egg slicer","transcription":"[eɡ]","image":"/img/dict/home/egg_slicer.png","translates":[{"lang":"ru-RU","name":"яйцерезка"},{"lang":"vi-VN","name":"dụng cụ cắt trứng"},{"lang":"zh-CN","name":"切蛋器"},{"lang":"hi-IN","name":"अंडा काटने वाला"},{"lang":"th-TH","name":"ที่หั่นไข่"},{"lang":"tr-TR","name":"yumurta dilimleyici"},{"lang":"pt-BR","name":"cortador de ovos"},{"lang":"de-DE","name":"Eierschneider"},{"lang":"id-ID","name":"pemotong telur"},{"lang":"fr-FR","name":"coupe-œuf"}]},{"id":56,"name":"Foil","transcription":"[fɔɪl]","image":"/img/dict/home/foil.png","translates":[{"lang":"ru-RU","name":"фольга"},{"lang":"vi-VN","name":"giấy bạc"},{"lang":"zh-CN","name":"箔"},{"lang":"hi-IN","name":"फ़ॉइल"},{"lang":"th-TH","name":"ฟอยล์"},{"lang":"tr-TR","name":"folyo"},{"lang":"pt-BR","name":"papel alumínio"},{"lang":"de-DE","name":"Folie"},{"lang":"id-ID","name":"kertas timah"},{"lang":"fr-FR","name":"feuille d\u0027aluminium"}]},{"id":9,"name":"food container","transcription":"[fuːd kənˈteɪnər]","image":"/img/dict/home/food_container.png","translates":[{"lang":"ru-RU","name":"контейнер"},{"lang":"vi-VN","name":"hộp đựng thức ăn"},{"lang":"zh-CN","name":"食品容器"},{"lang":"hi-IN","name":"भोजन कंटेनर"},{"lang":"th-TH","name":"ภาชนะใส่อาหาร"},{"lang":"tr-TR","name":"yiyecek kabı"},{"lang":"pt-BR","name":"recipiente de comida"},{"lang":"de-DE","name":"Lebensmittelbehälter"},{"lang":"id-ID","name":"wadah makanan"},{"lang":"fr-FR","name":"récipient alimentaire"}]},{"id":89,"name":"food processor","transcription":"[fuːd ˈprɑːsesər]","image":"/img/dict/home/food_processor.png","translates":[{"lang":"ru-RU","name":"кухонный комбайн"},{"lang":"vi-VN","name":"máy xay thực phẩm"},{"lang":"zh-CN","name":"食物处理器"},{"lang":"hi-IN","name":"फूड प्रोसेसर"},{"lang":"th-TH","name":"เครื่องเตรียมอาหาร"},{"lang":"tr-TR","name":"mutfak robotu"},{"lang":"pt-BR","name":"processador de alimentos"},{"lang":"de-DE","name":"Küchenmaschine"},{"lang":"id-ID","name":"pengolah makanan"},{"lang":"fr-FR","name":"robot culinaire"}]},{"id":50,"name":"fork","transcription":"[fɔːk]","image":"/img/dict/home/fork.png","translates":[{"lang":"ru-RU","name":"вилка"},{"lang":"vi-VN","name":"nĩa"},{"lang":"zh-CN","name":"叉子"},{"lang":"hi-IN","name":"कांटा"},{"lang":"th-TH","name":"ส้อม"},{"lang":"tr-TR","name":"çatal"},{"lang":"pt-BR","name":"garfo"},{"lang":"de-DE","name":"Gabel"},{"lang":"id-ID","name":"garpu"},{"lang":"fr-FR","name":"fourchette"}]},{"id":26,"name":"freezer","transcription":"[ˈfriːzə]","image":"/img/dict/home/freezer.png","translates":[{"lang":"ru-RU","name":"морозилка"},{"lang":"vi-VN","name":"tủ đông"},{"lang":"zh-CN","name":"冷冻柜"},{"lang":"hi-IN","name":"फ्रीजर"},{"lang":"th-TH","name":"ช่องแช่แข็ง"},{"lang":"tr-TR","name":"dondurucu"},{"lang":"pt-BR","name":"congelador"},{"lang":"de-DE","name":"Gefrierschrank"},{"lang":"id-ID","name":"freezer"},{"lang":"fr-FR","name":"congélateur"}]},{"id":27,"name":"fridge","transcription":"[frɪʤ]","image":"/img/dict/home/fridge.png","translates":[{"lang":"ru-RU","name":"холодильник"},{"lang":"vi-VN","name":"tủ lạnh"},{"lang":"zh-CN","name":"冰箱"},{"lang":"hi-IN","name":"फ्रिज"},{"lang":"th-TH","name":"ตู้เย็น"},{"lang":"tr-TR","name":"buzdolabı"},{"lang":"pt-BR","name":"geladeira"},{"lang":"de-DE","name":"Kühlschrank"},{"lang":"id-ID","name":"kulkas"},{"lang":"fr-FR","name":"réfrigérateur"}]},{"id":100,"name":"frying pan","transcription":"[ˈfraɪɪŋ pæn]","image":"/img/dict/home/frying_pan.png","translates":[{"lang":"ru-RU","name":"сковородка"},{"lang":"vi-VN","name":"chảo rán"},{"lang":"zh-CN","name":"煎锅"},{"lang":"hi-IN","name":"फ्राइंग पैन"},{"lang":"th-TH","name":"กระทะ"},{"lang":"tr-TR","name":"tava"},{"lang":"pt-BR","name":"frigideira"},{"lang":"de-DE","name":"Bratpfanne"},{"lang":"id-ID","name":"wajan"},{"lang":"fr-FR","name":"poêle à frire"}]},{"id":30,"name":"funnel","transcription":"[fʌnl]","image":"/img/dict/home/funnel.png","translates":[{"lang":"ru-RU","name":"воронка"},{"lang":"vi-VN","name":"phễu"},{"lang":"zh-CN","name":"漏斗"},{"lang":"hi-IN","name":"फ़नल"},{"lang":"th-TH","name":"กรวย"},{"lang":"tr-TR","name":"hunı"},{"lang":"pt-BR","name":"funil"},{"lang":"de-DE","name":"Trichter"},{"lang":"id-ID","name":"corong"},{"lang":"fr-FR","name":"entonnoir"}]},{"id":80,"name":"garbage bag","transcription":"[ˈɡɑːrbɪdʒ bæɡ]","image":"/img/dict/home/garbage_bag.png","translates":[{"lang":"ru-RU","name":"мешок для мусора"},{"lang":"vi-VN","name":"túi rác"},{"lang":"zh-CN","name":"垃圾袋"},{"lang":"hi-IN","name":"कचरा बैग"},{"lang":"th-TH","name":"ถุงขยะ"},{"lang":"tr-TR","name":"çöp torbası"},{"lang":"pt-BR","name":"saco de lixo"},{"lang":"de-DE","name":"Müllbeutel"},{"lang":"id-ID","name":"kantong sampah"},{"lang":"fr-FR","name":"sac poubelle"}]},{"id":81,"name":"garlic press","transcription":"[ˈɡɑːrlɪk pres]","image":"/img/dict/home/garlic_press.png","translates":[{"lang":"ru-RU","name":"пресс для чеснока"},{"lang":"vi-VN","name":"máy ép tỏi"},{"lang":"zh-CN","name":"蒜泥器"},{"lang":"hi-IN","name":"लहसुन प्रेस"},{"lang":"th-TH","name":"ที่บดกระเทียม"},{"lang":"tr-TR","name":"sarımsak presi"},{"lang":"pt-BR","name":"espremedor de alho"},{"lang":"de-DE","name":"Knoblauchpresse"},{"lang":"id-ID","name":"penghancur bawang putih"},{"lang":"fr-FR","name":"presse-ail"}]},{"id":44,"name":"gas","transcription":"[gæs]","image":"/img/dict/home/gas.png","translates":[{"lang":"ru-RU","name":"газ"},{"lang":"vi-VN","name":"khí ga"},{"lang":"zh-CN","name":"煤气"},{"lang":"hi-IN","name":"गैस"},{"lang":"th-TH","name":"แก๊ส"},{"lang":"tr-TR","name":"gaz"},{"lang":"pt-BR","name":"gás"},{"lang":"de-DE","name":"Gas"},{"lang":"id-ID","name":"gas"},{"lang":"fr-FR","name":"gaz"}]},{"id":95,"name":"glass","transcription":"[glɑːs]","image":"/img/dict/home/glass.png","translates":[{"lang":"ru-RU","name":"Стакан"},{"lang":"vi-VN","name":"ly"},{"lang":"zh-CN","name":"玻璃杯"},{"lang":"hi-IN","name":"गिलास"},{"lang":"th-TH","name":"แก้ว"},{"lang":"tr-TR","name":"bardak"},{"lang":"pt-BR","name":"copo"},{"lang":"de-DE","name":"Glas"},{"lang":"id-ID","name":"gelas"},{"lang":"fr-FR","name":"verre"}]},{"id":67,"name":"grater","transcription":"[ˈɡreɪtər]","image":"/img/dict/home/grater.png","translates":[{"lang":"ru-RU","name":"терка"},{"lang":"vi-VN","name":"dụng cụ nạo"},{"lang":"zh-CN","name":"擦丝器"},{"lang":"hi-IN","name":"कद्दूकस"},{"lang":"th-TH","name":"ที่ขูด"},{"lang":"tr-TR","name":"rende"},{"lang":"pt-BR","name":"ralador"},{"lang":"de-DE","name":"Reibe"},{"lang":"id-ID","name":"parutan"},{"lang":"fr-FR","name":"râpe"}]},{"id":88,"name":"grill","transcription":"[grɪl]","image":"/img/dict/home/grill.png","translates":[{"lang":"ru-RU","name":"гриль"},{"lang":"vi-VN","name":"vỉ nướng"},{"lang":"zh-CN","name":"烤架"},{"lang":"hi-IN","name":"ग्रिल"},{"lang":"th-TH","name":"ตะแกรงย่าง"},{"lang":"tr-TR","name":"ızgara"},{"lang":"pt-BR","name":"grelha"},{"lang":"de-DE","name":"Grill"},{"lang":"id-ID","name":"pemanggang"},{"lang":"fr-FR","name":"gril"}]},{"id":68,"name":"hot pad","transcription":"[hɑːt pæd]","image":"/img/dict/home/hot_pad.png","translates":[{"lang":"ru-RU","name":"подставка под горячее"},{"lang":"vi-VN","name":"lót nóng"},{"lang":"zh-CN","name":"隔热垫"},{"lang":"hi-IN","name":"हॉट पैड"},{"lang":"th-TH","name":"แผ่นรองร้อน"},{"lang":"tr-TR","name":"sıcaklık pedi"},{"lang":"pt-BR","name":"protetor de calor"},{"lang":"de-DE","name":"Hitzeunterlage"},{"lang":"id-ID","name":"alas panas"},{"lang":"fr-FR","name":"dessous-de-plat"}]},{"id":91,"name":"hot pot","transcription":"[ˈkʊkɪŋ pɒt]","image":"/img/dict/home/hot_pot.png","translates":[{"lang":"ru-RU","name":"горячий горшочек"},{"lang":"vi-VN","name":"nồi lẩu"},{"lang":"zh-CN","name":"火锅"},{"lang":"hi-IN","name":"हॉट पॉट"},{"lang":"th-TH","name":"หม้อไฟ"},{"lang":"tr-TR","name":"sıcak tencere"},{"lang":"pt-BR","name":"panela quente"},{"lang":"de-DE","name":"Hot Pot"},{"lang":"id-ID","name":"panci panas"},{"lang":"fr-FR","name":"marmite chaude"}]},{"id":14,"name":"ice tray","transcription":"[aɪs treɪ]","image":"/img/dict/home/ice_tray.png","translates":[{"lang":"ru-RU","name":"форма для льда"},{"lang":"vi-VN","name":"khay đá"},{"lang":"zh-CN","name":"冰格"},{"lang":"hi-IN","name":"बर्फ ट्रे"},{"lang":"th-TH","name":"ถาดน้ำแข็ง"},{"lang":"tr-TR","name":"buz tepsisi"},{"lang":"pt-BR","name":"forma de gelo"},{"lang":"de-DE","name":"Eiswürfelbehälter"},{"lang":"id-ID","name":"nampan es"},{"lang":"fr-FR","name":"bac à glaçons"}]},{"id":62,"name":"jar","transcription":"[dʒɑːr]","image":"/img/dict/home/jar.png","translates":[{"lang":"ru-RU","name":"банка"},{"lang":"vi-VN","name":"lọ"},{"lang":"zh-CN","name":"罐子"},{"lang":"hi-IN","name":"जार"},{"lang":"th-TH","name":"โถ"},{"lang":"tr-TR","name":"kavanoz"},{"lang":"pt-BR","name":"pote"},{"lang":"de-DE","name":"Glas"},{"lang":"id-ID","name":"toples"},{"lang":"fr-FR","name":"bocal"}]},{"id":40,"name":"jug","transcription":"[ʤʌg]","image":"/img/dict/home/jug.png","translates":[{"lang":"ru-RU","name":"кувшин"},{"lang":"vi-VN","name":"bình"},{"lang":"zh-CN","name":"水壶"},{"lang":"hi-IN","name":"जग"},{"lang":"th-TH","name":"เหยือก"},{"lang":"tr-TR","name":"sürahi"},{"lang":"pt-BR","name":"jarro"},{"lang":"de-DE","name":"Krug"},{"lang":"id-ID","name":"kendi"},{"lang":"fr-FR","name":"cruche"}]},{"id":45,"name":"juicer","transcription":"[ˈdʒuːsər]","image":"/img/dict/home/juicer.png","translates":[{"lang":"ru-RU","name":"соковыжималка"},{"lang":"vi-VN","name":"máy ép trái cây"},{"lang":"zh-CN","name":"榨汁机"},{"lang":"hi-IN","name":"जूसर"},{"lang":"th-TH","name":"เครื่องคั้นน้ำผลไม้"},{"lang":"tr-TR","name":"meyve sıkacağı"},{"lang":"pt-BR","name":"espremedor de frutas"},{"lang":"de-DE","name":"Entsafter"},{"lang":"id-ID","name":"juicer"},{"lang":"fr-FR","name":"presse-agrumes"}]},{"id":8,"name":"kettle","transcription":"[ketl]","image":"/img/dict/home/kettle.png","translates":[{"lang":"ru-RU","name":"чайник"},{"lang":"vi-VN","name":"ấm đun nước"},{"lang":"zh-CN","name":"水壶"},{"lang":"hi-IN","name":"केतली"},{"lang":"th-TH","name":"กาต้มน้ำ"},{"lang":"tr-TR","name":"su ısıtıcısı"},{"lang":"pt-BR","name":"chaleira"},{"lang":"de-DE","name":"Wasserkocher"},{"lang":"id-ID","name":"ketel"},{"lang":"fr-FR","name":"bouilloire"}]},{"id":37,"name":"kitchen roll","transcription":"[ˈkɪtʃɪn rəʊl]","image":"/img/dict/home/kitchen_roll.png","translates":[{"lang":"ru-RU","name":"бумажные полотенца"},{"lang":"vi-VN","name":"giấy lau bếp"},{"lang":"zh-CN","name":"厨房卷纸"},{"lang":"hi-IN","name":"रसोई रोल"},{"lang":"th-TH","name":"กระดาษชำระครัว"},{"lang":"tr-TR","name":"mutfak kağıdı"},{"lang":"pt-BR","name":"papel de cozinha"},{"lang":"de-DE","name":"Küchenrolle"},{"lang":"id-ID","name":"tisu dapur"},{"lang":"fr-FR","name":"essuie-tout"}]},{"id":76,"name":"kitchen scale","transcription":"[ˈkɪʧɪn skeɪl]","image":"/img/dict/home/kitchen_scale.png","translates":[{"lang":"ru-RU","name":"кухонные весы"},{"lang":"vi-VN","name":"cân bếp"},{"lang":"zh-CN","name":"厨房秤"},{"lang":"hi-IN","name":"रसोई पैमाना"},{"lang":"th-TH","name":"เครื่องชั่งครัว"},{"lang":"tr-TR","name":"mutfak terazisi"},{"lang":"pt-BR","name":"balança de cozinha"},{"lang":"de-DE","name":"Küchenwaage"},{"lang":"id-ID","name":"timbangan dapur"},{"lang":"fr-FR","name":"balance de cuisine"}]},{"id":29,"name":"kitchenware","transcription":"[ˈkɪʧɪnweə]","image":"/img/dict/home/kitchenware.png","translates":[{"lang":"ru-RU","name":"кухонные принадлежности"},{"lang":"vi-VN","name":"đồ dùng nhà bếp"},{"lang":"zh-CN","name":"厨房用具"},{"lang":"hi-IN","name":"रसोई के बर्तन"},{"lang":"th-TH","name":"เครื่องใช้ในครัว"},{"lang":"tr-TR","name":"mutfak eşyaları"},{"lang":"pt-BR","name":"utensílios de cozinha"},{"lang":"de-DE","name":"Küchenutensilien"},{"lang":"id-ID","name":"peralatan dapur"},{"lang":"fr-FR","name":"ustensiles de cuisine"}]},{"id":17,"name":"knife","transcription":"[naɪf]","image":"/img/dict/home/knife.png","translates":[{"lang":"ru-RU","name":"нож"},{"lang":"vi-VN","name":"dao"},{"lang":"zh-CN","name":"刀"},{"lang":"hi-IN","name":"चाकू"},{"lang":"th-TH","name":"มีด"},{"lang":"tr-TR","name":"bıçak"},{"lang":"pt-BR","name":"faca"},{"lang":"de-DE","name":"Messer"},{"lang":"id-ID","name":"pisau"},{"lang":"fr-FR","name":"couteau"}]},{"id":47,"name":"knife sharpener","transcription":"[naɪf ˈʃɑrpənər]","image":"/img/dict/home/knife_sharpener.png","translates":[{"lang":"ru-RU","name":"заточка для ножей"},{"lang":"vi-VN","name":"dụng cụ mài dao"},{"lang":"zh-CN","name":"磨刀器"},{"lang":"hi-IN","name":"चाकू तेज करने वाला"},{"lang":"th-TH","name":"ที่ลับมีด"},{"lang":"tr-TR","name":"bıçak bileme"},{"lang":"pt-BR","name":"afiador de facas"},{"lang":"de-DE","name":"Messerschärfer"},{"lang":"id-ID","name":"pengasah pisau"},{"lang":"fr-FR","name":"aiguiseur de couteaux"}]},{"id":34,"name":"ladle","transcription":"[leɪdl]","image":"/img/dict/home/ladle.png","translates":[{"lang":"ru-RU","name":"половник"},{"lang":"vi-VN","name":"muôi"},{"lang":"zh-CN","name":"勺子"},{"lang":"hi-IN","name":"करछुल"},{"lang":"th-TH","name":"ทัพพี"},{"lang":"tr-TR","name":"kepçe"},{"lang":"pt-BR","name":"concha"},{"lang":"de-DE","name":"Schöpflöffel"},{"lang":"id-ID","name":"sendok sayur"},{"lang":"fr-FR","name":"louche"}]},{"id":39,"name":"laundry basket","transcription":"[ˈlɔːndrɪ ˈbɑːskɪt]","image":"/img/dict/home/laundry_basket.png","translates":[{"lang":"ru-RU","name":"корзина для белья"},{"lang":"vi-VN","name":"giỏ đựng quần áo"},{"lang":"zh-CN","name":"洗衣篮"},{"lang":"hi-IN","name":"कपड़े की टोकरी"},{"lang":"th-TH","name":"ตะกร้าซักผ้า"},{"lang":"tr-TR","name":"çamaşır sepeti"},{"lang":"pt-BR","name":"cesto de roupa"},{"lang":"de-DE","name":"Wäschekorb"},{"lang":"id-ID","name":"keranjang cucian"},{"lang":"fr-FR","name":"panier à linge"}]},{"id":46,"name":"lid","transcription":"[lɪd]","image":"/img/dict/home/lid.png","translates":[{"lang":"ru-RU","name":"крышка"},{"lang":"vi-VN","name":"nắp"},{"lang":"zh-CN","name":"盖子"},{"lang":"hi-IN","name":"ढक्कन"},{"lang":"th-TH","name":"ฝา"},{"lang":"tr-TR","name":"kapak"},{"lang":"pt-BR","name":"tampa"},{"lang":"de-DE","name":"Deckel"},{"lang":"id-ID","name":"tutup"},{"lang":"fr-FR","name":"couvercle"}]},{"id":82,"name":"matches","transcription":"[ˈmætʃəz]","image":"/img/dict/home/matches.png","translates":[{"lang":"ru-RU","name":"спички"},{"lang":"vi-VN","name":"diêm"},{"lang":"zh-CN","name":"火柴"},{"lang":"hi-IN","name":"माचिस"},{"lang":"th-TH","name":"ไม้ขีดไฟ"},{"lang":"tr-TR","name":"kibrit"},{"lang":"pt-BR","name":"fósforos"},{"lang":"de-DE","name":"Streichhölzer"},{"lang":"id-ID","name":"korek api"},{"lang":"fr-FR","name":"allumettes"}]},{"id":16,"name":"measuring cup","transcription":"[ˈmeʒərɪŋ kʌp]","image":"/img/dict/home/measuring_cup.png","translates":[{"lang":"ru-RU","name":"мерная кружка"},{"lang":"vi-VN","name":"cốc đo lường"},{"lang":"zh-CN","name":"量杯"},{"lang":"hi-IN","name":"मापने वाला कप"},{"lang":"th-TH","name":"ถ้วยตวง"},{"lang":"tr-TR","name":"ölçü kabı"},{"lang":"pt-BR","name":"copo medidor"},{"lang":"de-DE","name":"Messbecher"},{"lang":"id-ID","name":"cangkir ukur"},{"lang":"fr-FR","name":"verre doseur"}]},{"id":6,"name":"microwave","transcription":"[ˈmaɪkrəweɪv]","image":"/img/dict/home/microwave.png","translates":[{"lang":"ru-RU","name":"микроволновая печь"},{"lang":"vi-VN","name":"lò vi sóng"},{"lang":"zh-CN","name":"微波炉"},{"lang":"hi-IN","name":"माइक्रोवेव"},{"lang":"th-TH","name":"ไมโครเวฟ"},{"lang":"tr-TR","name":"mikrodalga"},{"lang":"pt-BR","name":"micro-ondas"},{"lang":"de-DE","name":"Mikrowelle"},{"lang":"id-ID","name":"microwave"},{"lang":"fr-FR","name":"micro-ondes"}]},{"id":87,"name":"mincer","transcription":"[ˈmɪnsər]","image":"/img/dict/home/mincer.png","translates":[{"lang":"ru-RU","name":"мясорубка"},{"lang":"vi-VN","name":"máy xay thịt"},{"lang":"zh-CN","name":"绞肉机"},{"lang":"hi-IN","name":"मांस की चक्की"},{"lang":"th-TH","name":"เครื่องบดเนื้อ"},{"lang":"tr-TR","name":"kıyma makinesi"},{"lang":"pt-BR","name":"moedor de carne"},{"lang":"de-DE","name":"Fleischwolf"},{"lang":"id-ID","name":"penggiling daging"},{"lang":"fr-FR","name":"hachoir"}]},{"id":19,"name":"mop","transcription":"[mɒp]","image":"/img/dict/home/mop.png","translates":[{"lang":"ru-RU","name":"швабра"},{"lang":"vi-VN","name":"chổi lau nhà"},{"lang":"zh-CN","name":"拖把"},{"lang":"hi-IN","name":"पोंछा"},{"lang":"th-TH","name":"ไม้ถูพื้น"},{"lang":"tr-TR","name":"paspas"},{"lang":"pt-BR","name":"esfregão"},{"lang":"de-DE","name":"Mopp"},{"lang":"id-ID","name":"pel"},{"lang":"fr-FR","name":"balai"}]},{"id":77,"name":"mug","transcription":"[mʌg]","image":"/img/dict/home/mug.png","translates":[{"lang":"ru-RU","name":"кружка"},{"lang":"vi-VN","name":"cốc"},{"lang":"zh-CN","name":"马克杯"},{"lang":"hi-IN","name":"मग"},{"lang":"th-TH","name":"แก้ว"},{"lang":"tr-TR","name":"kupa"},{"lang":"pt-BR","name":"caneca"},{"lang":"de-DE","name":"Becher"},{"lang":"id-ID","name":"cangkir"},{"lang":"fr-FR","name":"tasse"}]},{"id":64,"name":"oven","transcription":"[ʌvn]","image":"/img/dict/home/oven.png","translates":[{"lang":"ru-RU","name":"духовка"},{"lang":"vi-VN","name":"lò nướng"},{"lang":"zh-CN","name":"烤箱"},{"lang":"hi-IN","name":"ओवन"},{"lang":"th-TH","name":"เตาอบ"},{"lang":"tr-TR","name":"fırın"},{"lang":"pt-BR","name":"forno"},{"lang":"de-DE","name":"Ofen"},{"lang":"id-ID","name":"oven"},{"lang":"fr-FR","name":"four"}]},{"id":86,"name":"pepperbox","transcription":"[ˈpepəˌbɑːks]","image":"/img/dict/home/pepperbox.png","translates":[{"lang":"ru-RU","name":"перечница"},{"lang":"vi-VN","name":"hộp tiêu"},{"lang":"zh-CN","name":"胡椒瓶"},{"lang":"hi-IN","name":"मिर्च डिब्बा"},{"lang":"th-TH","name":"ที่ใส่พริกไทย"},{"lang":"tr-TR","name":"biberlik"},{"lang":"pt-BR","name":"pimenteira"},{"lang":"de-DE","name":"Pfefferstreuer"},{"lang":"id-ID","name":"tempat lada"},{"lang":"fr-FR","name":"poivrière"}]},{"id":63,"name":"plate","transcription":"[pleɪt]","image":"/img/dict/home/plate.png","translates":[{"lang":"ru-RU","name":"тарелка"},{"lang":"vi-VN","name":"đĩa"},{"lang":"zh-CN","name":"盘子"},{"lang":"hi-IN","name":"प्लेट"},{"lang":"th-TH","name":"จาน"},{"lang":"tr-TR","name":"tabak"},{"lang":"pt-BR","name":"prato"},{"lang":"de-DE","name":"Teller"},{"lang":"id-ID","name":"piring"},{"lang":"fr-FR","name":"assiette"}]},{"id":25,"name":"pot","transcription":"[pɑːt]","image":"/img/dict/home/pot.png","translates":[{"lang":"ru-RU","name":"котел, горшочек"},{"lang":"vi-VN","name":"nồi"},{"lang":"zh-CN","name":"锅"},{"lang":"hi-IN","name":"बर्तन"},{"lang":"th-TH","name":"หม้อ"},{"lang":"tr-TR","name":"tencere"},{"lang":"pt-BR","name":"panela"},{"lang":"de-DE","name":"Topf"},{"lang":"id-ID","name":"panci"},{"lang":"fr-FR","name":"pot"}]},{"id":10,"name":"potato peeler","transcription":"[pəˈteɪtəʊ ˈpiːlər]","image":"/img/dict/home/potato_peeler.png","translates":[{"lang":"ru-RU","name":"очиститель картошки"},{"lang":"vi-VN","name":"dụng cụ gọt khoai tây"},{"lang":"zh-CN","name":"土豆削皮器"},{"lang":"hi-IN","name":"आलू छीलने वाला"},{"lang":"th-TH","name":"ที่ปอกมันฝรั่ง"},{"lang":"tr-TR","name":"patates soyucu"},{"lang":"pt-BR","name":"descascador de batatas"},{"lang":"de-DE","name":"Kartoffelschäler"},{"lang":"id-ID","name":"pengupas kentang"},{"lang":"fr-FR","name":"éplucheur de pommes de terre"}]},{"id":38,"name":"potholder","transcription":"[ˈpɑtˌhəʊldər]","image":"/img/dict/home/potholder.png","translates":[{"lang":"ru-RU","name":"прихватка"},{"lang":"vi-VN","name":"miếng lót nồi"},{"lang":"zh-CN","name":"锅垫"},{"lang":"hi-IN","name":"पॉटहोल्डर"},{"lang":"th-TH","name":"ที่รองหม้อ"},{"lang":"tr-TR","name":"tutacak"},{"lang":"pt-BR","name":"pegador de panela"},{"lang":"de-DE","name":"Topflappen"},{"lang":"id-ID","name":"sarung tangan oven"},{"lang":"fr-FR","name":"manique"}]},{"id":92,"name":"rag","transcription":"[ræg]","image":"/img/dict/home/rag.png","translates":[{"lang":"ru-RU","name":"тряпка"},{"lang":"vi-VN","name":"giẻ lau"},{"lang":"zh-CN","name":"抹布"},{"lang":"hi-IN","name":"चिथड़ा"},{"lang":"th-TH","name":"ผ้าเช็ด"},{"lang":"tr-TR","name":"bez"},{"lang":"pt-BR","name":"pano"},{"lang":"de-DE","name":"Lappen"},{"lang":"id-ID","name":"kain lap"},{"lang":"fr-FR","name":"chiffon"}]},{"id":18,"name":"range hood","transcription":"[reɪndʒ hʊd]","image":"/img/dict/home/range_hood.png","translates":[{"lang":"ru-RU","name":"вытяжка"},{"lang":"vi-VN","name":"máy hút mùi"},{"lang":"zh-CN","name":"抽油烟机"},{"lang":"hi-IN","name":"रेंज हुड"},{"lang":"th-TH","name":"เครื่องดูดควัน"},{"lang":"tr-TR","name":"aspiratör"},{"lang":"pt-BR","name":"exaustor"},{"lang":"de-DE","name":"Dunstabzugshaube"},{"lang":"id-ID","name":"penyedot asap"},{"lang":"fr-FR","name":"hotte"}]},{"id":23,"name":"Recipe","transcription":"[ˈresəpɪ]","image":"/img/dict/home/recipe.png","translates":[{"lang":"ru-RU","name":"Рецепт"},{"lang":"vi-VN","name":"công thức"},{"lang":"zh-CN","name":"食谱"},{"lang":"hi-IN","name":"रेसिपी"},{"lang":"th-TH","name":"สูตรอาหาร"},{"lang":"tr-TR","name":"tarif"},{"lang":"pt-BR","name":"receita"},{"lang":"de-DE","name":"Rezept"},{"lang":"id-ID","name":"resep"},{"lang":"fr-FR","name":"recette"}]},{"id":31,"name":"rolling pin","transcription":"[ˈrəʊlɪŋ pɪn]","image":"/img/dict/home/rolling_pin.png","translates":[{"lang":"ru-RU","name":"скалка"},{"lang":"vi-VN","name":"cán bột"},{"lang":"zh-CN","name":"擀面杖"},{"lang":"hi-IN","name":"बेलन"},{"lang":"th-TH","name":"ไม้คลึงแป้ง"},{"lang":"tr-TR","name":"oklava"},{"lang":"pt-BR","name":"rolo de massa"},{"lang":"de-DE","name":"Nudelholz"},{"lang":"id-ID","name":"penggilas adonan"},{"lang":"fr-FR","name":"rouleau à pâtisserie"}]},{"id":0,"name":"salt-cellar","transcription":"[ˈsɔːrlt selər]","image":"/img/dict/home/salt-cellar.png","translates":[{"lang":"ru-RU","name":"солонка"},{"lang":"vi-VN","name":"lọ muối"},{"lang":"zh-CN","name":"盐瓶"},{"lang":"hi-IN","name":"नमकदान"},{"lang":"th-TH","name":"ที่ใส่เกลือ"},{"lang":"tr-TR","name":"tuzluk"},{"lang":"pt-BR","name":"saleiro"},{"lang":"de-DE","name":"Salzstreuer"},{"lang":"id-ID","name":"tempat garam"},{"lang":"fr-FR","name":"salière"}]},{"id":66,"name":"saucepan","transcription":"[ˈsɔːspæn]","image":"/img/dict/home/saucepan.png","translates":[{"lang":"ru-RU","name":"кастрюля"},{"lang":"vi-VN","name":"nồi"},{"lang":"zh-CN","name":"炖锅"},{"lang":"hi-IN","name":"सॉसपैन"},{"lang":"th-TH","name":"หม้อ"},{"lang":"tr-TR","name":"tencere"},{"lang":"pt-BR","name":"panela"},{"lang":"de-DE","name":"Topf"},{"lang":"id-ID","name":"panci"},{"lang":"fr-FR","name":"casserole"}]},{"id":11,"name":"saucer","transcription":"[ˈsɔːsər]","image":"/img/dict/home/saucer.png","translates":[{"lang":"ru-RU","name":"блюдце"},{"lang":"vi-VN","name":"đĩa lót"},{"lang":"zh-CN","name":"茶碟"},{"lang":"hi-IN","name":"तश्तरी"},{"lang":"th-TH","name":"จานรอง"},{"lang":"tr-TR","name":"fincan tabağı"},{"lang":"pt-BR","name":"pires"},{"lang":"de-DE","name":"Untertasse"},{"lang":"id-ID","name":"piring kecil"},{"lang":"fr-FR","name":"soucoupe"}]},{"id":99,"name":"scrubbing brush","transcription":"[ˈskrʌbɪŋ brʌʃ]","image":"/img/dict/home/scrubbing_brush.png","translates":[{"lang":"ru-RU","name":"чистящая щетка"},{"lang":"vi-VN","name":"bàn chải cọ"},{"lang":"zh-CN","name":"刷子"},{"lang":"hi-IN","name":"स्क्रबिंग ब्रश"},{"lang":"th-TH","name":"แปรงขัด"},{"lang":"tr-TR","name":"fırça"},{"lang":"pt-BR","name":"escova de esfregar"},{"lang":"de-DE","name":"Schrubber"},{"lang":"id-ID","name":"sikat gosok"},{"lang":"fr-FR","name":"brosse à récurer"}]},{"id":98,"name":"shelf","transcription":"[ʃelf]","image":"/img/dict/home/shelf.png","translates":[{"lang":"ru-RU","name":"полка"},{"lang":"vi-VN","name":"kệ"},{"lang":"zh-CN","name":"架子"},{"lang":"hi-IN","name":"शेल्फ"},{"lang":"th-TH","name":"ชั้นวาง"},{"lang":"tr-TR","name":"raf"},{"lang":"pt-BR","name":"prateleira"},{"lang":"de-DE","name":"Regal"},{"lang":"id-ID","name":"rak"},{"lang":"fr-FR","name":"étagère"}]},{"id":60,"name":"shovel","transcription":"[ʃʌvl]","image":"/img/dict/home/shovel.png","translates":[{"lang":"ru-RU","name":"лопатка"},{"lang":"vi-VN","name":"xẻng"},{"lang":"zh-CN","name":"铲子"},{"lang":"hi-IN","name":"बेलचा"},{"lang":"th-TH","name":"พลั่ว"},{"lang":"tr-TR","name":"kürek"},{"lang":"pt-BR","name":"pá"},{"lang":"de-DE","name":"Schaufel"},{"lang":"id-ID","name":"sekop"},{"lang":"fr-FR","name":"pelle"}]},{"id":55,"name":"sieve","transcription":"[sɪv]","image":"/img/dict/home/sieve.png","translates":[{"lang":"ru-RU","name":"сито"},{"lang":"vi-VN","name":"rây"},{"lang":"zh-CN","name":"筛子"},{"lang":"hi-IN","name":"छलनी"},{"lang":"th-TH","name":"ตะแกรง"},{"lang":"tr-TR","name":"elek"},{"lang":"pt-BR","name":"peneira"},{"lang":"de-DE","name":"Sieb"},{"lang":"id-ID","name":"saringan"},{"lang":"fr-FR","name":"tamis"}]},{"id":71,"name":"sink","transcription":"[sɪŋk]","image":"/img/dict/home/sink.png","translates":[{"lang":"ru-RU","name":"раковина"},{"lang":"vi-VN","name":"bồn rửa"},{"lang":"zh-CN","name":"水槽"},{"lang":"hi-IN","name":"सिंक"},{"lang":"th-TH","name":"อ่างล้างหน้า"},{"lang":"tr-TR","name":"lavabo"},{"lang":"pt-BR","name":"pia"},{"lang":"de-DE","name":"Waschbecken"},{"lang":"id-ID","name":"wastafel"},{"lang":"fr-FR","name":"évier"}]},{"id":94,"name":"slow cooker","transcription":"[sləʊ ˈkʊkər]","image":"/img/dict/home/slow_cooker.png","translates":[{"lang":"ru-RU","name":"мультиварка"},{"lang":"vi-VN","name":"nồi nấu chậm"},{"lang":"zh-CN","name":"慢炖锅"},{"lang":"hi-IN","name":"स्लो कुकर"},{"lang":"th-TH","name":"หม้อหุงช้า"},{"lang":"tr-TR","name":"yavaş pişirici"},{"lang":"pt-BR","name":"panela elétrica"},{"lang":"de-DE","name":"Schongarer"},{"lang":"id-ID","name":"slow cooker"},{"lang":"fr-FR","name":"mijoteuse"}]},{"id":2,"name":"sponge","transcription":"[spʌnʤ]","image":"/img/dict/home/sponge.png","translates":[{"lang":"ru-RU","name":"губка"},{"lang":"vi-VN","name":"bọt biển"},{"lang":"zh-CN","name":"海绵"},{"lang":"hi-IN","name":"स्पंज"},{"lang":"th-TH","name":"ฟองน้ำ"},{"lang":"tr-TR","name":"sünger"},{"lang":"pt-BR","name":"esponja"},{"lang":"de-DE","name":"Schwamm"},{"lang":"id-ID","name":"spons"},{"lang":"fr-FR","name":"éponge"}]},{"id":21,"name":"spoon","transcription":"[spuːn]","image":"/img/dict/home/spoon.png","translates":[{"lang":"ru-RU","name":"ложка"},{"lang":"vi-VN","name":"muỗng"},{"lang":"zh-CN","name":"勺子"},{"lang":"hi-IN","name":"चम्मच"},{"lang":"th-TH","name":"ช้อน"},{"lang":"tr-TR","name":"kaşık"},{"lang":"pt-BR","name":"colher"},{"lang":"de-DE","name":"Löffel"},{"lang":"id-ID","name":"sendok"},{"lang":"fr-FR","name":"cuillère"}]},{"id":22,"name":"stool","transcription":"[stuːl]","image":"/img/dict/home/stool.png","translates":[{"lang":"ru-RU","name":"табурет"},{"lang":"vi-VN","name":"ghế đẩu"},{"lang":"zh-CN","name":"凳子"},{"lang":"hi-IN","name":"स्टूल"},{"lang":"th-TH","name":"ม้านั่ง"},{"lang":"tr-TR","name":"tabure"},{"lang":"pt-BR","name":"banquinho"},{"lang":"de-DE","name":"Hocker"},{"lang":"id-ID","name":"bangku"},{"lang":"fr-FR","name":"tabouret"}]},{"id":20,"name":"stove","transcription":"[stəʊv]","image":"/img/dict/home/stove.png","translates":[{"lang":"ru-RU","name":"плита"},{"lang":"vi-VN","name":"bếp"},{"lang":"zh-CN","name":"炉子"},{"lang":"hi-IN","name":"चूल्हा"},{"lang":"th-TH","name":"เตา"},{"lang":"tr-TR","name":"ocak"},{"lang":"pt-BR","name":"fogão"},{"lang":"de-DE","name":"Herd"},{"lang":"id-ID","name":"kompor"},{"lang":"fr-FR","name":"cuisinière"}]},{"id":43,"name":"sugar bowl","transcription":"[ˈʃʊɡər bəʊl]","image":"/img/dict/home/sugar_bowl.png","translates":[{"lang":"ru-RU","name":"сахарница"},{"lang":"vi-VN","name":"lọ đường"},{"lang":"zh-CN","name":"糖罐"},{"lang":"hi-IN","name":"चीनी का कटोरा"},{"lang":"th-TH","name":"ที่ใส่น้ำตาล"},{"lang":"tr-TR","name":"şekerlik"},{"lang":"pt-BR","name":"açucareiro"},{"lang":"de-DE","name":"Zuckerdose"},{"lang":"id-ID","name":"mangkuk gula"},{"lang":"fr-FR","name":"sucrier"}]},{"id":35,"name":"table","transcription":"[teɪbl]","image":"/img/dict/home/table.png","translates":[{"lang":"ru-RU","name":"стол"},{"lang":"vi-VN","name":"bàn"},{"lang":"zh-CN","name":"桌子"},{"lang":"hi-IN","name":"मेज़"},{"lang":"th-TH","name":"โต๊ะ"},{"lang":"tr-TR","name":"masa"},{"lang":"pt-BR","name":"mesa"},{"lang":"de-DE","name":"Tisch"},{"lang":"id-ID","name":"meja"},{"lang":"fr-FR","name":"table"}]},{"id":53,"name":"tablecloth","transcription":"[ˈteɪblklɔːθ]","image":"/img/dict/home/tablecloth.png","translates":[{"lang":"ru-RU","name":"скатерть"},{"lang":"vi-VN","name":"khăn trải bàn"},{"lang":"zh-CN","name":"桌布"},{"lang":"hi-IN","name":"मेज़पोश"},{"lang":"th-TH","name":"ผ้าปูโต๊ะ"},{"lang":"tr-TR","name":"masa örtüsü"},{"lang":"pt-BR","name":"toalha de mesa"},{"lang":"de-DE","name":"Tischdecke"},{"lang":"id-ID","name":"taplak meja"},{"lang":"fr-FR","name":"nappe"}]},{"id":51,"name":"tableware","transcription":"[ˈteɪb(ə)lweə]","image":"/img/dict/home/tableware.png","translates":[{"lang":"ru-RU","name":"посуда"},{"lang":"vi-VN","name":"đồ dùng bàn ăn"},{"lang":"zh-CN","name":"餐具"},{"lang":"hi-IN","name":"टेबलवेयर"},{"lang":"th-TH","name":"เครื่องใช้บนโต๊ะอาหาร"},{"lang":"tr-TR","name":"sofra takımı"},{"lang":"pt-BR","name":"louça de mesa"},{"lang":"de-DE","name":"Tafelgeschirr"},{"lang":"id-ID","name":"peralatan makan"},{"lang":"fr-FR","name":"vaisselle"}]},{"id":36,"name":"tap","transcription":"[tæp]","image":"/img/dict/home/tap.png","translates":[{"lang":"ru-RU","name":"кран"},{"lang":"vi-VN","name":"vòi nước"},{"lang":"zh-CN","name":"水龙头"},{"lang":"hi-IN","name":"नल"},{"lang":"th-TH","name":"ก๊อกน้ำ"},{"lang":"tr-TR","name":"musluk"},{"lang":"pt-BR","name":"torneira"},{"lang":"de-DE","name":"Wasserhahn"},{"lang":"id-ID","name":"keran"},{"lang":"fr-FR","name":"robinet"}]},{"id":65,"name":"teapot","transcription":"[ˈtiːpɒt]","image":"/img/dict/home/teapot.png","translates":[{"lang":"ru-RU","name":"заварочный чайник"},{"lang":"vi-VN","name":"ấm trà"},{"lang":"zh-CN","name":"茶壶"},{"lang":"hi-IN","name":"चायदानी"},{"lang":"th-TH","name":"กาน้ำชา"},{"lang":"tr-TR","name":"çaydanlık"},{"lang":"pt-BR","name":"bule de chá"},{"lang":"de-DE","name":"Teekanne"},{"lang":"id-ID","name":"teko"},{"lang":"fr-FR","name":"théière"}]},{"id":97,"name":"toaster","transcription":"[ˈtəʊstə]","image":"/img/dict/home/toaster.png","translates":[{"lang":"ru-RU","name":"тостер"},{"lang":"vi-VN","name":"máy nướng bánh mì"},{"lang":"zh-CN","name":"烤面包机"},{"lang":"hi-IN","name":"टोस्टर"},{"lang":"th-TH","name":"เครื่องปิ้งขนมปัง"},{"lang":"tr-TR","name":"tost makinesi"},{"lang":"pt-BR","name":"torradeira"},{"lang":"de-DE","name":"Toaster"},{"lang":"id-ID","name":"pemanggang roti"},{"lang":"fr-FR","name":"grille-pain"}]},{"id":84,"name":"towel","transcription":"[ˈtaʊəl]","image":"/img/dict/home/towel.png","translates":[{"lang":"ru-RU","name":"полотенце"},{"lang":"vi-VN","name":"khăn"},{"lang":"zh-CN","name":"毛巾"},{"lang":"hi-IN","name":"तौलिया"},{"lang":"th-TH","name":"ผ้าเช็ดตัว"},{"lang":"tr-TR","name":"havlu"},{"lang":"pt-BR","name":"toalha"},{"lang":"de-DE","name":"Handtuch"},{"lang":"id-ID","name":"handuk"},{"lang":"fr-FR","name":"serviette"}]},{"id":96,"name":"tray","transcription":"[treɪ]","image":"/img/dict/home/tray.png","translates":[{"lang":"ru-RU","name":"поднос"},{"lang":"vi-VN","name":"khay"},{"lang":"zh-CN","name":"托盘"},{"lang":"hi-IN","name":"ट्रे"},{"lang":"th-TH","name":"ถาด"},{"lang":"tr-TR","name":"tepsi"},{"lang":"pt-BR","name":"bandeja"},{"lang":"de-DE","name":"Tablett"},{"lang":"id-ID","name":"nampan"},{"lang":"fr-FR","name":"plateau"}]},{"id":24,"name":"washing machine","transcription":"[ˈwɒʃɪŋ məˈʃiːn]","image":"/img/dict/home/washing_machine.png","translates":[{"lang":"ru-RU","name":"стиральная машина"},{"lang":"vi-VN","name":"máy giặt"},{"lang":"zh-CN","name":"洗衣机"},{"lang":"hi-IN","name":"वाशिंग मशीन"},{"lang":"th-TH","name":"เครื่องซักผ้า"},{"lang":"tr-TR","name":"çamaşır makinesi"},{"lang":"pt-BR","name":"máquina de lavar"},{"lang":"de-DE","name":"Waschmaschine"},{"lang":"id-ID","name":"mesin cuci"},{"lang":"fr-FR","name":"machine à laver"}]},{"id":93,"name":"whisk","transcription":"[wɪsk]","image":"/img/dict/home/whisk.png","translates":[{"lang":"ru-RU","name":"венчик"},{"lang":"vi-VN","name":"đồ đánh trứng"},{"lang":"zh-CN","name":"打蛋器"},{"lang":"hi-IN","name":"व्हिस्क"},{"lang":"th-TH","name":"ที่ตีไข่"},{"lang":"tr-TR","name":"çırpma teli"},{"lang":"pt-BR","name":"batedor"},{"lang":"de-DE","name":"Schneebesen"},{"lang":"id-ID","name":"pengocok"},{"lang":"fr-FR","name":"fouet"}]},{"id":102,"name":"wok","transcription":"[wɒk]","image":"/img/dict/home/wok.png","translates":[{"lang":"ru-RU","name":"вок"},{"lang":"vi-VN","name":"chảo wok"},{"lang":"zh-CN","name":"炒锅"},{"lang":"hi-IN","name":"वोक"},{"lang":"th-TH","name":"กระทะวอก"},{"lang":"tr-TR","name":"wok"},{"lang":"pt-BR","name":"wok"},{"lang":"de-DE","name":"Wok"},{"lang":"id-ID","name":"wok"},{"lang":"fr-FR","name":"wok"}]}]}