{"name":"Phonics /u/","nameA":"","img":"","isRandom":false,"isBlur":false,"isUpper":true,"isByWords":false,"isForAdult":false,"separator":"","numWords":23,"Translations":[{"lang":"ru-RU","name":"Алфавит","nameA":""},{"lang":"vi-VN","name":"Ngữ âm /u/","nameA":""},{"lang":"zh-CN","name":"语音 /u/","nameA":""},{"lang":"hi-IN","name":"ध्वनि /u/","nameA":""},{"lang":"th-TH","name":"เสียง /u/","nameA":""},{"lang":"tr-TR","name":"Fonetik /u/","nameA":""},{"lang":"pt-BR","name":"Fonética /u/","nameA":""},{"lang":"de-DE","name":"Phonik /u/","nameA":""},{"lang":"id-ID","name":"Fonik /u/","nameA":""},{"lang":"fr-FR","name":"Phonétique /u/","nameA":""}],"items":[{"id":0,"name":"ugly","transcription":"[ˈʌɡli]","nameA":"","image":" ","bg":"transparent","nameAnswer":"","translates":[{"lang":"ru-RU","name":"Уродливый","nameA":""},{"lang":"vi-VN","name":"Xấu xí","nameA":""},{"lang":"zh-CN","name":"丑陋","nameA":""},{"lang":"hi-IN","name":"बदसूरत","nameA":""},{"lang":"th-TH","name":"น่าเกลียด","nameA":""},{"lang":"tr-TR","name":"Çirkin","nameA":""},{"lang":"pt-BR","name":"Feio","nameA":""},{"lang":"de-DE","name":"Hässlich","nameA":""},{"lang":"id-ID","name":"Buruk","nameA":""},{"lang":"fr-FR","name":"Laid","nameA":""}]},{"id":0,"name":"umbrella","transcription":"[ʌmˈbrɛlə]","nameA":"","image":" ","bg":"transparent","nameAnswer":"","translates":[{"lang":"ru-RU","name":"Зонтик","nameA":""},{"lang":"vi-VN","name":"Ô","nameA":""},{"lang":"zh-CN","name":"雨伞","nameA":""},{"lang":"hi-IN","name":"छाता","nameA":""},{"lang":"th-TH","name":"ร่ม","nameA":""},{"lang":"tr-TR","name":"Şemsiye","nameA":""},{"lang":"pt-BR","name":"Guarda-chuva","nameA":""},{"lang":"de-DE","name":"Regenschirm","nameA":""},{"lang":"id-ID","name":"Payung","nameA":""},{"lang":"fr-FR","name":"Parapluie","nameA":""}]},{"id":0,"name":"uncle","transcription":"[ˈʌŋkəl]","nameA":"","image":"/img/dict/family/uncle.png","bg":"transparent","nameAnswer":"","translates":[{"lang":"ru-RU","name":"Дядя","nameA":""},{"lang":"vi-VN","name":"Chú","nameA":""},{"lang":"zh-CN","name":"叔叔","nameA":""},{"lang":"hi-IN","name":"चाचा","nameA":""},{"lang":"th-TH","name":"ลุง","nameA":""},{"lang":"tr-TR","name":"Amca","nameA":""},{"lang":"pt-BR","name":"Tio","nameA":""},{"lang":"de-DE","name":"Onkel","nameA":""},{"lang":"id-ID","name":"Paman","nameA":""},{"lang":"fr-FR","name":"Oncle","nameA":""}]},{"id":0,"name":"understand","transcription":"[ˌʌndərˈstænd]","nameA":"","image":" ","bg":"transparent","nameAnswer":"","translates":[{"lang":"ru-RU","name":"Понимать","nameA":""},{"lang":"vi-VN","name":"Hiểu","nameA":""},{"lang":"zh-CN","name":"理解","nameA":""},{"lang":"hi-IN","name":"समझना","nameA":""},{"lang":"th-TH","name":"เข้าใจ","nameA":""},{"lang":"tr-TR","name":"Anlamak","nameA":""},{"lang":"pt-BR","name":"Entender","nameA":""},{"lang":"de-DE","name":"Verstehen","nameA":""},{"lang":"id-ID","name":"Mengerti","nameA":""},{"lang":"fr-FR","name":"Comprendre","nameA":""}]},{"id":0,"name":"undress","transcription":"[ʌnˈdrɛs]","nameA":"","image":" ","bg":"transparent","nameAnswer":"","translates":[{"lang":"ru-RU","name":"Раздеваться","nameA":""},{"lang":"vi-VN","name":"Cởi đồ","nameA":""},{"lang":"zh-CN","name":"脱衣服","nameA":""},{"lang":"hi-IN","name":"कपड़े उतारना","nameA":""},{"lang":"th-TH","name":"ถอดเสื้อผ้า","nameA":""},{"lang":"tr-TR","name":"Soyunmak","nameA":""},{"lang":"pt-BR","name":"Despir","nameA":""},{"lang":"de-DE","name":"Ausziehen","nameA":""},{"lang":"id-ID","name":"Melepas pakaian","nameA":""},{"lang":"fr-FR","name":"Se déshabiller","nameA":""}]},{"id":0,"name":"up","transcription":"[ʌp]","nameA":"","image":" ","bg":"transparent","nameAnswer":"","translates":[{"lang":"ru-RU","name":"Вверх","nameA":""},{"lang":"vi-VN","name":"Lên","nameA":""},{"lang":"zh-CN","name":"向上","nameA":""},{"lang":"hi-IN","name":"ऊपर","nameA":""},{"lang":"th-TH","name":"ขึ้น","nameA":""},{"lang":"tr-TR","name":"Yukarı","nameA":""},{"lang":"pt-BR","name":"Para cima","nameA":""},{"lang":"de-DE","name":"Hoch","nameA":""},{"lang":"id-ID","name":"Naik","nameA":""},{"lang":"fr-FR","name":"Haut","nameA":""}]},{"id":0,"name":"upset","transcription":"[ʌpˈsɛt]","nameA":"","image":" ","bg":"transparent","nameAnswer":"","translates":[{"lang":"ru-RU","name":"Расстроенный","nameA":""},{"lang":"vi-VN","name":"Buồn bã","nameA":""},{"lang":"zh-CN","name":"沮丧","nameA":""},{"lang":"hi-IN","name":"परेशान","nameA":""},{"lang":"th-TH","name":"อารมณ์เสีย","nameA":""},{"lang":"tr-TR","name":"Üzgün","nameA":""},{"lang":"pt-BR","name":"Chateado","nameA":""},{"lang":"de-DE","name":"Verärgert","nameA":""},{"lang":"id-ID","name":"Kesal","nameA":""},{"lang":"fr-FR","name":"Contrarié","nameA":""}]},{"id":0,"name":"onion","transcription":"[ˈʌnjən]","nameA":"","image":"/img/dict/food/onion.png","bg":"transparent","nameAnswer":"","translates":[{"lang":"ru-RU","name":"Лук","nameA":""},{"lang":"vi-VN","name":"Hành tây","nameA":""},{"lang":"zh-CN","name":"洋葱","nameA":""},{"lang":"hi-IN","name":"प्याज","nameA":""},{"lang":"th-TH","name":"หัวหอม","nameA":""},{"lang":"tr-TR","name":"Soğan","nameA":""},{"lang":"pt-BR","name":"Cebola","nameA":""},{"lang":"de-DE","name":"Zwiebel","nameA":""},{"lang":"id-ID","name":"Bawang bombay","nameA":""},{"lang":"fr-FR","name":"Oignon","nameA":""}]},{"id":0,"name":"other","transcription":"[ˈʌðər]","nameA":"","image":" ","bg":"transparent","nameAnswer":"","translates":[{"lang":"ru-RU","name":"Другой","nameA":""},{"lang":"vi-VN","name":"Khác","nameA":""},{"lang":"zh-CN","name":"其他","nameA":""},{"lang":"hi-IN","name":"अन्य","nameA":""},{"lang":"th-TH","name":"อื่น","nameA":""},{"lang":"tr-TR","name":"Diğer","nameA":""},{"lang":"pt-BR","name":"Outro","nameA":""},{"lang":"de-DE","name":"Andere","nameA":""},{"lang":"id-ID","name":"Lain","nameA":""},{"lang":"fr-FR","name":"Autre","nameA":""}]},{"id":0,"name":"enormous","transcription":"[ɪˈnɔːrməs]","nameA":"","image":" ","bg":"transparent","nameAnswer":"","translates":[{"lang":"ru-RU","name":"Огромный","nameA":""},{"lang":"vi-VN","name":"Khổng lồ","nameA":""},{"lang":"zh-CN","name":"巨大","nameA":""},{"lang":"hi-IN","name":"विशाल","nameA":""},{"lang":"th-TH","name":"มหึมา","nameA":""},{"lang":"tr-TR","name":"Devasa","nameA":""},{"lang":"pt-BR","name":"Enorme","nameA":""},{"lang":"de-DE","name":"Enorm","nameA":""},{"lang":"id-ID","name":"Sangat besar","nameA":""},{"lang":"fr-FR","name":"Énorme","nameA":""}]},{"id":0,"name":"enough","transcription":"[ɪˈnʌf]","nameA":"","image":" ","bg":"transparent","nameAnswer":"","translates":[{"lang":"ru-RU","name":"Достаточно","nameA":""},{"lang":"vi-VN","name":"Đủ","nameA":""},{"lang":"zh-CN","name":"足够","nameA":""},{"lang":"hi-IN","name":"पर्याप्त","nameA":""},{"lang":"th-TH","name":"พอ","nameA":""},{"lang":"tr-TR","name":"Yeterli","nameA":""},{"lang":"pt-BR","name":"Suficiente","nameA":""},{"lang":"de-DE","name":"Genug","nameA":""},{"lang":"id-ID","name":"Cukup","nameA":""},{"lang":"fr-FR","name":"Assez","nameA":""}]},{"id":0,"name":"touch","transcription":"[tʌtʃ]","nameA":"","image":" ","bg":"transparent","nameAnswer":"","translates":[{"lang":"ru-RU","name":"Касаться","nameA":""},{"lang":"vi-VN","name":"Chạm","nameA":""},{"lang":"zh-CN","name":"触摸","nameA":""},{"lang":"hi-IN","name":"छूना","nameA":""},{"lang":"th-TH","name":"สัมผัส","nameA":""},{"lang":"tr-TR","name":"Dokunmak","nameA":""},{"lang":"pt-BR","name":"Tocar","nameA":""},{"lang":"de-DE","name":"Berühren","nameA":""},{"lang":"id-ID","name":"Sentuh","nameA":""},{"lang":"fr-FR","name":"Toucher","nameA":""}]},{"id":0,"name":"tough","transcription":"[tʌf]","nameA":"","image":" ","bg":"transparent","nameAnswer":"","translates":[{"lang":"ru-RU","name":"Жесткий","nameA":""},{"lang":"vi-VN","name":"Cứng rắn","nameA":""},{"lang":"zh-CN","name":"坚韧","nameA":""},{"lang":"hi-IN","name":"कठोर","nameA":""},{"lang":"th-TH","name":"แข็งแกร่ง","nameA":""},{"lang":"tr-TR","name":"Sert","nameA":""},{"lang":"pt-BR","name":"Resistente","nameA":""},{"lang":"de-DE","name":"Hart","nameA":""},{"lang":"id-ID","name":"Kuat","nameA":""},{"lang":"fr-FR","name":"Dur","nameA":""}]},{"id":0,"name":"borough","transcription":"[ˈbɜːroʊ]","nameA":"","image":" ","bg":"transparent","nameAnswer":"","translates":[{"lang":"ru-RU","name":"Район","nameA":""},{"lang":"vi-VN","name":"Quận","nameA":""},{"lang":"zh-CN","name":"区","nameA":""},{"lang":"hi-IN","name":"बोरो","nameA":""},{"lang":"th-TH","name":"เขต","nameA":""},{"lang":"tr-TR","name":"Bölge","nameA":""},{"lang":"pt-BR","name":"Bairro","nameA":""},{"lang":"de-DE","name":"Bezirk","nameA":""},{"lang":"id-ID","name":"Kecamatan","nameA":""},{"lang":"fr-FR","name":"Arrondissement","nameA":""}]},{"id":0,"name":"thorough","transcription":"[ˈθɜːroʊ]","nameA":"","image":" ","bg":"transparent","nameAnswer":"","translates":[{"lang":"ru-RU","name":"Тщательный","nameA":""},{"lang":"vi-VN","name":"Kỹ lưỡng","nameA":""},{"lang":"zh-CN","name":"彻底","nameA":""},{"lang":"hi-IN","name":"पूर्ण","nameA":""},{"lang":"th-TH","name":"ละเอียดถี่ถ้วน","nameA":""},{"lang":"tr-TR","name":"Kapsamlı","nameA":""},{"lang":"pt-BR","name":"Completo","nameA":""},{"lang":"de-DE","name":"Gründlich","nameA":""},{"lang":"id-ID","name":"Menyeluruh","nameA":""},{"lang":"fr-FR","name":"Approfondi","nameA":""}]},{"id":0,"name":"colour","transcription":"[ˈkʌlər]","nameA":"","image":" ","bg":"transparent","nameAnswer":"","translates":[{"lang":"ru-RU","name":"Цвет","nameA":""},{"lang":"vi-VN","name":"Màu sắc","nameA":""},{"lang":"zh-CN","name":"颜色","nameA":""},{"lang":"hi-IN","name":"रंग","nameA":""},{"lang":"th-TH","name":"สี","nameA":""},{"lang":"tr-TR","name":"Renk","nameA":""},{"lang":"pt-BR","name":"Cor","nameA":""},{"lang":"de-DE","name":"Farbe","nameA":""},{"lang":"id-ID","name":"Warna","nameA":""},{"lang":"fr-FR","name":"Couleur","nameA":""}]},{"id":0,"name":"favour","transcription":"[ˈfeɪvər]","nameA":"","image":" ","bg":"transparent","nameAnswer":"","translates":[{"lang":"ru-RU","name":"Одолжение","nameA":""},{"lang":"vi-VN","name":"Ưu ái","nameA":""},{"lang":"zh-CN","name":"恩惠","nameA":""},{"lang":"hi-IN","name":"अनुग्रह","nameA":""},{"lang":"th-TH","name":"ความกรุณา","nameA":""},{"lang":"tr-TR","name":"İyilik","nameA":""},{"lang":"pt-BR","name":"Favor","nameA":""},{"lang":"de-DE","name":"Gefallen","nameA":""},{"lang":"id-ID","name":"Bantuan","nameA":""},{"lang":"fr-FR","name":"Faveur","nameA":""}]},{"id":0,"name":"flavour","transcription":"[ˈfleɪvər]","nameA":"","image":" ","bg":"transparent","nameAnswer":"","translates":[{"lang":"ru-RU","name":"Вкус","nameA":""},{"lang":"vi-VN","name":"Hương vị","nameA":""},{"lang":"zh-CN","name":"风味","nameA":""},{"lang":"hi-IN","name":"स्वाद","nameA":""},{"lang":"th-TH","name":"รสชาติ","nameA":""},{"lang":"tr-TR","name":"Lezzet","nameA":""},{"lang":"pt-BR","name":"Sabor","nameA":""},{"lang":"de-DE","name":"Geschmack","nameA":""},{"lang":"id-ID","name":"Rasa","nameA":""},{"lang":"fr-FR","name":"Saveur","nameA":""}]},{"id":0,"name":"humour","transcription":"[ˈhjuːmər]","nameA":"","image":" ","bg":"transparent","nameAnswer":"","translates":[{"lang":"ru-RU","name":"Юмор","nameA":""},{"lang":"vi-VN","name":"Hài hước","nameA":""},{"lang":"zh-CN","name":"幽默","nameA":""},{"lang":"hi-IN","name":"हास्य","nameA":""},{"lang":"th-TH","name":"อารมณ์ขัน","nameA":""},{"lang":"tr-TR","name":"Mizah","nameA":""},{"lang":"pt-BR","name":"Humor","nameA":""},{"lang":"de-DE","name":"Humor","nameA":""},{"lang":"id-ID","name":"Humor","nameA":""},{"lang":"fr-FR","name":"Humour","nameA":""}]},{"id":0,"name":"centimetre","transcription":"[ˈsɛntɪˌmiːtər]","nameA":"","image":" ","bg":"transparent","nameAnswer":"","translates":[{"lang":"ru-RU","name":"Сантиметр","nameA":""},{"lang":"vi-VN","name":"Xentimét","nameA":""},{"lang":"zh-CN","name":"厘米","nameA":""},{"lang":"hi-IN","name":"सेंटीमीटर","nameA":""},{"lang":"th-TH","name":"เซนติเมตร","nameA":""},{"lang":"tr-TR","name":"Santimetre","nameA":""},{"lang":"pt-BR","name":"Centímetro","nameA":""},{"lang":"de-DE","name":"Zentimeter","nameA":""},{"lang":"id-ID","name":"Sentimeter","nameA":""},{"lang":"fr-FR","name":"Centimètre","nameA":""}]},{"id":0,"name":"centre","transcription":"[ˈsɛntər]","nameA":"","image":" ","bg":"transparent","nameAnswer":"","translates":[{"lang":"ru-RU","name":"Центр","nameA":""},{"lang":"vi-VN","name":"Trung tâm","nameA":""},{"lang":"zh-CN","name":"中心","nameA":""},{"lang":"hi-IN","name":"केंद्र","nameA":""},{"lang":"th-TH","name":"ศูนย์กลาง","nameA":""},{"lang":"tr-TR","name":"Merkez","nameA":""},{"lang":"pt-BR","name":"Centro","nameA":""},{"lang":"de-DE","name":"Zentrum","nameA":""},{"lang":"id-ID","name":"Pusat","nameA":""},{"lang":"fr-FR","name":"Centre","nameA":""}]},{"id":0,"name":"metre","transcription":"[ˈmiːtər]","nameA":"","image":" ","bg":"transparent","nameAnswer":"","translates":[{"lang":"ru-RU","name":"Метр","nameA":""},{"lang":"vi-VN","name":"Mét","nameA":""},{"lang":"zh-CN","name":"米","nameA":""},{"lang":"hi-IN","name":"मीटर","nameA":""},{"lang":"th-TH","name":"เมตร","nameA":""},{"lang":"tr-TR","name":"Metre","nameA":""},{"lang":"pt-BR","name":"Metro","nameA":""},{"lang":"de-DE","name":"Meter","nameA":""},{"lang":"id-ID","name":"Meter","nameA":""},{"lang":"fr-FR","name":"Mètre","nameA":""}]},{"id":0,"name":"theatre","transcription":"[ˈθiːətər]","nameA":"","image":" ","bg":"transparent","nameAnswer":"","translates":[{"lang":"ru-RU","name":"Театр","nameA":""},{"lang":"vi-VN","name":"Nhà hát","nameA":""},{"lang":"zh-CN","name":"剧院","nameA":""},{"lang":"hi-IN","name":"थिएटर","nameA":""},{"lang":"th-TH","name":"โรงละคร","nameA":""},{"lang":"tr-TR","name":"Tiyatro","nameA":""},{"lang":"pt-BR","name":"Teatro","nameA":""},{"lang":"de-DE","name":"Theater","nameA":""},{"lang":"id-ID","name":"Teater","nameA":""},{"lang":"fr-FR","name":"Théâtre","nameA":""}]}]}