{"name":"Phonics /ngk/","nameA":"","img":"","isRandom":false,"isBlur":false,"isUpper":true,"isByWords":false,"isForAdult":false,"separator":"","numWords":6,"Translations":[{"lang":"ru-RU","name":"Алфавит","nameA":""},{"lang":"vi-VN","name":"Ngữ âm /ngk/","nameA":""},{"lang":"zh-CN","name":"拼音 /ngk/","nameA":""},{"lang":"hi-IN","name":"ध्वनि /ngk/","nameA":""},{"lang":"th-TH","name":"โฟนิกส์ /ngk/","nameA":""},{"lang":"tr-TR","name":"Fonetik /ngk/","nameA":""},{"lang":"pt-BR","name":"Fônica /ngk/","nameA":""},{"lang":"de-DE","name":"Phonik /ngk/","nameA":""},{"lang":"id-ID","name":"Fonik /ngk/","nameA":""},{"lang":"fr-FR","name":"Phonétique /ngk/","nameA":""}],"items":[{"id":0,"name":"blink","transcription":"[blɪŋk]","nameA":"","image":" ","bg":"transparent","nameAnswer":"","translates":[{"lang":"ru-RU","name":"Моргать","nameA":""},{"lang":"vi-VN","name":"Nhấp nháy","nameA":""},{"lang":"zh-CN","name":"闪烁","nameA":""},{"lang":"hi-IN","name":"झपकना","nameA":""},{"lang":"th-TH","name":"กระพริบ","nameA":""},{"lang":"tr-TR","name":"Göz kırpmak","nameA":""},{"lang":"pt-BR","name":"Piscar","nameA":""},{"lang":"de-DE","name":"Blinzeln","nameA":""},{"lang":"id-ID","name":"Berkedip","nameA":""},{"lang":"fr-FR","name":"Cligner","nameA":""}]},{"id":0,"name":"drink","transcription":"[drɪŋk]","nameA":"","image":" ","bg":"transparent","nameAnswer":"","translates":[{"lang":"ru-RU","name":"Пить","nameA":""},{"lang":"vi-VN","name":"Uống","nameA":""},{"lang":"zh-CN","name":"喝","nameA":""},{"lang":"hi-IN","name":"पीना","nameA":""},{"lang":"th-TH","name":"ดื่ม","nameA":""},{"lang":"tr-TR","name":"İçmek","nameA":""},{"lang":"pt-BR","name":"Beber","nameA":""},{"lang":"de-DE","name":"Trinken","nameA":""},{"lang":"id-ID","name":"Minum","nameA":""},{"lang":"fr-FR","name":"Boire","nameA":""}]},{"id":0,"name":"sink","transcription":"[sɪŋk]","nameA":"","image":"/img/dict/home/sink.png","bg":"transparent","nameAnswer":"","translates":[{"lang":"ru-RU","name":"Раковина","nameA":""},{"lang":"vi-VN","name":"Bồn rửa","nameA":""},{"lang":"zh-CN","name":"水槽","nameA":""},{"lang":"hi-IN","name":"सिंक","nameA":""},{"lang":"th-TH","name":"อ่างล้างหน้า","nameA":""},{"lang":"tr-TR","name":"Lavabo","nameA":""},{"lang":"pt-BR","name":"Pia","nameA":""},{"lang":"de-DE","name":"Waschbecken","nameA":""},{"lang":"id-ID","name":"Wastafel","nameA":""},{"lang":"fr-FR","name":"Évier","nameA":""}]},{"id":0,"name":"shrink","transcription":"[ʃrɪŋk]","nameA":"","image":" ","bg":"transparent","nameAnswer":"","translates":[{"lang":"ru-RU","name":"Сжиматься","nameA":""},{"lang":"vi-VN","name":"Co lại","nameA":""},{"lang":"zh-CN","name":"收缩","nameA":""},{"lang":"hi-IN","name":"सिकुड़ना","nameA":""},{"lang":"th-TH","name":"หดตัว","nameA":""},{"lang":"tr-TR","name":"Küçülmek","nameA":""},{"lang":"pt-BR","name":"Encolher","nameA":""},{"lang":"de-DE","name":"Schrumpfen","nameA":""},{"lang":"id-ID","name":"Menyusut","nameA":""},{"lang":"fr-FR","name":"Rétrécir","nameA":""}]},{"id":0,"name":"think","transcription":"[θɪŋk]","nameA":"","image":" ","bg":"transparent","nameAnswer":"","translates":[{"lang":"ru-RU","name":"Думать","nameA":""},{"lang":"vi-VN","name":"Nghĩ","nameA":""},{"lang":"zh-CN","name":"思考","nameA":""},{"lang":"hi-IN","name":"सोचना","nameA":""},{"lang":"th-TH","name":"คิด","nameA":""},{"lang":"tr-TR","name":"Düşünmek","nameA":""},{"lang":"pt-BR","name":"Pensar","nameA":""},{"lang":"de-DE","name":"Denken","nameA":""},{"lang":"id-ID","name":"Berpikir","nameA":""},{"lang":"fr-FR","name":"Penser","nameA":""}]},{"id":0,"name":"ink","transcription":"[ɪŋk]","nameA":"","image":"/img/dict/classroom/ink.png","bg":"transparent","nameAnswer":"","translates":[{"lang":"ru-RU","name":"Чернила","nameA":""},{"lang":"vi-VN","name":"Mực","nameA":""},{"lang":"zh-CN","name":"墨水","nameA":""},{"lang":"hi-IN","name":"स्याही","nameA":""},{"lang":"th-TH","name":"หมึก","nameA":""},{"lang":"tr-TR","name":"Mürekkep","nameA":""},{"lang":"pt-BR","name":"Tinta","nameA":""},{"lang":"de-DE","name":"Tinte","nameA":""},{"lang":"id-ID","name":"Tinta","nameA":""},{"lang":"fr-FR","name":"Encre","nameA":""}]}]}