{"name":"Wild animals","img":"/img/dict/animals/zoo.png","isRandom":true,"isBlur":true,"isUpper":true,"isByWords":false,"isForAdult":false,"separator":"","numWords":51,"Translations":[{"lang":"ru-RU","name":"Дикие животные"},{"lang":"vi-VN","name":"Động vật hoang dã"},{"lang":"zh-CN","name":"野生动物"},{"lang":"hi-IN","name":"जंगली जानवर"},{"lang":"th-TH","name":"สัตว์ป่า"},{"lang":"tr-TR","name":"Vahşi hayvanlar"},{"lang":"pt-BR","name":"Animais selvagens"},{"lang":"de-DE","name":"Wildtiere"},{"lang":"id-ID","name":"Hewan liar"},{"lang":"fr-FR","name":"Animaux sauvages"}],"items":[{"id":0,"name":"Alligator","transcription":"[ˈælɪɡeɪtər]","image":"/img/dict/animals/alligator.png","translates":[{"lang":"ru-RU","name":"Аллигатор"},{"lang":"vi-VN","name":"Cá sấu"},{"lang":"zh-CN","name":"短吻鳄"},{"lang":"hi-IN","name":"मगरमच्छ"},{"lang":"th-TH","name":"จระเข้"},{"lang":"tr-TR","name":"Timsah"},{"lang":"pt-BR","name":"Jacaré"},{"lang":"de-DE","name":"Alligator"},{"lang":"id-ID","name":"Buaya"},{"lang":"fr-FR","name":"Alligator"}]},{"id":1,"name":"Cheetah","transcription":"[ˈtʃiːtə]","image":"/img/dict/animals/cheetah.png","translates":[{"lang":"ru-RU","name":"Гепард"},{"lang":"vi-VN","name":"Báo săn"},{"lang":"zh-CN","name":"猎豹"},{"lang":"hi-IN","name":"चीता"},{"lang":"th-TH","name":"ชีตาห์"},{"lang":"tr-TR","name":"Çita"},{"lang":"pt-BR","name":"Guepardo"},{"lang":"de-DE","name":"Gepard"},{"lang":"id-ID","name":"Citah"},{"lang":"fr-FR","name":"Guépard"}]},{"id":2,"name":"Chimpanzee","transcription":"[ˌtʃɪmpænˈziː]","image":"/img/dict/animals/chimpanzee.png","translates":[{"lang":"ru-RU","name":"Шимпанзе"},{"lang":"vi-VN","name":"Tinh tinh"},{"lang":"zh-CN","name":"黑猩猩"},{"lang":"hi-IN","name":"चिंपांज़ी"},{"lang":"th-TH","name":"ชิมแปนซี"},{"lang":"tr-TR","name":"Şempanze"},{"lang":"pt-BR","name":"Chimpanzé"},{"lang":"de-DE","name":"Schimpanse"},{"lang":"id-ID","name":"Simpanse"},{"lang":"fr-FR","name":"Chimpanzé"}]},{"id":3,"name":"Elephant","transcription":"[ˈelɪfənt]","image":"/img/dict/animals/elephant.png","translates":[{"lang":"ru-RU","name":"Слон"},{"lang":"vi-VN","name":"Voi"},{"lang":"zh-CN","name":"大象"},{"lang":"hi-IN","name":"हाथी"},{"lang":"th-TH","name":"ช้าง"},{"lang":"tr-TR","name":"Fil"},{"lang":"pt-BR","name":"Elefante"},{"lang":"de-DE","name":"Elefant"},{"lang":"id-ID","name":"Gajah"},{"lang":"fr-FR","name":"Éléphant"}]},{"id":4,"name":"Flamingo","transcription":"[fləˈmɪŋɡəʊ]","image":"/img/dict/animals/flamingo.png","translates":[{"lang":"ru-RU","name":"Фламинго"},{"lang":"vi-VN","name":"Hồng hạc"},{"lang":"zh-CN","name":"火烈鸟"},{"lang":"hi-IN","name":"फ्लेमिंगो"},{"lang":"th-TH","name":"นกฟลามิงโก"},{"lang":"tr-TR","name":"Flamingo"},{"lang":"pt-BR","name":"Flamingo"},{"lang":"de-DE","name":"Flamingo"},{"lang":"id-ID","name":"Flamingo"},{"lang":"fr-FR","name":"Flamant"}]},{"id":5,"name":"Giraffe","transcription":"[dʒəˈræf]","image":"/img/dict/animals/giraffe.png","translates":[{"lang":"ru-RU","name":"Жираф"},{"lang":"vi-VN","name":"Hươu cao cổ"},{"lang":"zh-CN","name":"长颈鹿"},{"lang":"hi-IN","name":"जिराफ़"},{"lang":"th-TH","name":"ยีราฟ"},{"lang":"tr-TR","name":"Zürafa"},{"lang":"pt-BR","name":"Girafa"},{"lang":"de-DE","name":"Giraffe"},{"lang":"id-ID","name":"Jerapah"},{"lang":"fr-FR","name":"Girafe"}]},{"id":6,"name":"Gorilla","transcription":"[ɡəˈrɪlə]","image":"/img/dict/animals/gorilla.png","translates":[{"lang":"ru-RU","name":"Горилла"},{"lang":"vi-VN","name":"Khỉ đột"},{"lang":"zh-CN","name":"大猩猩"},{"lang":"hi-IN","name":"गोरिल्ला"},{"lang":"th-TH","name":"กอริลลา"},{"lang":"tr-TR","name":"Goril"},{"lang":"pt-BR","name":"Gorila"},{"lang":"de-DE","name":"Gorilla"},{"lang":"id-ID","name":"Gorila"},{"lang":"fr-FR","name":"Gorille"}]},{"id":7,"name":"Hippo","transcription":"[ˈhɪpəʊ]","image":"/img/dict/animals/hippo.png","translates":[{"lang":"ru-RU","name":"Бегемот"},{"lang":"vi-VN","name":"Hà mã"},{"lang":"zh-CN","name":"河马"},{"lang":"hi-IN","name":"दरियाई घोड़ा"},{"lang":"th-TH","name":"ฮิปโป"},{"lang":"tr-TR","name":"Su aygırı"},{"lang":"pt-BR","name":"Hipopótamo"},{"lang":"de-DE","name":"Nilpferd"},{"lang":"id-ID","name":"Kuda nil"},{"lang":"fr-FR","name":"Hippopotame"}]},{"id":8,"name":"Kangaroo","transcription":"[ˌkæŋɡəˈruː]","image":"/img/dict/animals/kangaroo.png","translates":[{"lang":"ru-RU","name":"Кенгуру"},{"lang":"vi-VN","name":"Chuột túi"},{"lang":"zh-CN","name":"袋鼠"},{"lang":"hi-IN","name":"कंगारू"},{"lang":"th-TH","name":"จิงโจ้"},{"lang":"tr-TR","name":"Kanguru"},{"lang":"pt-BR","name":"Canguru"},{"lang":"de-DE","name":"Känguru"},{"lang":"id-ID","name":"Kanguru"},{"lang":"fr-FR","name":"Kangourou"}]},{"id":9,"name":"Leopard","transcription":"[ˈlepərd]","image":"/img/dict/animals/leopard.png","translates":[{"lang":"ru-RU","name":"Леопард"},{"lang":"vi-VN","name":"Báo hoa mai"},{"lang":"zh-CN","name":"豹子"},{"lang":"hi-IN","name":"तेंदुआ"},{"lang":"th-TH","name":"เสือดาว"},{"lang":"tr-TR","name":"Leopar"},{"lang":"pt-BR","name":"Leopardo"},{"lang":"de-DE","name":"Leopard"},{"lang":"id-ID","name":"Macan tutul"},{"lang":"fr-FR","name":"Léopard"}]},{"id":10,"name":"Lion","transcription":"[ˈlaɪən]","image":"/img/dict/animals/lion.png","translates":[{"lang":"ru-RU","name":"Лев"},{"lang":"vi-VN","name":"Sư tử"},{"lang":"zh-CN","name":"狮子"},{"lang":"hi-IN","name":"शेर"},{"lang":"th-TH","name":"สิงโต"},{"lang":"tr-TR","name":"Aslan"},{"lang":"pt-BR","name":"Leão"},{"lang":"de-DE","name":"Löwe"},{"lang":"id-ID","name":"Singa"},{"lang":"fr-FR","name":"Lion"}]},{"id":11,"name":"Monkey","transcription":"[ˈmʌŋkɪ]","image":"/img/dict/animals/monkey.png","translates":[{"lang":"ru-RU","name":"Обезьяна"},{"lang":"vi-VN","name":"Khỉ"},{"lang":"zh-CN","name":"猴子"},{"lang":"hi-IN","name":"बंदर"},{"lang":"th-TH","name":"ลิง"},{"lang":"tr-TR","name":"Maymun"},{"lang":"pt-BR","name":"Macaco"},{"lang":"de-DE","name":"Affe"},{"lang":"id-ID","name":"Monyet"},{"lang":"fr-FR","name":"Singe"}]},{"id":11,"name":"Hog","transcription":"[hɔːɡ]","image":"/img/dict/animals/hog.png","translates":[{"lang":"ru-RU","name":"Кабан"},{"lang":"vi-VN","name":"Lợn rừng"},{"lang":"zh-CN","name":"野猪"},{"lang":"hi-IN","name":"जंगली सूअर"},{"lang":"th-TH","name":"หมูป่า"},{"lang":"tr-TR","name":"Yaban domuzu"},{"lang":"pt-BR","name":"Javali"},{"lang":"de-DE","name":"Wildschwein"},{"lang":"id-ID","name":"Babi hutan"},{"lang":"fr-FR","name":"Sanglier"}]},{"id":12,"name":"Orangutan","transcription":"[ɔːˌræŋətæn]","image":"/img/dict/animals/orangutan.png","translates":[{"lang":"ru-RU","name":"Орангутан"},{"lang":"vi-VN","name":"Đười ươi"},{"lang":"zh-CN","name":"猩猩"},{"lang":"hi-IN","name":"ओरंगुटान"},{"lang":"th-TH","name":"อุรังอุตัง"},{"lang":"tr-TR","name":"Orangutan"},{"lang":"pt-BR","name":"Orangotango"},{"lang":"de-DE","name":"Orang-Utan"},{"lang":"id-ID","name":"Orangutan"},{"lang":"fr-FR","name":"Orang-outan"}]},{"id":13,"name":"Panda","transcription":"[ˈpændə]","image":"/img/dict/animals/panda.png","translates":[{"lang":"ru-RU","name":"Панда"},{"lang":"vi-VN","name":"Gấu trúc"},{"lang":"zh-CN","name":"熊猫"},{"lang":"hi-IN","name":"पांडा"},{"lang":"th-TH","name":"แพนด้า"},{"lang":"tr-TR","name":"Panda"},{"lang":"pt-BR","name":"Panda"},{"lang":"de-DE","name":"Panda"},{"lang":"id-ID","name":"Panda"},{"lang":"fr-FR","name":"Panda"}]},{"id":14,"name":"Polar Bear","transcription":"[ˈpəʊlər ber]","image":"/img/dict/animals/polarbear.png","translates":[{"lang":"ru-RU","name":"Полярный медведь"},{"lang":"vi-VN","name":"Gấu Bắc Cực"},{"lang":"zh-CN","name":"北极熊"},{"lang":"hi-IN","name":"ध्रुवीय भालू"},{"lang":"th-TH","name":"หมีขั้วโลก"},{"lang":"tr-TR","name":"Kutup ayısı"},{"lang":"pt-BR","name":"Urso polar"},{"lang":"de-DE","name":"Eisbär"},{"lang":"id-ID","name":"Beruang kutub"},{"lang":"fr-FR","name":"Ours polaire"}]},{"id":15,"name":"Rhino","transcription":"[ˈraɪnəʊ]","image":"/img/dict/animals/rhino.png","translates":[{"lang":"ru-RU","name":"Носорог"},{"lang":"vi-VN","name":"Tê giác"},{"lang":"zh-CN","name":"犀牛"},{"lang":"hi-IN","name":"गैंडा"},{"lang":"th-TH","name":"แรด"},{"lang":"tr-TR","name":"Gergedan"},{"lang":"pt-BR","name":"Rinoceronte"},{"lang":"de-DE","name":"Nashorn"},{"lang":"id-ID","name":"Badak"},{"lang":"fr-FR","name":"Rhinocéros"}]},{"id":16,"name":"Tiger","transcription":"[ˈtaɪɡər]","image":"/img/dict/animals/tiger.png","translates":[{"lang":"ru-RU","name":"Тигр"},{"lang":"vi-VN","name":"Hổ"},{"lang":"zh-CN","name":"老虎"},{"lang":"hi-IN","name":"बाघ"},{"lang":"th-TH","name":"เสือ"},{"lang":"tr-TR","name":"Kaplan"},{"lang":"pt-BR","name":"Tigre"},{"lang":"de-DE","name":"Tiger"},{"lang":"id-ID","name":"Harimau"},{"lang":"fr-FR","name":"Tigre"}]},{"id":17,"name":"Zebra","transcription":"[ˈziːbrə]","image":"/img/dict/animals/zebra.png","translates":[{"lang":"ru-RU","name":"Зебра"},{"lang":"vi-VN","name":"Ngựa vằn"},{"lang":"zh-CN","name":"斑马"},{"lang":"hi-IN","name":"ज़ेबरा"},{"lang":"th-TH","name":"ม้าลาย"},{"lang":"tr-TR","name":"Zebra"},{"lang":"pt-BR","name":"Zebra"},{"lang":"de-DE","name":"Zebra"},{"lang":"id-ID","name":"Zebra"},{"lang":"fr-FR","name":"Zèbre"}]},{"id":18,"name":"fox","transcription":"[fɑːks]","image":"/img/dict/animals/fox.png","translates":[{"lang":"ru-RU","name":"Лиса"},{"lang":"vi-VN","name":"Cáo"},{"lang":"zh-CN","name":"狐狸"},{"lang":"hi-IN","name":"लोमड़ी"},{"lang":"th-TH","name":"หมาจิ้งจอก"},{"lang":"tr-TR","name":"Tilki"},{"lang":"pt-BR","name":"Raposa"},{"lang":"de-DE","name":"Fuchs"},{"lang":"id-ID","name":"Rubah"},{"lang":"fr-FR","name":"Renard"}]},{"id":19,"name":"squirrel","transcription":"[ˈskwɜːrəl]","image":"/img/dict/animals/squirrel.png","translates":[{"lang":"ru-RU","name":"Белка"},{"lang":"vi-VN","name":"Sóc"},{"lang":"zh-CN","name":"松鼠"},{"lang":"hi-IN","name":"गिलहरी"},{"lang":"th-TH","name":"กระรอก"},{"lang":"tr-TR","name":"Sincap"},{"lang":"pt-BR","name":"Esquilo"},{"lang":"de-DE","name":"Eichhörnchen"},{"lang":"id-ID","name":"Tupai"},{"lang":"fr-FR","name":"Écureuil"}]},{"id":20,"name":"scorpion","transcription":"[ˈskɔːrpɪən]","image":"/img/dict/animals/scorpion.png","translates":[{"lang":"ru-RU","name":"Скорпион"},{"lang":"vi-VN","name":"Bọ cạp"},{"lang":"zh-CN","name":"蝎子"},{"lang":"hi-IN","name":"बिच्छू"},{"lang":"th-TH","name":"แมงป่อง"},{"lang":"tr-TR","name":"Akrep"},{"lang":"pt-BR","name":"Escorpião"},{"lang":"de-DE","name":"Skorpion"},{"lang":"id-ID","name":"Kalajengking"},{"lang":"fr-FR","name":"Scorpion"}]},{"id":21,"name":"chipmunk","transcription":"[ˈtʃɪpmʌŋk]","image":"/img/dict/animals/chipmunk.png","translates":[{"lang":"ru-RU","name":"Бурундук"},{"lang":"vi-VN","name":"Sóc chuột"},{"lang":"zh-CN","name":"花栗鼠"},{"lang":"hi-IN","name":"चिपमंक"},{"lang":"th-TH","name":"ชิปมังก์"},{"lang":"tr-TR","name":"Sincap"},{"lang":"pt-BR","name":"Tâmias"},{"lang":"de-DE","name":"Streifenhörnchen"},{"lang":"id-ID","name":"Tupai tanah"},{"lang":"fr-FR","name":"Tamia"}]},{"id":22,"name":"camel","transcription":"[ˈkæml]","image":"/img/dict/animals/camel.png","translates":[{"lang":"ru-RU","name":"Верблюд"},{"lang":"vi-VN","name":"Lạc đà"},{"lang":"zh-CN","name":"骆驼"},{"lang":"hi-IN","name":"ऊंट"},{"lang":"th-TH","name":"อูฐ"},{"lang":"tr-TR","name":"Deve"},{"lang":"pt-BR","name":"Camelo"},{"lang":"de-DE","name":"Kamel"},{"lang":"id-ID","name":"Unta"},{"lang":"fr-FR","name":"Chameau"}]},{"id":23,"name":"deer","transcription":"[dɪr]","image":"/img/dict/animals/deer.png","translates":[{"lang":"ru-RU","name":"Олень"},{"lang":"vi-VN","name":"Hươu"},{"lang":"zh-CN","name":"鹿"},{"lang":"hi-IN","name":"हिरण"},{"lang":"th-TH","name":"กวาง"},{"lang":"tr-TR","name":"Geyik"},{"lang":"pt-BR","name":"Cervo"},{"lang":"de-DE","name":"Hirsch"},{"lang":"id-ID","name":"Rusa"},{"lang":"fr-FR","name":"Cerf"}]},{"id":24,"name":"bison","transcription":"[ˈbaɪsn]","image":"/img/dict/animals/bison.png","translates":[{"lang":"ru-RU","name":"Бизон"},{"lang":"vi-VN","name":"Bò rừng"},{"lang":"zh-CN","name":"野牛"},{"lang":"hi-IN","name":"बाइसन"},{"lang":"th-TH","name":"ไบซัน"},{"lang":"tr-TR","name":"Bizon"},{"lang":"pt-BR","name":"Bisão"},{"lang":"de-DE","name":"Bison"},{"lang":"id-ID","name":"Bison"},{"lang":"fr-FR","name":"Bison"}]},{"id":25,"name":"ELK","transcription":"[elk]","image":"/img/dict/animals/elk.png","translates":[{"lang":"ru-RU","name":"Лось"},{"lang":"vi-VN","name":"Nai sừng tấm"},{"lang":"zh-CN","name":"麋鹿"},{"lang":"hi-IN","name":"एल्क"},{"lang":"th-TH","name":"กวางมูส"},{"lang":"tr-TR","name":"Geyik"},{"lang":"pt-BR","name":"Alce"},{"lang":"de-DE","name":"Elch"},{"lang":"id-ID","name":"Rusa besar"},{"lang":"fr-FR","name":"Élan"}]},{"id":26,"name":"yak","transcription":"[jæk]","image":"/img/dict/animals/yak.png","translates":[{"lang":"ru-RU","name":"Як"},{"lang":"vi-VN","name":"Bò Tây Tạng"},{"lang":"zh-CN","name":"牦牛"},{"lang":"hi-IN","name":"याक"},{"lang":"th-TH","name":"จามรี"},{"lang":"tr-TR","name":"Yak"},{"lang":"pt-BR","name":"Yak"},{"lang":"de-DE","name":"Yak"},{"lang":"id-ID","name":"Yak"},{"lang":"fr-FR","name":"Yak"}]},{"id":27,"name":"mouse","transcription":"[maʊs]","image":"/img/dict/animals/mouse.png","translates":[{"lang":"ru-RU","name":"Мышь"},{"lang":"vi-VN","name":"Chuột"},{"lang":"zh-CN","name":"老鼠"},{"lang":"hi-IN","name":"चूहा"},{"lang":"th-TH","name":"หนู"},{"lang":"tr-TR","name":"Fare"},{"lang":"pt-BR","name":"Camundongo"},{"lang":"de-DE","name":"Maus"},{"lang":"id-ID","name":"Tikus"},{"lang":"fr-FR","name":"Souris"}]},{"id":28,"name":"koala","transcription":"[kəʊˈɑːlə]","image":"/img/dict/animals/koala.png","translates":[{"lang":"ru-RU","name":"Коала"},{"lang":"vi-VN","name":"Gấu túi"},{"lang":"zh-CN","name":"考拉"},{"lang":"hi-IN","name":"कोआला"},{"lang":"th-TH","name":"โคอาลา"},{"lang":"tr-TR","name":"Koala"},{"lang":"pt-BR","name":"Coala"},{"lang":"de-DE","name":"Koala"},{"lang":"id-ID","name":"Koala"},{"lang":"fr-FR","name":"Koala"}]},{"id":30,"name":"otter","transcription":"[ˈɑːtər]","image":"/img/dict/animals/otter.png","translates":[{"lang":"ru-RU","name":"Выдра"},{"lang":"vi-VN","name":"Rái cá"},{"lang":"zh-CN","name":"水獭"},{"lang":"hi-IN","name":"ऊदबिलाव"},{"lang":"th-TH","name":"นาก"},{"lang":"tr-TR","name":"Su samuru"},{"lang":"pt-BR","name":"Lontra"},{"lang":"de-DE","name":"Otter"},{"lang":"id-ID","name":"Berang-berang"},{"lang":"fr-FR","name":"Loutre"}]},{"id":31,"name":"wolf","transcription":"[wʊlf]","image":"/img/dict/animals/wolf.png","translates":[{"lang":"ru-RU","name":"Волк"},{"lang":"vi-VN","name":"Sói"},{"lang":"zh-CN","name":"狼"},{"lang":"hi-IN","name":"भेड़िया"},{"lang":"th-TH","name":"หมาป่า"},{"lang":"tr-TR","name":"Kurt"},{"lang":"pt-BR","name":"Lobo"},{"lang":"de-DE","name":"Wolf"},{"lang":"id-ID","name":"Serigala"},{"lang":"fr-FR","name":"Loup"}]},{"id":32,"name":"hare","transcription":"[her]","image":"/img/dict/animals/hare.png","translates":[{"lang":"ru-RU","name":"Заяц"},{"lang":"vi-VN","name":"Thỏ rừng"},{"lang":"zh-CN","name":"野兔"},{"lang":"hi-IN","name":"खरगोश"},{"lang":"th-TH","name":"กระต่ายป่า"},{"lang":"tr-TR","name":"Tavşan"},{"lang":"pt-BR","name":"Lebre"},{"lang":"de-DE","name":"Hase"},{"lang":"id-ID","name":"Kelinci"},{"lang":"fr-FR","name":"Lièvre"}]},{"id":33,"name":"antelope","transcription":"[ˈæntɪləʊp]","image":"/img/dict/animals/antelope.png","translates":[{"lang":"ru-RU","name":"Антилопа"},{"lang":"vi-VN","name":"Linh dương"},{"lang":"zh-CN","name":"羚羊"},{"lang":"hi-IN","name":"मृग"},{"lang":"th-TH","name":"แอนติโลป"},{"lang":"tr-TR","name":"Antilop"},{"lang":"pt-BR","name":"Antílope"},{"lang":"de-DE","name":"Antilope"},{"lang":"id-ID","name":"Antelop"},{"lang":"fr-FR","name":"Antilope"}]},{"id":34,"name":"snail","transcription":"[sneɪl]","image":"/img/dict/animals/snail.png","translates":[{"lang":"ru-RU","name":"Улитка"},{"lang":"vi-VN","name":"Ốc sên"},{"lang":"zh-CN","name":"蜗牛"},{"lang":"hi-IN","name":"घोंघा"},{"lang":"th-TH","name":"หอยทาก"},{"lang":"tr-TR","name":"Salyangoz"},{"lang":"pt-BR","name":"Caracol"},{"lang":"de-DE","name":"Schnecke"},{"lang":"id-ID","name":"Siput"},{"lang":"fr-FR","name":"Escargot"}]},{"id":35,"name":"raccoon","transcription":"[ræˈkuːn]","image":"/img/dict/animals/raccoon.png","translates":[{"lang":"ru-RU","name":"Енот"},{"lang":"vi-VN","name":"Gấu mèo"},{"lang":"zh-CN","name":"浣熊"},{"lang":"hi-IN","name":"रैकून"},{"lang":"th-TH","name":"แรคคูน"},{"lang":"tr-TR","name":"Rakun"},{"lang":"pt-BR","name":"Guaxinim"},{"lang":"de-DE","name":"Waschbär"},{"lang":"id-ID","name":"Rakun"},{"lang":"fr-FR","name":"Raton laveur"}]},{"id":36,"name":"owl","transcription":"[aʊl]","image":"/img/dict/animals/owl.png","translates":[{"lang":"ru-RU","name":"Сова"},{"lang":"vi-VN","name":"Cú"},{"lang":"zh-CN","name":"猫头鹰"},{"lang":"hi-IN","name":"उल्लू"},{"lang":"th-TH","name":"นกฮูก"},{"lang":"tr-TR","name":"Baykuş"},{"lang":"pt-BR","name":"Coruja"},{"lang":"de-DE","name":"Eule"},{"lang":"id-ID","name":"Burung hantu"},{"lang":"fr-FR","name":"Hibou"}]},{"id":37,"name":"hedgehog","transcription":"[ˈhedʒhɔːɡ]","image":"/img/dict/animals/hedgehog.png","translates":[{"lang":"ru-RU","name":"Ёжик"},{"lang":"vi-VN","name":"Nhím"},{"lang":"zh-CN","name":"刺猬"},{"lang":"hi-IN","name":"जंगली सूअर"},{"lang":"th-TH","name":"เม่น"},{"lang":"tr-TR","name":"Kirpi"},{"lang":"pt-BR","name":"Ouriço"},{"lang":"de-DE","name":"Igel"},{"lang":"id-ID","name":"Landak"},{"lang":"fr-FR","name":"Hérisson"}]},{"id":38,"name":"bear","transcription":"[ber]","image":"/img/dict/animals/bear.png","translates":[{"lang":"ru-RU","name":"Медведь"},{"lang":"vi-VN","name":"Gấu"},{"lang":"zh-CN","name":"熊"},{"lang":"hi-IN","name":"भालू"},{"lang":"th-TH","name":"หมี"},{"lang":"tr-TR","name":"Ayı"},{"lang":"pt-BR","name":"Urso"},{"lang":"de-DE","name":"Bär"},{"lang":"id-ID","name":"Beruang"},{"lang":"fr-FR","name":"Ours"}]},{"id":39,"name":"ox","transcription":"[ɑːks]","image":"/img/dict/animals/ox.png","translates":[{"lang":"ru-RU","name":"Бык"},{"lang":"vi-VN","name":"Bò đực"},{"lang":"zh-CN","name":"公牛"},{"lang":"hi-IN","name":"बैल"},{"lang":"th-TH","name":"วัวตัวผู้"},{"lang":"tr-TR","name":"Öküz"},{"lang":"pt-BR","name":"Boi"},{"lang":"de-DE","name":"Ochse"},{"lang":"id-ID","name":"Lembu jantan"},{"lang":"fr-FR","name":"Bœuf"}]},{"id":40,"name":"snake","transcription":"[sneɪk]","image":"/img/dict/animals/snake.png","translates":[{"lang":"ru-RU","name":"Змея"},{"lang":"vi-VN","name":"Rắn"},{"lang":"zh-CN","name":"蛇"},{"lang":"hi-IN","name":"साँप"},{"lang":"th-TH","name":"งู"},{"lang":"tr-TR","name":"Yılan"},{"lang":"pt-BR","name":"Cobra"},{"lang":"de-DE","name":"Schlange"},{"lang":"id-ID","name":"Ular"},{"lang":"fr-FR","name":"Serpent"}]},{"id":41,"name":"ostrich","transcription":"[ˈɑːstrɪtʃ]","image":"/img/dict/animals/ostrich.png","translates":[{"lang":"ru-RU","name":"Страус"},{"lang":"vi-VN","name":"Đà điểu"},{"lang":"zh-CN","name":"鸵鸟"},{"lang":"hi-IN","name":"शुतुरमुर्ग"},{"lang":"th-TH","name":"นกกระจอกเทศ"},{"lang":"tr-TR","name":"Deve kuşu"},{"lang":"pt-BR","name":"Avestruz"},{"lang":"de-DE","name":"Strauß"},{"lang":"id-ID","name":"Burung unta"},{"lang":"fr-FR","name":"Autruche"}]},{"id":42,"name":"lemur","transcription":"[ˈliːmər]","image":"/img/dict/animals/lemur.png","translates":[{"lang":"ru-RU","name":"Лемур"},{"lang":"vi-VN","name":"Vượn cáo"},{"lang":"zh-CN","name":"狐猴"},{"lang":"hi-IN","name":"लेमूर"},{"lang":"th-TH","name":"ลีเมอร์"},{"lang":"tr-TR","name":"Lemur"},{"lang":"pt-BR","name":"Lêmure"},{"lang":"de-DE","name":"Lemur"},{"lang":"id-ID","name":"Lemur"},{"lang":"fr-FR","name":"Lémurien"}]},{"id":43,"name":"vulture","transcription":"[ˈvʌltʃər]","image":"/img/dict/animals/vulture.png","translates":[{"lang":"ru-RU","name":"Стервятник"},{"lang":"vi-VN","name":"Kền kền"},{"lang":"zh-CN","name":"秃鹫"},{"lang":"hi-IN","name":"गिद्ध"},{"lang":"th-TH","name":"แร้ง"},{"lang":"tr-TR","name":"Akbaba"},{"lang":"pt-BR","name":"Abutre"},{"lang":"de-DE","name":"Geier"},{"lang":"id-ID","name":"Burung nasar"},{"lang":"fr-FR","name":"Vautour"}]},{"id":44,"name":"lizard","transcription":"[ˈlɪzərd]","image":"/img/dict/animals/lizard.png","translates":[{"lang":"ru-RU","name":"Ящерица"},{"lang":"vi-VN","name":"Thằn lằn"},{"lang":"zh-CN","name":"蜥蜴"},{"lang":"hi-IN","name":"छिपकली"},{"lang":"th-TH","name":"จิ้งจก"},{"lang":"tr-TR","name":"Kertenkele"},{"lang":"pt-BR","name":"Lagarto"},{"lang":"de-DE","name":"Eidechse"},{"lang":"id-ID","name":"Kadal"},{"lang":"fr-FR","name":"Lézard"}]},{"id":45,"name":"frog","transcription":"[frɔːɡ]","image":"/img/dict/animals/frog.png","translates":[{"lang":"ru-RU","name":"Лягушка"},{"lang":"vi-VN","name":"Ếch"},{"lang":"zh-CN","name":"青蛙"},{"lang":"hi-IN","name":"मेंढक"},{"lang":"th-TH","name":"กบ"},{"lang":"tr-TR","name":"Kurbağa"},{"lang":"pt-BR","name":"Sapo"},{"lang":"de-DE","name":"Frosch"},{"lang":"id-ID","name":"Kodok"},{"lang":"fr-FR","name":"Grenouille"}]},{"id":46,"name":"eagle","transcription":"[ˈiːɡl]","image":"/img/dict/animals/eagle.png","translates":[{"lang":"ru-RU","name":"Орёл"},{"lang":"vi-VN","name":"Đại bàng"},{"lang":"zh-CN","name":"鹰"},{"lang":"hi-IN","name":"गरुड़"},{"lang":"th-TH","name":"นกอินทรี"},{"lang":"tr-TR","name":"Kartal"},{"lang":"pt-BR","name":"Águia"},{"lang":"de-DE","name":"Adler"},{"lang":"id-ID","name":"Elang"},{"lang":"fr-FR","name":"Aigle"}]},{"id":47,"name":"meerkat","transcription":"[ˈmɪrkæt]","image":"/img/dict/animals/meerkat.png","translates":[{"lang":"ru-RU","name":"Сурикат"},{"lang":"vi-VN","name":"Chồn đất"},{"lang":"zh-CN","name":"猫鼬"},{"lang":"hi-IN","name":"मीरकैट"},{"lang":"th-TH","name":"เมียร์แคต"},{"lang":"tr-TR","name":"Mirket"},{"lang":"pt-BR","name":"Suricata"},{"lang":"de-DE","name":"Erdmännchen"},{"lang":"id-ID","name":"Meerkat"},{"lang":"fr-FR","name":"Suricate"}]},{"id":48,"name":"bat","transcription":"[bæt]","image":"/img/dict/animals/bat.png","translates":[{"lang":"ru-RU","name":"Летучая мышь"},{"lang":"vi-VN","name":"Dơi"},{"lang":"zh-CN","name":"蝙蝠"},{"lang":"hi-IN","name":"चमगादड़"},{"lang":"th-TH","name":"ค้างคาว"},{"lang":"tr-TR","name":"Yarasa"},{"lang":"pt-BR","name":"Morcego"},{"lang":"de-DE","name":"Fledermaus"},{"lang":"id-ID","name":"Kelelawar"},{"lang":"fr-FR","name":"Chauve-souris"}]},{"id":49,"name":"penguin","transcription":"[ˈpeŋɡwɪn]","image":"/img/dict/animals/penguin.png","translates":[{"lang":"ru-RU","name":"Пингвин"},{"lang":"vi-VN","name":"Chim cánh cụt"},{"lang":"zh-CN","name":"企鹅"},{"lang":"hi-IN","name":"पेंगुइन"},{"lang":"th-TH","name":"เพนกวิน"},{"lang":"tr-TR","name":"Penguen"},{"lang":"pt-BR","name":"Pinguim"},{"lang":"de-DE","name":"Pinguin"},{"lang":"id-ID","name":"Pinguin"},{"lang":"fr-FR","name":"Pingouin"}]},{"id":50,"name":"spider","transcription":"[ˈspaɪdər]","image":"/img/dict/animals/spider.png","translates":[{"lang":"ru-RU","name":"Паук"},{"lang":"vi-VN","name":"Nhện"},{"lang":"zh-CN","name":"蜘蛛"},{"lang":"hi-IN","name":"मकड़ी"},{"lang":"th-TH","name":"แมงมุม"},{"lang":"tr-TR","name":"Örümcek"},{"lang":"pt-BR","name":"Aranha"},{"lang":"de-DE","name":"Spinne"},{"lang":"id-ID","name":"Laba-laba"},{"lang":"fr-FR","name":"Araignée"}]}]}