{"name":"Common \u0026 Tricky","nameA":"","img":"","isRandom":false,"isBlur":false,"isUpper":true,"isByWords":false,"isForAdult":false,"separator":"","numWords":106,"Translations":[{"lang":"ru-RU","name":"Общие и хитрые слова","nameA":""},{"lang":"vi-VN","name":"Từ thông dụng \u0026 khó","nameA":""},{"lang":"zh-CN","name":"常见和棘手","nameA":""},{"lang":"hi-IN","name":"आम और पेचीदा","nameA":""},{"lang":"th-TH","name":"คำทั่วไปและยุ่งยาก","nameA":""},{"lang":"tr-TR","name":"Yaygın ve Zor","nameA":""},{"lang":"pt-BR","name":"Comum e Difícil","nameA":""},{"lang":"de-DE","name":"Häufig \u0026 Knifflig","nameA":""},{"lang":"id-ID","name":"Umum \u0026 Rumit","nameA":""},{"lang":"fr-FR","name":"Courant \u0026 Délicat","nameA":""}],"items":[{"id":0,"name":"I","transcription":"[aɪ]","nameA":"","image":"/img/dict/abc/i.png","bg":"transparent","nameAnswer":"","translates":[{"lang":"ru-RU","name":"Я","nameA":""},{"lang":"vi-VN","name":"Tôi","nameA":""},{"lang":"zh-CN","name":"我","nameA":""},{"lang":"hi-IN","name":"मैं","nameA":""},{"lang":"th-TH","name":"ฉัน","nameA":""},{"lang":"tr-TR","name":"Ben","nameA":""},{"lang":"pt-BR","name":"Eu","nameA":""},{"lang":"de-DE","name":"Ich","nameA":""},{"lang":"id-ID","name":"Saya","nameA":""},{"lang":"fr-FR","name":"Je","nameA":""}]},{"id":0,"name":"no","transcription":"[noʊ]","nameA":"","image":"","bg":"transparent","nameAnswer":"","translates":[{"lang":"ru-RU","name":"Нет","nameA":""},{"lang":"vi-VN","name":"Không","nameA":""},{"lang":"zh-CN","name":"不","nameA":""},{"lang":"hi-IN","name":"नहीं","nameA":""},{"lang":"th-TH","name":"ไม่","nameA":""},{"lang":"tr-TR","name":"Hayır","nameA":""},{"lang":"pt-BR","name":"Não","nameA":""},{"lang":"de-DE","name":"Nein","nameA":""},{"lang":"id-ID","name":"Tidak","nameA":""},{"lang":"fr-FR","name":"Non","nameA":""}]},{"id":0,"name":"so","transcription":"[soʊ]","nameA":"","image":"","bg":"transparent","nameAnswer":"","translates":[{"lang":"ru-RU","name":"Итак","nameA":""},{"lang":"vi-VN","name":"Vì vậy","nameA":""},{"lang":"zh-CN","name":"所以","nameA":""},{"lang":"hi-IN","name":"तो","nameA":""},{"lang":"th-TH","name":"ดังนั้น","nameA":""},{"lang":"tr-TR","name":"Yani","nameA":""},{"lang":"pt-BR","name":"Então","nameA":""},{"lang":"de-DE","name":"Also","nameA":""},{"lang":"id-ID","name":"Jadi","nameA":""},{"lang":"fr-FR","name":"Donc","nameA":""}]},{"id":0,"name":"go","transcription":"[ɡoʊ]","nameA":"","image":"","bg":"transparent","nameAnswer":"","translates":[{"lang":"ru-RU","name":"Идти","nameA":""},{"lang":"vi-VN","name":"Đi","nameA":""},{"lang":"zh-CN","name":"去","nameA":""},{"lang":"hi-IN","name":"जाना","nameA":""},{"lang":"th-TH","name":"ไป","nameA":""},{"lang":"tr-TR","name":"Gitmek","nameA":""},{"lang":"pt-BR","name":"Ir","nameA":""},{"lang":"de-DE","name":"Gehen","nameA":""},{"lang":"id-ID","name":"Pergi","nameA":""},{"lang":"fr-FR","name":"Aller","nameA":""}]},{"id":0,"name":"oh no!","transcription":"[oʊ noʊ]","nameA":"","image":"","bg":"transparent","nameAnswer":"","translates":[{"lang":"ru-RU","name":"О, нет!","nameA":""},{"lang":"vi-VN","name":"Ôi không!","nameA":""},{"lang":"zh-CN","name":"哦不！","nameA":""},{"lang":"hi-IN","name":"अरे नहीं!","nameA":""},{"lang":"th-TH","name":"โอ้ไม่!","nameA":""},{"lang":"tr-TR","name":"Oh hayır!","nameA":""},{"lang":"pt-BR","name":"Oh não!","nameA":""},{"lang":"de-DE","name":"Oh nein!","nameA":""},{"lang":"id-ID","name":"Oh tidak!","nameA":""},{"lang":"fr-FR","name":"Oh non !","nameA":""}]},{"id":0,"name":"people","transcription":"[ˈpiːpl]","nameA":"","image":"","bg":"transparent","nameAnswer":"","translates":[{"lang":"ru-RU","name":"Люди","nameA":""},{"lang":"vi-VN","name":"Người","nameA":""},{"lang":"zh-CN","name":"人们","nameA":""},{"lang":"hi-IN","name":"लोग","nameA":""},{"lang":"th-TH","name":"คน","nameA":""},{"lang":"tr-TR","name":"İnsanlar","nameA":""},{"lang":"pt-BR","name":"Pessoas","nameA":""},{"lang":"de-DE","name":"Menschen","nameA":""},{"lang":"id-ID","name":"Orang","nameA":""},{"lang":"fr-FR","name":"Gens","nameA":""}]},{"id":0,"name":"Mr","transcription":"[ˈmɪstɚ]","nameA":"","image":"","bg":"transparent","nameAnswer":"","translates":[{"lang":"ru-RU","name":"Мистер","nameA":""},{"lang":"vi-VN","name":"Ông","nameA":""},{"lang":"zh-CN","name":"先生","nameA":""},{"lang":"hi-IN","name":"श्री","nameA":""},{"lang":"th-TH","name":"นาย","nameA":""},{"lang":"tr-TR","name":"Bay","nameA":""},{"lang":"pt-BR","name":"Sr.","nameA":""},{"lang":"de-DE","name":"Herr","nameA":""},{"lang":"id-ID","name":"Tuan","nameA":""},{"lang":"fr-FR","name":"M.","nameA":""}]},{"id":0,"name":"Mrs","transcription":"[ˈmɪsɪz]","nameA":"","image":"","bg":"transparent","nameAnswer":"","translates":[{"lang":"ru-RU","name":"Миссис","nameA":""},{"lang":"vi-VN","name":"Bà","nameA":""},{"lang":"zh-CN","name":"夫人","nameA":""},{"lang":"hi-IN","name":"श्रीमती","nameA":""},{"lang":"th-TH","name":"นาง","nameA":""},{"lang":"tr-TR","name":"Bayan","nameA":""},{"lang":"pt-BR","name":"Sra.","nameA":""},{"lang":"de-DE","name":"Frau","nameA":""},{"lang":"id-ID","name":"Nyonya","nameA":""},{"lang":"fr-FR","name":"Mme","nameA":""}]},{"id":0,"name":"Miss","transcription":"[mɪs]","nameA":"","image":"","bg":"transparent","nameAnswer":"","translates":[{"lang":"ru-RU","name":"Мисс","nameA":""},{"lang":"vi-VN","name":"Cô","nameA":""},{"lang":"zh-CN","name":"小姐","nameA":""},{"lang":"hi-IN","name":"मिस","nameA":""},{"lang":"th-TH","name":"นางสาว","nameA":""},{"lang":"tr-TR","name":"Bayan","nameA":""},{"lang":"pt-BR","name":"Srta.","nameA":""},{"lang":"de-DE","name":"Fräulein","nameA":""},{"lang":"id-ID","name":"Nona","nameA":""},{"lang":"fr-FR","name":"Mlle","nameA":""}]},{"id":0,"name":"Could","transcription":"[kʊd]","nameA":"","image":"","bg":"transparent","nameAnswer":"","translates":[{"lang":"ru-RU","name":"Мог","nameA":""},{"lang":"vi-VN","name":"Có thể","nameA":""},{"lang":"zh-CN","name":"可以","nameA":""},{"lang":"hi-IN","name":"सकता है","nameA":""},{"lang":"th-TH","name":"สามารถ","nameA":""},{"lang":"tr-TR","name":"Yapabilir","nameA":""},{"lang":"pt-BR","name":"Poderia","nameA":""},{"lang":"de-DE","name":"Könnte","nameA":""},{"lang":"id-ID","name":"Bisa","nameA":""},{"lang":"fr-FR","name":"Pourrait","nameA":""}]},{"id":0,"name":"Should","transcription":"[ʃʊd]","nameA":"","image":"","bg":"transparent","nameAnswer":"","translates":[{"lang":"ru-RU","name":"Должен","nameA":""},{"lang":"vi-VN","name":"Nên","nameA":""},{"lang":"zh-CN","name":"应该","nameA":""},{"lang":"hi-IN","name":"चाहिए","nameA":""},{"lang":"th-TH","name":"ควร","nameA":""},{"lang":"tr-TR","name":"Meli","nameA":""},{"lang":"pt-BR","name":"Deveria","nameA":""},{"lang":"de-DE","name":"Sollte","nameA":""},{"lang":"id-ID","name":"Harus","nameA":""},{"lang":"fr-FR","name":"Devrait","nameA":""}]},{"id":0,"name":"Would","transcription":"[wʊd]","nameA":"","image":"","bg":"transparent","nameAnswer":"","translates":[{"lang":"ru-RU","name":"Был бы","nameA":""},{"lang":"vi-VN","name":"Sẽ","nameA":""},{"lang":"zh-CN","name":"会","nameA":""},{"lang":"hi-IN","name":"होगा","nameA":""},{"lang":"th-TH","name":"จะ","nameA":""},{"lang":"tr-TR","name":"Olur","nameA":""},{"lang":"pt-BR","name":"Seria","nameA":""},{"lang":"de-DE","name":"Würde","nameA":""},{"lang":"id-ID","name":"Akan","nameA":""},{"lang":"fr-FR","name":"Serait","nameA":""}]},{"id":0,"name":"Was","transcription":"[wʌz]","nameA":"","image":"","bg":"transparent","nameAnswer":"","translates":[{"lang":"ru-RU","name":"Был","nameA":""},{"lang":"vi-VN","name":"Là","nameA":""},{"lang":"zh-CN","name":"是","nameA":""},{"lang":"hi-IN","name":"था","nameA":""},{"lang":"th-TH","name":"คือ","nameA":""},{"lang":"tr-TR","name":"Oldu","nameA":""},{"lang":"pt-BR","name":"Foi","nameA":""},{"lang":"de-DE","name":"War","nameA":""},{"lang":"id-ID","name":"Adalah","nameA":""},{"lang":"fr-FR","name":"Était","nameA":""}]},{"id":0,"name":"Because","transcription":"[bɪˈkɔz]","nameA":"","image":"","bg":"transparent","nameAnswer":"","translates":[{"lang":"ru-RU","name":"Потому что","nameA":""},{"lang":"vi-VN","name":"Bởi vì","nameA":""},{"lang":"zh-CN","name":"因为","nameA":""},{"lang":"hi-IN","name":"क्योंकि","nameA":""},{"lang":"th-TH","name":"เพราะว่า","nameA":""},{"lang":"tr-TR","name":"Çünkü","nameA":""},{"lang":"pt-BR","name":"Porque","nameA":""},{"lang":"de-DE","name":"Weil","nameA":""},{"lang":"id-ID","name":"Karena","nameA":""},{"lang":"fr-FR","name":"Parce que","nameA":""}]},{"id":0,"name":"of","transcription":"[ʌv]","nameA":"","image":"","bg":"transparent","nameAnswer":"","translates":[{"lang":"ru-RU","name":"Из, от","nameA":""},{"lang":"vi-VN","name":"Của","nameA":""},{"lang":"zh-CN","name":"的","nameA":""},{"lang":"hi-IN","name":"का","nameA":""},{"lang":"th-TH","name":"ของ","nameA":""},{"lang":"tr-TR","name":"Nın","nameA":""},{"lang":"pt-BR","name":"De","nameA":""},{"lang":"de-DE","name":"Von","nameA":""},{"lang":"id-ID","name":"Dari","nameA":""},{"lang":"fr-FR","name":"De","nameA":""}]},{"id":0,"name":"off","transcription":"[ɔf]","nameA":"","image":"","bg":"transparent","nameAnswer":"","translates":[{"lang":"ru-RU","name":"Выключенный, от","nameA":""},{"lang":"vi-VN","name":"Tắt","nameA":""},{"lang":"zh-CN","name":"关闭","nameA":""},{"lang":"hi-IN","name":"बंद","nameA":""},{"lang":"th-TH","name":"ปิด","nameA":""},{"lang":"tr-TR","name":"Kapalı","nameA":""},{"lang":"pt-BR","name":"Desligado","nameA":""},{"lang":"de-DE","name":"Aus","nameA":""},{"lang":"id-ID","name":"Mati","nameA":""},{"lang":"fr-FR","name":"Désactivé","nameA":""}]},{"id":0,"name":"to","transcription":"[tu]","nameA":"","image":"","bg":"transparent","nameAnswer":"","translates":[{"lang":"ru-RU","name":"К, в","nameA":""},{"lang":"vi-VN","name":"Đến","nameA":""},{"lang":"zh-CN","name":"到","nameA":""},{"lang":"hi-IN","name":"को","nameA":""},{"lang":"th-TH","name":"ถึง","nameA":""},{"lang":"tr-TR","name":"Için","nameA":""},{"lang":"pt-BR","name":"Para","nameA":""},{"lang":"de-DE","name":"Zu","nameA":""},{"lang":"id-ID","name":"Ke","nameA":""},{"lang":"fr-FR","name":"À","nameA":""}]},{"id":0,"name":"too","transcription":"[tuː]","nameA":"","image":"","bg":"transparent","nameAnswer":"","translates":[{"lang":"ru-RU","name":"Тоже, слишком","nameA":""},{"lang":"vi-VN","name":"Cũng, quá","nameA":""},{"lang":"zh-CN","name":"也, 太","nameA":""},{"lang":"hi-IN","name":"भी, बहुत","nameA":""},{"lang":"th-TH","name":"ด้วย, เกินไป","nameA":""},{"lang":"tr-TR","name":"Da, çok","nameA":""},{"lang":"pt-BR","name":"Também, demais","nameA":""},{"lang":"de-DE","name":"Auch, zu","nameA":""},{"lang":"id-ID","name":"Juga, terlalu","nameA":""},{"lang":"fr-FR","name":"Aussi, trop","nameA":""}]},{"id":0,"name":"do","transcription":"[duː]","nameA":"","image":"","bg":"transparent","nameAnswer":"","translates":[{"lang":"ru-RU","name":"Делать","nameA":""},{"lang":"vi-VN","name":"Làm","nameA":""},{"lang":"zh-CN","name":"做","nameA":""},{"lang":"hi-IN","name":"करना","nameA":""},{"lang":"th-TH","name":"ทำ","nameA":""},{"lang":"tr-TR","name":"Yapmak","nameA":""},{"lang":"pt-BR","name":"Fazer","nameA":""},{"lang":"de-DE","name":"Tun","nameA":""},{"lang":"id-ID","name":"Melakukan","nameA":""},{"lang":"fr-FR","name":"Faire","nameA":""}]},{"id":0,"name":"into","transcription":"[ˈɪntuː]","nameA":"","image":"","bg":"transparent","nameAnswer":"","translates":[{"lang":"ru-RU","name":"В, внутрь","nameA":""},{"lang":"vi-VN","name":"Vào","nameA":""},{"lang":"zh-CN","name":"进入","nameA":""},{"lang":"hi-IN","name":"में","nameA":""},{"lang":"th-TH","name":"เข้าไป","nameA":""},{"lang":"tr-TR","name":"Içine","nameA":""},{"lang":"pt-BR","name":"Em","nameA":""},{"lang":"de-DE","name":"In","nameA":""},{"lang":"id-ID","name":"Ke dalam","nameA":""},{"lang":"fr-FR","name":"Dans","nameA":""}]},{"id":0,"name":"her","transcription":"[hɚ]","nameA":"","image":"","bg":"transparent","nameAnswer":"","translates":[{"lang":"ru-RU","name":"Её","nameA":""},{"lang":"vi-VN","name":"Cô ấy","nameA":""},{"lang":"zh-CN","name":"她","nameA":""},{"lang":"hi-IN","name":"उसका","nameA":""},{"lang":"th-TH","name":"เธอ","nameA":""},{"lang":"tr-TR","name":"Onun","nameA":""},{"lang":"pt-BR","name":"Ela","nameA":""},{"lang":"de-DE","name":"Ihr","nameA":""},{"lang":"id-ID","name":"Dia","nameA":""},{"lang":"fr-FR","name":"Elle","nameA":""}]},{"id":0,"name":"here","transcription":"[hɪr]","nameA":"","image":"","bg":"transparent","nameAnswer":"","translates":[{"lang":"ru-RU","name":"Здесь","nameA":""},{"lang":"vi-VN","name":"Ở đây","nameA":""},{"lang":"zh-CN","name":"这里","nameA":""},{"lang":"hi-IN","name":"यहाँ","nameA":""},{"lang":"th-TH","name":"ที่นี่","nameA":""},{"lang":"tr-TR","name":"Burada","nameA":""},{"lang":"pt-BR","name":"Aqui","nameA":""},{"lang":"de-DE","name":"Hier","nameA":""},{"lang":"id-ID","name":"Di sini","nameA":""},{"lang":"fr-FR","name":"Ici","nameA":""}]},{"id":0,"name":"were","transcription":"[wɚ]","nameA":"","image":"","bg":"transparent","nameAnswer":"","translates":[{"lang":"ru-RU","name":"Были","nameA":""},{"lang":"vi-VN","name":"Là","nameA":""},{"lang":"zh-CN","name":"是","nameA":""},{"lang":"hi-IN","name":"थे","nameA":""},{"lang":"th-TH","name":"คือ","nameA":""},{"lang":"tr-TR","name":"Oldu","nameA":""},{"lang":"pt-BR","name":"Eram","nameA":""},{"lang":"de-DE","name":"Waren","nameA":""},{"lang":"id-ID","name":"Adalah","nameA":""},{"lang":"fr-FR","name":"Étaient","nameA":""}]},{"id":0,"name":"are","transcription":"[ɑr]","nameA":"","image":"","bg":"transparent","nameAnswer":"","translates":[{"lang":"ru-RU","name":"Есть","nameA":""},{"lang":"vi-VN","name":"Là","nameA":""},{"lang":"zh-CN","name":"是","nameA":""},{"lang":"hi-IN","name":"हैं","nameA":""},{"lang":"th-TH","name":"คือ","nameA":""},{"lang":"tr-TR","name":"Are","nameA":""},{"lang":"pt-BR","name":"São","nameA":""},{"lang":"de-DE","name":"Sind","nameA":""},{"lang":"id-ID","name":"Adalah","nameA":""},{"lang":"fr-FR","name":"Sont","nameA":""}]},{"id":0,"name":"our","transcription":"[aʊr]","nameA":"","image":"","bg":"transparent","nameAnswer":"","translates":[{"lang":"ru-RU","name":"Наш","nameA":""},{"lang":"vi-VN","name":"Chúng tôi","nameA":""},{"lang":"zh-CN","name":"我们的","nameA":""},{"lang":"hi-IN","name":"हमारा","nameA":""},{"lang":"th-TH","name":"ของเรา","nameA":""},{"lang":"tr-TR","name":"Bizim","nameA":""},{"lang":"pt-BR","name":"Nosso","nameA":""},{"lang":"de-DE","name":"Unser","nameA":""},{"lang":"id-ID","name":"Kami","nameA":""},{"lang":"fr-FR","name":"Notre","nameA":""}]},{"id":0,"name":"father","transcription":"[ˈfɑðɚ]","nameA":"","image":"/img/dict/family/father.png","bg":"transparent","nameAnswer":"","translates":[{"lang":"ru-RU","name":"Отец","nameA":""},{"lang":"vi-VN","name":"Cha","nameA":""},{"lang":"zh-CN","name":"父亲","nameA":""},{"lang":"hi-IN","name":"पिता","nameA":""},{"lang":"th-TH","name":"พ่อ","nameA":""},{"lang":"tr-TR","name":"Baba","nameA":""},{"lang":"pt-BR","name":"Pai","nameA":""},{"lang":"de-DE","name":"Vater","nameA":""},{"lang":"id-ID","name":"Ayah","nameA":""},{"lang":"fr-FR","name":"Père","nameA":""}]},{"id":0,"name":"mother","transcription":"[ˈmʌðɚ]","nameA":"","image":"/img/dict/family/mother.png","bg":"transparent","nameAnswer":"","translates":[{"lang":"ru-RU","name":"Мать","nameA":""},{"lang":"vi-VN","name":"Mẹ","nameA":""},{"lang":"zh-CN","name":"母亲","nameA":""},{"lang":"hi-IN","name":"मां","nameA":""},{"lang":"th-TH","name":"แม่","nameA":""},{"lang":"tr-TR","name":"Anne","nameA":""},{"lang":"pt-BR","name":"Mãe","nameA":""},{"lang":"de-DE","name":"Mutter","nameA":""},{"lang":"id-ID","name":"Ibu","nameA":""},{"lang":"fr-FR","name":"Mère","nameA":""}]},{"id":0,"name":"brother","transcription":"[ˈbrʌðɚ]","nameA":"","image":"/img/dict/family/brother.png","bg":"transparent","nameAnswer":"","translates":[{"lang":"ru-RU","name":"Брат","nameA":""},{"lang":"vi-VN","name":"Anh trai","nameA":""},{"lang":"zh-CN","name":"兄弟","nameA":""},{"lang":"hi-IN","name":"भाई","nameA":""},{"lang":"th-TH","name":"พี่ชาย","nameA":""},{"lang":"tr-TR","name":"Erkek kardeş","nameA":""},{"lang":"pt-BR","name":"Irmão","nameA":""},{"lang":"de-DE","name":"Bruder","nameA":""},{"lang":"id-ID","name":"Saudara laki-laki","nameA":""},{"lang":"fr-FR","name":"Frère","nameA":""}]},{"id":0,"name":"sister","transcription":"[ˈsɪstɚ]","nameA":"","image":"/img/dict/family/sister.png","bg":"transparent","nameAnswer":"","translates":[{"lang":"ru-RU","name":"Сестра","nameA":""},{"lang":"vi-VN","name":"Chị gái","nameA":""},{"lang":"zh-CN","name":"姐妹","nameA":""},{"lang":"hi-IN","name":"बहन","nameA":""},{"lang":"th-TH","name":"น้องสาว","nameA":""},{"lang":"tr-TR","name":"Kız kardeş","nameA":""},{"lang":"pt-BR","name":"Irmã","nameA":""},{"lang":"de-DE","name":"Schwester","nameA":""},{"lang":"id-ID","name":"Saudara perempuan","nameA":""},{"lang":"fr-FR","name":"Sœur","nameA":""}]},{"id":0,"name":"the","transcription":"[ðə]","nameA":"","image":"","bg":"transparent","nameAnswer":"","translates":[{"lang":"ru-RU","name":"(определенный артикль)","nameA":""},{"lang":"vi-VN","name":"(mạo từ xác định)","nameA":""},{"lang":"zh-CN","name":"(定冠词)","nameA":""},{"lang":"hi-IN","name":"(निश्चित लेख)","nameA":""},{"lang":"th-TH","name":"(บทความที่แน่นอน)","nameA":""},{"lang":"tr-TR","name":"(belirli makale)","nameA":""},{"lang":"pt-BR","name":"(artigo definido)","nameA":""},{"lang":"de-DE","name":"(bestimmter Artikel)","nameA":""},{"lang":"id-ID","name":"(artikel pasti)","nameA":""},{"lang":"fr-FR","name":"(article défini)","nameA":""}]},{"id":0,"name":"they","transcription":"[ðeɪ]","nameA":"","image":"","bg":"transparent","nameAnswer":"","translates":[{"lang":"ru-RU","name":"Они","nameA":""},{"lang":"vi-VN","name":"Họ","nameA":""},{"lang":"zh-CN","name":"他们","nameA":""},{"lang":"hi-IN","name":"वे","nameA":""},{"lang":"th-TH","name":"พวกเขา","nameA":""},{"lang":"tr-TR","name":"Onlar","nameA":""},{"lang":"pt-BR","name":"Eles","nameA":""},{"lang":"de-DE","name":"Sie","nameA":""},{"lang":"id-ID","name":"Mereka","nameA":""},{"lang":"fr-FR","name":"Ils","nameA":""}]},{"id":0,"name":"their","transcription":"[ðɛr]","nameA":"","image":"","bg":"transparent","nameAnswer":"","translates":[{"lang":"ru-RU","name":"Их","nameA":""},{"lang":"vi-VN","name":"Của họ","nameA":""},{"lang":"zh-CN","name":"他们的","nameA":""},{"lang":"hi-IN","name":"उनका","nameA":""},{"lang":"th-TH","name":"ของพวกเขา","nameA":""},{"lang":"tr-TR","name":"Onların","nameA":""},{"lang":"pt-BR","name":"Seu","nameA":""},{"lang":"de-DE","name":"Ihr","nameA":""},{"lang":"id-ID","name":"Mereka","nameA":""},{"lang":"fr-FR","name":"Leur","nameA":""}]},{"id":0,"name":"there","transcription":"[ðɛr]","nameA":"","image":"","bg":"transparent","nameAnswer":"","translates":[{"lang":"ru-RU","name":"Там","nameA":""},{"lang":"vi-VN","name":"Ở đó","nameA":""},{"lang":"zh-CN","name":"那里","nameA":""},{"lang":"hi-IN","name":"वहाँ","nameA":""},{"lang":"th-TH","name":"ที่นั่น","nameA":""},{"lang":"tr-TR","name":"Orada","nameA":""},{"lang":"pt-BR","name":"Lá","nameA":""},{"lang":"de-DE","name":"Dort","nameA":""},{"lang":"id-ID","name":"Di sana","nameA":""},{"lang":"fr-FR","name":"Là","nameA":""}]},{"id":0,"name":"january","transcription":"[ˈdʒænjuˌɛri]","nameA":"","image":"","bg":"transparent","nameAnswer":"","translates":[{"lang":"ru-RU","name":"Январь","nameA":""},{"lang":"vi-VN","name":"Tháng một","nameA":""},{"lang":"zh-CN","name":"一月","nameA":""},{"lang":"hi-IN","name":"जनवरी","nameA":""},{"lang":"th-TH","name":"มกราคม","nameA":""},{"lang":"tr-TR","name":"Ocak","nameA":""},{"lang":"pt-BR","name":"Janeiro","nameA":""},{"lang":"de-DE","name":"Januar","nameA":""},{"lang":"id-ID","name":"Januari","nameA":""},{"lang":"fr-FR","name":"Janvier","nameA":""}]},{"id":0,"name":"february","transcription":"[ˈfɛbruˌɛri]","nameA":"","image":"","bg":"transparent","nameAnswer":"","translates":[{"lang":"ru-RU","name":"Февраль","nameA":""},{"lang":"vi-VN","name":"Tháng hai","nameA":""},{"lang":"zh-CN","name":"二月","nameA":""},{"lang":"hi-IN","name":"फरवरी","nameA":""},{"lang":"th-TH","name":"กุมภาพันธ์","nameA":""},{"lang":"tr-TR","name":"Şubat","nameA":""},{"lang":"pt-BR","name":"Fevereiro","nameA":""},{"lang":"de-DE","name":"Februar","nameA":""},{"lang":"id-ID","name":"Februari","nameA":""},{"lang":"fr-FR","name":"Février","nameA":""}]},{"id":0,"name":"march","transcription":"[mɑrtʃ]","nameA":"","image":"","bg":"transparent","nameAnswer":"","translates":[{"lang":"ru-RU","name":"Март","nameA":""},{"lang":"vi-VN","name":"Tháng ba","nameA":""},{"lang":"zh-CN","name":"三月","nameA":""},{"lang":"hi-IN","name":"मार्च","nameA":""},{"lang":"th-TH","name":"มีนาคม","nameA":""},{"lang":"tr-TR","name":"Mart","nameA":""},{"lang":"pt-BR","name":"Março","nameA":""},{"lang":"de-DE","name":"März","nameA":""},{"lang":"id-ID","name":"Maret","nameA":""},{"lang":"fr-FR","name":"Mars","nameA":""}]},{"id":0,"name":"april","transcription":"[ˈeɪprəl]","nameA":"","image":"","bg":"transparent","nameAnswer":"","translates":[{"lang":"ru-RU","name":"Апрель","nameA":""},{"lang":"vi-VN","name":"Tháng tư","nameA":""},{"lang":"zh-CN","name":"四月","nameA":""},{"lang":"hi-IN","name":"अप्रैल","nameA":""},{"lang":"th-TH","name":"เมษายน","nameA":""},{"lang":"tr-TR","name":"Nisan","nameA":""},{"lang":"pt-BR","name":"Abril","nameA":""},{"lang":"de-DE","name":"April","nameA":""},{"lang":"id-ID","name":"April","nameA":""},{"lang":"fr-FR","name":"Avril","nameA":""}]},{"id":0,"name":"may","transcription":"[meɪ]","nameA":"","image":"","bg":"transparent","nameAnswer":"","translates":[{"lang":"ru-RU","name":"Май","nameA":""},{"lang":"vi-VN","name":"Tháng năm","nameA":""},{"lang":"zh-CN","name":"五月","nameA":""},{"lang":"hi-IN","name":"मई","nameA":""},{"lang":"th-TH","name":"พฤษภาคม","nameA":""},{"lang":"tr-TR","name":"Mayıs","nameA":""},{"lang":"pt-BR","name":"Maio","nameA":""},{"lang":"de-DE","name":"Mai","nameA":""},{"lang":"id-ID","name":"Mei","nameA":""},{"lang":"fr-FR","name":"Mai","nameA":""}]},{"id":0,"name":"june","transcription":"[dʒuːn]","nameA":"","image":"","bg":"transparent","nameAnswer":"","translates":[{"lang":"ru-RU","name":"Июнь","nameA":""},{"lang":"vi-VN","name":"Tháng sáu","nameA":""},{"lang":"zh-CN","name":"六月","nameA":""},{"lang":"hi-IN","name":"जून","nameA":""},{"lang":"th-TH","name":"มิถุนายน","nameA":""},{"lang":"tr-TR","name":"Haziran","nameA":""},{"lang":"pt-BR","name":"Junho","nameA":""},{"lang":"de-DE","name":"Juni","nameA":""},{"lang":"id-ID","name":"Juni","nameA":""},{"lang":"fr-FR","name":"Juin","nameA":""}]},{"id":0,"name":"july","transcription":"[dʒʊˈlaɪ]","nameA":"","image":"","bg":"transparent","nameAnswer":"","translates":[{"lang":"ru-RU","name":"Июль","nameA":""},{"lang":"vi-VN","name":"Tháng bảy","nameA":""},{"lang":"zh-CN","name":"七月","nameA":""},{"lang":"hi-IN","name":"जुलाई","nameA":""},{"lang":"th-TH","name":"กรกฎาคม","nameA":""},{"lang":"tr-TR","name":"Temmuz","nameA":""},{"lang":"pt-BR","name":"Julho","nameA":""},{"lang":"de-DE","name":"Juli","nameA":""},{"lang":"id-ID","name":"Juli","nameA":""},{"lang":"fr-FR","name":"Juillet","nameA":""}]},{"id":0,"name":"august","transcription":"[ˈɔːɡəst]","nameA":"","image":"","bg":"transparent","nameAnswer":"","translates":[{"lang":"ru-RU","name":"Август","nameA":""},{"lang":"vi-VN","name":"Tháng tám","nameA":""},{"lang":"zh-CN","name":"八月","nameA":""},{"lang":"hi-IN","name":"अगस्त","nameA":""},{"lang":"th-TH","name":"สิงหาคม","nameA":""},{"lang":"tr-TR","name":"Ağustos","nameA":""},{"lang":"pt-BR","name":"Agosto","nameA":""},{"lang":"de-DE","name":"August","nameA":""},{"lang":"id-ID","name":"Agustus","nameA":""},{"lang":"fr-FR","name":"Août","nameA":""}]},{"id":0,"name":"september","transcription":"[sɛpˈtɛmbɚ]","nameA":"","image":"","bg":"transparent","nameAnswer":"","translates":[{"lang":"ru-RU","name":"Сентябрь","nameA":""},{"lang":"vi-VN","name":"Tháng chín","nameA":""},{"lang":"zh-CN","name":"九月","nameA":""},{"lang":"hi-IN","name":"सितंबर","nameA":""},{"lang":"th-TH","name":"กันยายน","nameA":""},{"lang":"tr-TR","name":"Eylül","nameA":""},{"lang":"pt-BR","name":"Setembro","nameA":""},{"lang":"de-DE","name":"September","nameA":""},{"lang":"id-ID","name":"September","nameA":""},{"lang":"fr-FR","name":"Septembre","nameA":""}]},{"id":0,"name":"october","transcription":"[ɑkˈtoʊbɚ]","nameA":"","image":"","bg":"transparent","nameAnswer":"","translates":[{"lang":"ru-RU","name":"Октябрь","nameA":""},{"lang":"vi-VN","name":"Tháng mười","nameA":""},{"lang":"zh-CN","name":"十月","nameA":""},{"lang":"hi-IN","name":"अक्टूबर","nameA":""},{"lang":"th-TH","name":"ตุลาคม","nameA":""},{"lang":"tr-TR","name":"Ekim","nameA":""},{"lang":"pt-BR","name":"Outubro","nameA":""},{"lang":"de-DE","name":"Oktober","nameA":""},{"lang":"id-ID","name":"Oktober","nameA":""},{"lang":"fr-FR","name":"Octobre","nameA":""}]},{"id":0,"name":"november","transcription":"[noʊˈvɛmbɚ]","nameA":"","image":"","bg":"transparent","nameAnswer":"","translates":[{"lang":"ru-RU","name":"Ноябрь","nameA":""},{"lang":"vi-VN","name":"Tháng mười một","nameA":""},{"lang":"zh-CN","name":"十一月","nameA":""},{"lang":"hi-IN","name":"नवंबर","nameA":""},{"lang":"th-TH","name":"พฤศจิกายน","nameA":""},{"lang":"tr-TR","name":"Kasım","nameA":""},{"lang":"pt-BR","name":"Novembro","nameA":""},{"lang":"de-DE","name":"November","nameA":""},{"lang":"id-ID","name":"November","nameA":""},{"lang":"fr-FR","name":"Novembre","nameA":""}]},{"id":0,"name":"december","transcription":"[dɪˈsɛmbɚ]","nameA":"","image":"","bg":"transparent","nameAnswer":"","translates":[{"lang":"ru-RU","name":"Декабрь","nameA":""},{"lang":"vi-VN","name":"Tháng mười hai","nameA":""},{"lang":"zh-CN","name":"十二月","nameA":""},{"lang":"hi-IN","name":"दिसंबर","nameA":""},{"lang":"th-TH","name":"ธันวาคม","nameA":""},{"lang":"tr-TR","name":"Aralık","nameA":""},{"lang":"pt-BR","name":"Dezembro","nameA":""},{"lang":"de-DE","name":"Dezember","nameA":""},{"lang":"id-ID","name":"Desember","nameA":""},{"lang":"fr-FR","name":"Décembre","nameA":""}]},{"id":0,"name":"goes","transcription":"[ɡoʊz]","nameA":"","image":"","bg":"transparent","nameAnswer":"","translates":[{"lang":"ru-RU","name":"Идет","nameA":""},{"lang":"vi-VN","name":"Đi","nameA":""},{"lang":"zh-CN","name":"去","nameA":""},{"lang":"hi-IN","name":"जाता है","nameA":""},{"lang":"th-TH","name":"ไป","nameA":""},{"lang":"tr-TR","name":"Gider","nameA":""},{"lang":"pt-BR","name":"Vai","nameA":""},{"lang":"de-DE","name":"Geht","nameA":""},{"lang":"id-ID","name":"Pergi","nameA":""},{"lang":"fr-FR","name":"Va","nameA":""}]},{"id":0,"name":"does","transcription":"[dʌz]","nameA":"","image":"","bg":"transparent","nameAnswer":"","translates":[{"lang":"ru-RU","name":"Делает","nameA":""},{"lang":"vi-VN","name":"Làm","nameA":""},{"lang":"zh-CN","name":"做","nameA":""},{"lang":"hi-IN","name":"करता है","nameA":""},{"lang":"th-TH","name":"ทำ","nameA":""},{"lang":"tr-TR","name":"Yapar","nameA":""},{"lang":"pt-BR","name":"Faz","nameA":""},{"lang":"de-DE","name":"Tut","nameA":""},{"lang":"id-ID","name":"Melakukan","nameA":""},{"lang":"fr-FR","name":"Fait","nameA":""}]},{"id":0,"name":"shoes","transcription":"[ʃuːz]","nameA":"","image":"","bg":"transparent","nameAnswer":"","translates":[{"lang":"ru-RU","name":"Обувь","nameA":""},{"lang":"vi-VN","name":"Giày","nameA":""},{"lang":"zh-CN","name":"鞋子","nameA":""},{"lang":"hi-IN","name":"जूते","nameA":""},{"lang":"th-TH","name":"รองเท้า","nameA":""},{"lang":"tr-TR","name":"Ayakkabı","nameA":""},{"lang":"pt-BR","name":"Sapatos","nameA":""},{"lang":"de-DE","name":"Schuhe","nameA":""},{"lang":"id-ID","name":"Sepatu","nameA":""},{"lang":"fr-FR","name":"Chaussures","nameA":""}]},{"id":0,"name":"monday","transcription":"[ˈmʌndeɪ]","nameA":"","image":"","bg":"transparent","nameAnswer":"","translates":[{"lang":"ru-RU","name":"Понедельник","nameA":""},{"lang":"vi-VN","name":"Thứ hai","nameA":""},{"lang":"zh-CN","name":"星期一","nameA":""},{"lang":"hi-IN","name":"सोमवार","nameA":""},{"lang":"th-TH","name":"วันจันทร์","nameA":""},{"lang":"tr-TR","name":"Pazartesi","nameA":""},{"lang":"pt-BR","name":"Segunda-feira","nameA":""},{"lang":"de-DE","name":"Montag","nameA":""},{"lang":"id-ID","name":"Senin","nameA":""},{"lang":"fr-FR","name":"Lundi","nameA":""}]},{"id":0,"name":"tuesday","transcription":"[ˈtuːzdeɪ]","nameA":"","image":"","bg":"transparent","nameAnswer":"","translates":[{"lang":"ru-RU","name":"Вторник","nameA":""},{"lang":"vi-VN","name":"Thứ ba","nameA":""},{"lang":"zh-CN","name":"星期二","nameA":""},{"lang":"hi-IN","name":"मंगलवार","nameA":""},{"lang":"th-TH","name":"วันอังคาร","nameA":""},{"lang":"tr-TR","name":"Salı","nameA":""},{"lang":"pt-BR","name":"Terça-feira","nameA":""},{"lang":"de-DE","name":"Dienstag","nameA":""},{"lang":"id-ID","name":"Selasa","nameA":""},{"lang":"fr-FR","name":"Mardi","nameA":""}]},{"id":0,"name":"wednesday","transcription":"[ˈwɛnzdeɪ]","nameA":"","image":"","bg":"transparent","nameAnswer":"","translates":[{"lang":"ru-RU","name":"Среда","nameA":""},{"lang":"vi-VN","name":"Thứ tư","nameA":""},{"lang":"zh-CN","name":"星期三","nameA":""},{"lang":"hi-IN","name":"बुधवार","nameA":""},{"lang":"th-TH","name":"วันพุธ","nameA":""},{"lang":"tr-TR","name":"Çarşamba","nameA":""},{"lang":"pt-BR","name":"Quarta-feira","nameA":""},{"lang":"de-DE","name":"Mittwoch","nameA":""},{"lang":"id-ID","name":"Rabu","nameA":""},{"lang":"fr-FR","name":"Mercredi","nameA":""}]},{"id":0,"name":"thursday","transcription":"[ˈθɝzdeɪ]","nameA":"","image":"","bg":"transparent","nameAnswer":"","translates":[{"lang":"ru-RU","name":"Четверг","nameA":""},{"lang":"vi-VN","name":"Thứ năm","nameA":""},{"lang":"zh-CN","name":"星期四","nameA":""},{"lang":"hi-IN","name":"गुरुवार","nameA":""},{"lang":"th-TH","name":"วันพฤหัสบดี","nameA":""},{"lang":"tr-TR","name":"Perşembe","nameA":""},{"lang":"pt-BR","name":"Quinta-feira","nameA":""},{"lang":"de-DE","name":"Donnerstag","nameA":""},{"lang":"id-ID","name":"Kamis","nameA":""},{"lang":"fr-FR","name":"Jeudi","nameA":""}]},{"id":0,"name":"friday","transcription":"[ˈfraɪdeɪ]","nameA":"","image":"","bg":"transparent","nameAnswer":"","translates":[{"lang":"ru-RU","name":"Пятница","nameA":""},{"lang":"vi-VN","name":"Thứ sáu","nameA":""},{"lang":"zh-CN","name":"星期五","nameA":""},{"lang":"hi-IN","name":"शुक्रवार","nameA":""},{"lang":"th-TH","name":"วันศุกร์","nameA":""},{"lang":"tr-TR","name":"Cuma","nameA":""},{"lang":"pt-BR","name":"Sexta-feira","nameA":""},{"lang":"de-DE","name":"Freitag","nameA":""},{"lang":"id-ID","name":"Jumat","nameA":""},{"lang":"fr-FR","name":"Vendredi","nameA":""}]},{"id":0,"name":"saturday","transcription":"[ˈsætɚdeɪ]","nameA":"","image":"","bg":"transparent","nameAnswer":"","translates":[{"lang":"ru-RU","name":"Суббота","nameA":""},{"lang":"vi-VN","name":"Thứ bảy","nameA":""},{"lang":"zh-CN","name":"星期六","nameA":""},{"lang":"hi-IN","name":"शनिवार","nameA":""},{"lang":"th-TH","name":"วันเสาร์","nameA":""},{"lang":"tr-TR","name":"Cumartesi","nameA":""},{"lang":"pt-BR","name":"Sábado","nameA":""},{"lang":"de-DE","name":"Samstag","nameA":""},{"lang":"id-ID","name":"Sabtu","nameA":""},{"lang":"fr-FR","name":"Samedi","nameA":""}]},{"id":0,"name":"sunday","transcription":"[ˈsʌndeɪ]","nameA":"","image":"","bg":"transparent","nameAnswer":"","translates":[{"lang":"ru-RU","name":"Воскресенье","nameA":""},{"lang":"vi-VN","name":"Chủ nhật","nameA":""},{"lang":"zh-CN","name":"星期日","nameA":""},{"lang":"hi-IN","name":"रविवार","nameA":""},{"lang":"th-TH","name":"วันอาทิตย์","nameA":""},{"lang":"tr-TR","name":"Pazar","nameA":""},{"lang":"pt-BR","name":"Domingo","nameA":""},{"lang":"de-DE","name":"Sonntag","nameA":""},{"lang":"id-ID","name":"Minggu","nameA":""},{"lang":"fr-FR","name":"Dimanche","nameA":""}]},{"id":0,"name":"my","transcription":"[maɪ]","nameA":"","image":"","bg":"transparent","nameAnswer":"","translates":[{"lang":"ru-RU","name":"Мой","nameA":""},{"lang":"vi-VN","name":"Của tôi","nameA":""},{"lang":"zh-CN","name":"我的","nameA":""},{"lang":"hi-IN","name":"मेरा","nameA":""},{"lang":"th-TH","name":"ของฉัน","nameA":""},{"lang":"tr-TR","name":"Benim","nameA":""},{"lang":"pt-BR","name":"Meu","nameA":""},{"lang":"de-DE","name":"Mein","nameA":""},{"lang":"id-ID","name":"Saya","nameA":""},{"lang":"fr-FR","name":"Mon","nameA":""}]},{"id":0,"name":"try","transcription":"[traɪ]","nameA":"","image":"","bg":"transparent","nameAnswer":"","translates":[{"lang":"ru-RU","name":"Попытка","nameA":""},{"lang":"vi-VN","name":"Thử","nameA":""},{"lang":"zh-CN","name":"尝试","nameA":""},{"lang":"hi-IN","name":"कोशिश","nameA":""},{"lang":"th-TH","name":"ลอง","nameA":""},{"lang":"tr-TR","name":"Denemek","nameA":""},{"lang":"pt-BR","name":"Tentar","nameA":""},{"lang":"de-DE","name":"Versuchen","nameA":""},{"lang":"id-ID","name":"Mencoba","nameA":""},{"lang":"fr-FR","name":"Essayer","nameA":""}]},{"id":0,"name":"cry","transcription":"[kraɪ]","nameA":"","image":"/img/dict/home/cry.png","bg":"transparent","nameAnswer":"","translates":[{"lang":"ru-RU","name":"Плач","nameA":""},{"lang":"vi-VN","name":"Khóc","nameA":""},{"lang":"zh-CN","name":"哭","nameA":""},{"lang":"hi-IN","name":"रोना","nameA":""},{"lang":"th-TH","name":"ร้องไห้","nameA":""},{"lang":"tr-TR","name":"Ağlamak","nameA":""},{"lang":"pt-BR","name":"Chorar","nameA":""},{"lang":"de-DE","name":"Weinen","nameA":""},{"lang":"id-ID","name":"Menangis","nameA":""},{"lang":"fr-FR","name":"Pleurer","nameA":""}]},{"id":0,"name":"sky","transcription":"[skaɪ]","nameA":"","image":"","bg":"transparent","nameAnswer":"","translates":[{"lang":"ru-RU","name":"Небо","nameA":""},{"lang":"vi-VN","name":"Bầu trời","nameA":""},{"lang":"zh-CN","name":"天空","nameA":""},{"lang":"hi-IN","name":"आकाश","nameA":""},{"lang":"th-TH","name":"ท้องฟ้า","nameA":""},{"lang":"tr-TR","name":"Gökyüzü","nameA":""},{"lang":"pt-BR","name":"Céu","nameA":""},{"lang":"de-DE","name":"Himmel","nameA":""},{"lang":"id-ID","name":"Langit","nameA":""},{"lang":"fr-FR","name":"Ciel","nameA":""}]},{"id":0,"name":"said","transcription":"[sɛd]","nameA":"","image":"","bg":"transparent","nameAnswer":"","translates":[{"lang":"ru-RU","name":"Сказал","nameA":""},{"lang":"vi-VN","name":"Nói","nameA":""},{"lang":"zh-CN","name":"说","nameA":""},{"lang":"hi-IN","name":"कहा","nameA":""},{"lang":"th-TH","name":"พูด","nameA":""},{"lang":"tr-TR","name":"Dedi","nameA":""},{"lang":"pt-BR","name":"Disse","nameA":""},{"lang":"de-DE","name":"Sagte","nameA":""},{"lang":"id-ID","name":"Berkata","nameA":""},{"lang":"fr-FR","name":"Dit","nameA":""}]},{"id":0,"name":"again","transcription":"[əˈɡɛn]","nameA":"","image":"","bg":"transparent","nameAnswer":"","translates":[{"lang":"ru-RU","name":"Снова","nameA":""},{"lang":"vi-VN","name":"Lại","nameA":""},{"lang":"zh-CN","name":"再次","nameA":""},{"lang":"hi-IN","name":"फिर","nameA":""},{"lang":"th-TH","name":"อีกครั้ง","nameA":""},{"lang":"tr-TR","name":"Yine","nameA":""},{"lang":"pt-BR","name":"Novamente","nameA":""},{"lang":"de-DE","name":"Wieder","nameA":""},{"lang":"id-ID","name":"Lagi","nameA":""},{"lang":"fr-FR","name":"Encore","nameA":""}]},{"id":0,"name":"all","transcription":"[ɔl]","nameA":"","image":"","bg":"transparent","nameAnswer":"","translates":[{"lang":"ru-RU","name":"Все","nameA":""},{"lang":"vi-VN","name":"Tất cả","nameA":""},{"lang":"zh-CN","name":"所有","nameA":""},{"lang":"hi-IN","name":"सब","nameA":""},{"lang":"th-TH","name":"ทั้งหมด","nameA":""},{"lang":"tr-TR","name":"Hepsi","nameA":""},{"lang":"pt-BR","name":"Todos","nameA":""},{"lang":"de-DE","name":"Alle","nameA":""},{"lang":"id-ID","name":"Semua","nameA":""},{"lang":"fr-FR","name":"Tous","nameA":""}]},{"id":0,"name":"ball","transcription":"[bɔl]","nameA":"","image":"/img/dict/toys/ball.png","bg":"transparent","nameAnswer":"","translates":[{"lang":"ru-RU","name":"Мяч","nameA":""},{"lang":"vi-VN","name":"Bóng","nameA":""},{"lang":"zh-CN","name":"球","nameA":""},{"lang":"hi-IN","name":"गेंद","nameA":""},{"lang":"th-TH","name":"ลูกบอล","nameA":""},{"lang":"tr-TR","name":"Top","nameA":""},{"lang":"pt-BR","name":"Bola","nameA":""},{"lang":"de-DE","name":"Ball","nameA":""},{"lang":"id-ID","name":"Bola","nameA":""},{"lang":"fr-FR","name":"Balle","nameA":""}]},{"id":0,"name":"small","transcription":"[smɔl]","nameA":"","image":"","bg":"transparent","nameAnswer":"","translates":[{"lang":"ru-RU","name":"Маленький","nameA":""},{"lang":"vi-VN","name":"Nhỏ","nameA":""},{"lang":"zh-CN","name":"小","nameA":""},{"lang":"hi-IN","name":"छोटा","nameA":""},{"lang":"th-TH","name":"เล็ก","nameA":""},{"lang":"tr-TR","name":"Küçük","nameA":""},{"lang":"pt-BR","name":"Pequeno","nameA":""},{"lang":"de-DE","name":"Klein","nameA":""},{"lang":"id-ID","name":"Kecil","nameA":""},{"lang":"fr-FR","name":"Petit","nameA":""}]},{"id":0,"name":"call","transcription":"[kɔl]","nameA":"","image":"","bg":"transparent","nameAnswer":"","translates":[{"lang":"ru-RU","name":"Звонок","nameA":""},{"lang":"vi-VN","name":"Gọi","nameA":""},{"lang":"zh-CN","name":"呼叫","nameA":""},{"lang":"hi-IN","name":"कॉल","nameA":""},{"lang":"th-TH","name":"โทร","nameA":""},{"lang":"tr-TR","name":"Aramak","nameA":""},{"lang":"pt-BR","name":"Chamada","nameA":""},{"lang":"de-DE","name":"Anruf","nameA":""},{"lang":"id-ID","name":"Panggilan","nameA":""},{"lang":"fr-FR","name":"Appel","nameA":""}]},{"id":0,"name":"ask","transcription":"[æsk]","nameA":"","image":"","bg":"transparent","nameAnswer":"","translates":[{"lang":"ru-RU","name":"Вопрос","nameA":""},{"lang":"vi-VN","name":"Hỏi","nameA":""},{"lang":"zh-CN","name":"问","nameA":""},{"lang":"hi-IN","name":"पूछना","nameA":""},{"lang":"th-TH","name":"ถาม","nameA":""},{"lang":"tr-TR","name":"Sormak","nameA":""},{"lang":"pt-BR","name":"Perguntar","nameA":""},{"lang":"de-DE","name":"Fragen","nameA":""},{"lang":"id-ID","name":"Bertanya","nameA":""},{"lang":"fr-FR","name":"Demander","nameA":""}]},{"id":0,"name":"look","transcription":"[lʊk]","nameA":"","image":"","bg":"transparent","nameAnswer":"","translates":[{"lang":"ru-RU","name":"Взгляд","nameA":""},{"lang":"vi-VN","name":"Nhìn","nameA":""},{"lang":"zh-CN","name":"看","nameA":""},{"lang":"hi-IN","name":"देखो","nameA":""},{"lang":"th-TH","name":"มอง","nameA":""},{"lang":"tr-TR","name":"Bakmak","nameA":""},{"lang":"pt-BR","name":"Olhar","nameA":""},{"lang":"de-DE","name":"Schauen","nameA":""},{"lang":"id-ID","name":"Melihat","nameA":""},{"lang":"fr-FR","name":"Regarder","nameA":""}]},{"id":0,"name":"like","transcription":"[laɪk]","nameA":"","image":"","bg":"transparent","nameAnswer":"","translates":[{"lang":"ru-RU","name":"Нравится","nameA":""},{"lang":"vi-VN","name":"Thích","nameA":""},{"lang":"zh-CN","name":"喜欢","nameA":""},{"lang":"hi-IN","name":"पसंद","nameA":""},{"lang":"th-TH","name":"ชอบ","nameA":""},{"lang":"tr-TR","name":"Beğenmek","nameA":""},{"lang":"pt-BR","name":"Gostar","nameA":""},{"lang":"de-DE","name":"Mögen","nameA":""},{"lang":"id-ID","name":"Suka","nameA":""},{"lang":"fr-FR","name":"Aimer","nameA":""}]},{"id":0,"name":"one","transcription":"[wʌn]","nameA":"","image":"/img/dict/numbers/1.png","bg":"transparent","nameAnswer":"","translates":[{"lang":"ru-RU","name":"Один","nameA":""},{"lang":"vi-VN","name":"Một","nameA":""},{"lang":"zh-CN","name":"一","nameA":""},{"lang":"hi-IN","name":"एक","nameA":""},{"lang":"th-TH","name":"หนึ่ง","nameA":""},{"lang":"tr-TR","name":"Bir","nameA":""},{"lang":"pt-BR","name":"Um","nameA":""},{"lang":"de-DE","name":"Eins","nameA":""},{"lang":"id-ID","name":"Satu","nameA":""},{"lang":"fr-FR","name":"Un","nameA":""}]},{"id":0,"name":"two","transcription":"[tuː]","nameA":"","image":"/img/dict/numbers/2.png","bg":"transparent","nameAnswer":"","translates":[{"lang":"ru-RU","name":"Два","nameA":""},{"lang":"vi-VN","name":"Hai","nameA":""},{"lang":"zh-CN","name":"二","nameA":""},{"lang":"hi-IN","name":"दो","nameA":""},{"lang":"th-TH","name":"สอง","nameA":""},{"lang":"tr-TR","name":"İki","nameA":""},{"lang":"pt-BR","name":"Dois","nameA":""},{"lang":"de-DE","name":"Zwei","nameA":""},{"lang":"id-ID","name":"Dua","nameA":""},{"lang":"fr-FR","name":"Deux","nameA":""}]},{"id":0,"name":"three","transcription":"[θriː]","nameA":"","image":"/img/dict/numbers/3.png","bg":"transparent","nameAnswer":"","translates":[{"lang":"ru-RU","name":"Три","nameA":""},{"lang":"vi-VN","name":"Ba","nameA":""},{"lang":"zh-CN","name":"三","nameA":""},{"lang":"hi-IN","name":"तीन","nameA":""},{"lang":"th-TH","name":"สาม","nameA":""},{"lang":"tr-TR","name":"Üç","nameA":""},{"lang":"pt-BR","name":"Três","nameA":""},{"lang":"de-DE","name":"Drei","nameA":""},{"lang":"id-ID","name":"Tiga","nameA":""},{"lang":"fr-FR","name":"Trois","nameA":""}]},{"id":0,"name":"four","transcription":"[fɔr]","nameA":"","image":"/img/dict/numbers/4.png","bg":"transparent","nameAnswer":"","translates":[{"lang":"ru-RU","name":"Четыре","nameA":""},{"lang":"vi-VN","name":"Bốn","nameA":""},{"lang":"zh-CN","name":"四","nameA":""},{"lang":"hi-IN","name":"चार","nameA":""},{"lang":"th-TH","name":"สี่","nameA":""},{"lang":"tr-TR","name":"Dört","nameA":""},{"lang":"pt-BR","name":"Quatro","nameA":""},{"lang":"de-DE","name":"Vier","nameA":""},{"lang":"id-ID","name":"Empat","nameA":""},{"lang":"fr-FR","name":"Quatre","nameA":""}]},{"id":0,"name":"five","transcription":"[faɪv]","nameA":"","image":"/img/dict/numbers/5.png","bg":"transparent","nameAnswer":"","translates":[{"lang":"ru-RU","name":"Пять","nameA":""},{"lang":"vi-VN","name":"Năm","nameA":""},{"lang":"zh-CN","name":"五","nameA":""},{"lang":"hi-IN","name":"पांच","nameA":""},{"lang":"th-TH","name":"ห้า","nameA":""},{"lang":"tr-TR","name":"Beş","nameA":""},{"lang":"pt-BR","name":"Cinco","nameA":""},{"lang":"de-DE","name":"Fünf","nameA":""},{"lang":"id-ID","name":"Lima","nameA":""},{"lang":"fr-FR","name":"Cinq","nameA":""}]},{"id":0,"name":"six","transcription":"[sɪks]","nameA":"","image":"/img/dict/numbers/6.png","bg":"transparent","nameAnswer":"","translates":[{"lang":"ru-RU","name":"Шесть","nameA":""},{"lang":"vi-VN","name":"Sáu","nameA":""},{"lang":"zh-CN","name":"六","nameA":""},{"lang":"hi-IN","name":"छह","nameA":""},{"lang":"th-TH","name":"หก","nameA":""},{"lang":"tr-TR","name":"Altı","nameA":""},{"lang":"pt-BR","name":"Seis","nameA":""},{"lang":"de-DE","name":"Sechs","nameA":""},{"lang":"id-ID","name":"Enam","nameA":""},{"lang":"fr-FR","name":"Six","nameA":""}]},{"id":0,"name":"seven","transcription":"[ˈsɛvən]","nameA":"","image":"/img/dict/numbers/7.png","bg":"transparent","nameAnswer":"","translates":[{"lang":"ru-RU","name":"Семь","nameA":""},{"lang":"vi-VN","name":"Bảy","nameA":""},{"lang":"zh-CN","name":"七","nameA":""},{"lang":"hi-IN","name":"सात","nameA":""},{"lang":"th-TH","name":"เจ็ด","nameA":""},{"lang":"tr-TR","name":"Yedi","nameA":""},{"lang":"pt-BR","name":"Sete","nameA":""},{"lang":"de-DE","name":"Sieben","nameA":""},{"lang":"id-ID","name":"Tujuh","nameA":""},{"lang":"fr-FR","name":"Sept","nameA":""}]},{"id":0,"name":"eight","transcription":"[eɪt]","nameA":"","image":"/img/dict/numbers/8.png","bg":"transparent","nameAnswer":"","translates":[{"lang":"ru-RU","name":"Восемь","nameA":""},{"lang":"vi-VN","name":"Tám","nameA":""},{"lang":"zh-CN","name":"八","nameA":""},{"lang":"hi-IN","name":"आठ","nameA":""},{"lang":"th-TH","name":"แปด","nameA":""},{"lang":"tr-TR","name":"Sekiz","nameA":""},{"lang":"pt-BR","name":"Oito","nameA":""},{"lang":"de-DE","name":"Acht","nameA":""},{"lang":"id-ID","name":"Delapan","nameA":""},{"lang":"fr-FR","name":"Huit","nameA":""}]},{"id":0,"name":"nine","transcription":"[naɪn]","nameA":"","image":"/img/dict/numbers/9.png","bg":"transparent","nameAnswer":"","translates":[{"lang":"ru-RU","name":"Девять","nameA":""},{"lang":"vi-VN","name":"Chín","nameA":""},{"lang":"zh-CN","name":"九","nameA":""},{"lang":"hi-IN","name":"नौ","nameA":""},{"lang":"th-TH","name":"เก้า","nameA":""},{"lang":"tr-TR","name":"Dokuz","nameA":""},{"lang":"pt-BR","name":"Nove","nameA":""},{"lang":"de-DE","name":"Neun","nameA":""},{"lang":"id-ID","name":"Sembilan","nameA":""},{"lang":"fr-FR","name":"Neuf","nameA":""}]},{"id":0,"name":"ten","transcription":"[tɛn]","nameA":"","image":"/img/dict/numbers/10.png","bg":"transparent","nameAnswer":"","translates":[{"lang":"ru-RU","name":"Десять","nameA":""},{"lang":"vi-VN","name":"Mười","nameA":""},{"lang":"zh-CN","name":"十","nameA":""},{"lang":"hi-IN","name":"दस","nameA":""},{"lang":"th-TH","name":"สิบ","nameA":""},{"lang":"tr-TR","name":"On","nameA":""},{"lang":"pt-BR","name":"Dez","nameA":""},{"lang":"de-DE","name":"Zehn","nameA":""},{"lang":"id-ID","name":"Sepuluh","nameA":""},{"lang":"fr-FR","name":"Dix","nameA":""}]},{"id":0,"name":"twenty","transcription":"[ˈtwɛnti]","nameA":"","image":"/img/dict/numbers/20.png","bg":"transparent","nameAnswer":"","translates":[{"lang":"ru-RU","name":"Двадцать","nameA":""},{"lang":"vi-VN","name":"Hai mươi","nameA":""},{"lang":"zh-CN","name":"二十","nameA":""},{"lang":"hi-IN","name":"बीस","nameA":""},{"lang":"th-TH","name":"ยี่สิบ","nameA":""},{"lang":"tr-TR","name":"Yirmi","nameA":""},{"lang":"pt-BR","name":"Vinte","nameA":""},{"lang":"de-DE","name":"Zwanzig","nameA":""},{"lang":"id-ID","name":"Dua puluh","nameA":""},{"lang":"fr-FR","name":"Vingt","nameA":""}]},{"id":0,"name":"thirty","transcription":"[ˈθɝti]","nameA":"","image":"/img/dict/numbers/30.png","bg":"transparent","nameAnswer":"","translates":[{"lang":"ru-RU","name":"Тридцать","nameA":""},{"lang":"vi-VN","name":"Ba mươi","nameA":""},{"lang":"zh-CN","name":"三十","nameA":""},{"lang":"hi-IN","name":"तीस","nameA":""},{"lang":"th-TH","name":"สามสิบ","nameA":""},{"lang":"tr-TR","name":"Otuz","nameA":""},{"lang":"pt-BR","name":"Trinta","nameA":""},{"lang":"de-DE","name":"Dreißig","nameA":""},{"lang":"id-ID","name":"Tiga puluh","nameA":""},{"lang":"fr-FR","name":"Trente","nameA":""}]},{"id":0,"name":"forty","transcription":"[ˈfɔrti]","nameA":"","image":"/img/dict/numbers/40.png","bg":"transparent","nameAnswer":"","translates":[{"lang":"ru-RU","name":"Сорок","nameA":""},{"lang":"vi-VN","name":"Bốn mươi","nameA":""},{"lang":"zh-CN","name":"四十","nameA":""},{"lang":"hi-IN","name":"चालीस","nameA":""},{"lang":"th-TH","name":"สี่สิบ","nameA":""},{"lang":"tr-TR","name":"Kırk","nameA":""},{"lang":"pt-BR","name":"Quarenta","nameA":""},{"lang":"de-DE","name":"Vierzig","nameA":""},{"lang":"id-ID","name":"Empat puluh","nameA":""},{"lang":"fr-FR","name":"Quarante","nameA":""}]},{"id":0,"name":"fifty","transcription":"[ˈfɪfti]","nameA":"","image":"/img/dict/numbers/50.png","bg":"transparent","nameAnswer":"","translates":[{"lang":"ru-RU","name":"Пятьдесят","nameA":""},{"lang":"vi-VN","name":"Năm mươi","nameA":""},{"lang":"zh-CN","name":"五十","nameA":""},{"lang":"hi-IN","name":"पचास","nameA":""},{"lang":"th-TH","name":"ห้าสิบ","nameA":""},{"lang":"tr-TR","name":"Elli","nameA":""},{"lang":"pt-BR","name":"Cinquenta","nameA":""},{"lang":"de-DE","name":"Fünfzig","nameA":""},{"lang":"id-ID","name":"Lima puluh","nameA":""},{"lang":"fr-FR","name":"Cinquante","nameA":""}]},{"id":0,"name":"sixty","transcription":"[ˈsɪksti]","nameA":"","image":"/img/dict/numbers/60.png","bg":"transparent","nameAnswer":"","translates":[{"lang":"ru-RU","name":"Шестьдесят","nameA":""},{"lang":"vi-VN","name":"Sáu mươi","nameA":""},{"lang":"zh-CN","name":"六十","nameA":""},{"lang":"hi-IN","name":"साठ","nameA":""},{"lang":"th-TH","name":"หกสิบ","nameA":""},{"lang":"tr-TR","name":"Altmış","nameA":""},{"lang":"pt-BR","name":"Sessenta","nameA":""},{"lang":"de-DE","name":"Sechzig","nameA":""},{"lang":"id-ID","name":"Enam puluh","nameA":""},{"lang":"fr-FR","name":"Soixante","nameA":""}]},{"id":0,"name":"seventy","transcription":"[ˈsɛvənti]","nameA":"","image":"/img/dict/numbers/70.png","bg":"transparent","nameAnswer":"","translates":[{"lang":"ru-RU","name":"Семьдесят","nameA":""},{"lang":"vi-VN","name":"Bảy mươi","nameA":""},{"lang":"zh-CN","name":"七十","nameA":""},{"lang":"hi-IN","name":"सत्तर","nameA":""},{"lang":"th-TH","name":"เจ็ดสิบ","nameA":""},{"lang":"tr-TR","name":"Yetmiş","nameA":""},{"lang":"pt-BR","name":"Setenta","nameA":""},{"lang":"de-DE","name":"Siebzig","nameA":""},{"lang":"id-ID","name":"Tujuh puluh","nameA":""},{"lang":"fr-FR","name":"Soixante-dix","nameA":""}]},{"id":0,"name":"eighty","transcription":"[ˈeɪti]","nameA":"","image":"/img/dict/numbers/80.png","bg":"transparent","nameAnswer":"","translates":[{"lang":"ru-RU","name":"Восемьдесят","nameA":""},{"lang":"vi-VN","name":"Tám mươi","nameA":""},{"lang":"zh-CN","name":"八十","nameA":""},{"lang":"hi-IN","name":"अस्सी","nameA":""},{"lang":"th-TH","name":"แปดสิบ","nameA":""},{"lang":"tr-TR","name":"Seksen","nameA":""},{"lang":"pt-BR","name":"Oitenta","nameA":""},{"lang":"de-DE","name":"Achtzig","nameA":""},{"lang":"id-ID","name":"Delapan puluh","nameA":""},{"lang":"fr-FR","name":"Quatre-vingts","nameA":""}]},{"id":0,"name":"ninety","transcription":"[ˈnaɪnti]","nameA":"","image":"/img/dict/numbers/90.png","bg":"transparent","nameAnswer":"","translates":[{"lang":"ru-RU","name":"Девяносто","nameA":""},{"lang":"vi-VN","name":"Chín mươi","nameA":""},{"lang":"zh-CN","name":"九十","nameA":""},{"lang":"hi-IN","name":"नब्बे","nameA":""},{"lang":"th-TH","name":"เก้าสิบ","nameA":""},{"lang":"tr-TR","name":"Doksan","nameA":""},{"lang":"pt-BR","name":"Noventa","nameA":""},{"lang":"de-DE","name":"Neunzig","nameA":""},{"lang":"id-ID","name":"Sembilan puluh","nameA":""},{"lang":"fr-FR","name":"Quatre-vingt-dix","nameA":""}]},{"id":0,"name":"hundred","transcription":"[ˈhʌndrəd]","nameA":"","image":"/img/dict/numbers/100.png","bg":"transparent","nameAnswer":"","translates":[{"lang":"ru-RU","name":"Сто","nameA":""},{"lang":"vi-VN","name":"Một trăm","nameA":""},{"lang":"zh-CN","name":"一百","nameA":""},{"lang":"hi-IN","name":"सौ","nameA":""},{"lang":"th-TH","name":"หนึ่งร้อย","nameA":""},{"lang":"tr-TR","name":"Yüz","nameA":""},{"lang":"pt-BR","name":"Cem","nameA":""},{"lang":"de-DE","name":"Hundert","nameA":""},{"lang":"id-ID","name":"Seratus","nameA":""},{"lang":"fr-FR","name":"Cent","nameA":""}]},{"id":0,"name":"you","transcription":"[juː]","nameA":"","image":"","bg":"transparent","nameAnswer":"","translates":[{"lang":"ru-RU","name":"Ты","nameA":""},{"lang":"vi-VN","name":"Bạn","nameA":""},{"lang":"zh-CN","name":"你","nameA":""},{"lang":"hi-IN","name":"तुम","nameA":""},{"lang":"th-TH","name":"คุณ","nameA":""},{"lang":"tr-TR","name":"Sen","nameA":""},{"lang":"pt-BR","name":"Você","nameA":""},{"lang":"de-DE","name":"Du","nameA":""},{"lang":"id-ID","name":"Kamu","nameA":""},{"lang":"fr-FR","name":"Tu","nameA":""}]},{"id":0,"name":"your","transcription":"[jʊr]","nameA":"","image":"","bg":"transparent","nameAnswer":"","translates":[{"lang":"ru-RU","name":"Твой","nameA":""},{"lang":"vi-VN","name":"Của bạn","nameA":""},{"lang":"zh-CN","name":"你的","nameA":""},{"lang":"hi-IN","name":"तुम्हारा","nameA":""},{"lang":"th-TH","name":"ของคุณ","nameA":""},{"lang":"tr-TR","name":"Senin","nameA":""},{"lang":"pt-BR","name":"Seu","nameA":""},{"lang":"de-DE","name":"Dein","nameA":""},{"lang":"id-ID","name":"Anda","nameA":""},{"lang":"fr-FR","name":"Ton","nameA":""}]},{"id":0,"name":"out","transcription":"[aʊt]","nameA":"","image":"","bg":"transparent","nameAnswer":"","translates":[{"lang":"ru-RU","name":"Вне","nameA":""},{"lang":"vi-VN","name":"Ra","nameA":""},{"lang":"zh-CN","name":"出","nameA":""},{"lang":"hi-IN","name":"बाहर","nameA":""},{"lang":"th-TH","name":"ออก","nameA":""},{"lang":"tr-TR","name":"Dışarı","nameA":""},{"lang":"pt-BR","name":"Fora","nameA":""},{"lang":"de-DE","name":"Raus","nameA":""},{"lang":"id-ID","name":"Keluar","nameA":""},{"lang":"fr-FR","name":"Dehors","nameA":""}]},{"id":0,"name":"about","transcription":"[əˈbaʊt]","nameA":"","image":"","bg":"transparent","nameAnswer":"","translates":[{"lang":"ru-RU","name":"О","nameA":""},{"lang":"vi-VN","name":"Về","nameA":""},{"lang":"zh-CN","name":"关于","nameA":""},{"lang":"hi-IN","name":"के बारे में","nameA":""},{"lang":"th-TH","name":"เกี่ยวกับ","nameA":""},{"lang":"tr-TR","name":"Hakkında","nameA":""},{"lang":"pt-BR","name":"Sobre","nameA":""},{"lang":"de-DE","name":"Über","nameA":""},{"lang":"id-ID","name":"Tentang","nameA":""},{"lang":"fr-FR","name":"Sur","nameA":""}]},{"id":0,"name":"me","transcription":"[miː]","nameA":"","image":"","bg":"transparent","nameAnswer":"","translates":[{"lang":"ru-RU","name":"Меня","nameA":""},{"lang":"vi-VN","name":"Tôi","nameA":""},{"lang":"zh-CN","name":"我","nameA":""},{"lang":"hi-IN","name":"मुझे","nameA":""},{"lang":"th-TH","name":"ฉัน","nameA":""},{"lang":"tr-TR","name":"Beni","nameA":""},{"lang":"pt-BR","name":"Mim","nameA":""},{"lang":"de-DE","name":"Mich","nameA":""},{"lang":"id-ID","name":"Saya","nameA":""},{"lang":"fr-FR","name":"Moi","nameA":""}]},{"id":0,"name":"we","transcription":"[wiː]","nameA":"","image":"","bg":"transparent","nameAnswer":"","translates":[{"lang":"ru-RU","name":"Мы","nameA":""},{"lang":"vi-VN","name":"Chúng tôi","nameA":""},{"lang":"zh-CN","name":"我们","nameA":""},{"lang":"hi-IN","name":"हम","nameA":""},{"lang":"th-TH","name":"เรา","nameA":""},{"lang":"tr-TR","name":"Biz","nameA":""},{"lang":"pt-BR","name":"Nós","nameA":""},{"lang":"de-DE","name":"Wir","nameA":""},{"lang":"id-ID","name":"Kami","nameA":""},{"lang":"fr-FR","name":"Nous","nameA":""}]},{"id":0,"name":"he","transcription":"[hiː]","nameA":"","image":"","bg":"transparent","nameAnswer":"","translates":[{"lang":"ru-RU","name":"Он","nameA":""},{"lang":"vi-VN","name":"Anh ấy","nameA":""},{"lang":"zh-CN","name":"他","nameA":""},{"lang":"hi-IN","name":"वह","nameA":""},{"lang":"th-TH","name":"เขา","nameA":""},{"lang":"tr-TR","name":"O","nameA":""},{"lang":"pt-BR","name":"Ele","nameA":""},{"lang":"de-DE","name":"Er","nameA":""},{"lang":"id-ID","name":"Dia","nameA":""},{"lang":"fr-FR","name":"Il","nameA":""}]},{"id":0,"name":"be","transcription":"[biː]","nameA":"","image":"","bg":"transparent","nameAnswer":"","translates":[{"lang":"ru-RU","name":"Быть","nameA":""},{"lang":"vi-VN","name":"Là","nameA":""},{"lang":"zh-CN","name":"是","nameA":""},{"lang":"hi-IN","name":"होना","nameA":""},{"lang":"th-TH","name":"เป็น","nameA":""},{"lang":"tr-TR","name":"Ol","nameA":""},{"lang":"pt-BR","name":"Ser","nameA":""},{"lang":"de-DE","name":"Sein","nameA":""},{"lang":"id-ID","name":"Menjadi","nameA":""},{"lang":"fr-FR","name":"Être","nameA":""}]},{"id":0,"name":"she","transcription":"[ʃiː]","nameA":"","image":"","bg":"transparent","nameAnswer":"","translates":[{"lang":"ru-RU","name":"Она","nameA":""},{"lang":"vi-VN","name":"Cô ấy","nameA":""},{"lang":"zh-CN","name":"她","nameA":""},{"lang":"hi-IN","name":"वह","nameA":""},{"lang":"th-TH","name":"เธอ","nameA":""},{"lang":"tr-TR","name":"O","nameA":""},{"lang":"pt-BR","name":"Ela","nameA":""},{"lang":"de-DE","name":"Sie","nameA":""},{"lang":"id-ID","name":"Dia","nameA":""},{"lang":"fr-FR","name":"Elle","nameA":""}]},{"id":0,"name":"when","transcription":"[wɛn]","nameA":"","image":"","bg":"transparent","nameAnswer":"","translates":[{"lang":"ru-RU","name":"Когда","nameA":""},{"lang":"vi-VN","name":"Khi","nameA":""},{"lang":"zh-CN","name":"什么时候","nameA":""},{"lang":"hi-IN","name":"कब","nameA":""},{"lang":"th-TH","name":"เมื่อ","nameA":""},{"lang":"tr-TR","name":"Ne zaman","nameA":""},{"lang":"pt-BR","name":"Quando","nameA":""},{"lang":"de-DE","name":"Wann","nameA":""},{"lang":"id-ID","name":"Kapan","nameA":""},{"lang":"fr-FR","name":"Quand","nameA":""}]},{"id":0,"name":"who","transcription":"[huː]","nameA":"","image":"","bg":"transparent","nameAnswer":"","translates":[{"lang":"ru-RU","name":"Кто","nameA":""},{"lang":"vi-VN","name":"Ai","nameA":""},{"lang":"zh-CN","name":"谁","nameA":""},{"lang":"hi-IN","name":"कौन","nameA":""},{"lang":"th-TH","name":"ใคร","nameA":""},{"lang":"tr-TR","name":"Kim","nameA":""},{"lang":"pt-BR","name":"Quem","nameA":""},{"lang":"de-DE","name":"Wer","nameA":""},{"lang":"id-ID","name":"Siapa","nameA":""},{"lang":"fr-FR","name":"Qui","nameA":""}]},{"id":0,"name":"where","transcription":"[wɛr]","nameA":"","image":"","bg":"transparent","nameAnswer":"","translates":[{"lang":"ru-RU","name":"Где","nameA":""},{"lang":"vi-VN","name":"Ở đâu","nameA":""},{"lang":"zh-CN","name":"哪里","nameA":""},{"lang":"hi-IN","name":"कहाँ","nameA":""},{"lang":"th-TH","name":"ที่ไหน","nameA":""},{"lang":"tr-TR","name":"Nerede","nameA":""},{"lang":"pt-BR","name":"Onde","nameA":""},{"lang":"de-DE","name":"Wo","nameA":""},{"lang":"id-ID","name":"Di mana","nameA":""},{"lang":"fr-FR","name":"Où","nameA":""}]},{"id":0,"name":"why","transcription":"[waɪ]","nameA":"","image":"","bg":"transparent","nameAnswer":"","translates":[{"lang":"ru-RU","name":"Почему","nameA":""},{"lang":"vi-VN","name":"Tại sao","nameA":""},{"lang":"zh-CN","name":"为什么","nameA":""},{"lang":"hi-IN","name":"क्यों","nameA":""},{"lang":"th-TH","name":"ทำไม","nameA":""},{"lang":"tr-TR","name":"Neden","nameA":""},{"lang":"pt-BR","name":"Por que","nameA":""},{"lang":"de-DE","name":"Warum","nameA":""},{"lang":"id-ID","name":"Mengapa","nameA":""},{"lang":"fr-FR","name":"Pourquoi","nameA":""}]},{"id":0,"name":"what","transcription":"[wʌt]","nameA":"","image":"","bg":"transparent","nameAnswer":"","translates":[{"lang":"ru-RU","name":"Что","nameA":""},{"lang":"vi-VN","name":"Cái gì","nameA":""},{"lang":"zh-CN","name":"什么","nameA":""},{"lang":"hi-IN","name":"क्या","nameA":""},{"lang":"th-TH","name":"อะไร","nameA":""},{"lang":"tr-TR","name":"Ne","nameA":""},{"lang":"pt-BR","name":"O que","nameA":""},{"lang":"de-DE","name":"Was","nameA":""},{"lang":"id-ID","name":"Apa","nameA":""},{"lang":"fr-FR","name":"Quoi","nameA":""}]},{"id":0,"name":"which","transcription":"[wɪtʃ]","nameA":"","image":"","bg":"transparent","nameAnswer":"","translates":[{"lang":"ru-RU","name":"Который","nameA":""},{"lang":"vi-VN","name":"Cái nào","nameA":""},{"lang":"zh-CN","name":"哪个","nameA":""},{"lang":"hi-IN","name":"कौन सा","nameA":""},{"lang":"th-TH","name":"อันไหน","nameA":""},{"lang":"tr-TR","name":"Hangi","nameA":""},{"lang":"pt-BR","name":"Qual","nameA":""},{"lang":"de-DE","name":"Welche","nameA":""},{"lang":"id-ID","name":"Yang","nameA":""},{"lang":"fr-FR","name":"Quel","nameA":""}]},{"id":0,"name":"above","transcription":"[əˈbʌv]","nameA":"","image":"","bg":"transparent","nameAnswer":"","translates":[{"lang":"ru-RU","name":"Над","nameA":""},{"lang":"vi-VN","name":"Trên","nameA":""},{"lang":"zh-CN","name":"上面","nameA":""},{"lang":"hi-IN","name":"ऊपर","nameA":""},{"lang":"th-TH","name":"เหนือ","nameA":""},{"lang":"tr-TR","name":"Üstünde","nameA":""},{"lang":"pt-BR","name":"Acima","nameA":""},{"lang":"de-DE","name":"Über","nameA":""},{"lang":"id-ID","name":"Di atas","nameA":""},{"lang":"fr-FR","name":"Au-dessus","nameA":""}]},{"id":0,"name":"come","transcription":"[kʌm]","nameA":"","image":"","bg":"transparent","nameAnswer":"","translates":[{"lang":"ru-RU","name":"Приходить","nameA":""},{"lang":"vi-VN","name":"Đến","nameA":""},{"lang":"zh-CN","name":"来","nameA":""},{"lang":"hi-IN","name":"आना","nameA":""},{"lang":"th-TH","name":"มา","nameA":""},{"lang":"tr-TR","name":"Gelmek","nameA":""},{"lang":"pt-BR","name":"Vir","nameA":""},{"lang":"de-DE","name":"Kommen","nameA":""},{"lang":"id-ID","name":"Datang","nameA":""},{"lang":"fr-FR","name":"Venir","nameA":""}]},{"id":0,"name":"love","transcription":"[lʌv]","nameA":"","image":"","bg":"transparent","nameAnswer":"","translates":[{"lang":"ru-RU","name":"Любовь","nameA":""},{"lang":"vi-VN","name":"Yêu","nameA":""},{"lang":"zh-CN","name":"爱","nameA":""},{"lang":"hi-IN","name":"प्यार","nameA":""},{"lang":"th-TH","name":"รัก","nameA":""},{"lang":"tr-TR","name":"Sevmek","nameA":""},{"lang":"pt-BR","name":"Amar","nameA":""},{"lang":"de-DE","name":"Lieben","nameA":""},{"lang":"id-ID","name":"Cinta","nameA":""},{"lang":"fr-FR","name":"Aimer","nameA":""}]},{"id":0,"name":"some","transcription":"[sʌm]","nameA":"","image":"","bg":"transparent","nameAnswer":"","translates":[{"lang":"ru-RU","name":"Некоторый","nameA":""},{"lang":"vi-VN","name":"Một số","nameA":""},{"lang":"zh-CN","name":"一些","nameA":""},{"lang":"hi-IN","name":"कुछ","nameA":""},{"lang":"th-TH","name":"บาง","nameA":""},{"lang":"tr-TR","name":"Bazı","nameA":""},{"lang":"pt-BR","name":"Alguns","nameA":""},{"lang":"de-DE","name":"Einige","nameA":""},{"lang":"id-ID","name":"Beberapa","nameA":""},{"lang":"fr-FR","name":"Quelques","nameA":""}]}]}