{"name":"Phonics /yoo/","nameA":"","img":"","isRandom":false,"isBlur":false,"isUpper":true,"isByWords":false,"isForAdult":false,"separator":"","numWords":32,"Translations":[{"lang":"ru-RU","name":"Алфавит","nameA":""},{"lang":"vi-VN","name":"Âm /yoo/","nameA":""},{"lang":"zh-CN","name":"语音 /yoo/","nameA":""},{"lang":"hi-IN","name":"ध्वनि /yoo/","nameA":""},{"lang":"th-TH","name":"เสียง /yoo/","nameA":""},{"lang":"tr-TR","name":"Ses /yoo/","nameA":""},{"lang":"pt-BR","name":"Fonética /yoo/","nameA":""},{"lang":"de-DE","name":"Phonik /yoo/","nameA":""},{"lang":"id-ID","name":"Fonik /yoo/","nameA":""},{"lang":"fr-FR","name":"Phonétique /yoo/","nameA":""}],"items":[{"id":0,"name":"argue","transcription":"[ˈɑːrɡjuː]","nameA":"","image":" ","bg":"transparent","nameAnswer":"","translates":[{"lang":"ru-RU","name":"Спорить","nameA":""},{"lang":"vi-VN","name":"Tranh luận","nameA":""},{"lang":"zh-CN","name":"争论","nameA":""},{"lang":"hi-IN","name":"बहस करना","nameA":""},{"lang":"th-TH","name":"โต้แย้ง","nameA":""},{"lang":"tr-TR","name":"Tartışmak","nameA":""},{"lang":"pt-BR","name":"Discutir","nameA":""},{"lang":"de-DE","name":"Streiten","nameA":""},{"lang":"id-ID","name":"Berselisih","nameA":""},{"lang":"fr-FR","name":"Se disputer","nameA":""}]},{"id":0,"name":"barbecue","transcription":"[ˈbɑːrbɪkjuː]","nameA":"","image":" ","bg":"transparent","nameAnswer":"","translates":[{"lang":"ru-RU","name":"Барбекю","nameA":""},{"lang":"vi-VN","name":"Thịt nướng","nameA":""},{"lang":"zh-CN","name":"烧烤","nameA":""},{"lang":"hi-IN","name":"बारबेक्यू","nameA":""},{"lang":"th-TH","name":"บาร์บีคิว","nameA":""},{"lang":"tr-TR","name":"Barbekü","nameA":""},{"lang":"pt-BR","name":"Churrasco","nameA":""},{"lang":"de-DE","name":"Grillen","nameA":""},{"lang":"id-ID","name":"Barbekyu","nameA":""},{"lang":"fr-FR","name":"Barbecue","nameA":""}]},{"id":0,"name":"muesli","transcription":"[ˈmjuːzli]","nameA":"","image":" ","bg":"transparent","nameAnswer":"","translates":[{"lang":"ru-RU","name":"Мюсли","nameA":""},{"lang":"vi-VN","name":"Ngũ cốc","nameA":""},{"lang":"zh-CN","name":"穆兹利","nameA":""},{"lang":"hi-IN","name":"म्यूसली","nameA":""},{"lang":"th-TH","name":"มิวสลี","nameA":""},{"lang":"tr-TR","name":"Müsli","nameA":""},{"lang":"pt-BR","name":"Muesli","nameA":""},{"lang":"de-DE","name":"Müsli","nameA":""},{"lang":"id-ID","name":"Muesli","nameA":""},{"lang":"fr-FR","name":"Muesli","nameA":""}]},{"id":0,"name":"rescue","transcription":"[ˈrɛskjuː]","nameA":"","image":" ","bg":"transparent","nameAnswer":"","translates":[{"lang":"ru-RU","name":"Спасение","nameA":""},{"lang":"vi-VN","name":"Giải cứu","nameA":""},{"lang":"zh-CN","name":"救援","nameA":""},{"lang":"hi-IN","name":"बचाव","nameA":""},{"lang":"th-TH","name":"ช่วยเหลือ","nameA":""},{"lang":"tr-TR","name":"Kurtarmak","nameA":""},{"lang":"pt-BR","name":"Resgate","nameA":""},{"lang":"de-DE","name":"Rettung","nameA":""},{"lang":"id-ID","name":"Menyelamatkan","nameA":""},{"lang":"fr-FR","name":"Sauvetage","nameA":""}]},{"id":0,"name":"statue","transcription":"[ˈstætʃuː]","nameA":"","image":" ","bg":"transparent","nameAnswer":"","translates":[{"lang":"ru-RU","name":"Статуя","nameA":""},{"lang":"vi-VN","name":"Tượng","nameA":""},{"lang":"zh-CN","name":"雕像","nameA":""},{"lang":"hi-IN","name":"मूर्ति","nameA":""},{"lang":"th-TH","name":"รูปปั้น","nameA":""},{"lang":"tr-TR","name":"Heykel","nameA":""},{"lang":"pt-BR","name":"Estátua","nameA":""},{"lang":"de-DE","name":"Statue","nameA":""},{"lang":"id-ID","name":"Patung","nameA":""},{"lang":"fr-FR","name":"Statue","nameA":""}]},{"id":0,"name":"tuesday","transcription":"[ˈtjuːzdeɪ]","nameA":"","image":" ","bg":"transparent","nameAnswer":"","translates":[{"lang":"ru-RU","name":"Вторник","nameA":""},{"lang":"vi-VN","name":"Thứ Ba","nameA":""},{"lang":"zh-CN","name":"星期二","nameA":""},{"lang":"hi-IN","name":"मंगलवार","nameA":""},{"lang":"th-TH","name":"วันอังคาร","nameA":""},{"lang":"tr-TR","name":"Salı","nameA":""},{"lang":"pt-BR","name":"Terça-feira","nameA":""},{"lang":"de-DE","name":"Dienstag","nameA":""},{"lang":"id-ID","name":"Selasa","nameA":""},{"lang":"fr-FR","name":"Mardi","nameA":""}]},{"id":0,"name":"value","transcription":"[ˈvæljuː]","nameA":"","image":" ","bg":"transparent","nameAnswer":"","translates":[{"lang":"ru-RU","name":"Ценность","nameA":""},{"lang":"vi-VN","name":"Giá trị","nameA":""},{"lang":"zh-CN","name":"价值","nameA":""},{"lang":"hi-IN","name":"मूल्य","nameA":""},{"lang":"th-TH","name":"ค่า","nameA":""},{"lang":"tr-TR","name":"Değer","nameA":""},{"lang":"pt-BR","name":"Valor","nameA":""},{"lang":"de-DE","name":"Wert","nameA":""},{"lang":"id-ID","name":"Nilai","nameA":""},{"lang":"fr-FR","name":"Valeur","nameA":""}]},{"id":0,"name":"ewe","transcription":"[juː]","nameA":"","image":" ","bg":"transparent","nameAnswer":"","translates":[{"lang":"ru-RU","name":"Овца","nameA":""},{"lang":"vi-VN","name":"Cừu cái","nameA":""},{"lang":"zh-CN","name":"母羊","nameA":""},{"lang":"hi-IN","name":"भेड़","nameA":""},{"lang":"th-TH","name":"แกะตัวเมีย","nameA":""},{"lang":"tr-TR","name":"Dişi koyun","nameA":""},{"lang":"pt-BR","name":"Ovelha","nameA":""},{"lang":"de-DE","name":"Mutterschaf","nameA":""},{"lang":"id-ID","name":"Domba betina","nameA":""},{"lang":"fr-FR","name":"Brebis","nameA":""}]},{"id":0,"name":"few","transcription":"[fjuː]","nameA":"","image":" ","bg":"transparent","nameAnswer":"","translates":[{"lang":"ru-RU","name":"Немного","nameA":""},{"lang":"vi-VN","name":"Một ít","nameA":""},{"lang":"zh-CN","name":"少数","nameA":""},{"lang":"hi-IN","name":"कुछ","nameA":""},{"lang":"th-TH","name":"น้อย","nameA":""},{"lang":"tr-TR","name":"Az","nameA":""},{"lang":"pt-BR","name":"Poucos","nameA":""},{"lang":"de-DE","name":"Wenig","nameA":""},{"lang":"id-ID","name":"Sedikit","nameA":""},{"lang":"fr-FR","name":"Peu","nameA":""}]},{"id":0,"name":"knew","transcription":"[njuː]","nameA":"","image":" ","bg":"transparent","nameAnswer":"","translates":[{"lang":"ru-RU","name":"Знать (прош. время)","nameA":""},{"lang":"vi-VN","name":"Biết (quá khứ)","nameA":""},{"lang":"zh-CN","name":"知道（过去式）","nameA":""},{"lang":"hi-IN","name":"जानता था","nameA":""},{"lang":"th-TH","name":"รู้ (อดีต)","nameA":""},{"lang":"tr-TR","name":"Biliyordu","nameA":""},{"lang":"pt-BR","name":"Sabia","nameA":""},{"lang":"de-DE","name":"Wusste","nameA":""},{"lang":"id-ID","name":"Tahu (lampau)","nameA":""},{"lang":"fr-FR","name":"Savait","nameA":""}]},{"id":0,"name":"new","transcription":"[njuː]","nameA":"","image":" ","bg":"transparent","nameAnswer":"","translates":[{"lang":"ru-RU","name":"Новый","nameA":""},{"lang":"vi-VN","name":"Mới","nameA":""},{"lang":"zh-CN","name":"新的","nameA":""},{"lang":"hi-IN","name":"नया","nameA":""},{"lang":"th-TH","name":"ใหม่","nameA":""},{"lang":"tr-TR","name":"Yeni","nameA":""},{"lang":"pt-BR","name":"Novo","nameA":""},{"lang":"de-DE","name":"Neu","nameA":""},{"lang":"id-ID","name":"Baru","nameA":""},{"lang":"fr-FR","name":"Nouveau","nameA":""}]},{"id":0,"name":"newspaper","transcription":"[ˈnjuːzˌpeɪpər]","nameA":"","image":"/img/dict/home/newspaper.png","bg":"transparent","nameAnswer":"","translates":[{"lang":"ru-RU","name":"Газета","nameA":""},{"lang":"vi-VN","name":"Báo","nameA":""},{"lang":"zh-CN","name":"报纸","nameA":""},{"lang":"hi-IN","name":"अखबार","nameA":""},{"lang":"th-TH","name":"หนังสือพิมพ์","nameA":""},{"lang":"tr-TR","name":"Gazete","nameA":""},{"lang":"pt-BR","name":"Jornal","nameA":""},{"lang":"de-DE","name":"Zeitung","nameA":""},{"lang":"id-ID","name":"Koran","nameA":""},{"lang":"fr-FR","name":"Journal","nameA":""}]},{"id":0,"name":"newt","transcription":"[njuːt]","nameA":"","image":" ","bg":"transparent","nameAnswer":"","translates":[{"lang":"ru-RU","name":"Тритон","nameA":""},{"lang":"vi-VN","name":"Kỳ nhông","nameA":""},{"lang":"zh-CN","name":"蝾螈","nameA":""},{"lang":"hi-IN","name":"न्यूट","nameA":""},{"lang":"th-TH","name":"นิวต์","nameA":""},{"lang":"tr-TR","name":"Semender","nameA":""},{"lang":"pt-BR","name":"Tritão","nameA":""},{"lang":"de-DE","name":"Molch","nameA":""},{"lang":"id-ID","name":"Salamander","nameA":""},{"lang":"fr-FR","name":"Triton","nameA":""}]},{"id":0,"name":"phew","transcription":"[fjuː]","nameA":"","image":" ","bg":"transparent","nameAnswer":"","translates":[{"lang":"ru-RU","name":"Фух","nameA":""},{"lang":"vi-VN","name":"Phù","nameA":""},{"lang":"zh-CN","name":"呼","nameA":""},{"lang":"hi-IN","name":"छुटकारा","nameA":""},{"lang":"th-TH","name":"เฮ้อ","nameA":""},{"lang":"tr-TR","name":"Oh","nameA":""},{"lang":"pt-BR","name":"Ufa","nameA":""},{"lang":"de-DE","name":"Puh","nameA":""},{"lang":"id-ID","name":"Wah","nameA":""},{"lang":"fr-FR","name":"Ouf","nameA":""}]},{"id":0,"name":"stew","transcription":"[stjuː]","nameA":"","image":" ","bg":"transparent","nameAnswer":"","translates":[{"lang":"ru-RU","name":"Рагу","nameA":""},{"lang":"vi-VN","name":"Hầm","nameA":""},{"lang":"zh-CN","name":"炖菜","nameA":""},{"lang":"hi-IN","name":"स्टू","nameA":""},{"lang":"th-TH","name":"สตูว์","nameA":""},{"lang":"tr-TR","name":"Güveç","nameA":""},{"lang":"pt-BR","name":"Ensopado","nameA":""},{"lang":"de-DE","name":"Eintopf","nameA":""},{"lang":"id-ID","name":"Rebus","nameA":""},{"lang":"fr-FR","name":"Ragoût","nameA":""}]},{"id":0,"name":"music","transcription":"[ˈmjuːzɪk]","nameA":"","image":" ","bg":"transparent","nameAnswer":"","translates":[{"lang":"ru-RU","name":"Музыка","nameA":""},{"lang":"vi-VN","name":"Âm nhạc","nameA":""},{"lang":"zh-CN","name":"音乐","nameA":""},{"lang":"hi-IN","name":"संगीत","nameA":""},{"lang":"th-TH","name":"ดนตรี","nameA":""},{"lang":"tr-TR","name":"Müzik","nameA":""},{"lang":"pt-BR","name":"Música","nameA":""},{"lang":"de-DE","name":"Musik","nameA":""},{"lang":"id-ID","name":"Musik","nameA":""},{"lang":"fr-FR","name":"Musique","nameA":""}]},{"id":0,"name":"tuna","transcription":"[ˈtjuːnə]","nameA":"","image":" ","bg":"transparent","nameAnswer":"","translates":[{"lang":"ru-RU","name":"Тунец","nameA":""},{"lang":"vi-VN","name":"Cá ngừ","nameA":""},{"lang":"zh-CN","name":"金枪鱼","nameA":""},{"lang":"hi-IN","name":"टूना","nameA":""},{"lang":"th-TH","name":"ทูน่า","nameA":""},{"lang":"tr-TR","name":"Ton balığı","nameA":""},{"lang":"pt-BR","name":"Atum","nameA":""},{"lang":"de-DE","name":"Thunfisch","nameA":""},{"lang":"id-ID","name":"Tuna","nameA":""},{"lang":"fr-FR","name":"Thon","nameA":""}]},{"id":0,"name":"uniform","transcription":"[ˈjuːnɪfɔːrm]","nameA":"","image":" ","bg":"transparent","nameAnswer":"","translates":[{"lang":"ru-RU","name":"Униформа","nameA":""},{"lang":"vi-VN","name":"Đồng phục","nameA":""},{"lang":"zh-CN","name":"制服","nameA":""},{"lang":"hi-IN","name":"वर्दी","nameA":""},{"lang":"th-TH","name":"เครื่องแบบ","nameA":""},{"lang":"tr-TR","name":"Üniforma","nameA":""},{"lang":"pt-BR","name":"Uniforme","nameA":""},{"lang":"de-DE","name":"Uniform","nameA":""},{"lang":"id-ID","name":"Seragam","nameA":""},{"lang":"fr-FR","name":"Uniforme","nameA":""}]},{"id":0,"name":"unit","transcription":"[ˈjuːnɪt]","nameA":"","image":" ","bg":"transparent","nameAnswer":"","translates":[{"lang":"ru-RU","name":"Единица","nameA":""},{"lang":"vi-VN","name":"Đơn vị","nameA":""},{"lang":"zh-CN","name":"单位","nameA":""},{"lang":"hi-IN","name":"इकाई","nameA":""},{"lang":"th-TH","name":"หน่วย","nameA":""},{"lang":"tr-TR","name":"Birim","nameA":""},{"lang":"pt-BR","name":"Unidade","nameA":""},{"lang":"de-DE","name":"Einheit","nameA":""},{"lang":"id-ID","name":"Unit","nameA":""},{"lang":"fr-FR","name":"Unité","nameA":""}]},{"id":0,"name":"usual","transcription":"[ˈjuːʒuəl]","nameA":"","image":" ","bg":"transparent","nameAnswer":"","translates":[{"lang":"ru-RU","name":"Обычный","nameA":""},{"lang":"vi-VN","name":"Thông thường","nameA":""},{"lang":"zh-CN","name":"通常的","nameA":""},{"lang":"hi-IN","name":"सामान्य","nameA":""},{"lang":"th-TH","name":"ปกติ","nameA":""},{"lang":"tr-TR","name":"Olağan","nameA":""},{"lang":"pt-BR","name":"Usual","nameA":""},{"lang":"de-DE","name":"Üblich","nameA":""},{"lang":"id-ID","name":"Biasa","nameA":""},{"lang":"fr-FR","name":"Usuel","nameA":""}]},{"id":0,"name":"utensil","transcription":"[juːˈtɛnsəl]","nameA":"","image":" ","bg":"transparent","nameAnswer":"","translates":[{"lang":"ru-RU","name":"Посуда","nameA":""},{"lang":"vi-VN","name":"Dụng cụ","nameA":""},{"lang":"zh-CN","name":"器具","nameA":""},{"lang":"hi-IN","name":"बर्तन","nameA":""},{"lang":"th-TH","name":"เครื่องใช้","nameA":""},{"lang":"tr-TR","name":"Mutfak eşyası","nameA":""},{"lang":"pt-BR","name":"Utensílio","nameA":""},{"lang":"de-DE","name":"Küchengerät","nameA":""},{"lang":"id-ID","name":"Peralatan","nameA":""},{"lang":"fr-FR","name":"Ustensile","nameA":""}]},{"id":0,"name":"amuse","transcription":"[əˈmjuːz]","nameA":"","image":" ","bg":"transparent","nameAnswer":"","translates":[{"lang":"ru-RU","name":"Развлекать","nameA":""},{"lang":"vi-VN","name":"Giải trí","nameA":""},{"lang":"zh-CN","name":"娱乐","nameA":""},{"lang":"hi-IN","name":"मनोरंजन करना","nameA":""},{"lang":"th-TH","name":"ทำให้สนุก","nameA":""},{"lang":"tr-TR","name":"Eğlendirmek","nameA":""},{"lang":"pt-BR","name":"Divertir","nameA":""},{"lang":"de-DE","name":"Amüsieren","nameA":""},{"lang":"id-ID","name":"Menghibur","nameA":""},{"lang":"fr-FR","name":"Amuser","nameA":""}]},{"id":0,"name":"confuse","transcription":"[kənˈfjuːz]","nameA":"","image":" ","bg":"transparent","nameAnswer":"","translates":[{"lang":"ru-RU","name":"Путать","nameA":""},{"lang":"vi-VN","name":"Làm bối rối","nameA":""},{"lang":"zh-CN","name":"混淆","nameA":""},{"lang":"hi-IN","name":"उलझाना","nameA":""},{"lang":"th-TH","name":"ทำให้สับสน","nameA":""},{"lang":"tr-TR","name":"Karıştırmak","nameA":""},{"lang":"pt-BR","name":"Confundir","nameA":""},{"lang":"de-DE","name":"Verwirren","nameA":""},{"lang":"id-ID","name":"Membingungkan","nameA":""},{"lang":"fr-FR","name":"Confondre","nameA":""}]},{"id":0,"name":"cube","transcription":"[kjuːb]","nameA":"","image":"/img/dict/shapes/cube.png","bg":"transparent","nameAnswer":"","translates":[{"lang":"ru-RU","name":"Куб","nameA":""},{"lang":"vi-VN","name":"Hình lập phương","nameA":""},{"lang":"zh-CN","name":"立方体","nameA":""},{"lang":"hi-IN","name":"घन","nameA":""},{"lang":"th-TH","name":"ลูกบาศก์","nameA":""},{"lang":"tr-TR","name":"Küp","nameA":""},{"lang":"pt-BR","name":"Cubo","nameA":""},{"lang":"de-DE","name":"Würfel","nameA":""},{"lang":"id-ID","name":"Kubus","nameA":""},{"lang":"fr-FR","name":"Cube","nameA":""}]},{"id":0,"name":"cute","transcription":"[kjuːt]","nameA":"","image":" ","bg":"transparent","nameAnswer":"","translates":[{"lang":"ru-RU","name":"Милый","nameA":""},{"lang":"vi-VN","name":"Dễ thương","nameA":""},{"lang":"zh-CN","name":"可爱的","nameA":""},{"lang":"hi-IN","name":"प्यारा","nameA":""},{"lang":"th-TH","name":"น่ารัก","nameA":""},{"lang":"tr-TR","name":"Sevimli","nameA":""},{"lang":"pt-BR","name":"Fofo","nameA":""},{"lang":"de-DE","name":"Niedlich","nameA":""},{"lang":"id-ID","name":"Lucu","nameA":""},{"lang":"fr-FR","name":"Mignon","nameA":""}]},{"id":0,"name":"huge","transcription":"[hjuːdʒ]","nameA":"","image":" ","bg":"transparent","nameAnswer":"","translates":[{"lang":"ru-RU","name":"Огромный","nameA":""},{"lang":"vi-VN","name":"Khổng lồ","nameA":""},{"lang":"zh-CN","name":"巨大的","nameA":""},{"lang":"hi-IN","name":"विशाल","nameA":""},{"lang":"th-TH","name":"ใหญ่โต","nameA":""},{"lang":"tr-TR","name":"Devasa","nameA":""},{"lang":"pt-BR","name":"Enorme","nameA":""},{"lang":"de-DE","name":"Riesig","nameA":""},{"lang":"id-ID","name":"Besar","nameA":""},{"lang":"fr-FR","name":"Énorme","nameA":""}]},{"id":0,"name":"tube","transcription":"[tjuːb]","nameA":"","image":"/img/dict/home/tube.png","bg":"transparent","nameAnswer":"","translates":[{"lang":"ru-RU","name":"Трубка","nameA":""},{"lang":"vi-VN","name":"Ống","nameA":""},{"lang":"zh-CN","name":"管子","nameA":""},{"lang":"hi-IN","name":"ट्यूब","nameA":""},{"lang":"th-TH","name":"ท่อ","nameA":""},{"lang":"tr-TR","name":"Tüp","nameA":""},{"lang":"pt-BR","name":"Tubo","nameA":""},{"lang":"de-DE","name":"Röhre","nameA":""},{"lang":"id-ID","name":"Tabung","nameA":""},{"lang":"fr-FR","name":"Tube","nameA":""}]},{"id":0,"name":"tune","transcription":"[tjuːn]","nameA":"","image":" ","bg":"transparent","nameAnswer":"","translates":[{"lang":"ru-RU","name":"Мелодия","nameA":""},{"lang":"vi-VN","name":"Giai điệu","nameA":""},{"lang":"zh-CN","name":"曲调","nameA":""},{"lang":"hi-IN","name":"धुन","nameA":""},{"lang":"th-TH","name":"ทำนอง","nameA":""},{"lang":"tr-TR","name":"Melodi","nameA":""},{"lang":"pt-BR","name":"Melodia","nameA":""},{"lang":"de-DE","name":"Melodie","nameA":""},{"lang":"id-ID","name":"Lagu","nameA":""},{"lang":"fr-FR","name":"Mélodie","nameA":""}]},{"id":0,"name":"use","transcription":"[juːz]","nameA":"","image":" ","bg":"transparent","nameAnswer":"","translates":[{"lang":"ru-RU","name":"Использовать","nameA":""},{"lang":"vi-VN","name":"Sử dụng","nameA":""},{"lang":"zh-CN","name":"使用","nameA":""},{"lang":"hi-IN","name":"उपयोग","nameA":""},{"lang":"th-TH","name":"ใช้","nameA":""},{"lang":"tr-TR","name":"Kullanmak","nameA":""},{"lang":"pt-BR","name":"Usar","nameA":""},{"lang":"de-DE","name":"Verwenden","nameA":""},{"lang":"id-ID","name":"Menggunakan","nameA":""},{"lang":"fr-FR","name":"Utiliser","nameA":""}]},{"id":0,"name":"deuce","transcription":"[djuːs]","nameA":"","image":" ","bg":"transparent","nameAnswer":"","translates":[{"lang":"ru-RU","name":"Двойка","nameA":""},{"lang":"vi-VN","name":"Hai điểm","nameA":""},{"lang":"zh-CN","name":"两点","nameA":""},{"lang":"hi-IN","name":"ड्यूस","nameA":""},{"lang":"th-TH","name":"สองแต้ม","nameA":""},{"lang":"tr-TR","name":"Berabere","nameA":""},{"lang":"pt-BR","name":"Dois","nameA":""},{"lang":"de-DE","name":"Zwei","nameA":""},{"lang":"id-ID","name":"Dua","nameA":""},{"lang":"fr-FR","name":"Deux","nameA":""}]},{"id":0,"name":"feud","transcription":"[fjuːd]","nameA":"","image":" ","bg":"transparent","nameAnswer":"","translates":[{"lang":"ru-RU","name":"Вражда","nameA":""},{"lang":"vi-VN","name":"Mối thù","nameA":""},{"lang":"zh-CN","name":"世仇","nameA":""},{"lang":"hi-IN","name":"झगड़ा","nameA":""},{"lang":"th-TH","name":"ความบาดหมาง","nameA":""},{"lang":"tr-TR","name":"Kan davası","nameA":""},{"lang":"pt-BR","name":"Briga","nameA":""},{"lang":"de-DE","name":"Fehde","nameA":""},{"lang":"id-ID","name":"Perseteruan","nameA":""},{"lang":"fr-FR","name":"Querelle","nameA":""}]},{"id":0,"name":"neutral","transcription":"[ˈnjuːtrəl]","nameA":"","image":" ","bg":"transparent","nameAnswer":"","translates":[{"lang":"ru-RU","name":"Нейтральный","nameA":""},{"lang":"vi-VN","name":"Trung lập","nameA":""},{"lang":"zh-CN","name":"中立的","nameA":""},{"lang":"hi-IN","name":"तटस्थ","nameA":""},{"lang":"th-TH","name":"เป็นกลาง","nameA":""},{"lang":"tr-TR","name":"Tarafsız","nameA":""},{"lang":"pt-BR","name":"Neutro","nameA":""},{"lang":"de-DE","name":"Neutral","nameA":""},{"lang":"id-ID","name":"Netral","nameA":""},{"lang":"fr-FR","name":"Neutre","nameA":""}]}]}