{"name":"Home rooms","isRandom":true,"isBlur":true,"isUpper":true,"isByWords":false,"isForAdult":false,"separator":"","numWords":28,"tags":["home","room"],"Translations":[],"items":[{"id":17,"name":"kitchen","transcription":"[ˈkɪʧɪn]","image":"/img/dict/home/kitchen.png","translates":[{"lang":"ru-RU","name":"кухня, место где готовят еду"},{"lang":"vi-VN","name":"nhà bếp"},{"lang":"zh-CN","name":"厨房"},{"lang":"hi-IN","name":"रसोई"},{"lang":"th-TH","name":"ห้องครัว"},{"lang":"tr-TR","name":"mutfak"},{"lang":"pt-BR","name":"cozinha"},{"lang":"de-DE","name":"Küche"},{"lang":"id-ID","name":"dapur"},{"lang":"fr-FR","name":"cuisine"}]},{"id":0,"name":"living room","transcription":"[ˈlɪvɪŋ ruːm]","image":"/img/dict/home/living_room.png","translates":[{"lang":"ru-RU","name":"гостиная, место где собираются с друзьями, семьёй"},{"lang":"vi-VN","name":"phòng khách"},{"lang":"zh-CN","name":"客厅"},{"lang":"hi-IN","name":"बैठक कक्ष"},{"lang":"th-TH","name":"ห้องนั่งเล่น"},{"lang":"tr-TR","name":"oturma odası"},{"lang":"pt-BR","name":"sala de estar"},{"lang":"de-DE","name":"Wohnzimmer"},{"lang":"id-ID","name":"ruang tamu"},{"lang":"fr-FR","name":"salon"}]},{"id":20,"name":"bedroom","transcription":"[ˈbedrum]","image":"/img/dict/home/bedroom.png","translates":[{"lang":"ru-RU","name":"спальня"},{"lang":"vi-VN","name":"phòng ngủ"},{"lang":"zh-CN","name":"卧室"},{"lang":"hi-IN","name":"शयनकक्ष"},{"lang":"th-TH","name":"ห้องนอน"},{"lang":"tr-TR","name":"yatak odası"},{"lang":"pt-BR","name":"quarto"},{"lang":"de-DE","name":"Schlafzimmer"},{"lang":"id-ID","name":"kamar tidur"},{"lang":"fr-FR","name":"chambre"}]},{"id":18,"name":"bathroom","transcription":"[ˈbɑːθrum]","image":"/img/dict/home/bathroom.png","translates":[{"lang":"ru-RU","name":"ванная комната"},{"lang":"vi-VN","name":"phòng tắm"},{"lang":"zh-CN","name":"浴室"},{"lang":"hi-IN","name":"स्नानघर"},{"lang":"th-TH","name":"ห้องน้ำ"},{"lang":"tr-TR","name":"banyo"},{"lang":"pt-BR","name":"banheiro"},{"lang":"de-DE","name":"Badezimmer"},{"lang":"id-ID","name":"kamar mandi"},{"lang":"fr-FR","name":"salle de bain"}]},{"id":1,"name":"cellar","transcription":"[ˈselə]","image":"/img/dict/home/cellar.png","translates":[{"lang":"ru-RU","name":"подвал, помещение под домом"},{"lang":"vi-VN","name":"tầng hầm"},{"lang":"zh-CN","name":"地窖"},{"lang":"hi-IN","name":"तहखाना"},{"lang":"th-TH","name":"ห้องใต้ดิน"},{"lang":"tr-TR","name":"kiler"},{"lang":"pt-BR","name":"porão"},{"lang":"de-DE","name":"Keller"},{"lang":"id-ID","name":"ruang bawah tanah"},{"lang":"fr-FR","name":"cave"}]},{"id":2,"name":"study","transcription":"[ˈstʌdɪ]","image":"/img/dict/home/study.png","translates":[{"lang":"ru-RU","name":"кабинет"},{"lang":"vi-VN","name":"phòng làm việc"},{"lang":"zh-CN","name":"书房"},{"lang":"hi-IN","name":"अध्ययन कक्ष"},{"lang":"th-TH","name":"ห้องทำงาน"},{"lang":"tr-TR","name":"çalışma odası"},{"lang":"pt-BR","name":"escritório"},{"lang":"de-DE","name":"Arbeitszimmer"},{"lang":"id-ID","name":"ruang belajar"},{"lang":"fr-FR","name":"bureau"}]},{"id":3,"name":"cloakroom","transcription":"[ˈkləʊkrum]","image":"/img/dict/home/cloakroom.png","translates":[{"lang":"ru-RU","name":"гардеробная"},{"lang":"vi-VN","name":"phòng để áo khoác"},{"lang":"zh-CN","name":"衣帽间"},{"lang":"hi-IN","name":"क्लोकरूम"},{"lang":"th-TH","name":"ห้องเก็บเสื้อผ้า"},{"lang":"tr-TR","name":"vestiyer"},{"lang":"pt-BR","name":"guardarroupa"},{"lang":"de-DE","name":"Garderobe"},{"lang":"id-ID","name":"ruang ganti"},{"lang":"fr-FR","name":"vestiaire"}]},{"id":4,"name":"toilet","transcription":"[ˈtɔɪlɪt]","image":"/img/dict/home/toilet.png","translates":[{"lang":"ru-RU","name":"туалет"},{"lang":"vi-VN","name":"nhà vệ sinh"},{"lang":"zh-CN","name":"厕所"},{"lang":"hi-IN","name":"शौचालय"},{"lang":"th-TH","name":"ห้องน้ำ"},{"lang":"tr-TR","name":"tuvalet"},{"lang":"pt-BR","name":"banheiro"},{"lang":"de-DE","name":"Toilette"},{"lang":"id-ID","name":"toilet"},{"lang":"fr-FR","name":"toilettes"}]},{"id":24,"name":"laundry","transcription":"[ˈlɔːndrɪ]","image":"/img/dict/home/laundry.png","translates":[{"lang":"ru-RU","name":"прачечная, место где стирают, гладят и сушат"},{"lang":"vi-VN","name":"phòng giặt"},{"lang":"zh-CN","name":"洗衣房"},{"lang":"hi-IN","name":"लॉन्ड्री"},{"lang":"th-TH","name":"ห้องซักรีด"},{"lang":"tr-TR","name":"çamaşırhane"},{"lang":"pt-BR","name":"lavanderia"},{"lang":"de-DE","name":"Waschraum"},{"lang":"id-ID","name":"ruang cuci"},{"lang":"fr-FR","name":"buanderie"}]},{"id":6,"name":"upstairs","transcription":"[ʌpˈsteəz]","image":"/img/dict/home/upstairs.png","translates":[{"lang":"ru-RU","name":"верхний этаж"},{"lang":"vi-VN","name":"tầng trên"},{"lang":"zh-CN","name":"楼上"},{"lang":"hi-IN","name":"ऊपरी मंजिल"},{"lang":"th-TH","name":"ชั้นบน"},{"lang":"tr-TR","name":"üst kat"},{"lang":"pt-BR","name":"andar superior"},{"lang":"de-DE","name":"Obergeschoss"},{"lang":"id-ID","name":"lantai atas"},{"lang":"fr-FR","name":"étage"}]},{"id":7,"name":"downstairs","transcription":"[daʊnˈsteəz]","image":"/img/dict/home/downstairs.png","translates":[{"lang":"ru-RU","name":"нижний этаж"},{"lang":"vi-VN","name":"tầng dưới"},{"lang":"zh-CN","name":"楼下"},{"lang":"hi-IN","name":"नीचे की मंजिल"},{"lang":"th-TH","name":"ชั้นล่าง"},{"lang":"tr-TR","name":"alt kat"},{"lang":"pt-BR","name":"andar inferior"},{"lang":"de-DE","name":"Untergeschoss"},{"lang":"id-ID","name":"lantai bawah"},{"lang":"fr-FR","name":"rez-de-chaussée"}]},{"id":5,"name":"conservatory","transcription":"[kənˈsɜːvətrɪ]","image":"/img/dict/home/conservatory.png","translates":[{"lang":"ru-RU","name":"оранжерея, садик дома"},{"lang":"vi-VN","name":"nhà kính"},{"lang":"zh-CN","name":"温室"},{"lang":"hi-IN","name":"संरक्षित उद्यान"},{"lang":"th-TH","name":"เรือนกระจก"},{"lang":"tr-TR","name":"konservatuvar"},{"lang":"pt-BR","name":"conservatório"},{"lang":"de-DE","name":"Wintergarten"},{"lang":"id-ID","name":"ruang konservatori"},{"lang":"fr-FR","name":"véranda"}]},{"id":8,"name":"utility room","transcription":"[juːˈtɪlətɪ ruːm]","image":"/img/dict/home/utility_room.png","translates":[{"lang":"ru-RU","name":"подсобное помещение, место где размещается оборудование"},{"lang":"vi-VN","name":"phòng tiện ích"},{"lang":"zh-CN","name":"杂物间"},{"lang":"hi-IN","name":"उपयोगिता कक्ष"},{"lang":"th-TH","name":"ห้องเก็บของ"},{"lang":"tr-TR","name":"hizmet odası"},{"lang":"pt-BR","name":"sala de utilidades"},{"lang":"de-DE","name":"Hauswirtschaftsraum"},{"lang":"id-ID","name":"ruang utilitas"},{"lang":"fr-FR","name":"buanderie"}]},{"id":10,"name":"corridor","transcription":"[ˈkɒrɪdɔː]","image":"/img/dict/home/corridor.png","translates":[{"lang":"ru-RU","name":"коридор"},{"lang":"vi-VN","name":"hành lang"},{"lang":"zh-CN","name":"走廊"},{"lang":"hi-IN","name":"गलियारा"},{"lang":"th-TH","name":"ทางเดิน"},{"lang":"tr-TR","name":"koridor"},{"lang":"pt-BR","name":"corredor"},{"lang":"de-DE","name":"Flur"},{"lang":"id-ID","name":"koridor"},{"lang":"fr-FR","name":"couloir"}]},{"id":23,"name":"workshop","transcription":"[ˈwɜːkʃɒp]","image":"/img/dict/home/workshop.png","translates":[{"lang":"ru-RU","name":"мастерская, место где что-то делают по дому"},{"lang":"vi-VN","name":"xưởng"},{"lang":"zh-CN","name":"工作室"},{"lang":"hi-IN","name":"कार्यशाला"},{"lang":"th-TH","name":"ห้องทำงาน"},{"lang":"tr-TR","name":"atölye"},{"lang":"pt-BR","name":"oficina"},{"lang":"de-DE","name":"Werkstatt"},{"lang":"id-ID","name":"bengkel"},{"lang":"fr-FR","name":"atelier"}]},{"id":11,"name":"games room","transcription":"[ˈɡeɪmz ruːm]","image":"/img/dict/home/games_room.png","translates":[{"lang":"ru-RU","name":"игровая комната"},{"lang":"vi-VN","name":"phòng chơi game"},{"lang":"zh-CN","name":"游戏室"},{"lang":"hi-IN","name":"गेम रूम"},{"lang":"th-TH","name":"ห้องเกม"},{"lang":"tr-TR","name":"oyun odası"},{"lang":"pt-BR","name":"sala de jogos"},{"lang":"de-DE","name":"Spielzimmer"},{"lang":"id-ID","name":"ruang permainan"},{"lang":"fr-FR","name":"salle de jeux"}]},{"id":25,"name":"dining room","transcription":"[ˈdaɪnɪŋ rum]","image":"/img/dict/home/dining_room.png","translates":[{"lang":"ru-RU","name":"столовая, место где принимают пищу"},{"lang":"vi-VN","name":"phòng ăn"},{"lang":"zh-CN","name":"餐厅"},{"lang":"hi-IN","name":"भोजन कक्ष"},{"lang":"th-TH","name":"ห้องอาหาร"},{"lang":"tr-TR","name":"yemek odası"},{"lang":"pt-BR","name":"sala de jantar"},{"lang":"de-DE","name":"Esszimmer"},{"lang":"id-ID","name":"ruang makan"},{"lang":"fr-FR","name":"salle à manger"}]},{"id":14,"name":"attic","transcription":"[ˈætɪk]","image":"/img/dict/home/attic.png","translates":[{"lang":"ru-RU","name":"чердак, место под крышей"},{"lang":"vi-VN","name":"gác mái"},{"lang":"zh-CN","name":"阁楼"},{"lang":"hi-IN","name":"अटारी"},{"lang":"th-TH","name":"ห้องใต้หลังคา"},{"lang":"tr-TR","name":"tavan arası"},{"lang":"pt-BR","name":"sótão"},{"lang":"de-DE","name":"Dachboden"},{"lang":"id-ID","name":"loteng"},{"lang":"fr-FR","name":"grenier"}]},{"id":15,"name":"hall","transcription":"[hɔːl]","image":"/img/dict/home/hall.png","translates":[{"lang":"ru-RU","name":"зал"},{"lang":"vi-VN","name":"đại sảnh"},{"lang":"zh-CN","name":"大厅"},{"lang":"hi-IN","name":"हॉल"},{"lang":"th-TH","name":"โถง"},{"lang":"tr-TR","name":"salon"},{"lang":"pt-BR","name":"saguão"},{"lang":"de-DE","name":"Halle"},{"lang":"id-ID","name":"ruang utama"},{"lang":"fr-FR","name":"salle"}]},{"id":16,"name":"balcony","transcription":"[ˈbælkənɪ]","image":"/img/dict/home/balcony.png","translates":[{"lang":"ru-RU","name":"балкон"},{"lang":"vi-VN","name":"ban công"},{"lang":"zh-CN","name":"阳台"},{"lang":"hi-IN","name":"बालकनी"},{"lang":"th-TH","name":"ระเบียง"},{"lang":"tr-TR","name":"balkon"},{"lang":"pt-BR","name":"varanda"},{"lang":"de-DE","name":"Balkon"},{"lang":"id-ID","name":"balkon"},{"lang":"fr-FR","name":"balcon"}]},{"id":19,"name":"library","transcription":"[ˈlaɪbrərɪ]","image":"/img/dict/home/library.png","translates":[{"lang":"ru-RU","name":"библиотека"},{"lang":"vi-VN","name":"thư viện"},{"lang":"zh-CN","name":"图书馆"},{"lang":"hi-IN","name":"पुस्तकालय"},{"lang":"th-TH","name":"ห้องสมุด"},{"lang":"tr-TR","name":"kütüphane"},{"lang":"pt-BR","name":"biblioteca"},{"lang":"de-DE","name":"Bibliothek"},{"lang":"id-ID","name":"perpustakaan"},{"lang":"fr-FR","name":"bibliothèque"}]},{"id":21,"name":"hallway","transcription":"[ˈhɔːlweɪ]","image":"/img/dict/home/hallway.png","translates":[{"lang":"ru-RU","name":"прихожая"},{"lang":"vi-VN","name":"hành lang"},{"lang":"zh-CN","name":"门厅"},{"lang":"hi-IN","name":"हॉलवे"},{"lang":"th-TH","name":"โถงทางเดิน"},{"lang":"tr-TR","name":"koridor"},{"lang":"pt-BR","name":"entrada"},{"lang":"de-DE","name":"Flur"},{"lang":"id-ID","name":"lorong"},{"lang":"fr-FR","name":"couloir"}]},{"id":26,"name":"sunroom","transcription":"[ˈsʌnruːm]","image":"/img/dict/home/sunroom.png","translates":[{"lang":"ru-RU","name":"веранда"},{"lang":"vi-VN","name":"phòng sưởi nắng"},{"lang":"zh-CN","name":"阳光房"},{"lang":"hi-IN","name":"सनरूम"},{"lang":"th-TH","name":"ห้องอาบแดด"},{"lang":"tr-TR","name":"güneş odası"},{"lang":"pt-BR","name":"sala de sol"},{"lang":"de-DE","name":"Wintergarten"},{"lang":"id-ID","name":"ruang matahari"},{"lang":"fr-FR","name":"véranda"}]},{"id":27,"name":"garage","transcription":"[ˈgærɑːʒ]","image":"/img/dict/home/garage.png","translates":[{"lang":"ru-RU","name":"гараж, место где стоит машина"},{"lang":"vi-VN","name":"nhà để xe"},{"lang":"zh-CN","name":"车库"},{"lang":"hi-IN","name":"गैराज"},{"lang":"th-TH","name":"โรงจอดรถ"},{"lang":"tr-TR","name":"garaj"},{"lang":"pt-BR","name":"garagem"},{"lang":"de-DE","name":"Garage"},{"lang":"id-ID","name":"garasi"},{"lang":"fr-FR","name":"garage"}]},{"id":28,"name":"nursery","transcription":"[ˈnɜːsərɪ]","image":"/img/dict/home/nursery.png","translates":[{"lang":"ru-RU","name":"детская комната, комната малыша"},{"lang":"vi-VN","name":"phòng trẻ em"},{"lang":"zh-CN","name":"婴儿房"},{"lang":"hi-IN","name":"नर्सरी"},{"lang":"th-TH","name":"ห้องเด็ก"},{"lang":"tr-TR","name":"çocuk odası"},{"lang":"pt-BR","name":"berçário"},{"lang":"de-DE","name":"Kinderzimmer"},{"lang":"id-ID","name":"kamar bayi"},{"lang":"fr-FR","name":"chambre d\u0027enfant"}]},{"id":29,"name":"pantry","transcription":"[ˈpæntrɪ]","image":"/img/dict/home/pantry.png","translates":[{"lang":"ru-RU","name":"кладовая, место где хранятся продукты и припасы"},{"lang":"vi-VN","name":"phòng đựng thức ăn"},{"lang":"zh-CN","name":"食品储藏室"},{"lang":"hi-IN","name":"पेंट्री"},{"lang":"th-TH","name":"ห้องเก็บอาหาร"},{"lang":"tr-TR","name":"kiler"},{"lang":"pt-BR","name":"despensa"},{"lang":"de-DE","name":"Speisekammer"},{"lang":"id-ID","name":"ruang penyimpanan makanan"},{"lang":"fr-FR","name":"garde-manger"}]},{"id":29,"name":"backyard","transcription":"[ˌbækˈjɑːrd]","image":"/img/dict/home/backyard.png","translates":[{"lang":"ru-RU","name":"задний дворик, придомовая территория"},{"lang":"vi-VN","name":"sân sau"},{"lang":"zh-CN","name":"后院"},{"lang":"hi-IN","name":"पिछवाड़ा"},{"lang":"th-TH","name":"สวนหลังบ้าน"},{"lang":"tr-TR","name":"arka bahçe"},{"lang":"pt-BR","name":"quintal"},{"lang":"de-DE","name":"Hinterhof"},{"lang":"id-ID","name":"halaman belakang"},{"lang":"fr-FR","name":"arrière-cour"}]},{"id":29,"name":"swimming pool","transcription":"[ˈswɪmɪŋ puːl]","image":"/img/dict/home/swimmingpool.png","translates":[{"lang":"ru-RU","name":"бассейн"},{"lang":"vi-VN","name":"hồ bơi"},{"lang":"zh-CN","name":"游泳池"},{"lang":"hi-IN","name":"स्विमिंग पूल"},{"lang":"th-TH","name":"สระว่ายน้ำ"},{"lang":"tr-TR","name":"yüzme havuzu"},{"lang":"pt-BR","name":"piscina"},{"lang":"de-DE","name":"Schwimmbad"},{"lang":"id-ID","name":"kolam renang"},{"lang":"fr-FR","name":"piscine"}]}]}