{"name":"Phonics /p/","isRandom":false,"isBlur":false,"isUpper":true,"isByWords":false,"isForAdult":false,"separator":"","numWords":11,"Translations":[{"lang":"ru-RU","name":"Алфавит"},{"lang":"vi-VN","name":"Âm thanh /p/"},{"lang":"zh-CN","name":"拼音 /p/"},{"lang":"hi-IN","name":"ध्वनि /p/"},{"lang":"th-TH","name":"เสียง /p/"},{"lang":"tr-TR","name":"Ses /p/"},{"lang":"pt-BR","name":"Fonética /p/"},{"lang":"de-DE","name":"Phonik /p/"},{"lang":"id-ID","name":"Fonetik /p/"},{"lang":"fr-FR","name":"Phonétique /p/"}],"items":[{"id":0,"name":"/P/","transcription":"","nameA":"/sound/dict/p.mp3","image":"","bg":"","translates":[{"lang":"ru-RU","name":""},{"lang":"vi-VN","name":""},{"lang":"zh-CN","name":""},{"lang":"hi-IN","name":""},{"lang":"th-TH","name":""},{"lang":"tr-TR","name":""},{"lang":"pt-BR","name":""},{"lang":"de-DE","name":""},{"lang":"id-ID","name":""},{"lang":"fr-FR","name":""}]},{"id":0,"name":"pig","transcription":"[pɪɡ]","nameA":"","image":"/img/dict/animals/pig.png","bg":"transparent","translates":[{"lang":"ru-RU","name":"Свинья"},{"lang":"vi-VN","name":"Con lợn"},{"lang":"zh-CN","name":"猪"},{"lang":"hi-IN","name":"सुअर"},{"lang":"th-TH","name":"หมู"},{"lang":"tr-TR","name":"Domuz"},{"lang":"pt-BR","name":"Porco"},{"lang":"de-DE","name":"Schwein"},{"lang":"id-ID","name":"Babi"},{"lang":"fr-FR","name":"Cochon"}]},{"id":0,"name":"pink","transcription":"[pɪŋk]","nameA":"","image":"/img/dict/colors/pink.png","bg":"transparent","translates":[{"lang":"ru-RU","name":"Розовый"},{"lang":"vi-VN","name":"Màu hồng"},{"lang":"zh-CN","name":"粉红色"},{"lang":"hi-IN","name":"गुलाबी"},{"lang":"th-TH","name":"สีชมพู"},{"lang":"tr-TR","name":"Pembe"},{"lang":"pt-BR","name":"Rosa"},{"lang":"de-DE","name":"Rosa"},{"lang":"id-ID","name":"Merah muda"},{"lang":"fr-FR","name":"Rose"}]},{"id":0,"name":"pyramid","transcription":"[ˈpɪrəmɪd]","nameA":"","image":"/img/dict/shapes/pyramid.png","bg":"transparent","translates":[{"lang":"ru-RU","name":"Пирамида"},{"lang":"vi-VN","name":"Kim tự tháp"},{"lang":"zh-CN","name":"金字塔"},{"lang":"hi-IN","name":"पिरामिड"},{"lang":"th-TH","name":"พีระมิด"},{"lang":"tr-TR","name":"Piramit"},{"lang":"pt-BR","name":"Pirâmide"},{"lang":"de-DE","name":"Pyramide"},{"lang":"id-ID","name":"Piramida"},{"lang":"fr-FR","name":"Pyramide"}]},{"id":0,"name":"lips","transcription":"[ˈlɪps]","nameA":"","image":"/img/dict/body/lip.png","bg":"transparent","translates":[{"lang":"ru-RU","name":"Губы"},{"lang":"vi-VN","name":"Môi"},{"lang":"zh-CN","name":"嘴唇"},{"lang":"hi-IN","name":"होंठ"},{"lang":"th-TH","name":"ริมฝีปาก"},{"lang":"tr-TR","name":"Dudaklar"},{"lang":"pt-BR","name":"Lábios"},{"lang":"de-DE","name":"Lippen"},{"lang":"id-ID","name":"Bibir"},{"lang":"fr-FR","name":"Lèvres"}]},{"id":0,"name":"newspaper","transcription":"[ˈnuːzpeɪpər]","nameA":"","image":"/img/dict/home/newspaper.png","bg":"transparent","translates":[{"lang":"ru-RU","name":"Газета"},{"lang":"vi-VN","name":"Báo"},{"lang":"zh-CN","name":"报纸"},{"lang":"hi-IN","name":"अखबार"},{"lang":"th-TH","name":"หนังสือพิมพ์"},{"lang":"tr-TR","name":"Gazete"},{"lang":"pt-BR","name":"Jornal"},{"lang":"de-DE","name":"Zeitung"},{"lang":"id-ID","name":"Koran"},{"lang":"fr-FR","name":"Journal"}]},{"id":0,"name":"puppy","transcription":"[ˈpʌpɪ]","nameA":"","image":"/img/dict/animals/puppy.png","bg":"transparent","translates":[{"lang":"ru-RU","name":"Щенок"},{"lang":"vi-VN","name":"Cún con"},{"lang":"zh-CN","name":"小狗"},{"lang":"hi-IN","name":"पिल्ला"},{"lang":"th-TH","name":"ลูกสุนัข"},{"lang":"tr-TR","name":"Yavru köpek"},{"lang":"pt-BR","name":"Filhote de cachorro"},{"lang":"de-DE","name":"Welpe"},{"lang":"id-ID","name":"Anak anjing"},{"lang":"fr-FR","name":"Chiot"}]},{"id":0,"name":"happy","transcription":"[ˈhæpɪ]","nameA":"","image":"/img/dict/emoji/smile.png","bg":"transparent","translates":[{"lang":"ru-RU","name":"Счастливый"},{"lang":"vi-VN","name":"Hạnh phúc"},{"lang":"zh-CN","name":"快乐"},{"lang":"hi-IN","name":"खुश"},{"lang":"th-TH","name":"มีความสุข"},{"lang":"tr-TR","name":"Mutlu"},{"lang":"pt-BR","name":"Feliz"},{"lang":"de-DE","name":"Glücklich"},{"lang":"id-ID","name":"Bahagia"},{"lang":"fr-FR","name":"Heureux"}]},{"id":0,"name":"slippers","transcription":"[sˈlɪpərz]","nameA":"","image":"/img/dict/home/slippers.png","bg":"transparent","translates":[{"lang":"ru-RU","name":"Тапочки"},{"lang":"vi-VN","name":"Dép đi trong nhà"},{"lang":"zh-CN","name":"拖鞋"},{"lang":"hi-IN","name":"चप्पल"},{"lang":"th-TH","name":"รองเท้าแตะ"},{"lang":"tr-TR","name":"Terlik"},{"lang":"pt-BR","name":"Chinelos"},{"lang":"de-DE","name":"Hausschuhe"},{"lang":"id-ID","name":"Sandal"},{"lang":"fr-FR","name":"Pantoufles"}]},{"id":0,"name":"hippo","transcription":"[ˈhɪpəʊ]","nameA":"","image":"/img/dict/animals/hippo.png","bg":"transparent","translates":[{"lang":"ru-RU","name":"Бегемот"},{"lang":"vi-VN","name":"Hà mã"},{"lang":"zh-CN","name":"河马"},{"lang":"hi-IN","name":"दरियाई घोड़ा"},{"lang":"th-TH","name":"ฮิปโป"},{"lang":"tr-TR","name":"Su aygırı"},{"lang":"pt-BR","name":"Hipopótamo"},{"lang":"de-DE","name":"Nilpferd"},{"lang":"id-ID","name":"Kuda nil"},{"lang":"fr-FR","name":"Hippopotame"}]},{"id":0,"name":"apple","transcription":"[ˈæpl]","nameA":"","image":"/img/dict/food/apple.png","bg":"transparent","translates":[{"lang":"ru-RU","name":"Яблоко"},{"lang":"vi-VN","name":"Táo"},{"lang":"zh-CN","name":"苹果"},{"lang":"hi-IN","name":"सेब"},{"lang":"th-TH","name":"แอปเปิ้ล"},{"lang":"tr-TR","name":"Elma"},{"lang":"pt-BR","name":"Maçã"},{"lang":"de-DE","name":"Apfel"},{"lang":"id-ID","name":"Apel"},{"lang":"fr-FR","name":"Pomme"}]}]}