{"name":"composition of 10","img":"/img/dict/math/school.png","isRandom":true,"isBlur":true,"isUpper":true,"isByWords":false,"isForAdult":false,"separator":"","numWords":36,"Translations":[{"lang":"ru-RU","name":"Состав числа 10"},{"lang":"vi-VN","name":"Thành phần của 10"},{"lang":"zh-CN","name":"数字10的组成"},{"lang":"hi-IN","name":"10 का संयोजन"},{"lang":"th-TH","name":"องค์ประกอบของ 10"},{"lang":"tr-TR","name":"10\u0027un bileşimi"},{"lang":"pt-BR","name":"Composição de 10"},{"lang":"de-DE","name":"Zusammensetzung von 10"},{"lang":"id-ID","name":"Komposisi 10"},{"lang":"fr-FR","name":"Composition de 10"}],"items":[{"id":0,"name":"Zero is 0 \u002B 0","transcription":"[ˈzɪərəʊ]","image":"/img/dict/math/c0p0.png","translates":[{"lang":"ru-RU","name":"Ноль это 0 \u002B 0"},{"lang":"vi-VN","name":"Số không là 0 \u002B 0"},{"lang":"zh-CN","name":"零等于0 \u002B 0"},{"lang":"hi-IN","name":"शून्य है 0 \u002B 0"},{"lang":"th-TH","name":"ศูนย์คือ 0 \u002B 0"},{"lang":"tr-TR","name":"Sıfır, 0 \u002B 0"},{"lang":"pt-BR","name":"Zero é 0 \u002B 0"},{"lang":"de-DE","name":"Null ist 0 \u002B 0"},{"lang":"id-ID","name":"Nol adalah 0 \u002B 0"},{"lang":"fr-FR","name":"Zéro est 0 \u002B 0"}]},{"id":0,"name":"One is 1 \u002B 0","transcription":"[wʌn]","image":"/img/dict/math/c1p0.png","translates":[{"lang":"ru-RU","name":"Один это 1 \u002B 0"},{"lang":"vi-VN","name":"Một là 1 \u002B 0"},{"lang":"zh-CN","name":"一等于1 \u002B 0"},{"lang":"hi-IN","name":"एक है 1 \u002B 0"},{"lang":"th-TH","name":"หนึ่งคือ 1 \u002B 0"},{"lang":"tr-TR","name":"Bir, 1 \u002B 0"},{"lang":"pt-BR","name":"Um é 1 \u002B 0"},{"lang":"de-DE","name":"Eins ist 1 \u002B 0"},{"lang":"id-ID","name":"Satu adalah 1 \u002B 0"},{"lang":"fr-FR","name":"Un est 1 \u002B 0"}]},{"id":0,"name":"Two is 2 \u002B 0","transcription":"[tuː]","image":"/img/dict/math/c2p0.png","translates":[{"lang":"ru-RU","name":"Два это 2 \u002B 0"},{"lang":"vi-VN","name":"Hai là 2 \u002B 0"},{"lang":"zh-CN","name":"二等于2 \u002B 0"},{"lang":"hi-IN","name":"दो है 2 \u002B 0"},{"lang":"th-TH","name":"สองคือ 2 \u002B 0"},{"lang":"tr-TR","name":"İki, 2 \u002B 0"},{"lang":"pt-BR","name":"Dois é 2 \u002B 0"},{"lang":"de-DE","name":"Zwei ist 2 \u002B 0"},{"lang":"id-ID","name":"Dua adalah 2 \u002B 0"},{"lang":"fr-FR","name":"Deux est 2 \u002B 0"}]},{"id":0,"name":"Two is 1 \u002B 1","transcription":"[tuː]","image":"/img/dict/math/c1p1.png","translates":[{"lang":"ru-RU","name":"Два это 1 \u002B 1"},{"lang":"vi-VN","name":"Hai là 1 \u002B 1"},{"lang":"zh-CN","name":"二等于1 \u002B 1"},{"lang":"hi-IN","name":"दो है 1 \u002B 1"},{"lang":"th-TH","name":"สองคือ 1 \u002B 1"},{"lang":"tr-TR","name":"İki, 1 \u002B 1"},{"lang":"pt-BR","name":"Dois é 1 \u002B 1"},{"lang":"de-DE","name":"Zwei ist 1 \u002B 1"},{"lang":"id-ID","name":"Dua adalah 1 \u002B 1"},{"lang":"fr-FR","name":"Deux est 1 \u002B 1"}]},{"id":0,"name":"Three is 3 \u002B 0","transcription":"[θriː]","image":"/img/dict/math/c3p0.png","translates":[{"lang":"ru-RU","name":"Три это 3 \u002B 0"},{"lang":"vi-VN","name":"Ba là 3 \u002B 0"},{"lang":"zh-CN","name":"三等于3 \u002B 0"},{"lang":"hi-IN","name":"तीन है 3 \u002B 0"},{"lang":"th-TH","name":"สามคือ 3 \u002B 0"},{"lang":"tr-TR","name":"Üç, 3 \u002B 0"},{"lang":"pt-BR","name":"Três é 3 \u002B 0"},{"lang":"de-DE","name":"Drei ist 3 \u002B 0"},{"lang":"id-ID","name":"Tiga adalah 3 \u002B 0"},{"lang":"fr-FR","name":"Trois est 3 \u002B 0"}]},{"id":0,"name":"Three is 2 \u002B 1","transcription":"[θriː]","image":"/img/dict/math/c2p1.png","translates":[{"lang":"ru-RU","name":"Три это 2 \u002B 1"},{"lang":"vi-VN","name":"Ba là 2 \u002B 1"},{"lang":"zh-CN","name":"三等于2 \u002B 1"},{"lang":"hi-IN","name":"तीन है 2 \u002B 1"},{"lang":"th-TH","name":"สามคือ 2 \u002B 1"},{"lang":"tr-TR","name":"Üç, 2 \u002B 1"},{"lang":"pt-BR","name":"Três é 2 \u002B 1"},{"lang":"de-DE","name":"Drei ist 2 \u002B 1"},{"lang":"id-ID","name":"Tiga adalah 2 \u002B 1"},{"lang":"fr-FR","name":"Trois est 2 \u002B 1"}]},{"id":0,"name":"Four is 4 \u002B 0","transcription":"[fɔː]","image":"/img/dict/math/c4p0.png","translates":[{"lang":"ru-RU","name":"Четыре это 4 \u002B 0"},{"lang":"vi-VN","name":"Bốn là 4 \u002B 0"},{"lang":"zh-CN","name":"四等于4 \u002B 0"},{"lang":"hi-IN","name":"चार है 4 \u002B 0"},{"lang":"th-TH","name":"สี่คือ 4 \u002B 0"},{"lang":"tr-TR","name":"Dört, 4 \u002B 0"},{"lang":"pt-BR","name":"Quatro é 4 \u002B 0"},{"lang":"de-DE","name":"Vier ist 4 \u002B 0"},{"lang":"id-ID","name":"Empat adalah 4 \u002B 0"},{"lang":"fr-FR","name":"Quatre est 4 \u002B 0"}]},{"id":0,"name":"Four is 3 \u002B 1","transcription":"[fɔː]","image":"/img/dict/math/c3p1.png","translates":[{"lang":"ru-RU","name":"Четыре это 3 \u002B 1"},{"lang":"vi-VN","name":"Bốn là 3 \u002B 1"},{"lang":"zh-CN","name":"四等于3 \u002B 1"},{"lang":"hi-IN","name":"चार है 3 \u002B 1"},{"lang":"th-TH","name":"สี่คือ 3 \u002B 1"},{"lang":"tr-TR","name":"Dört, 3 \u002B 1"},{"lang":"pt-BR","name":"Quatro é 3 \u002B 1"},{"lang":"de-DE","name":"Vier ist 3 \u002B 1"},{"lang":"id-ID","name":"Empat adalah 3 \u002B 1"},{"lang":"fr-FR","name":"Quatre est 3 \u002B 1"}]},{"id":0,"name":"Four is 2 \u002B 2","transcription":"[fɔː]","image":"/img/dict/math/c2p2.png","translates":[{"lang":"ru-RU","name":"Четыре это 2 \u002B 2"},{"lang":"vi-VN","name":"Bốn là 2 \u002B 2"},{"lang":"zh-CN","name":"四等于2 \u002B 2"},{"lang":"hi-IN","name":"चार है 2 \u002B 2"},{"lang":"th-TH","name":"สี่คือ 2 \u002B 2"},{"lang":"tr-TR","name":"Dört, 2 \u002B 2"},{"lang":"pt-BR","name":"Quatro é 2 \u002B 2"},{"lang":"de-DE","name":"Vier ist 2 \u002B 2"},{"lang":"id-ID","name":"Empat adalah 2 \u002B 2"},{"lang":"fr-FR","name":"Quatre est 2 \u002B 2"}]},{"id":0,"name":"Five is 5 \u002B 0","transcription":"[faɪv]","image":"/img/dict/math/c5p0.png","translates":[{"lang":"ru-RU","name":"Пять это 5 \u002B 0"},{"lang":"vi-VN","name":"Năm là 5 \u002B 0"},{"lang":"zh-CN","name":"五等于5 \u002B 0"},{"lang":"hi-IN","name":"पांच है 5 \u002B 0"},{"lang":"th-TH","name":"ห้าคือ 5 \u002B 0"},{"lang":"tr-TR","name":"Beş, 5 \u002B 0"},{"lang":"pt-BR","name":"Cinco é 5 \u002B 0"},{"lang":"de-DE","name":"Fünf ist 5 \u002B 0"},{"lang":"id-ID","name":"Lima adalah 5 \u002B 0"},{"lang":"fr-FR","name":"Cinq est 5 \u002B 0"}]},{"id":0,"name":"Five is 4 \u002B 1","transcription":"[faɪv]","image":"/img/dict/math/c4p1.png","translates":[{"lang":"ru-RU","name":"Пять это 4 \u002B 1"},{"lang":"vi-VN","name":"Năm là 4 \u002B 1"},{"lang":"zh-CN","name":"五等于4 \u002B 1"},{"lang":"hi-IN","name":"पांच है 4 \u002B 1"},{"lang":"th-TH","name":"ห้าคือ 4 \u002B 1"},{"lang":"tr-TR","name":"Beş, 4 \u002B 1"},{"lang":"pt-BR","name":"Cinco é 4 \u002B 1"},{"lang":"de-DE","name":"Fünf ist 4 \u002B 1"},{"lang":"id-ID","name":"Lima adalah 4 \u002B 1"},{"lang":"fr-FR","name":"Cinq est 4 \u002B 1"}]},{"id":0,"name":"Five is 3 \u002B 2","transcription":"[faɪv]","image":"/img/dict/math/c3p2.png","translates":[{"lang":"ru-RU","name":"Пять это 3 \u002B 2"},{"lang":"vi-VN","name":"Năm là 3 \u002B 2"},{"lang":"zh-CN","name":"五等于3 \u002B 2"},{"lang":"hi-IN","name":"पांच है 3 \u002B 2"},{"lang":"th-TH","name":"ห้าคือ 3 \u002B 2"},{"lang":"tr-TR","name":"Beş, 3 \u002B 2"},{"lang":"pt-BR","name":"Cinco é 3 \u002B 2"},{"lang":"de-DE","name":"Fünf ist 3 \u002B 2"},{"lang":"id-ID","name":"Lima adalah 3 \u002B 2"},{"lang":"fr-FR","name":"Cinq est 3 \u002B 2"}]},{"id":0,"name":"Six is 6 \u002B 0","transcription":"[sɪks]","image":"/img/dict/math/c6p0.png","translates":[{"lang":"ru-RU","name":"Шесть это 6 \u002B 0"},{"lang":"vi-VN","name":"Sáu là 6 \u002B 0"},{"lang":"zh-CN","name":"六等于6 \u002B 0"},{"lang":"hi-IN","name":"छह है 6 \u002B 0"},{"lang":"th-TH","name":"หกคือ 6 \u002B 0"},{"lang":"tr-TR","name":"Altı, 6 \u002B 0"},{"lang":"pt-BR","name":"Seis é 6 \u002B 0"},{"lang":"de-DE","name":"Sechs ist 6 \u002B 0"},{"lang":"id-ID","name":"Enam adalah 6 \u002B 0"},{"lang":"fr-FR","name":"Six est 6 \u002B 0"}]},{"id":0,"name":"Six is 5 \u002B 1","transcription":"[sɪks]","image":"/img/dict/math/c5p1.png","translates":[{"lang":"ru-RU","name":"Шесть это 5 \u002B 1"},{"lang":"vi-VN","name":"Sáu là 5 \u002B 1"},{"lang":"zh-CN","name":"六等于5 \u002B 1"},{"lang":"hi-IN","name":"छह है 5 \u002B 1"},{"lang":"th-TH","name":"หกคือ 5 \u002B 1"},{"lang":"tr-TR","name":"Altı, 5 \u002B 1"},{"lang":"pt-BR","name":"Seis é 5 \u002B 1"},{"lang":"de-DE","name":"Sechs ist 5 \u002B 1"},{"lang":"id-ID","name":"Enam adalah 5 \u002B 1"},{"lang":"fr-FR","name":"Six est 5 \u002B 1"}]},{"id":0,"name":"Six is 4 \u002B 2","transcription":"[sɪks]","image":"/img/dict/math/c4p2.png","translates":[{"lang":"ru-RU","name":"Шесть это 4 \u002B 2"},{"lang":"vi-VN","name":"Sáu là 4 \u002B 2"},{"lang":"zh-CN","name":"六等于4 \u002B 2"},{"lang":"hi-IN","name":"छह है 4 \u002B 2"},{"lang":"th-TH","name":"หกคือ 4 \u002B 2"},{"lang":"tr-TR","name":"Altı, 4 \u002B 2"},{"lang":"pt-BR","name":"Seis é 4 \u002B 2"},{"lang":"de-DE","name":"Sechs ist 4 \u002B 2"},{"lang":"id-ID","name":"Enam adalah 4 \u002B 2"},{"lang":"fr-FR","name":"Six est 4 \u002B 2"}]},{"id":0,"name":"Six is 3 \u002B 3","transcription":"[sɪks]","image":"/img/dict/math/c3p3.png","translates":[{"lang":"ru-RU","name":"Шесть это 3 \u002B 3"},{"lang":"vi-VN","name":"Sáu là 3 \u002B 3"},{"lang":"zh-CN","name":"六等于3 \u002B 3"},{"lang":"hi-IN","name":"छह है 3 \u002B 3"},{"lang":"th-TH","name":"หกคือ 3 \u002B 3"},{"lang":"tr-TR","name":"Altı, 3 \u002B 3"},{"lang":"pt-BR","name":"Seis é 3 \u002B 3"},{"lang":"de-DE","name":"Sechs ist 3 \u002B 3"},{"lang":"id-ID","name":"Enam adalah 3 \u002B 3"},{"lang":"fr-FR","name":"Six est 3 \u002B 3"}]},{"id":0,"name":"Seven is 7 \u002B 0","transcription":"[sevn]","image":"/img/dict/math/c7p0.png","translates":[{"lang":"ru-RU","name":"Семь это 7 \u002B 0"},{"lang":"vi-VN","name":"Bảy là 7 \u002B 0"},{"lang":"zh-CN","name":"七等于7 \u002B 0"},{"lang":"hi-IN","name":"सात है 7 \u002B 0"},{"lang":"th-TH","name":"เจ็ดคือ 7 \u002B 0"},{"lang":"tr-TR","name":"Yedi, 7 \u002B 0"},{"lang":"pt-BR","name":"Sete é 7 \u002B 0"},{"lang":"de-DE","name":"Sieben ist 7 \u002B 0"},{"lang":"id-ID","name":"Tujuh adalah 7 \u002B 0"},{"lang":"fr-FR","name":"Sept est 7 \u002B 0"}]},{"id":0,"name":"Seven is 6 \u002B 1","transcription":"[sevn]","image":"/img/dict/math/c6p1.png","translates":[{"lang":"ru-RU","name":"Семь это 6 \u002B 1"},{"lang":"vi-VN","name":"Bảy là 6 \u002B 1"},{"lang":"zh-CN","name":"七等于6 \u002B 1"},{"lang":"hi-IN","name":"सात है 6 \u002B 1"},{"lang":"th-TH","name":"เจ็ดคือ 6 \u002B 1"},{"lang":"tr-TR","name":"Yedi, 6 \u002B 1"},{"lang":"pt-BR","name":"Sete é 6 \u002B 1"},{"lang":"de-DE","name":"Sieben ist 6 \u002B 1"},{"lang":"id-ID","name":"Tujuh adalah 6 \u002B 1"},{"lang":"fr-FR","name":"Sept est 6 \u002B 1"}]},{"id":0,"name":"Seven is 5 \u002B 2","transcription":"[sevn]","image":"/img/dict/math/c5p2.png","translates":[{"lang":"ru-RU","name":"Семь это 5 \u002B 2"},{"lang":"vi-VN","name":"Bảy là 5 \u002B 2"},{"lang":"zh-CN","name":"七等于5 \u002B 2"},{"lang":"hi-IN","name":"सात है 5 \u002B 2"},{"lang":"th-TH","name":"เจ็ดคือ 5 \u002B 2"},{"lang":"tr-TR","name":"Yedi, 5 \u002B 2"},{"lang":"pt-BR","name":"Sete é 5 \u002B 2"},{"lang":"de-DE","name":"Sieben ist 5 \u002B 2"},{"lang":"id-ID","name":"Tujuh adalah 5 \u002B 2"},{"lang":"fr-FR","name":"Sept est 5 \u002B 2"}]},{"id":0,"name":"Seven is 4 \u002B 3","transcription":"[sevn]","image":"/img/dict/math/c4p3.png","translates":[{"lang":"ru-RU","name":"Семь это 4 \u002B 3"},{"lang":"vi-VN","name":"Bảy là 4 \u002B 3"},{"lang":"zh-CN","name":"七等于4 \u002B 3"},{"lang":"hi-IN","name":"सात है 4 \u002B 3"},{"lang":"th-TH","name":"เจ็ดคือ 4 \u002B 3"},{"lang":"tr-TR","name":"Yedi, 4 \u002B 3"},{"lang":"pt-BR","name":"Sete é 4 \u002B 3"},{"lang":"de-DE","name":"Sieben ist 4 \u002B 3"},{"lang":"id-ID","name":"Tujuh adalah 4 \u002B 3"},{"lang":"fr-FR","name":"Sept est 4 \u002B 3"}]},{"id":0,"name":"Eight is 8 \u002B 0","transcription":"[eɪt]","image":"/img/dict/math/c8p0.png","translates":[{"lang":"ru-RU","name":"Восемь это 8 \u002B 0"},{"lang":"vi-VN","name":"Tám là 8 \u002B 0"},{"lang":"zh-CN","name":"八等于8 \u002B 0"},{"lang":"hi-IN","name":"आठ है 8 \u002B 0"},{"lang":"th-TH","name":"แปดคือ 8 \u002B 0"},{"lang":"tr-TR","name":"Sekiz, 8 \u002B 0"},{"lang":"pt-BR","name":"Oito é 8 \u002B 0"},{"lang":"de-DE","name":"Acht ist 8 \u002B 0"},{"lang":"id-ID","name":"Delapan adalah 8 \u002B 0"},{"lang":"fr-FR","name":"Huit est 8 \u002B 0"}]},{"id":0,"name":"Eight is 7 \u002B 1","transcription":"[eɪt]","image":"/img/dict/math/c7p1.png","translates":[{"lang":"ru-RU","name":"Восемь это 7 \u002B 1"},{"lang":"vi-VN","name":"Tám là 7 \u002B 1"},{"lang":"zh-CN","name":"八等于7 \u002B 1"},{"lang":"hi-IN","name":"आठ है 7 \u002B 1"},{"lang":"th-TH","name":"แปดคือ 7 \u002B 1"},{"lang":"tr-TR","name":"Sekiz, 7 \u002B 1"},{"lang":"pt-BR","name":"Oito é 7 \u002B 1"},{"lang":"de-DE","name":"Acht ist 7 \u002B 1"},{"lang":"id-ID","name":"Delapan adalah 7 \u002B 1"},{"lang":"fr-FR","name":"Huit est 7 \u002B 1"}]},{"id":0,"name":"Eight is 6 \u002B 2","transcription":"[eɪt]","image":"/img/dict/math/c6p2.png","translates":[{"lang":"ru-RU","name":"Восемь это 6 \u002B 2"},{"lang":"vi-VN","name":"Tám là 6 \u002B 2"},{"lang":"zh-CN","name":"八等于6 \u002B 2"},{"lang":"hi-IN","name":"आठ है 6 \u002B 2"},{"lang":"th-TH","name":"แปดคือ 6 \u002B 2"},{"lang":"tr-TR","name":"Sekiz, 6 \u002B 2"},{"lang":"pt-BR","name":"Oito é 6 \u002B 2"},{"lang":"de-DE","name":"Acht ist 6 \u002B 2"},{"lang":"id-ID","name":"Delapan adalah 6 \u002B 2"},{"lang":"fr-FR","name":"Huit est 6 \u002B 2"}]},{"id":0,"name":"Eight is 5 \u002B 3","transcription":"[eɪt]","image":"/img/dict/math/c5p3.png","translates":[{"lang":"ru-RU","name":"Восемь это 5 \u002B 3"},{"lang":"vi-VN","name":"Tám là 5 \u002B 3"},{"lang":"zh-CN","name":"八等于5 \u002B 3"},{"lang":"hi-IN","name":"आठ है 5 \u002B 3"},{"lang":"th-TH","name":"แปดคือ 5 \u002B 3"},{"lang":"tr-TR","name":"Sekiz, 5 \u002B 3"},{"lang":"pt-BR","name":"Oito é 5 \u002B 3"},{"lang":"de-DE","name":"Acht ist 5 \u002B 3"},{"lang":"id-ID","name":"Delapan adalah 5 \u002B 3"},{"lang":"fr-FR","name":"Huit est 5 \u002B 3"}]},{"id":0,"name":"Eight is 4 \u002B 4","transcription":"[eɪt]","image":"/img/dict/math/c4p4.png","translates":[{"lang":"ru-RU","name":"Восемь это 4 \u002B 4"},{"lang":"vi-VN","name":"Tám là 4 \u002B 4"},{"lang":"zh-CN","name":"八等于4 \u002B 4"},{"lang":"hi-IN","name":"आठ है 4 \u002B 4"},{"lang":"th-TH","name":"แปดคือ 4 \u002B 4"},{"lang":"tr-TR","name":"Sekiz, 4 \u002B 4"},{"lang":"pt-BR","name":"Oito é 4 \u002B 4"},{"lang":"de-DE","name":"Acht ist 4 \u002B 4"},{"lang":"id-ID","name":"Delapan adalah 4 \u002B 4"},{"lang":"fr-FR","name":"Huit est 4 \u002B 4"}]},{"id":0,"name":"Nine is 9 \u002B 0","transcription":"[naɪn]","image":"/img/dict/math/c9p0.png","translates":[{"lang":"ru-RU","name":"Девять это 9 \u002B 0"},{"lang":"vi-VN","name":"Chín là 9 \u002B 0"},{"lang":"zh-CN","name":"九等于9 \u002B 0"},{"lang":"hi-IN","name":"नौ है 9 \u002B 0"},{"lang":"th-TH","name":"เก้าคือ 9 \u002B 0"},{"lang":"tr-TR","name":"Dokuz, 9 \u002B 0"},{"lang":"pt-BR","name":"Nove é 9 \u002B 0"},{"lang":"de-DE","name":"Neun ist 9 \u002B 0"},{"lang":"id-ID","name":"Sembilan adalah 9 \u002B 0"},{"lang":"fr-FR","name":"Neuf est 9 \u002B 0"}]},{"id":0,"name":"Nine is 8 \u002B 1","transcription":"[naɪn]","image":"/img/dict/math/c8p1.png","translates":[{"lang":"ru-RU","name":"Девять это 8 \u002B 1"},{"lang":"vi-VN","name":"Chín là 8 \u002B 1"},{"lang":"zh-CN","name":"九等于8 \u002B 1"},{"lang":"hi-IN","name":"नौ है 8 \u002B 1"},{"lang":"th-TH","name":"เก้าคือ 8 \u002B 1"},{"lang":"tr-TR","name":"Dokuz, 8 \u002B 1"},{"lang":"pt-BR","name":"Nove é 8 \u002B 1"},{"lang":"de-DE","name":"Neun ist 8 \u002B 1"},{"lang":"id-ID","name":"Sembilan adalah 8 \u002B 1"},{"lang":"fr-FR","name":"Neuf est 8 \u002B 1"}]},{"id":0,"name":"Nine is 7 \u002B 2","transcription":"[naɪn]","image":"/img/dict/math/c7p2.png","translates":[{"lang":"ru-RU","name":"Девять это 7 \u002B 2"},{"lang":"vi-VN","name":"Chín là 7 \u002B 2"},{"lang":"zh-CN","name":"九等于7 \u002B 2"},{"lang":"hi-IN","name":"नौ है 7 \u002B 2"},{"lang":"th-TH","name":"เก้าคือ 7 \u002B 2"},{"lang":"tr-TR","name":"Dokuz, 7 \u002B 2"},{"lang":"pt-BR","name":"Nove é 7 \u002B 2"},{"lang":"de-DE","name":"Neun ist 7 \u002B 2"},{"lang":"id-ID","name":"Sembilan adalah 7 \u002B 2"},{"lang":"fr-FR","name":"Neuf est 7 \u002B 2"}]},{"id":0,"name":"Nine is 6 \u002B 3","transcription":"[naɪn]","image":"/img/dict/math/c6p3.png","translates":[{"lang":"ru-RU","name":"Девять это 6 \u002B 3"},{"lang":"vi-VN","name":"Chín là 6 \u002B 3"},{"lang":"zh-CN","name":"九等于6 \u002B 3"},{"lang":"hi-IN","name":"नौ है 6 \u002B 3"},{"lang":"th-TH","name":"เก้าคือ 6 \u002B 3"},{"lang":"tr-TR","name":"Dokuz, 6 \u002B 3"},{"lang":"pt-BR","name":"Nove é 6 \u002B 3"},{"lang":"de-DE","name":"Neun ist 6 \u002B 3"},{"lang":"id-ID","name":"Sembilan adalah 6 \u002B 3"},{"lang":"fr-FR","name":"Neuf est 6 \u002B 3"}]},{"id":0,"name":"Nine is 5 \u002B 4","transcription":"[naɪn]","image":"/img/dict/math/c5p4.png","translates":[{"lang":"ru-RU","name":"Девять это 5 \u002B 4"},{"lang":"vi-VN","name":"Chín là 5 \u002B 4"},{"lang":"zh-CN","name":"九等于5 \u002B 4"},{"lang":"hi-IN","name":"नौ है 5 \u002B 4"},{"lang":"th-TH","name":"เก้าคือ 5 \u002B 4"},{"lang":"tr-TR","name":"Dokuz, 5 \u002B 4"},{"lang":"pt-BR","name":"Nove é 5 \u002B 4"},{"lang":"de-DE","name":"Neun ist 5 \u002B 4"},{"lang":"id-ID","name":"Sembilan adalah 5 \u002B 4"},{"lang":"fr-FR","name":"Neuf est 5 \u002B 4"}]},{"id":0,"name":"Ten is 10 \u002B 0","transcription":"[ten]","image":"/img/dict/math/c10p0.png","translates":[{"lang":"ru-RU","name":"Десять это 10 \u002B 0"},{"lang":"vi-VN","name":"Mười là 10 \u002B 0"},{"lang":"zh-CN","name":"十等于10 \u002B 0"},{"lang":"hi-IN","name":"दस है 10 \u002B 0"},{"lang":"th-TH","name":"สิบคือ 10 \u002B 0"},{"lang":"tr-TR","name":"On, 10 \u002B 0"},{"lang":"pt-BR","name":"Dez é 10 \u002B 0"},{"lang":"de-DE","name":"Zehn ist 10 \u002B 0"},{"lang":"id-ID","name":"Sepuluh adalah 10 \u002B 0"},{"lang":"fr-FR","name":"Dix est 10 \u002B 0"}]},{"id":0,"name":"Ten is 9 \u002B 1","transcription":"[ten]","image":"/img/dict/math/c9p1.png","translates":[{"lang":"ru-RU","name":"Десять это 9 \u002B 1"},{"lang":"vi-VN","name":"Mười là 9 \u002B 1"},{"lang":"zh-CN","name":"十等于9 \u002B 1"},{"lang":"hi-IN","name":"दस है 9 \u002B 1"},{"lang":"th-TH","name":"สิบคือ 9 \u002B 1"},{"lang":"tr-TR","name":"On, 9 \u002B 1"},{"lang":"pt-BR","name":"Dez é 9 \u002B 1"},{"lang":"de-DE","name":"Zehn ist 9 \u002B 1"},{"lang":"id-ID","name":"Sepuluh adalah 9 \u002B 1"},{"lang":"fr-FR","name":"Dix est 9 \u002B 1"}]},{"id":0,"name":"Ten is 8 \u002B 2","transcription":"[ten]","image":"/img/dict/math/c8p2.png","translates":[{"lang":"ru-RU","name":"Десять это 8 \u002B 2"},{"lang":"vi-VN","name":"Mười là 8 \u002B 2"},{"lang":"zh-CN","name":"十等于8 \u002B 2"},{"lang":"hi-IN","name":"दस है 8 \u002B 2"},{"lang":"th-TH","name":"สิบคือ 8 \u002B 2"},{"lang":"tr-TR","name":"On, 8 \u002B 2"},{"lang":"pt-BR","name":"Dez é 8 \u002B 2"},{"lang":"de-DE","name":"Zehn ist 8 \u002B 2"},{"lang":"id-ID","name":"Sepuluh adalah 8 \u002B 2"},{"lang":"fr-FR","name":"Dix est 8 \u002B 2"}]},{"id":0,"name":"Ten is 7 \u002B 3","transcription":"[ten]","image":"/img/dict/math/c7p3.png","translates":[{"lang":"ru-RU","name":"Десять это 7 \u002B 3"},{"lang":"vi-VN","name":"Mười là 7 \u002B 3"},{"lang":"zh-CN","name":"十等于7 \u002B 3"},{"lang":"hi-IN","name":"दस है 7 \u002B 3"},{"lang":"th-TH","name":"สิบคือ 7 \u002B 3"},{"lang":"tr-TR","name":"On, 7 \u002B 3"},{"lang":"pt-BR","name":"Dez é 7 \u002B 3"},{"lang":"de-DE","name":"Zehn ist 7 \u002B 3"},{"lang":"id-ID","name":"Sepuluh adalah 7 \u002B 3"},{"lang":"fr-FR","name":"Dix est 7 \u002B 3"}]},{"id":0,"name":"Ten is 6 \u002B 4","transcription":"[ten]","image":"/img/dict/math/c6p4.png","translates":[{"lang":"ru-RU","name":"Десять это 6 \u002B 4"},{"lang":"vi-VN","name":"Mười là 6 \u002B 4"},{"lang":"zh-CN","name":"十等于6 \u002B 4"},{"lang":"hi-IN","name":"दस है 6 \u002B 4"},{"lang":"th-TH","name":"สิบคือ 6 \u002B 4"},{"lang":"tr-TR","name":"On, 6 \u002B 4"},{"lang":"pt-BR","name":"Dez é 6 \u002B 4"},{"lang":"de-DE","name":"Zehn ist 6 \u002B 4"},{"lang":"id-ID","name":"Sepuluh adalah 6 \u002B 4"},{"lang":"fr-FR","name":"Dix est 6 \u002B 4"}]},{"id":0,"name":"Ten is 5 \u002B 5","transcription":"[ten]","image":"/img/dict/math/c5p5.png","translates":[{"lang":"ru-RU","name":"Десять это 5 \u002B 5"},{"lang":"vi-VN","name":"Mười là 5 \u002B 5"},{"lang":"zh-CN","name":"十等于5 \u002B 5"},{"lang":"hi-IN","name":"दस है 5 \u002B 5"},{"lang":"th-TH","name":"สิบคือ 5 \u002B 5"},{"lang":"tr-TR","name":"On, 5 \u002B 5"},{"lang":"pt-BR","name":"Dez é 5 \u002B 5"},{"lang":"de-DE","name":"Zehn ist 5 \u002B 5"},{"lang":"id-ID","name":"Sepuluh adalah 5 \u002B 5"},{"lang":"fr-FR","name":"Dix est 5 \u002B 5"}]}]}