{"name":"Phonics long /oo/","isRandom":true,"isBlur":true,"isUpper":true,"isByWords":false,"isForAdult":false,"separator":"","numWords":32,"Translations":[{"lang":"ru-RU","name":"Алфавит"},{"lang":"vi-VN","name":"Ngữ âm /oo/ dài"},{"lang":"zh-CN","name":"自然拼读长音/oo/"},{"lang":"hi-IN","name":"ध्वनि विज्ञान लंबा /oo/"},{"lang":"th-TH","name":"โฟนิกส์เสียงยาว /oo/"},{"lang":"tr-TR","name":"Fonetik uzun /oo/"},{"lang":"pt-BR","name":"Fônica longa /oo/"},{"lang":"de-DE","name":"Phonik langes /oo/"},{"lang":"id-ID","name":"Fonik panjang /oo/"},{"lang":"fr-FR","name":"Phonétique long /oo/"}],"items":[{"id":0,"name":"broom","transcription":"[bruːm]","image":" ","translates":[{"lang":"ru-RU","name":"Метла"},{"lang":"vi-VN","name":"Chổi"},{"lang":"zh-CN","name":"扫帚"},{"lang":"hi-IN","name":"झाड़ू"},{"lang":"th-TH","name":"ไม้กวาด"},{"lang":"tr-TR","name":"Süpürge"},{"lang":"pt-BR","name":"Vassoura"},{"lang":"de-DE","name":"Besen"},{"lang":"id-ID","name":"Sapu"},{"lang":"fr-FR","name":"Balai"}]},{"id":1,"name":"roof","transcription":"[ruːf]","image":"/img/dict/home/roof.png","translates":[{"lang":"ru-RU","name":"Крыша"},{"lang":"vi-VN","name":"Mái nhà"},{"lang":"zh-CN","name":"屋顶"},{"lang":"hi-IN","name":"छत"},{"lang":"th-TH","name":"หลังคา"},{"lang":"tr-TR","name":"Çatı"},{"lang":"pt-BR","name":"Telhado"},{"lang":"de-DE","name":"Dach"},{"lang":"id-ID","name":"Atap"},{"lang":"fr-FR","name":"Toit"}]},{"id":2,"name":"bloom","transcription":"[bluːm]","image":" ","translates":[{"lang":"ru-RU","name":"Цветение"},{"lang":"vi-VN","name":"Nở hoa"},{"lang":"zh-CN","name":"开花"},{"lang":"hi-IN","name":"खिलना"},{"lang":"th-TH","name":"เบ่งบาน"},{"lang":"tr-TR","name":"Çiçek açmak"},{"lang":"pt-BR","name":"Florescer"},{"lang":"de-DE","name":"Blühen"},{"lang":"id-ID","name":"Mekar"},{"lang":"fr-FR","name":"Floraison"}]},{"id":3,"name":"room","transcription":"[ruːm]","image":" ","translates":[{"lang":"ru-RU","name":"Комната"},{"lang":"vi-VN","name":"Phòng"},{"lang":"zh-CN","name":"房间"},{"lang":"hi-IN","name":"कमरा"},{"lang":"th-TH","name":"ห้อง"},{"lang":"tr-TR","name":"Oda"},{"lang":"pt-BR","name":"Quarto"},{"lang":"de-DE","name":"Zimmer"},{"lang":"id-ID","name":"Ruang"},{"lang":"fr-FR","name":"Pièce"}]},{"id":4,"name":"spoon","transcription":"[spuːn]","image":"/img/dict/home/spoon.png","translates":[{"lang":"ru-RU","name":"Ложка"},{"lang":"vi-VN","name":"Thìa"},{"lang":"zh-CN","name":"勺子"},{"lang":"hi-IN","name":"चम्मच"},{"lang":"th-TH","name":"ช้อน"},{"lang":"tr-TR","name":"Kaşık"},{"lang":"pt-BR","name":"Colher"},{"lang":"de-DE","name":"Löffel"},{"lang":"id-ID","name":"Sendok"},{"lang":"fr-FR","name":"Cuillère"}]},{"id":5,"name":"too","transcription":"[tuː]","image":" ","translates":[{"lang":"ru-RU","name":"Тоже"},{"lang":"vi-VN","name":"Cũng"},{"lang":"zh-CN","name":"也"},{"lang":"hi-IN","name":"भी"},{"lang":"th-TH","name":"ด้วย"},{"lang":"tr-TR","name":"Da"},{"lang":"pt-BR","name":"Também"},{"lang":"de-DE","name":"Auch"},{"lang":"id-ID","name":"Juga"},{"lang":"fr-FR","name":"Aussi"}]},{"id":6,"name":"zoo","transcription":"[zuː]","image":"/img/dict/animals/zoo.png","translates":[{"lang":"ru-RU","name":"Зоопарк"},{"lang":"vi-VN","name":"Sở thú"},{"lang":"zh-CN","name":"动物园"},{"lang":"hi-IN","name":"चिड़ियाघर"},{"lang":"th-TH","name":"สวนสัตว์"},{"lang":"tr-TR","name":"Hayvanat bahçesi"},{"lang":"pt-BR","name":"Zoológico"},{"lang":"de-DE","name":"Zoo"},{"lang":"id-ID","name":"Kebun binatang"},{"lang":"fr-FR","name":"Zoo"}]},{"id":7,"name":"blue","transcription":"[bluː]","image":"/img/dict/colors/blue.png","translates":[{"lang":"ru-RU","name":"Синий"},{"lang":"vi-VN","name":"Xanh lam"},{"lang":"zh-CN","name":"蓝色"},{"lang":"hi-IN","name":"नीला"},{"lang":"th-TH","name":"สีน้ำเงิน"},{"lang":"tr-TR","name":"Mavi"},{"lang":"pt-BR","name":"Azul"},{"lang":"de-DE","name":"Blau"},{"lang":"id-ID","name":"Biru"},{"lang":"fr-FR","name":"Bleu"}]},{"id":8,"name":"clue","transcription":"[kluː]","image":" ","translates":[{"lang":"ru-RU","name":"Подсказка"},{"lang":"vi-VN","name":"Manh mối"},{"lang":"zh-CN","name":"线索"},{"lang":"hi-IN","name":"संकेत"},{"lang":"th-TH","name":"เงื่อนงำ"},{"lang":"tr-TR","name":"İpucu"},{"lang":"pt-BR","name":"Pista"},{"lang":"de-DE","name":"Hinweis"},{"lang":"id-ID","name":"Petunjuk"},{"lang":"fr-FR","name":"Indice"}]},{"id":9,"name":"glue","transcription":"[ɡluː]","image":"/img/dict/classroom/glue.png","translates":[{"lang":"ru-RU","name":"Клей"},{"lang":"vi-VN","name":"Keo dán"},{"lang":"zh-CN","name":"胶水"},{"lang":"hi-IN","name":"गोंद"},{"lang":"th-TH","name":"กาว"},{"lang":"tr-TR","name":"Yapıştırıcı"},{"lang":"pt-BR","name":"Cola"},{"lang":"de-DE","name":"Kleber"},{"lang":"id-ID","name":"Lem"},{"lang":"fr-FR","name":"Colle"}]},{"id":10,"name":"true","transcription":"[truː]","image":" ","translates":[{"lang":"ru-RU","name":"Правда"},{"lang":"vi-VN","name":"Đúng"},{"lang":"zh-CN","name":"真实"},{"lang":"hi-IN","name":"सच"},{"lang":"th-TH","name":"จริง"},{"lang":"tr-TR","name":"Doğru"},{"lang":"pt-BR","name":"Verdadeiro"},{"lang":"de-DE","name":"Wahr"},{"lang":"id-ID","name":"Benar"},{"lang":"fr-FR","name":"Vrai"}]},{"id":11,"name":"chew","transcription":"[tʃuː]","image":" ","translates":[{"lang":"ru-RU","name":"Жевать"},{"lang":"vi-VN","name":"Nhai"},{"lang":"zh-CN","name":"咀嚼"},{"lang":"hi-IN","name":"चबाना"},{"lang":"th-TH","name":"เคี้ยว"},{"lang":"tr-TR","name":"Çiğnemek"},{"lang":"pt-BR","name":"Mastigar"},{"lang":"de-DE","name":"Kauen"},{"lang":"id-ID","name":"Mengunyah"},{"lang":"fr-FR","name":"Mâcher"}]},{"id":12,"name":"crew","transcription":"[kruː]","image":" ","translates":[{"lang":"ru-RU","name":"Экипаж"},{"lang":"vi-VN","name":"Đội thủy thủ"},{"lang":"zh-CN","name":"船员"},{"lang":"hi-IN","name":"दल"},{"lang":"th-TH","name":"ลูกเรือ"},{"lang":"tr-TR","name":"Mürettebat"},{"lang":"pt-BR","name":"Tripulação"},{"lang":"de-DE","name":"Besatzung"},{"lang":"id-ID","name":"Awak"},{"lang":"fr-FR","name":"Équipage"}]},{"id":13,"name":"screw","transcription":"[skruː]","image":" ","translates":[{"lang":"ru-RU","name":"Винт"},{"lang":"vi-VN","name":"Con vít"},{"lang":"zh-CN","name":"螺丝"},{"lang":"hi-IN","name":"पेंच"},{"lang":"th-TH","name":"สกรู"},{"lang":"tr-TR","name":"Vida"},{"lang":"pt-BR","name":"Parafuso"},{"lang":"de-DE","name":"Schraube"},{"lang":"id-ID","name":"Sekrup"},{"lang":"fr-FR","name":"Vis"}]},{"id":14,"name":"threw","transcription":"[θruː]","image":" ","translates":[{"lang":"ru-RU","name":"Бросил"},{"lang":"vi-VN","name":"Ném"},{"lang":"zh-CN","name":"扔"},{"lang":"hi-IN","name":"फेंका"},{"lang":"th-TH","name":"โยน"},{"lang":"tr-TR","name":"Fırlattı"},{"lang":"pt-BR","name":"Jogou"},{"lang":"de-DE","name":"Warf"},{"lang":"id-ID","name":"Melempar"},{"lang":"fr-FR","name":"Jeta"}]},{"id":15,"name":"move","transcription":"[muːv]","image":" ","translates":[{"lang":"ru-RU","name":"Двигаться"},{"lang":"vi-VN","name":"Di chuyển"},{"lang":"zh-CN","name":"移动"},{"lang":"hi-IN","name":"हिलना"},{"lang":"th-TH","name":"เคลื่อนไหว"},{"lang":"tr-TR","name":"Hareket etmek"},{"lang":"pt-BR","name":"Mover"},{"lang":"de-DE","name":"Bewegen"},{"lang":"id-ID","name":"Bergerak"},{"lang":"fr-FR","name":"Bouger"}]},{"id":16,"name":"to","transcription":"[tuː]","image":" ","translates":[{"lang":"ru-RU","name":"К"},{"lang":"vi-VN","name":"Đến"},{"lang":"zh-CN","name":"到"},{"lang":"hi-IN","name":"को"},{"lang":"th-TH","name":"ถึง"},{"lang":"tr-TR","name":"-e/-a"},{"lang":"pt-BR","name":"Para"},{"lang":"de-DE","name":"Zu"},{"lang":"id-ID","name":"Ke"},{"lang":"fr-FR","name":"À"}]},{"id":17,"name":"who","transcription":"[huː]","image":" ","translates":[{"lang":"ru-RU","name":"Кто"},{"lang":"vi-VN","name":"Ai"},{"lang":"zh-CN","name":"谁"},{"lang":"hi-IN","name":"कौन"},{"lang":"th-TH","name":"ใคร"},{"lang":"tr-TR","name":"Kim"},{"lang":"pt-BR","name":"Quem"},{"lang":"de-DE","name":"Wer"},{"lang":"id-ID","name":"Siapa"},{"lang":"fr-FR","name":"Qui"}]},{"id":18,"name":"group","transcription":"[ɡruːp]","image":" ","translates":[{"lang":"ru-RU","name":"Группа"},{"lang":"vi-VN","name":"Nhóm"},{"lang":"zh-CN","name":"组"},{"lang":"hi-IN","name":"समूह"},{"lang":"th-TH","name":"กลุ่ม"},{"lang":"tr-TR","name":"Grup"},{"lang":"pt-BR","name":"Grupo"},{"lang":"de-DE","name":"Gruppe"},{"lang":"id-ID","name":"Kelompok"},{"lang":"fr-FR","name":"Groupe"}]},{"id":19,"name":"soup","transcription":"[suːp]","image":"/img/dict/food/soup.png","translates":[{"lang":"ru-RU","name":"Суп"},{"lang":"vi-VN","name":"Súp"},{"lang":"zh-CN","name":"汤"},{"lang":"hi-IN","name":"सूप"},{"lang":"th-TH","name":"ซุป"},{"lang":"tr-TR","name":"Çorba"},{"lang":"pt-BR","name":"Sopa"},{"lang":"de-DE","name":"Suppe"},{"lang":"id-ID","name":"Sup"},{"lang":"fr-FR","name":"Soupe"}]},{"id":20,"name":"you","transcription":"[juː]","image":" ","translates":[{"lang":"ru-RU","name":"Ты"},{"lang":"vi-VN","name":"Bạn"},{"lang":"zh-CN","name":"你"},{"lang":"hi-IN","name":"तुम"},{"lang":"th-TH","name":"คุณ"},{"lang":"tr-TR","name":"Sen"},{"lang":"pt-BR","name":"Você"},{"lang":"de-DE","name":"Du"},{"lang":"id-ID","name":"Kamu"},{"lang":"fr-FR","name":"Toi"}]},{"id":21,"name":"through","transcription":"[θruː]","image":" ","translates":[{"lang":"ru-RU","name":"Через"},{"lang":"vi-VN","name":"Xuyên qua"},{"lang":"zh-CN","name":"通过"},{"lang":"hi-IN","name":"के माध्यम से"},{"lang":"th-TH","name":"ผ่าน"},{"lang":"tr-TR","name":"Boyunca"},{"lang":"pt-BR","name":"Através"},{"lang":"de-DE","name":"Durch"},{"lang":"id-ID","name":"Melalui"},{"lang":"fr-FR","name":"À travers"}]},{"id":22,"name":"flute","transcription":"[fluːt]","image":" ","translates":[{"lang":"ru-RU","name":"Флейта"},{"lang":"vi-VN","name":"Sáo"},{"lang":"zh-CN","name":"长笛"},{"lang":"hi-IN","name":"बांसुरी"},{"lang":"th-TH","name":"ฟลุต"},{"lang":"tr-TR","name":"Flüt"},{"lang":"pt-BR","name":"Flauta"},{"lang":"de-DE","name":"Flöte"},{"lang":"id-ID","name":"Seruling"},{"lang":"fr-FR","name":"Flûte"}]},{"id":23,"name":"include","transcription":"[ɪnˈkluːd]","image":" ","translates":[{"lang":"ru-RU","name":"Включать"},{"lang":"vi-VN","name":"Bao gồm"},{"lang":"zh-CN","name":"包括"},{"lang":"hi-IN","name":"शामिल करना"},{"lang":"th-TH","name":"รวมถึง"},{"lang":"tr-TR","name":"Dahil etmek"},{"lang":"pt-BR","name":"Incluir"},{"lang":"de-DE","name":"Einschließen"},{"lang":"id-ID","name":"Termasuk"},{"lang":"fr-FR","name":"Inclure"}]},{"id":24,"name":"parachute","transcription":"[ˈpærəʃuːt]","image":" ","translates":[{"lang":"ru-RU","name":"Парашют"},{"lang":"vi-VN","name":"Dù"},{"lang":"zh-CN","name":"降落伞"},{"lang":"hi-IN","name":"पैराशूट"},{"lang":"th-TH","name":"ร่มชูชีพ"},{"lang":"tr-TR","name":"Paraşüt"},{"lang":"pt-BR","name":"Pára-quedas"},{"lang":"de-DE","name":"Fallschirm"},{"lang":"id-ID","name":"Parasut"},{"lang":"fr-FR","name":"Parachute"}]},{"id":25,"name":"pollute","transcription":"[pəˈluːt]","image":" ","translates":[{"lang":"ru-RU","name":"Загрязнять"},{"lang":"vi-VN","name":"Ô nhiễm"},{"lang":"zh-CN","name":"污染"},{"lang":"hi-IN","name":"प्रदूषित करना"},{"lang":"th-TH","name":"ทำให้เป็นมลพิษ"},{"lang":"tr-TR","name":"Kirletmek"},{"lang":"pt-BR","name":"Poluir"},{"lang":"de-DE","name":"Verschmutzen"},{"lang":"id-ID","name":"Mencemari"},{"lang":"fr-FR","name":"Polluer"}]},{"id":26,"name":"prune","transcription":"[pruːn]","image":" ","translates":[{"lang":"ru-RU","name":"Чернослив"},{"lang":"vi-VN","name":"Mận khô"},{"lang":"zh-CN","name":"李子干"},{"lang":"hi-IN","name":"सूखा आलूबुखारा"},{"lang":"th-TH","name":"พรุน"},{"lang":"tr-TR","name":"Kuru erik"},{"lang":"pt-BR","name":"Ameixa seca"},{"lang":"de-DE","name":"Pflaume"},{"lang":"id-ID","name":"Prune"},{"lang":"fr-FR","name":"Pruneau"}]},{"id":27,"name":"rule","transcription":"[ruːl]","image":" ","translates":[{"lang":"ru-RU","name":"Правило"},{"lang":"vi-VN","name":"Quy tắc"},{"lang":"zh-CN","name":"规则"},{"lang":"hi-IN","name":"नियम"},{"lang":"th-TH","name":"กฎ"},{"lang":"tr-TR","name":"Kural"},{"lang":"pt-BR","name":"Regra"},{"lang":"de-DE","name":"Regel"},{"lang":"id-ID","name":"Aturan"},{"lang":"fr-FR","name":"Règle"}]},{"id":28,"name":"bruise","transcription":"[bruːz]","image":" ","translates":[{"lang":"ru-RU","name":"Синяк"},{"lang":"vi-VN","name":"Vết bầm"},{"lang":"zh-CN","name":"瘀伤"},{"lang":"hi-IN","name":"खरोंच"},{"lang":"th-TH","name":"รอยฟกช้ำ"},{"lang":"tr-TR","name":"Çürük"},{"lang":"pt-BR","name":"Hematoma"},{"lang":"de-DE","name":"Blauer Fleck"},{"lang":"id-ID","name":"Memar"},{"lang":"fr-FR","name":"Ecchymose"}]},{"id":29,"name":"fruit","transcription":"[fruːt]","image":"/img/dict/food/fruit.png","translates":[{"lang":"ru-RU","name":"Фрукт"},{"lang":"vi-VN","name":"Trái cây"},{"lang":"zh-CN","name":"水果"},{"lang":"hi-IN","name":"फल"},{"lang":"th-TH","name":"ผลไม้"},{"lang":"tr-TR","name":"Meyve"},{"lang":"pt-BR","name":"Fruta"},{"lang":"de-DE","name":"Frucht"},{"lang":"id-ID","name":"Buah"},{"lang":"fr-FR","name":"Fruit"}]},{"id":30,"name":"juice","transcription":"[dʒuːs]","image":"/img/dict/food/juice.png","translates":[{"lang":"ru-RU","name":"Сок"},{"lang":"vi-VN","name":"Nước ép"},{"lang":"zh-CN","name":"果汁"},{"lang":"hi-IN","name":"रस"},{"lang":"th-TH","name":"น้ำผลไม้"},{"lang":"tr-TR","name":"Meyve suyu"},{"lang":"pt-BR","name":"Suco"},{"lang":"de-DE","name":"Saft"},{"lang":"id-ID","name":"Jus"},{"lang":"fr-FR","name":"Jus"}]},{"id":31,"name":"super","transcription":"[ˈsuːpər]","image":" ","translates":[{"lang":"ru-RU","name":"Супер"},{"lang":"vi-VN","name":"Siêu"},{"lang":"zh-CN","name":"超级"},{"lang":"hi-IN","name":"सुपर"},{"lang":"th-TH","name":"สุดยอด"},{"lang":"tr-TR","name":"Süper"},{"lang":"pt-BR","name":"Super"},{"lang":"de-DE","name":"Super"},{"lang":"id-ID","name":"Super"},{"lang":"fr-FR","name":"Super"}]}]}