{"name":"Phonics /th/ (voiced)","isRandom":false,"isBlur":false,"isUpper":true,"isByWords":false,"isForAdult":false,"separator":"","numWords":21,"Translations":[{"lang":"ru-RU","name":"Фонетика /th/ (звонкое)"},{"lang":"vi-VN","name":"Ngữ âm /th/ (có thanh)"},{"lang":"zh-CN","name":"发音 /th/ (浊音)"},{"lang":"hi-IN","name":"ध्वनिकी /th/ (सघोष)"},{"lang":"th-TH","name":"สัทศาสตร์ /th/ (มีเสียง)"},{"lang":"tr-TR","name":"Fonetik /th/ (sesli)"},{"lang":"pt-BR","name":"Fonética /th/ (sonoro)"},{"lang":"de-DE","name":"Phonetik /th/ (stimmhaft)"},{"lang":"id-ID","name":"Fonetik /th/ (bersuara)"},{"lang":"fr-FR","name":"Phonétique /th/ (sonore)"}],"items":[{"id":0,"name":"that","transcription":"[ðæt]","nameA":"","image":" ","bg":"transparent","translates":[{"lang":"ru-RU","name":"Тот"},{"lang":"vi-VN","name":"Đó"},{"lang":"zh-CN","name":"那个"},{"lang":"hi-IN","name":"वह"},{"lang":"th-TH","name":"นั้น"},{"lang":"tr-TR","name":"O"},{"lang":"pt-BR","name":"Aquele"},{"lang":"de-DE","name":"Das"},{"lang":"id-ID","name":"Itu"},{"lang":"fr-FR","name":"Ce"}]},{"id":0,"name":"the","transcription":"[ðə]","nameA":"","image":" ","bg":"transparent","translates":[{"lang":"ru-RU","name":"Определённый артикль"},{"lang":"vi-VN","name":"Mạo từ xác định"},{"lang":"zh-CN","name":"定冠词"},{"lang":"hi-IN","name":"निश्चितवाचक"},{"lang":"th-TH","name":"คำนำหน้านาม"},{"lang":"tr-TR","name":"Belirli tanımlık"},{"lang":"pt-BR","name":"O, A (artigo definido)"},{"lang":"de-DE","name":"Der, Die, Das"},{"lang":"id-ID","name":"Kata sandang"},{"lang":"fr-FR","name":"Le, La, Les"}]},{"id":0,"name":"their","transcription":"[ðɛr]","nameA":"","image":" ","bg":"transparent","translates":[{"lang":"ru-RU","name":"Их"},{"lang":"vi-VN","name":"Của họ"},{"lang":"zh-CN","name":"他们的"},{"lang":"hi-IN","name":"उनका"},{"lang":"th-TH","name":"ของพวกเขา"},{"lang":"tr-TR","name":"Onların"},{"lang":"pt-BR","name":"Deles"},{"lang":"de-DE","name":"Ihr, Ihre"},{"lang":"id-ID","name":"Milik mereka"},{"lang":"fr-FR","name":"Leur"}]},{"id":0,"name":"them","transcription":"[ðɛm]","nameA":"","image":" ","bg":"transparent","translates":[{"lang":"ru-RU","name":"Их"},{"lang":"vi-VN","name":"Họ"},{"lang":"zh-CN","name":"他们"},{"lang":"hi-IN","name":"उन्हें"},{"lang":"th-TH","name":"พวกเขา"},{"lang":"tr-TR","name":"Onları"},{"lang":"pt-BR","name":"Eles, Elas (objeto)"},{"lang":"de-DE","name":"Ihnen, Sie"},{"lang":"id-ID","name":"Mereka"},{"lang":"fr-FR","name":"Eux, Les"}]},{"id":0,"name":"themselves","transcription":"[ðəmˈsɛlvz]","nameA":"","image":" ","bg":"transparent","translates":[{"lang":"ru-RU","name":"Сами себя"},{"lang":"vi-VN","name":"Chính họ"},{"lang":"zh-CN","name":"他们自己"},{"lang":"hi-IN","name":"स्वयं"},{"lang":"th-TH","name":"พวกเขาเอง"},{"lang":"tr-TR","name":"Kendileri"},{"lang":"pt-BR","name":"Eles mesmos"},{"lang":"de-DE","name":"Sich selbst"},{"lang":"id-ID","name":"Diri mereka sendiri"},{"lang":"fr-FR","name":"Eux-mêmes"}]},{"id":0,"name":"then","transcription":"[ðɛn]","nameA":"","image":" ","bg":"transparent","translates":[{"lang":"ru-RU","name":"Тогда"},{"lang":"vi-VN","name":"Sau đó"},{"lang":"zh-CN","name":"然后"},{"lang":"hi-IN","name":"तब"},{"lang":"th-TH","name":"จากนั้น"},{"lang":"tr-TR","name":"O zaman"},{"lang":"pt-BR","name":"Então"},{"lang":"de-DE","name":"Dann"},{"lang":"id-ID","name":"Kemudian"},{"lang":"fr-FR","name":"Alors"}]},{"id":0,"name":"there","transcription":"[ðɛr]","nameA":"","image":" ","bg":"transparent","translates":[{"lang":"ru-RU","name":"Там"},{"lang":"vi-VN","name":"Ở đó"},{"lang":"zh-CN","name":"那里"},{"lang":"hi-IN","name":"वहां"},{"lang":"th-TH","name":"ที่นั่น"},{"lang":"tr-TR","name":"Orada"},{"lang":"pt-BR","name":"Lá"},{"lang":"de-DE","name":"Dort"},{"lang":"id-ID","name":"Di sana"},{"lang":"fr-FR","name":"Là"}]},{"id":0,"name":"therefore","transcription":"[ˈðɛrˌfɔr]","nameA":"","image":" ","bg":"transparent","translates":[{"lang":"ru-RU","name":"Поэтому"},{"lang":"vi-VN","name":"Do đó"},{"lang":"zh-CN","name":"因此"},{"lang":"hi-IN","name":"इसलिए"},{"lang":"th-TH","name":"ดังนั้น"},{"lang":"tr-TR","name":"Bu nedenle"},{"lang":"pt-BR","name":"Portanto"},{"lang":"de-DE","name":"Deshalb"},{"lang":"id-ID","name":"Oleh karena itu"},{"lang":"fr-FR","name":"Par conséquent"}]},{"id":0,"name":"these","transcription":"[ðiz]","nameA":"","image":" ","bg":"transparent","translates":[{"lang":"ru-RU","name":"Эти"},{"lang":"vi-VN","name":"Những cái này"},{"lang":"zh-CN","name":"这些"},{"lang":"hi-IN","name":"ये"},{"lang":"th-TH","name":"เหล่านี้"},{"lang":"tr-TR","name":"Bunlar"},{"lang":"pt-BR","name":"Estes, Estas"},{"lang":"de-DE","name":"Diese"},{"lang":"id-ID","name":"Ini (jamak)"},{"lang":"fr-FR","name":"Ces, Ceux-ci"}]},{"id":0,"name":"they","transcription":"[ðeɪ]","nameA":"","image":" ","bg":"transparent","translates":[{"lang":"ru-RU","name":"Они"},{"lang":"vi-VN","name":"Họ"},{"lang":"zh-CN","name":"他们"},{"lang":"hi-IN","name":"वे"},{"lang":"th-TH","name":"พวกเขา"},{"lang":"tr-TR","name":"Onlar"},{"lang":"pt-BR","name":"Eles, Elas"},{"lang":"de-DE","name":"Sie"},{"lang":"id-ID","name":"Mereka"},{"lang":"fr-FR","name":"Ils, Elles"}]},{"id":0,"name":"this","transcription":"[ðɪs]","nameA":"","image":" ","bg":"transparent","translates":[{"lang":"ru-RU","name":"Этот"},{"lang":"vi-VN","name":"Cái này"},{"lang":"zh-CN","name":"这个"},{"lang":"hi-IN","name":"यह"},{"lang":"th-TH","name":"นี่"},{"lang":"tr-TR","name":"Bu"},{"lang":"pt-BR","name":"Este, Esta"},{"lang":"de-DE","name":"Dies"},{"lang":"id-ID","name":"Ini"},{"lang":"fr-FR","name":"Ce, Cette"}]},{"id":0,"name":"those","transcription":"[ðoʊz]","nameA":"","image":" ","bg":"transparent","translates":[{"lang":"ru-RU","name":"Те"},{"lang":"vi-VN","name":"Những cái đó"},{"lang":"zh-CN","name":"那些"},{"lang":"hi-IN","name":"वे"},{"lang":"th-TH","name":"เหล่านั้น"},{"lang":"tr-TR","name":"Şunlar"},{"lang":"pt-BR","name":"Aqueles, Aquelas"},{"lang":"de-DE","name":"Jene"},{"lang":"id-ID","name":"Itu (jamak)"},{"lang":"fr-FR","name":"Ceux-là, Celles-là"}]},{"id":0,"name":"though","transcription":"[ðoʊ]","nameA":"","image":" ","bg":"transparent","translates":[{"lang":"ru-RU","name":"Хотя"},{"lang":"vi-VN","name":"Mặc dù"},{"lang":"zh-CN","name":"虽然"},{"lang":"hi-IN","name":"हालांकि"},{"lang":"th-TH","name":"แม้ว่า"},{"lang":"tr-TR","name":"Gerçi"},{"lang":"pt-BR","name":"Embora"},{"lang":"de-DE","name":"Obwohl"},{"lang":"id-ID","name":"Meskipun"},{"lang":"fr-FR","name":"Bien que"}]},{"id":0,"name":"brother","transcription":"[ˈbrʌðər]","nameA":"","image":"/img/dict/family/brother.png","bg":"transparent","translates":[{"lang":"ru-RU","name":"Брат"},{"lang":"vi-VN","name":"Anh trai"},{"lang":"zh-CN","name":"兄弟"},{"lang":"hi-IN","name":"भाई"},{"lang":"th-TH","name":"พี่ชาย/น้องชาย"},{"lang":"tr-TR","name":"Erkek kardeş"},{"lang":"pt-BR","name":"Irmão"},{"lang":"de-DE","name":"Bruder"},{"lang":"id-ID","name":"Saudara laki-laki"},{"lang":"fr-FR","name":"Frère"}]},{"id":0,"name":"father","transcription":"[ˈfɑðər]","nameA":"","image":"/img/dict/family/father.png","bg":"transparent","translates":[{"lang":"ru-RU","name":"Отец"},{"lang":"vi-VN","name":"Cha"},{"lang":"zh-CN","name":"父亲"},{"lang":"hi-IN","name":"पिता"},{"lang":"th-TH","name":"พ่อ"},{"lang":"tr-TR","name":"Baba"},{"lang":"pt-BR","name":"Pai"},{"lang":"de-DE","name":"Vater"},{"lang":"id-ID","name":"Ayah"},{"lang":"fr-FR","name":"Père"}]},{"id":0,"name":"mother","transcription":"[ˈmʌðər]","nameA":"","image":"/img/dict/family/mother.png","bg":"transparent","translates":[{"lang":"ru-RU","name":"Мать"},{"lang":"vi-VN","name":"Mẹ"},{"lang":"zh-CN","name":"母亲"},{"lang":"hi-IN","name":"माता"},{"lang":"th-TH","name":"แม่"},{"lang":"tr-TR","name":"Anne"},{"lang":"pt-BR","name":"Mãe"},{"lang":"de-DE","name":"Mutter"},{"lang":"id-ID","name":"Ibu"},{"lang":"fr-FR","name":"Mère"}]},{"id":0,"name":"other","transcription":"[ˈʌðər]","nameA":"","image":" ","bg":"transparent","translates":[{"lang":"ru-RU","name":"Другой"},{"lang":"vi-VN","name":"Khác"},{"lang":"zh-CN","name":"其他"},{"lang":"hi-IN","name":"अन्य"},{"lang":"th-TH","name":"อื่น"},{"lang":"tr-TR","name":"Diğer"},{"lang":"pt-BR","name":"Outro"},{"lang":"de-DE","name":"Andere"},{"lang":"id-ID","name":"Lain"},{"lang":"fr-FR","name":"Autre"}]},{"id":0,"name":"rather","transcription":"[ˈræðər]","nameA":"","image":" ","bg":"transparent","translates":[{"lang":"ru-RU","name":"Скорее"},{"lang":"vi-VN","name":"Thà"},{"lang":"zh-CN","name":"宁愿"},{"lang":"hi-IN","name":"बल्कि"},{"lang":"th-TH","name":"ค่อนข้าง"},{"lang":"tr-TR","name":"Oldukça"},{"lang":"pt-BR","name":"Bastante"},{"lang":"de-DE","name":"Eher"},{"lang":"id-ID","name":"Agak"},{"lang":"fr-FR","name":"Plutôt"}]},{"id":0,"name":"smooth","transcription":"[smuð]","nameA":"","image":" ","bg":"transparent","translates":[{"lang":"ru-RU","name":"Гладкий"},{"lang":"vi-VN","name":"Mượt mà"},{"lang":"zh-CN","name":"光滑的"},{"lang":"hi-IN","name":"चिकना"},{"lang":"th-TH","name":"เรียบ"},{"lang":"tr-TR","name":"Pürüzsüz"},{"lang":"pt-BR","name":"Liso"},{"lang":"de-DE","name":"Glatt"},{"lang":"id-ID","name":"Halus"},{"lang":"fr-FR","name":"Lisse"}]},{"id":0,"name":"with","transcription":"[wɪð]","nameA":"","image":" ","bg":"transparent","translates":[{"lang":"ru-RU","name":"С"},{"lang":"vi-VN","name":"Với"},{"lang":"zh-CN","name":"和"},{"lang":"hi-IN","name":"के साथ"},{"lang":"th-TH","name":"กับ"},{"lang":"tr-TR","name":"İle"},{"lang":"pt-BR","name":"Com"},{"lang":"de-DE","name":"Mit"},{"lang":"id-ID","name":"Dengan"},{"lang":"fr-FR","name":"Avec"}]},{"id":0,"name":"wither","transcription":"[ˈwɪðər]","nameA":"","image":" ","bg":"transparent","translates":[{"lang":"ru-RU","name":"Увядать"},{"lang":"vi-VN","name":"Héo tàn"},{"lang":"zh-CN","name":"枯萎"},{"lang":"hi-IN","name":"मुरझाना"},{"lang":"th-TH","name":"เหี่ยวเฉา"},{"lang":"tr-TR","name":"Solmak"},{"lang":"pt-BR","name":"Murchar"},{"lang":"de-DE","name":"Verwelken"},{"lang":"id-ID","name":"Layu"},{"lang":"fr-FR","name":"Flétrir"}]}]}