{"name":"Nursery","isRandom":true,"isBlur":true,"isUpper":true,"isByWords":false,"isForAdult":false,"separator":"","numWords":40,"tags":["home","nursery"],"Translations":[],"items":[{"id":43,"name":"baby food","transcription":"[ˈbeɪbɪ fuːd]","image":"/img/dict/home/baby_food.png","translates":[{"lang":"ru-Ru","name":"детское питание"},{"lang":"vi-VN","name":"thức ăn trẻ em"},{"lang":"zh-CN","name":"婴儿食品"},{"lang":"hi-IN","name":"बेबी फूड"},{"lang":"th-TH","name":"อาหารทารก"},{"lang":"tr-TR","name":"bebek maması"},{"lang":"pt-BR","name":"comida de bebê"},{"lang":"de-DE","name":"Babynahrung"},{"lang":"id-ID","name":"makanan bayi"},{"lang":"fr-FR","name":"nourriture pour bébé"}]},{"id":14,"name":"baby front pack","transcription":"[ˈbeɪbɪ frʌnt pæk]","image":"/img/dict/home/baby_front_pack.png","translates":[{"lang":"ru-Ru","name":"рюкзак-кенгуру"},{"lang":"vi-VN","name":"địu em bé phía trước"},{"lang":"zh-CN","name":"婴儿背带"},{"lang":"hi-IN","name":"बेबी फ्रंट पैक"},{"lang":"th-TH","name":"เป้อุ้มเด็กด้านหน้า"},{"lang":"tr-TR","name":"bebek taşıma askısı"},{"lang":"pt-BR","name":"canguru para bebê"},{"lang":"de-DE","name":"Baby-Trage"},{"lang":"id-ID","name":"gendongan bayi depan"},{"lang":"fr-FR","name":"porte-bébé ventral"}]},{"id":35,"name":"baby monitor","transcription":"[ˈbeɪbɪ ˈmɑːnɪtər]","image":"/img/dict/home/babymonitor.png","translates":[{"lang":"ru-Ru","name":"радионяня"},{"lang":"vi-VN","name":"thiết bị giám sát trẻ em"},{"lang":"zh-CN","name":"婴儿监视器"},{"lang":"hi-IN","name":"बेबी मॉनिटर"},{"lang":"th-TH","name":"เครื่องตรวจการหายใจทารก"},{"lang":"tr-TR","name":"bebek monitörü"},{"lang":"pt-BR","name":"babá eletrônica"},{"lang":"de-DE","name":"Babyfon"},{"lang":"id-ID","name":"monitor bayi"},{"lang":"fr-FR","name":"babyphone"}]},{"id":28,"name":"baby seat","transcription":"[ˈbeɪbɪ siːt]","image":"/img/dict/home/baby_seat.png","translates":[{"lang":"ru-Ru","name":"детское кресло"},{"lang":"vi-VN","name":"ghế ngồi cho bé"},{"lang":"zh-CN","name":"婴儿座椅"},{"lang":"hi-IN","name":"बेबी सीट"},{"lang":"th-TH","name":"เก้าอี้เด็ก"},{"lang":"tr-TR","name":"bebek koltuğu"},{"lang":"pt-BR","name":"cadeirinha de bebê"},{"lang":"de-DE","name":"Babysitz"},{"lang":"id-ID","name":"kursi bayi"},{"lang":"fr-FR","name":"siège bébé"}]},{"id":45,"name":"bib","transcription":"[bɪb]","image":"/img/dict/home/bib.png","translates":[{"lang":"ru-Ru","name":"детский нагрудник"},{"lang":"vi-VN","name":"yếm"},{"lang":"zh-CN","name":"围兜"},{"lang":"hi-IN","name":"बिब"},{"lang":"th-TH","name":"ผ้ากันเปื้อนเด็ก"},{"lang":"tr-TR","name":"önlük"},{"lang":"pt-BR","name":"babador"},{"lang":"de-DE","name":"Lätzchen"},{"lang":"id-ID","name":"celemek bayi"},{"lang":"fr-FR","name":"bavoir"}]},{"id":23,"name":"bottle","transcription":"[bɒtl]","image":"/img/dict/home/bottle.png","translates":[{"lang":"ru-Ru","name":"бутылочка"},{"lang":"vi-VN","name":"bình sữa"},{"lang":"zh-CN","name":"奶瓶"},{"lang":"hi-IN","name":"बोतल"},{"lang":"th-TH","name":"ขวดนม"},{"lang":"tr-TR","name":"biberon"},{"lang":"pt-BR","name":"mamadeira"},{"lang":"de-DE","name":"Flasche"},{"lang":"id-ID","name":"botol susu"},{"lang":"fr-FR","name":"biberon"}]},{"id":31,"name":"buggy","transcription":"[ˈbʌgɪ]","image":"/img/dict/home/buggy.png","translates":[{"lang":"ru-Ru","name":"детская коляска"},{"lang":"vi-VN","name":"xe đẩy em bé"},{"lang":"zh-CN","name":"婴儿车"},{"lang":"hi-IN","name":"बग्गी"},{"lang":"th-TH","name":"รถเข็นเด็ก"},{"lang":"tr-TR","name":"bebek arabası"},{"lang":"pt-BR","name":"carrinho de bebê"},{"lang":"de-DE","name":"Kinderwagen"},{"lang":"id-ID","name":"kereta bayi"},{"lang":"fr-FR","name":"poussette"}]},{"id":0,"name":"bunk bed","transcription":"[bʌŋk bed]","image":"/img/dict/home/bunk_bed.png","translates":[{"lang":"ru-Ru","name":"двухъярусная кровать"},{"lang":"vi-VN","name":"giường tầng"},{"lang":"zh-CN","name":"双层床"},{"lang":"hi-IN","name":"चारपाई बिस्तर"},{"lang":"th-TH","name":"เตียงสองชั้น"},{"lang":"tr-TR","name":"ranza"},{"lang":"pt-BR","name":"beliche"},{"lang":"de-DE","name":"Etagenbett"},{"lang":"id-ID","name":"ranjang bertingkat"},{"lang":"fr-FR","name":"lit superposé"}]},{"id":24,"name":"changing table","transcription":"[ˈtʃeɪndʒɪŋ ˈteɪbl]","image":"/img/dict/home/changing_table.png","translates":[{"lang":"ru-Ru","name":"пеленальный столик"},{"lang":"vi-VN","name":"bàn thay tã"},{"lang":"zh-CN","name":"尿布台"},{"lang":"hi-IN","name":"चेंजिंग टेबल"},{"lang":"th-TH","name":"โต๊ะเปลี่ยนผ้าอ้อม"},{"lang":"tr-TR","name":"alt değiştirme masası"},{"lang":"pt-BR","name":"trocador"},{"lang":"de-DE","name":"Wickeltisch"},{"lang":"id-ID","name":"meja ganti popok"},{"lang":"fr-FR","name":"table à langer"}]},{"id":19,"name":"chest of drawers","transcription":"[tʃest ˈdrɔːrz]","image":"/img/dict/home/chest_of_drawers.png","translates":[{"lang":"ru-Ru","name":"комод"},{"lang":"vi-VN","name":"tủ ngăn kéo"},{"lang":"zh-CN","name":"抽屉柜"},{"lang":"hi-IN","name":"दराजों की अलमारी"},{"lang":"th-TH","name":"ตู้ลิ้นชัก"},{"lang":"tr-TR","name":"komodin"},{"lang":"pt-BR","name":"cômoda"},{"lang":"de-DE","name":"Kommode"},{"lang":"id-ID","name":"lemari laci"},{"lang":"fr-FR","name":"commode"}]},{"id":39,"name":"cotton swabs","transcription":"[ˈkɑːtn ˈswɑːbz]","image":"/img/dict/home/cotton_swabs.png","translates":[{"lang":"ru-Ru","name":"ватные палочки"},{"lang":"vi-VN","name":"tăm bông"},{"lang":"zh-CN","name":"棉签"},{"lang":"hi-IN","name":"कॉटन स्वैब"},{"lang":"th-TH","name":"ไม้พันสำลี"},{"lang":"tr-TR","name":"pamuklu çubuk"},{"lang":"pt-BR","name":"cotonete"},{"lang":"de-DE","name":"Wattestäbchen"},{"lang":"id-ID","name":"cotton bud"},{"lang":"fr-FR","name":"coton-tige"}]},{"id":32,"name":"cradle","transcription":"[kreɪdl]","image":"/img/dict/home/cradle.png","translates":[{"lang":"ru-Ru","name":"колыбель"},{"lang":"vi-VN","name":"nôi"},{"lang":"zh-CN","name":"摇篮"},{"lang":"hi-IN","name":"पालना"},{"lang":"th-TH","name":"เปล"},{"lang":"tr-TR","name":"beşik"},{"lang":"pt-BR","name":"berço"},{"lang":"de-DE","name":"Wiege"},{"lang":"id-ID","name":"buaian"},{"lang":"fr-FR","name":"berceau"}]},{"id":26,"name":"crawl","transcription":"[krɔːl]","image":"/img/dict/home/crawl.png","translates":[{"lang":"ru-Ru","name":"ползать"},{"lang":"vi-VN","name":"bò"},{"lang":"zh-CN","name":"爬行"},{"lang":"hi-IN","name":"रेंगना"},{"lang":"th-TH","name":"คลาน"},{"lang":"tr-TR","name":"emeklemek"},{"lang":"pt-BR","name":"engatinhar"},{"lang":"de-DE","name":"krabbeln"},{"lang":"id-ID","name":"merangkak"},{"lang":"fr-FR","name":"ramper"}]},{"id":9,"name":"crib","transcription":"[krɪb]","image":"/img/dict/home/crib.png","translates":[{"lang":"ru-Ru","name":"детская кроватка"},{"lang":"vi-VN","name":"nôi"},{"lang":"zh-CN","name":"婴儿床"},{"lang":"hi-IN","name":"पालना"},{"lang":"th-TH","name":"เตียงเด็ก"},{"lang":"tr-TR","name":"beşik"},{"lang":"pt-BR","name":"berço"},{"lang":"de-DE","name":"Kinderbett"},{"lang":"id-ID","name":"tempat tidur bayi"},{"lang":"fr-FR","name":"lit bébé"}]},{"id":21,"name":"cry","transcription":"[kraɪ]","image":"/img/dict/home/cry.png","translates":[{"lang":"ru-Ru","name":"плакать"},{"lang":"vi-VN","name":"khóc"},{"lang":"zh-CN","name":"哭"},{"lang":"hi-IN","name":"रोना"},{"lang":"th-TH","name":"ร้องไห้"},{"lang":"tr-TR","name":"ağlamak"},{"lang":"pt-BR","name":"chorar"},{"lang":"de-DE","name":"weinen"},{"lang":"id-ID","name":"menangis"},{"lang":"fr-FR","name":"pleurer"}]},{"id":11,"name":"diapers","transcription":"[ˈdaɪəpərz]","image":"/img/dict/home/diapers.png","translates":[{"lang":"ru-Ru","name":"подгузники"},{"lang":"vi-VN","name":"tã"},{"lang":"zh-CN","name":"尿布"},{"lang":"hi-IN","name":"डायपर"},{"lang":"th-TH","name":"ผ้าอ้อม"},{"lang":"tr-TR","name":"bebek bezi"},{"lang":"pt-BR","name":"fraldas"},{"lang":"de-DE","name":"Windeln"},{"lang":"id-ID","name":"popok"},{"lang":"fr-FR","name":"couches"}]},{"id":16,"name":"doll","transcription":"[dɒl]","image":"/img/dict/home/doll.png","translates":[{"lang":"ru-Ru","name":"кукла"},{"lang":"vi-VN","name":"búp bê"},{"lang":"zh-CN","name":"娃娃"},{"lang":"hi-IN","name":"गुड़िया"},{"lang":"th-TH","name":"ตุ๊กตา"},{"lang":"tr-TR","name":"oyuncak bebek"},{"lang":"pt-BR","name":"boneca"},{"lang":"de-DE","name":"Puppe"},{"lang":"id-ID","name":"boneka"},{"lang":"fr-FR","name":"poupée"}]},{"id":30,"name":"doodle house","transcription":"[ˈduːdl haʊs]","image":"/img/dict/home/doodle_house.png","translates":[{"lang":"ru-Ru","name":"игрушечный домик"},{"lang":"vi-VN","name":"nhà đồ chơi"},{"lang":"zh-CN","name":"涂鸦屋"},{"lang":"hi-IN","name":"खिलौना घर"},{"lang":"th-TH","name":"บ้านของเล่น"},{"lang":"tr-TR","name":"oyuncak ev"},{"lang":"pt-BR","name":"casa de brinquedo"},{"lang":"de-DE","name":"Spielhaus"},{"lang":"id-ID","name":"rumah mainan"},{"lang":"fr-FR","name":"maison de jeu"}]},{"id":22,"name":"drool","transcription":"[druːl]","image":"/img/dict/home/drool.png","translates":[{"lang":"ru-Ru","name":"пускать слюни"},{"lang":"vi-VN","name":"chảy nước dãi"},{"lang":"zh-CN","name":"流口水"},{"lang":"hi-IN","name":"लार टपकाना"},{"lang":"th-TH","name":"น้ำลายไหล"},{"lang":"tr-TR","name":"salya akıtmak"},{"lang":"pt-BR","name":"babar"},{"lang":"de-DE","name":"sabbern"},{"lang":"id-ID","name":"ngiler"},{"lang":"fr-FR","name":"baver"}]},{"id":34,"name":"fluffy toy","transcription":"[ˈflʌfɪ tɔɪ]","image":"/img/dict/home/fluffy_toy.png","translates":[{"lang":"ru-Ru","name":"мягкая игрушка"},{"lang":"vi-VN","name":"đồ chơi mềm"},{"lang":"zh-CN","name":"毛绒玩具"},{"lang":"hi-IN","name":"मुलायम खिलौना"},{"lang":"th-TH","name":"ของเล่นนุ่ม"},{"lang":"tr-TR","name":"peluş oyuncak"},{"lang":"pt-BR","name":"brinquedo de pelúcia"},{"lang":"de-DE","name":"kuscheltier"},{"lang":"id-ID","name":"mainan lembut"},{"lang":"fr-FR","name":"jouet en peluche"}]},{"id":29,"name":"infant","transcription":"[ˈɪnfənt]","image":"/img/dict/home/infant.png","translates":[{"lang":"ru-Ru","name":"младенец"},{"lang":"vi-VN","name":"trẻ sơ sinh"},{"lang":"zh-CN","name":"婴儿"},{"lang":"hi-IN","name":"शिशु"},{"lang":"th-TH","name":"ทารก"},{"lang":"tr-TR","name":"bebek"},{"lang":"pt-BR","name":"bebê"},{"lang":"de-DE","name":"Säugling"},{"lang":"id-ID","name":"bayi"},{"lang":"fr-FR","name":"nourrisson"}]},{"id":36,"name":"night light","transcription":"[naɪt laɪt]","image":"/img/dict/home/night_light.png","translates":[{"lang":"ru-Ru","name":"ночник"},{"lang":"vi-VN","name":"đèn ngủ"},{"lang":"zh-CN","name":"夜灯"},{"lang":"hi-IN","name":"रात की रोशनी"},{"lang":"th-TH","name":"ไฟกลางคืน"},{"lang":"tr-TR","name":"gece lambası"},{"lang":"pt-BR","name":"luz noturna"},{"lang":"de-DE","name":"Nachtlicht"},{"lang":"id-ID","name":"lampu tidur"},{"lang":"fr-FR","name":"veilleuse"}]},{"id":37,"name":"nursery","transcription":"[ˈnɜːsərɪ]","image":"/img/dict/home/nursery.png","translates":[{"lang":"ru-Ru","name":"детская комната"},{"lang":"vi-VN","name":"phòng trẻ em"},{"lang":"zh-CN","name":"婴儿房"},{"lang":"hi-IN","name":"नर्सरी"},{"lang":"th-TH","name":"ห้องเด็ก"},{"lang":"tr-TR","name":"çocuk odası"},{"lang":"pt-BR","name":"quarto de bebê"},{"lang":"de-DE","name":"Kinderzimmer"},{"lang":"id-ID","name":"kamar bayi"},{"lang":"fr-FR","name":"chambre d\u0027enfant"}]},{"id":1,"name":"pacifier","transcription":"[ˈpæsɪfaɪər]","image":"/img/dict/home/pacifier.png","translates":[{"lang":"ru-Ru","name":"соска"},{"lang":"vi-VN","name":"ti giả"},{"lang":"zh-CN","name":"奶嘴"},{"lang":"hi-IN","name":"चुसनी"},{"lang":"th-TH","name":"จุกนมหลอก"},{"lang":"tr-TR","name":"emzik"},{"lang":"pt-BR","name":"chupeta"},{"lang":"de-DE","name":"Schnuller"},{"lang":"id-ID","name":"empeng"},{"lang":"fr-FR","name":"tétine"}]},{"id":10,"name":"play mat","transcription":"[pleɪ mæt]","image":"/img/dict/home/play_mat.png","translates":[{"lang":"ru-Ru","name":"игровой коврик"},{"lang":"vi-VN","name":"thảm chơi"},{"lang":"zh-CN","name":"游戏垫"},{"lang":"hi-IN","name":"खेल मैट"},{"lang":"th-TH","name":"เสื่อเล่น"},{"lang":"tr-TR","name":"oyun matı"},{"lang":"pt-BR","name":"tapete de atividades"},{"lang":"de-DE","name":"Spielmatte"},{"lang":"id-ID","name":"matras bermain"},{"lang":"fr-FR","name":"tapis de jeu"}]},{"id":4,"name":"playpen","transcription":"[ˈpleɪpen]","image":"/img/dict/home/playpen.png","translates":[{"lang":"ru-Ru","name":"детский манеж"},{"lang":"vi-VN","name":"cũi chơi"},{"lang":"zh-CN","name":"游戏围栏"},{"lang":"hi-IN","name":"खेलने का घेरा"},{"lang":"th-TH","name":"คอกกั้นเด็ก"},{"lang":"tr-TR","name":"oyun parkı"},{"lang":"pt-BR","name":"berço portátil"},{"lang":"de-DE","name":"Laufstall"},{"lang":"id-ID","name":"playpen"},{"lang":"fr-FR","name":"parc pour bébé"}]},{"id":46,"name":"potty","transcription":"[ˈpɒtɪ]","image":"/img/dict/home/potty.png","translates":[{"lang":"ru-Ru","name":"ночной горшок"},{"lang":"vi-VN","name":"bô"},{"lang":"zh-CN","name":"便盆"},{"lang":"hi-IN","name":"बच्चों का मटका"},{"lang":"th-TH","name":"กระโถนเด็ก"},{"lang":"tr-TR","name":"lazımlık"},{"lang":"pt-BR","name":"penico"},{"lang":"de-DE","name":"Töpfchen"},{"lang":"id-ID","name":"pispot"},{"lang":"fr-FR","name":"pot"}]},{"id":27,"name":"powder","transcription":"[ˈpaʊdə]","image":"/img/dict/home/powder.png","translates":[{"lang":"ru-Ru","name":"присыпка"},{"lang":"vi-VN","name":"phấn rôm"},{"lang":"zh-CN","name":"爽身粉"},{"lang":"hi-IN","name":"पाउडर"},{"lang":"th-TH","name":"แป้งเด็ก"},{"lang":"tr-TR","name":"bebek pudrası"},{"lang":"pt-BR","name":"talco"},{"lang":"de-DE","name":"Puder"},{"lang":"id-ID","name":"bedak bayi"},{"lang":"fr-FR","name":"poudre"}]},{"id":8,"name":"rattle","transcription":"[rætl]","image":"/img/dict/home/rattle.png","translates":[{"lang":"ru-Ru","name":"погремушка"},{"lang":"vi-VN","name":"lục lạc"},{"lang":"zh-CN","name":"摇铃"},{"lang":"hi-IN","name":"खड़खड़"},{"lang":"th-TH","name":"ของเขย่า"},{"lang":"tr-TR","name":"çıngırak"},{"lang":"pt-BR","name":"chocalho"},{"lang":"de-DE","name":"Rassel"},{"lang":"id-ID","name":"kerincingan"},{"lang":"fr-FR","name":"hochet"}]},{"id":3,"name":"rocking horse","transcription":"[ˈrɑːkɪŋ hɔːrs]","image":"/img/dict/home/rocking_horse.png","translates":[{"lang":"ru-Ru","name":"конь-качалка"},{"lang":"vi-VN","name":"ngựa bập bênh"},{"lang":"zh-CN","name":"摇摇马"},{"lang":"hi-IN","name":"झूला घोड़ा"},{"lang":"th-TH","name":"ม้าโยก"},{"lang":"tr-TR","name":"sallanan at"},{"lang":"pt-BR","name":"cavalo de balanço"},{"lang":"de-DE","name":"Schaukelpferd"},{"lang":"id-ID","name":"kuda goyang"},{"lang":"fr-FR","name":"cheval à bascule"}]},{"id":7,"name":"sleep","transcription":"[sliːp]","image":"/img/dict/home/sleep.png","translates":[{"lang":"ru-Ru","name":"спать"},{"lang":"vi-VN","name":"ngủ"},{"lang":"zh-CN","name":"睡觉"},{"lang":"hi-IN","name":"सोना"},{"lang":"th-TH","name":"นอน"},{"lang":"tr-TR","name":"uyumak"},{"lang":"pt-BR","name":"dormir"},{"lang":"de-DE","name":"schlafen"},{"lang":"id-ID","name":"tidur"},{"lang":"fr-FR","name":"dormir"}]},{"id":44,"name":"stroller","transcription":"[ˈstrəʊlə]","image":"/img/dict/home/stroller.png","translates":[{"lang":"ru-Ru","name":"летняя коляска"},{"lang":"vi-VN","name":"xe đẩy"},{"lang":"zh-CN","name":"婴儿推车"},{"lang":"hi-IN","name":"स्ट्रॉलर"},{"lang":"th-TH","name":"รถเข็นเด็ก"},{"lang":"tr-TR","name":"puset"},{"lang":"pt-BR","name":"carrinho de bebê"},{"lang":"de-DE","name":"Kinderwagen"},{"lang":"id-ID","name":"kereta dorong bayi"},{"lang":"fr-FR","name":"poussette"}]},{"id":25,"name":"swing","transcription":"[swɪŋ]","image":"/img/dict/home/swing.png","translates":[{"lang":"ru-Ru","name":"качели"},{"lang":"vi-VN","name":"xích đu"},{"lang":"zh-CN","name":"秋千"},{"lang":"hi-IN","name":"झूला"},{"lang":"th-TH","name":"ชิงช้า"},{"lang":"tr-TR","name":"salıncak"},{"lang":"pt-BR","name":"balanço"},{"lang":"de-DE","name":"Schaukel"},{"lang":"id-ID","name":"ayunan"},{"lang":"fr-FR","name":"balançoire"}]},{"id":41,"name":"teddy bear","transcription":"[ ber]","image":"/img/dict/home/teddy_bear.png","translates":[{"lang":"ru-Ru","name":"плюшевый медвежонок"},{"lang":"vi-VN","name":"gấu bông"},{"lang":"zh-CN","name":"泰迪熊"},{"lang":"hi-IN","name":"टेडी बियर"},{"lang":"th-TH","name":"ตุ๊กตาหมี"},{"lang":"tr-TR","name":"oyuncak ayı"},{"lang":"pt-BR","name":"ursinho de pelúcia"},{"lang":"de-DE","name":"Teddybär"},{"lang":"id-ID","name":"beruang teddy"},{"lang":"fr-FR","name":"ours en peluche"}]},{"id":17,"name":"teething ring","transcription":"[ˈtiːðɪŋ rɪŋ]","image":"/img/dict/home/teething_ring.png","translates":[{"lang":"ru-Ru","name":"детское зубное кольцо"},{"lang":"vi-VN","name":"vòng ngậm mọc răng"},{"lang":"zh-CN","name":"磨牙环"},{"lang":"hi-IN","name":"दांत निकलने की अंगूठी"},{"lang":"th-TH","name":"วงแหวนสำหรับกัด"},{"lang":"tr-TR","name":"diş kaşıyıcı"},{"lang":"pt-BR","name":"mordedor"},{"lang":"de-DE","name":"Beißring"},{"lang":"id-ID","name":"teether"},{"lang":"fr-FR","name":"anneau de dentition"}]},{"id":5,"name":"toy chest","transcription":"[tɔɪ tʃest]","image":"/img/dict/home/toy_chest.png","translates":[{"lang":"ru-Ru","name":"комод для игрушек"},{"lang":"vi-VN","name":"rương đồ chơi"},{"lang":"zh-CN","name":"玩具箱"},{"lang":"hi-IN","name":"खिलौना संदूक"},{"lang":"th-TH","name":"หีบของเล่น"},{"lang":"tr-TR","name":"oyuncak sandığı"},{"lang":"pt-BR","name":"baú de brinquedos"},{"lang":"de-DE","name":"Spielzeugkiste"},{"lang":"id-ID","name":"kotak mainan"},{"lang":"fr-FR","name":"coffre à jouets"}]},{"id":18,"name":"toys","transcription":"[ˌtɔɪz]","image":"/img/dict/home/toys.png","translates":[{"lang":"ru-Ru","name":"игрушки"},{"lang":"vi-VN","name":"đồ chơi"},{"lang":"zh-CN","name":"玩具"},{"lang":"hi-IN","name":"खिलौने"},{"lang":"th-TH","name":"ของเล่น"},{"lang":"tr-TR","name":"oyuncaklar"},{"lang":"pt-BR","name":"brinquedos"},{"lang":"de-DE","name":"Spielzeug"},{"lang":"id-ID","name":"mainan"},{"lang":"fr-FR","name":"jouets"}]},{"id":42,"name":"trundle bed","transcription":"[ˈtrʌndl bed]","image":"/img/dict/home/trundle_bed.png","translates":[{"lang":"ru-Ru","name":"кровать-раскладушка"},{"lang":"vi-VN","name":"giường gấp"},{"lang":"zh-CN","name":"滚轮床"},{"lang":"hi-IN","name":"ट्रंडल बेड"},{"lang":"th-TH","name":"เตียงม้วนเก็บ"},{"lang":"tr-TR","name":"tekerlekli yatak"},{"lang":"pt-BR","name":"cama de rodízio"},{"lang":"de-DE","name":"Truhenbett"},{"lang":"id-ID","name":"tempat tidur dorong"},{"lang":"fr-FR","name":"lit roulant"}]},{"id":2,"name":"walk","transcription":"[wɔːk]","image":"/img/dict/home/walk.png","translates":[{"lang":"ru-Ru","name":"ходить"},{"lang":"vi-VN","name":"đi bộ"},{"lang":"zh-CN","name":"走路"},{"lang":"hi-IN","name":"चलना"},{"lang":"th-TH","name":"เดิน"},{"lang":"tr-TR","name":"yürümek"},{"lang":"pt-BR","name":"andar"},{"lang":"de-DE","name":"laufen"},{"lang":"id-ID","name":"berjalan"},{"lang":"fr-FR","name":"marcher"}]},{"id":30,"name":"walker","transcription":"[ˈwɔːkə]","image":"/img/dict/home/walker.png","translates":[{"lang":"ru-Ru","name":"ходунки"},{"lang":"vi-VN","name":"xe tập đi"},{"lang":"zh-CN","name":"学步车"},{"lang":"hi-IN","name":"वॉकर"},{"lang":"th-TH","name":"รถหัดเดิน"},{"lang":"tr-TR","name":"yürüteç"},{"lang":"pt-BR","name":"andador"},{"lang":"de-DE","name":"Gehhilfe"},{"lang":"id-ID","name":"alat bantu jalan"},{"lang":"fr-FR","name":"déambulateur"}]}]}