{"name":"Animals","img":"","isRandom":true,"isBlur":true,"isUpper":true,"isByWords":false,"isForAdult":false,"separator":"","numWords":16,"Translations":[{"lang":"ru-RU","name":"Домашние животные"},{"lang":"vi-VN","name":"Vật nuôi"},{"lang":"zh-CN","name":"宠物"},{"lang":"hi-IN","name":"पालतू जानवर"},{"lang":"th-TH","name":"สัตว์เลี้ยง"},{"lang":"tr-TR","name":"Evcil Hayvanlar"},{"lang":"pt-BR","name":"Animais de Estimação"},{"lang":"de-DE","name":"Haustiere"},{"lang":"id-ID","name":"Hewan Peliharaan"},{"lang":"fr-FR","name":"Animaux Domestiques"}],"items":[{"id":24,"name":"Pet","transcription":"[pet]","image":"/img/dict/animals/pet.png","translates":[{"lang":"ru-RU","name":"Домашнее животное"},{"lang":"vi-VN","name":"Thú cưng"},{"lang":"zh-CN","name":"宠物"},{"lang":"hi-IN","name":"पालतू जानवर"},{"lang":"th-TH","name":"สัตว์เลี้ยง"},{"lang":"tr-TR","name":"Evcil hayvan"},{"lang":"pt-BR","name":"Animal de estimação"},{"lang":"de-DE","name":"Haustier"},{"lang":"id-ID","name":"Hewan peliharaan"},{"lang":"fr-FR","name":"Animal domestique"}]},{"id":5,"name":"Fish","transcription":"[fɪʃ]","image":"/img/dict/animals/fish.png","translates":[{"lang":"ru-RU","name":"Рыба"},{"lang":"vi-VN","name":"Cá"},{"lang":"zh-CN","name":"鱼"},{"lang":"hi-IN","name":"मछली"},{"lang":"th-TH","name":"ปลา"},{"lang":"tr-TR","name":"Balık"},{"lang":"pt-BR","name":"Peixe"},{"lang":"de-DE","name":"Fisch"},{"lang":"id-ID","name":"Ikan"},{"lang":"fr-FR","name":"Poisson"}]},{"id":6,"name":"Snake","transcription":"[sneɪk]","image":"/img/dict/animals/snake.png","translates":[{"lang":"ru-RU","name":"Змея"},{"lang":"vi-VN","name":"Rắn"},{"lang":"zh-CN","name":"蛇"},{"lang":"hi-IN","name":"साँप"},{"lang":"th-TH","name":"งู"},{"lang":"tr-TR","name":"Yılan"},{"lang":"pt-BR","name":"Cobra"},{"lang":"de-DE","name":"Schlange"},{"lang":"id-ID","name":"Ular"},{"lang":"fr-FR","name":"Serpent"}]},{"id":14,"name":"Dog","transcription":"[dɔːɡ]","image":"/img/dict/animals/dog.png","translates":[{"lang":"ru-RU","name":"Собака"},{"lang":"vi-VN","name":"Chó"},{"lang":"zh-CN","name":"狗"},{"lang":"hi-IN","name":"कुत्ता"},{"lang":"th-TH","name":"สุนัข"},{"lang":"tr-TR","name":"Köpek"},{"lang":"pt-BR","name":"Cachorro"},{"lang":"de-DE","name":"Hund"},{"lang":"id-ID","name":"Anjing"},{"lang":"fr-FR","name":"Chien"}]},{"id":21,"name":"Cat","transcription":"[kæt]","image":"/img/dict/animals/cat.png","translates":[{"lang":"ru-RU","name":"Кошка"},{"lang":"vi-VN","name":"Mèo"},{"lang":"zh-CN","name":"猫"},{"lang":"hi-IN","name":"बिल्ली"},{"lang":"th-TH","name":"แมว"},{"lang":"tr-TR","name":"Kedi"},{"lang":"pt-BR","name":"Gato"},{"lang":"de-DE","name":"Katze"},{"lang":"id-ID","name":"Kucing"},{"lang":"fr-FR","name":"Chat"}]},{"id":8,"name":"horse","transcription":"[hɔːrs]","image":"/img/dict/animals/horse.png","translates":[{"lang":"ru-RU","name":"лошадь"},{"lang":"vi-VN","name":"ngựa"},{"lang":"zh-CN","name":"马"},{"lang":"hi-IN","name":"घोड़ा"},{"lang":"th-TH","name":"ม้า"},{"lang":"tr-TR","name":"at"},{"lang":"pt-BR","name":"cavalo"},{"lang":"de-DE","name":"Pferd"},{"lang":"id-ID","name":"kuda"},{"lang":"fr-FR","name":"cheval"}]},{"id":9,"name":"duck","transcription":"[dʌk]","image":"/img/dict/animals/duck.png","translates":[{"lang":"ru-RU","name":"утка"},{"lang":"vi-VN","name":"vịt"},{"lang":"zh-CN","name":"鸭"},{"lang":"hi-IN","name":"बत्तख"},{"lang":"th-TH","name":"เป็ด"},{"lang":"tr-TR","name":"ördek"},{"lang":"pt-BR","name":"pato"},{"lang":"de-DE","name":"Ente"},{"lang":"id-ID","name":"bebek"},{"lang":"fr-FR","name":"canard"}]},{"id":12,"name":"pig","transcription":"[pɪɡ]","image":"/img/dict/animals/pig.png","translates":[{"lang":"ru-RU","name":"свинья"},{"lang":"vi-VN","name":"lợn"},{"lang":"zh-CN","name":"猪"},{"lang":"hi-IN","name":"सूअर"},{"lang":"th-TH","name":"หมู"},{"lang":"tr-TR","name":"domuz"},{"lang":"pt-BR","name":"porco"},{"lang":"de-DE","name":"Schwein"},{"lang":"id-ID","name":"babi"},{"lang":"fr-FR","name":"cochon"}]},{"id":15,"name":"cow","transcription":"[kaʊ]","image":"/img/dict/animals/cow.png","translates":[{"lang":"ru-RU","name":"корова"},{"lang":"vi-VN","name":"bò cái"},{"lang":"zh-CN","name":"奶牛"},{"lang":"hi-IN","name":"गाय"},{"lang":"th-TH","name":"วัว"},{"lang":"tr-TR","name":"inek"},{"lang":"pt-BR","name":"vaca"},{"lang":"de-DE","name":"Kuh"},{"lang":"id-ID","name":"sapi"},{"lang":"fr-FR","name":"vache"}]},{"id":18,"name":"hen","transcription":"[hen]","image":"/img/dict/animals/hen.png","translates":[{"lang":"ru-RU","name":"курица"},{"lang":"vi-VN","name":"gà mái"},{"lang":"zh-CN","name":"母鸡"},{"lang":"hi-IN","name":"मुर्गी"},{"lang":"th-TH","name":"แม่ไก่"},{"lang":"tr-TR","name":"tavuk"},{"lang":"pt-BR","name":"galinha"},{"lang":"de-DE","name":"Henne"},{"lang":"id-ID","name":"ayam betina"},{"lang":"fr-FR","name":"poule"}]},{"id":9,"name":"ant","transcription":"[ænt]","image":"/img/dict/animals/ant.png","translates":[{"lang":"ru-RU","name":"муравей"},{"lang":"vi-VN","name":"kiến"},{"lang":"zh-CN","name":"蚂蚁"},{"lang":"hi-IN","name":"चींटी"},{"lang":"th-TH","name":"มด"},{"lang":"tr-TR","name":"karınca"},{"lang":"pt-BR","name":"formiga"},{"lang":"de-DE","name":"Ameise"},{"lang":"id-ID","name":"semut"},{"lang":"fr-FR","name":"fourmi"}]},{"id":14,"name":"bee","transcription":"[biː]","image":"/img/dict/animals/bee.png","translates":[{"lang":"ru-RU","name":"пчела"},{"lang":"vi-VN","name":"ong"},{"lang":"zh-CN","name":"蜜蜂"},{"lang":"hi-IN","name":"मधुमक्खी"},{"lang":"th-TH","name":"ผึ้ง"},{"lang":"tr-TR","name":"arı"},{"lang":"pt-BR","name":"abelha"},{"lang":"de-DE","name":"Biene"},{"lang":"id-ID","name":"lebah"},{"lang":"fr-FR","name":"abeille"}]},{"id":23,"name":"fly","transcription":"[flaɪ]","image":"/img/dict/animals/fly.png","translates":[{"lang":"ru-RU","name":"муха"},{"lang":"vi-VN","name":"ruồi"},{"lang":"zh-CN","name":"苍蝇"},{"lang":"hi-IN","name":"मक्खी"},{"lang":"th-TH","name":"แมลงวัน"},{"lang":"tr-TR","name":"sinek"},{"lang":"pt-BR","name":"mosca"},{"lang":"de-DE","name":"Fliege"},{"lang":"id-ID","name":"lalat"},{"lang":"fr-FR","name":"mouche"}]},{"id":10,"name":"Lion","transcription":"[ˈlaɪən]","image":"/img/dict/animals/lion.png","translates":[{"lang":"ru-RU","name":"Лев"},{"lang":"vi-VN","name":"Sư tử"},{"lang":"zh-CN","name":"狮子"},{"lang":"hi-IN","name":"शेर"},{"lang":"th-TH","name":"สิงโต"},{"lang":"tr-TR","name":"Aslan"},{"lang":"pt-BR","name":"Leão"},{"lang":"de-DE","name":"Löwe"},{"lang":"id-ID","name":"Singa"},{"lang":"fr-FR","name":"Lion"}]},{"id":16,"name":"Tiger","transcription":"[ˈtaɪɡər]","image":"/img/dict/animals/tiger.png","translates":[{"lang":"ru-RU","name":"Тигр"},{"lang":"vi-VN","name":"Hổ"},{"lang":"zh-CN","name":"老虎"},{"lang":"hi-IN","name":"बाघ"},{"lang":"th-TH","name":"เสือ"},{"lang":"tr-TR","name":"Kaplan"},{"lang":"pt-BR","name":"Tigre"},{"lang":"de-DE","name":"Tiger"},{"lang":"id-ID","name":"Harimau"},{"lang":"fr-FR","name":"Tigre"}]},{"id":38,"name":"bear","transcription":"[ber]","image":"/img/dict/animals/bear.png","translates":[{"lang":"ru-RU","name":"Медведь"},{"lang":"vi-VN","name":"Gấu"},{"lang":"zh-CN","name":"熊"},{"lang":"hi-IN","name":"भालू"},{"lang":"th-TH","name":"หมี"},{"lang":"tr-TR","name":"Ayı"},{"lang":"pt-BR","name":"Urso"},{"lang":"de-DE","name":"Bär"},{"lang":"id-ID","name":"Beruang"},{"lang":"fr-FR","name":"Ours"}]}]}