{"name":"nature_weather.json","isRandom":true,"isBlur":true,"isUpper":true,"isByWords":false,"isForAdult":false,"separator":"","numWords":169,"tags":["nature","weather"],"Translations":[],"items":[{"id":0,"name":"cold biting wind","transcription":"[]","image":"/fake_path/cold_biting_wind.png","translates":[{"lang":"ru-Ru","name":"холодный резкий ветер"},{"lang":"vi","name":"gió lạnh cắt da"},{"lang":"zh","name":"刺骨的寒风"},{"lang":"hi","name":"कड़ाके की ठंडी हवा"},{"lang":"th","name":"ลมหนาวกัด"},{"lang":"tr","name":"dondurucu rüzgar"},{"lang":"pt-BR","name":"vento frio cortante"},{"lang":"de","name":"beißender kalter Wind"},{"lang":"id","name":"angin dingin yang menusuk"},{"lang":"fr","name":"vent froid mordant"}]},{"id":1,"name":"pleasant","transcription":"[pleznt]","image":"/fake_path/pleasant.png","translates":[{"lang":"ru-Ru","name":"приятный"},{"lang":"vi","name":"dễ chịu"},{"lang":"zh","name":"宜人的"},{"lang":"hi","name":"सुखद"},{"lang":"th","name":"น่าพอใจ"},{"lang":"tr","name":"hoş"},{"lang":"pt-BR","name":"agradável"},{"lang":"de","name":"angenehm"},{"lang":"id","name":"menyenangkan"},{"lang":"fr","name":"agréable"}]},{"id":2,"name":"foggy","transcription":"[ˈfɒgɪ]","image":"/fake_path/foggy.png","translates":[{"lang":"ru-Ru","name":"туманный"},{"lang":"vi","name":"có sương mù"},{"lang":"zh","name":"有雾的"},{"lang":"hi","name":"कोहरा"},{"lang":"th","name":"มีหมอก"},{"lang":"tr","name":"sisli"},{"lang":"pt-BR","name":"nevoento"},{"lang":"de","name":"neblig"},{"lang":"id","name":"berkabut"},{"lang":"fr","name":"brumeux"}]},{"id":3,"name":"it lightens","transcription":"[]","image":"/fake_path/it_lightens.png","translates":[{"lang":"ru-Ru","name":"сверкает молния"},{"lang":"vi","name":"chớp sáng"},{"lang":"zh","name":"闪电"},{"lang":"hi","name":"बिजली चमकती है"},{"lang":"th","name":"ฟ้าแลบ"},{"lang":"tr","name":"şimşek çakar"},{"lang":"pt-BR","name":"relampeja"},{"lang":"de","name":"es blitzt"},{"lang":"id","name":"kilat"},{"lang":"fr","name":"éclair"}]},{"id":4,"name":"good","transcription":"[gʊd]","image":"/fake_path/good.png","translates":[{"lang":"ru-Ru","name":"хороший"},{"lang":"vi","name":"tốt"},{"lang":"zh","name":"好的"},{"lang":"hi","name":"अच्छा"},{"lang":"th","name":"ดี"},{"lang":"tr","name":"iyi"},{"lang":"pt-BR","name":"bom"},{"lang":"de","name":"gut"},{"lang":"id","name":"bagus"},{"lang":"fr","name":"bon"}]},{"id":5,"name":"weather forecast","transcription":"[]","image":"/fake_path/weather_forecast.png","translates":[{"lang":"ru-Ru","name":"прогноз погоды"},{"lang":"vi","name":"dự báo thời tiết"},{"lang":"zh","name":"天气预报"},{"lang":"hi","name":"मौसम पूर्वानुमान"},{"lang":"th","name":"พยากรณ์อากาศ"},{"lang":"tr","name":"hava durumu tahmini"},{"lang":"pt-BR","name":"previsão do tempo"},{"lang":"de","name":"Wettervorhersage"},{"lang":"id","name":"prakiraan cuaca"},{"lang":"fr","name":"prévisions météo"}]},{"id":6,"name":"thunderbolt","transcription":"[]","image":"/fake_path/thunderbolt.png","translates":[{"lang":"ru-Ru","name":"удар молнии"},{"lang":"vi","name":"tia chớp"},{"lang":"zh","name":"霹雳"},{"lang":"hi","name":"आकाशीय बिजली"},{"lang":"th","name":"ฟ้าผ่า"},{"lang":"tr","name":"yıldırım"},{"lang":"pt-BR","name":"raio"},{"lang":"de","name":"Blitzschlag"},{"lang":"id","name":"petir"},{"lang":"fr","name":"coup de foudre"}]},{"id":7,"name":"lighten","transcription":"[laɪtn]","image":"/fake_path/lighten.png","translates":[{"lang":"ru-Ru","name":"светлеть"},{"lang":"vi","name":"sáng lên"},{"lang":"zh","name":"变亮"},{"lang":"hi","name":"रोशनी"},{"lang":"th","name":"สว่างขึ้น"},{"lang":"tr","name":"aydınlanmak"},{"lang":"pt-BR","name":"clarear"},{"lang":"de","name":"aufhellen"},{"lang":"id","name":"menerangi"},{"lang":"fr","name":"éclaircir"}]},{"id":8,"name":"squall","transcription":"[skwɔːl]","image":"/fake_path/squall.png","translates":[{"lang":"ru-Ru","name":"шквал"},{"lang":"vi","name":"cơn gió mạnh"},{"lang":"zh","name":"狂风"},{"lang":"hi","name":"झोंका"},{"lang":"th","name":"ลมพายุ"},{"lang":"tr","name":"sert rüzgar"},{"lang":"pt-BR","name":"rajada"},{"lang":"de","name":"Bö"},{"lang":"id","name":"angin kencang"},{"lang":"fr","name":"bourrasque"}]},{"id":9,"name":"pouring","transcription":"[ˈpɔːrɪŋ]","image":"/fake_path/pouring.png","translates":[{"lang":"ru-Ru","name":"проливной"},{"lang":"vi","name":"mưa xối xả"},{"lang":"zh","name":"倾盆大雨"},{"lang":"hi","name":"मूसलाधार"},{"lang":"th","name":"ฝนตกหนัก"},{"lang":"tr","name":"sağanak"},{"lang":"pt-BR","name":"dilúvio"},{"lang":"de","name":"gießend"},{"lang":"id","name":"hujan deras"},{"lang":"fr","name":"déluge"}]},{"id":10,"name":"temperate","transcription":"[ˈtempərɪt]","image":"/fake_path/temperate.png","translates":[{"lang":"ru-Ru","name":"умеренный"},{"lang":"vi","name":"ôn hòa"},{"lang":"zh","name":"温和的"},{"lang":"hi","name":"संयमित"},{"lang":"th","name":"ปานกลาง"},{"lang":"tr","name":"ılıman"},{"lang":"pt-BR","name":"temperado"},{"lang":"de","name":"gemäßigt"},{"lang":"id","name":"sedang"},{"lang":"fr","name":"tempéré"}]},{"id":11,"name":"fierce","transcription":"[fɪəs]","image":"/fake_path/fierce.png","translates":[{"lang":"ru-Ru","name":"свирепый"},{"lang":"vi","name":"dữ dội"},{"lang":"zh","name":"猛烈的"},{"lang":"hi","name":"भयंकर"},{"lang":"th","name":"รุนแรง"},{"lang":"tr","name":"şiddetli"},{"lang":"pt-BR","name":"feroz"},{"lang":"de","name":"heftig"},{"lang":"id","name":"ganas"},{"lang":"fr","name":"féroce"}]},{"id":12,"name":"gale-force","transcription":"[]","image":"/fake_path/gale-force.png","translates":[{"lang":"ru-Ru","name":"шквальный"},{"lang":"vi","name":"gió mạnh"},{"lang":"zh","name":"大风"},{"lang":"hi","name":"तेज हवा"},{"lang":"th","name":"ลมแรง"},{"lang":"tr","name":"fırtına kuvvetinde"},{"lang":"pt-BR","name":"força de vendaval"},{"lang":"de","name":"Sturmstärke"},{"lang":"id","name":"angin kencang"},{"lang":"fr","name":"force de tempête"}]},{"id":13,"name":"heavy rain","transcription":"[]","image":"/fake_path/heavy_rain.png","translates":[{"lang":"ru-Ru","name":"проливной дождь"},{"lang":"vi","name":"mưa lớn"},{"lang":"zh","name":"大雨"},{"lang":"hi","name":"भारी बारिश"},{"lang":"th","name":"ฝนตกหนัก"},{"lang":"tr","name":"şiddetli yağmur"},{"lang":"pt-BR","name":"chuva forte"},{"lang":"de","name":"starker Regen"},{"lang":"id","name":"hujan deras"},{"lang":"fr","name":"pluie battante"}]},{"id":14,"name":"hurricane","transcription":"[ˈhʌrɪkən]","image":"/fake_path/hurricane.png","translates":[{"lang":"ru-Ru","name":"ураган"},{"lang":"vi","name":"bão"},{"lang":"zh","name":"飓风"},{"lang":"hi","name":"तूफान"},{"lang":"th","name":"พายุเฮอริเคน"},{"lang":"tr","name":"kasırga"},{"lang":"pt-BR","name":"furacão"},{"lang":"de","name":"Hurrikan"},{"lang":"id","name":"badai"},{"lang":"fr","name":"ouragan"}]},{"id":15,"name":"strong","transcription":"[strɒŋ]","image":"/fake_path/strong.png","translates":[{"lang":"ru-Ru","name":"сильный"},{"lang":"vi","name":"mạnh"},{"lang":"zh","name":"强大的"},{"lang":"hi","name":"मजबूत"},{"lang":"th","name":"แข็งแรง"},{"lang":"tr","name":"güçlü"},{"lang":"pt-BR","name":"forte"},{"lang":"de","name":"stark"},{"lang":"id","name":"kuat"},{"lang":"fr","name":"fort"}]},{"id":16,"name":"storm","transcription":"[stɔːm]","image":"/fake_path/storm.png","translates":[{"lang":"ru-Ru","name":"шторм"},{"lang":"vi","name":"bão"},{"lang":"zh","name":"风暴"},{"lang":"hi","name":"तूफान"},{"lang":"th","name":"พายุ"},{"lang":"tr","name":"fırtına"},{"lang":"pt-BR","name":"tempestade"},{"lang":"de","name":"Sturm"},{"lang":"id","name":"badai"},{"lang":"fr","name":"tempête"}]},{"id":17,"name":"cool","transcription":"[kuːl]","image":"/fake_path/cool.png","translates":[{"lang":"ru-Ru","name":"прохладный"},{"lang":"vi","name":"mát mẻ"},{"lang":"zh","name":"凉爽的"},{"lang":"hi","name":"ठंडा"},{"lang":"th","name":"เย็น"},{"lang":"tr","name":"serin"},{"lang":"pt-BR","name":"fresco"},{"lang":"de","name":"kühl"},{"lang":"id","name":"sejuk"},{"lang":"fr","name":"frais"}]},{"id":18,"name":"strengthen","transcription":"[ˈstreŋθən]","image":"/fake_path/strengthen.png","translates":[{"lang":"ru-Ru","name":"усиливаться"},{"lang":"vi","name":"mạnh lên"},{"lang":"zh","name":"加强"},{"lang":"hi","name":"मजबूत होना"},{"lang":"th","name":"แข็งแกร่งขึ้น"},{"lang":"tr","name":"güçlenmek"},{"lang":"pt-BR","name":"fortalecer"},{"lang":"de","name":"verstärken"},{"lang":"id","name":"menguatkan"},{"lang":"fr","name":"renforcer"}]},{"id":19,"name":"strong wind","transcription":"[]","image":"/fake_path/strong_wind.png","translates":[{"lang":"ru-Ru","name":"сильный ветер"},{"lang":"vi","name":"gió mạnh"},{"lang":"zh","name":"强风"},{"lang":"hi","name":"तेज हवा"},{"lang":"th","name":"ลมแรง"},{"lang":"tr","name":"kuvvetli rüzgar"},{"lang":"pt-BR","name":"vento forte"},{"lang":"de","name":"starker Wind"},{"lang":"id","name":"angin kencang"},{"lang":"fr","name":"vent fort"}]},{"id":20,"name":"temperature","transcription":"[ˈtemp(ə)rəʧə]","image":"/fake_path/temperature.png","translates":[{"lang":"ru-Ru","name":"температура"},{"lang":"vi","name":"nhiệt độ"},{"lang":"zh","name":"温度"},{"lang":"hi","name":"तापमान"},{"lang":"th","name":"อุณหภูมิ"},{"lang":"tr","name":"sıcaklık"},{"lang":"pt-BR","name":"temperatura"},{"lang":"de","name":"Temperatur"},{"lang":"id","name":"suhu"},{"lang":"fr","name":"température"}]},{"id":21,"name":"clear up","transcription":"[]","image":"/fake_path/clear_up.png","translates":[{"lang":"ru-Ru","name":"проясняться"},{"lang":"vi","name":"quang đãng"},{"lang":"zh","name":"放晴"},{"lang":"hi","name":"साफ होना"},{"lang":"th","name":"แจ่มใส"},{"lang":"tr","name":"açmak"},{"lang":"pt-BR","name":"clarear"},{"lang":"de","name":"aufklaren"},{"lang":"id","name":"cerah"},{"lang":"fr","name":"s\u0027éclaircir"}]},{"id":22,"name":"drop","transcription":"[drɒp]","image":"/fake_path/drop.png","translates":[{"lang":"ru-Ru","name":"успокаиваться"},{"lang":"vi","name":"giảm"},{"lang":"zh","name":"下降"},{"lang":"hi","name":"गिरना"},{"lang":"th","name":"ลดลง"},{"lang":"tr","name":"düşmek"},{"lang":"pt-BR","name":"cair"},{"lang":"de","name":"fallen"},{"lang":"id","name":"turun"},{"lang":"fr","name":"baisser"}]},{"id":23,"name":"synoptic","transcription":"[]","image":"/fake_path/synoptic.png","translates":[{"lang":"ru-Ru","name":"синоптик"},{"lang":"vi","name":"nhà khí tượng"},{"lang":"zh","name":"气象学家"},{"lang":"hi","name":"मौसम विज्ञानी"},{"lang":"th","name":"นักอุตุนิยมวิทยา"},{"lang":"tr","name":"sinoptik"},{"lang":"pt-BR","name":"sinótico"},{"lang":"de","name":"Synoptiker"},{"lang":"id","name":"ahli meteorologi"},{"lang":"fr","name":"synoptique"}]},{"id":24,"name":"warm","transcription":"[wɔːm]","image":"/fake_path/warm.png","translates":[{"lang":"ru-Ru","name":"теплый"},{"lang":"vi","name":"ấm áp"},{"lang":"zh","name":"温暖的"},{"lang":"hi","name":"गर्म"},{"lang":"th","name":"อบอุ่น"},{"lang":"tr","name":"ılık"},{"lang":"pt-BR","name":"quente"},{"lang":"de","name":"warm"},{"lang":"id","name":"hangat"},{"lang":"fr","name":"chaud"}]},{"id":25,"name":"rainbow","transcription":"[ˈreɪnbəʊ]","image":"/fake_path/rainbow.png","translates":[{"lang":"ru-Ru","name":"радуга"},{"lang":"vi","name":"cầu vồng"},{"lang":"zh","name":"彩虹"},{"lang":"hi","name":"इंद्रधनुष"},{"lang":"th","name":"รุ้ง"},{"lang":"tr","name":"gökkuşağı"},{"lang":"pt-BR","name":"arco-íris"},{"lang":"de","name":"Regenbogen"},{"lang":"id","name":"pelangi"},{"lang":"fr","name":"arc-en-ciel"}]},{"id":26,"name":"set in","transcription":"[]","image":"/fake_path/","translates":[{"lang":"ru-Ru","name":"установиться"},{"lang":"vi","name":"ổn định"},{"lang":"zh","name":"固定"},{"lang":"hi","name":"स्थापित होना"},{"lang":"th","name":"ตั้งมั่น"},{"lang":"tr","name":"yerleşmek"},{"lang":"pt-BR","name":"estabelecer"},{"lang":"de","name":"sich einstellen"},{"lang":"id","name":"tertanam"},{"lang":"fr","name":"s\u0027installer"}]},{"id":27,"name":"gentle","transcription":"[ʤentl]","image":"/fake_path/gentle.png","translates":[{"lang":"ru-Ru","name":"слабый"},{"lang":"vi","name":"nhẹ nhàng"},{"lang":"zh","name":"温和的"},{"lang":"hi","name":"हल्का"},{"lang":"th","name":"อ่อนโยน"},{"lang":"tr","name":"nazik"},{"lang":"pt-BR","name":"suave"},{"lang":"de","name":"sanft"},{"lang":"id","name":"lembut"},{"lang":"fr","name":"doux"}]},{"id":28,"name":"warm wind","transcription":"[]","image":"/fake_path/warm_wind.png","translates":[{"lang":"ru-Ru","name":"теплый ветер"},{"lang":"vi","name":"gió ấm"},{"lang":"zh","name":"暖风"},{"lang":"hi","name":"गर्म हवा"},{"lang":"th","name":"ลมอุ่น"},{"lang":"tr","name":"ılık rüzgar"},{"lang":"pt-BR","name":"vento quente"},{"lang":"de","name":"warmer Wind"},{"lang":"id","name":"angin hangat"},{"lang":"fr","name":"vent chaud"}]},{"id":29,"name":"thunderclap","transcription":"[]","image":"/fake_path/thunderclap.png","translates":[{"lang":"ru-Ru","name":"раскат грома"},{"lang":"vi","name":"tiếng sấm"},{"lang":"zh","name":"雷声"},{"lang":"hi","name":"गरज"},{"lang":"th","name":"เสียงฟ้าร้อง"},{"lang":"tr","name":"gök gürültüsü"},{"lang":"pt-BR","name":"trovão"},{"lang":"de","name":"Donnerschlag"},{"lang":"id","name":"gelegar petir"},{"lang":"fr","name":"coup de tonnerre"}]},{"id":30,"name":"pour down","transcription":"[]","image":"/fake_path/pour_down.png","translates":[{"lang":"ru-Ru","name":"хлынуть"},{"lang":"vi","name":"đổ xuống"},{"lang":"zh","name":"倾泻"},{"lang":"hi","name":"बरसना"},{"lang":"th","name":"เทลงมา"},{"lang":"tr","name":"yağmak"},{"lang":"pt-BR","name":"despejar"},{"lang":"de","name":"herabstürzen"},{"lang":"id","name":"mengalir deras"},{"lang":"fr","name":"déverser"}]},{"id":31,"name":"mud","transcription":"[mʌd]","image":"/fake_path/mud.png","translates":[{"lang":"ru-Ru","name":"слякоть"},{"lang":"vi","name":"bùn"},{"lang":"zh","name":"泥"},{"lang":"hi","name":"कीचड़"},{"lang":"th","name":"โคลน"},{"lang":"tr","name":"çamur"},{"lang":"pt-BR","name":"lama"},{"lang":"de","name":"Schlamm"},{"lang":"id","name":"lumpur"},{"lang":"fr","name":"boue"}]},{"id":32,"name":"tornado","transcription":"[tɔːˈneɪdəʊ]","image":"/fake_path/tornado.png","translates":[{"lang":"ru-Ru","name":"торнадо"},{"lang":"vi","name":"lốc xoáy"},{"lang":"zh","name":"龙卷风"},{"lang":"hi","name":"बवंडर"},{"lang":"th","name":"พายุทอร์นาโด"},{"lang":"tr","name":"tornado"},{"lang":"pt-BR","name":"tornado"},{"lang":"de","name":"Tornado"},{"lang":"id","name":"tornado"},{"lang":"fr","name":"tornade"}]},{"id":33,"name":"biting","transcription":"[ˈbaɪtɪŋ]","image":"/fake_path/biting.png","translates":[{"lang":"ru-Ru","name":"резкий"},{"lang":"vi","name":"cắt da"},{"lang":"zh","name":"刺骨的"},{"lang":"hi","name":"कटु"},{"lang":"th","name":"กัด"},{"lang":"tr","name":"keskin"},{"lang":"pt-BR","name":"cortante"},{"lang":"de","name":"beißend"},{"lang":"id","name":"tajam"},{"lang":"fr","name":"mordant"}]},{"id":34,"name":"cold","transcription":"[kəʊld]","image":"/fake_path/cold.png","translates":[{"lang":"ru-Ru","name":"холодный"},{"lang":"vi","name":"lạnh"},{"lang":"zh","name":"冷的"},{"lang":"hi","name":"ठंडा"},{"lang":"th","name":"หนาว"},{"lang":"tr","name":"soğuk"},{"lang":"pt-BR","name":"frio"},{"lang":"de","name":"kalt"},{"lang":"id","name":"dingin"},{"lang":"fr","name":"froid"}]},{"id":35,"name":"lovely","transcription":"[ˈlʌvlɪ]","image":"/fake_path/lovely.png","translates":[{"lang":"ru-Ru","name":"прекрасный"},{"lang":"vi","name":"tuyệt vời"},{"lang":"zh","name":"可爱的"},{"lang":"hi","name":"प्यारा"},{"lang":"th","name":"น่ารัก"},{"lang":"tr","name":"güzel"},{"lang":"pt-BR","name":"adorável"},{"lang":"de","name":"herrlich"},{"lang":"id","name":"indah"},{"lang":"fr","name":"magnifique"}]},{"id":36,"name":"tropical","transcription":"[ˈtrɒpɪkəl]","image":"/fake_path/tropical.png","translates":[{"lang":"ru-Ru","name":"тропический"},{"lang":"vi","name":"nhiệt đới"},{"lang":"zh","name":"热带的"},{"lang":"hi","name":"उष्णकटिबंधीय"},{"lang":"th","name":"เขตร้อน"},{"lang":"tr","name":"tropikal"},{"lang":"pt-BR","name":"tropical"},{"lang":"de","name":"tropisch"},{"lang":"id","name":"tropis"},{"lang":"fr","name":"tropical"}]},{"id":37,"name":"dew","transcription":"[djuː]","image":"/fake_path/dew.png","translates":[{"lang":"ru-Ru","name":"роса"},{"lang":"vi","name":"sương"},{"lang":"zh","name":"露水"},{"lang":"hi","name":"ओस"},{"lang":"th","name":"น้ำค้าง"},{"lang":"tr","name":"çiy"},{"lang":"pt-BR","name":"orvalho"},{"lang":"de","name":"Tau"},{"lang":"id","name":"embun"},{"lang":"fr","name":"rosée"}]},{"id":38,"name":"cold wind","transcription":"[]","image":"/fake_path/cold_wind.png","translates":[{"lang":"ru-Ru","name":"холодный ветер"},{"lang":"vi","name":"gió lạnh"},{"lang":"zh","name":"冷风"},{"lang":"hi","name":"ठंडी हवा"},{"lang":"th","name":"ลมหนาว"},{"lang":"tr","name":"soğuk rüzgar"},{"lang":"pt-BR","name":"vento frio"},{"lang":"de","name":"kalter Wind"},{"lang":"id","name":"angin dingin"},{"lang":"fr","name":"vent froid"}]},{"id":39,"name":"cease","transcription":"[siːs]","image":"/fake_path/cease.png","translates":[{"lang":"ru-Ru","name":"прекратиться"},{"lang":"vi","name":"ngừng"},{"lang":"zh","name":"停止"},{"lang":"hi","name":"बंद होना"},{"lang":"th","name":"หยุด"},{"lang":"tr","name":"durmak"},{"lang":"pt-BR","name":"cessar"},{"lang":"de","name":"aufhören"},{"lang":"id","name":"berhenti"},{"lang":"fr","name":"cesser"}]},{"id":40,"name":"fog","transcription":"[fɒg]","image":"/fake_path/fog.png","translates":[{"lang":"ru-Ru","name":"туман"},{"lang":"vi","name":"sương mù"},{"lang":"zh","name":"雾"},{"lang":"hi","name":"कोहरा"},{"lang":"th","name":"หมอก"},{"lang":"tr","name":"sis"},{"lang":"pt-BR","name":"névoa"},{"lang":"de","name":"Nebel"},{"lang":"id","name":"kabut"},{"lang":"fr","name":"brouillard"}]},{"id":41,"name":"breezy","transcription":"[ˈbriːzɪ]","image":"/fake_path/breezy.png","translates":[{"lang":"ru-Ru","name":"свежий"},{"lang":"vi","name":"có gió nhẹ"},{"lang":"zh","name":"有微风的"},{"lang":"hi","name":"हवादार"},{"lang":"th","name":"มีลมแรง"},{"lang":"tr","name":"esintili"},{"lang":"pt-BR","name":"brisado"},{"lang":"de","name":"luftig"},{"lang":"id","name":"berangin"},{"lang":"fr","name":"venteux"}]},{"id":42,"name":"pour","transcription":"[pɔː]","image":"/fake_path/pour.png","translates":[{"lang":"ru-Ru","name":"лить"},{"lang":"vi","name":"đổ"},{"lang":"zh","name":"倾泻"},{"lang":"hi","name":"बहना"},{"lang":"th","name":"เท"},{"lang":"tr","name":"dökmek"},{"lang":"pt-BR","name":"despejar"},{"lang":"de","name":"gießen"},{"lang":"id","name":"menuangkan"},{"lang":"fr","name":"verser"}]},{"id":43,"name":"thunder","transcription":"[ˈθʌndə]","image":"/fake_path/thunder.png","translates":[{"lang":"ru-Ru","name":"гром"},{"lang":"vi","name":"sấm"},{"lang":"zh","name":"雷"},{"lang":"hi","name":"गरज"},{"lang":"th","name":"ฟ้าร้อง"},{"lang":"tr","name":"gök gürültüsü"},{"lang":"pt-BR","name":"trovão"},{"lang":"de","name":"Donner"},{"lang":"id","name":"petir"},{"lang":"fr","name":"tonnerre"}]},{"id":44,"name":"drizzle","transcription":"[drɪzl]","image":"/fake_path/drizzle.png","translates":[{"lang":"ru-Ru","name":"моросить"},{"lang":"vi","name":"mưa phùn"},{"lang":"zh","name":"毛毛雨"},{"lang":"hi","name":"बूंदाबांदी"},{"lang":"th","name":"ฝนตกปรอยๆ"},{"lang":"tr","name":"çiselemek"},{"lang":"pt-BR","name":"chuvisco"},{"lang":"de","name":"nieseln"},{"lang":"id","name":"gerimis"},{"lang":"fr","name":"bruine"}]},{"id":45,"name":"blow","transcription":"[bləʊ]","image":"/fake_path/blow.png","translates":[{"lang":"ru-Ru","name":"дуть"},{"lang":"vi","name":"thổi"},{"lang":"zh","name":"吹"},{"lang":"hi","name":"हवा चलना"},{"lang":"th","name":"พัด"},{"lang":"tr","name":"esmek"},{"lang":"pt-BR","name":"soprar"},{"lang":"de","name":"blasen"},{"lang":"id","name":"menghembus"},{"lang":"fr","name":"souffler"}]},{"id":46,"name":"puddle","transcription":"[pʌdl]","image":"/fake_path/puddle.png","translates":[{"lang":"ru-Ru","name":"лужа"},{"lang":"vi","name":"vũng nước"},{"lang":"zh","name":"水坑"},{"lang":"hi","name":"पोखर"},{"lang":"th","name":"แอ่งน้ำ"},{"lang":"tr","name":"su birikintisi"},{"lang":"pt-BR","name":"poça"},{"lang":"de","name":"Pfütze"},{"lang":"id","name":"genangan air"},{"lang":"fr","name":"flaque"}]},{"id":47,"name":"dense","transcription":"[dens]","image":"/fake_path/dense.png","translates":[{"lang":"ru-Ru","name":"густой"},{"lang":"vi","name":"dày đặc"},{"lang":"zh","name":"密集的"},{"lang":"hi","name":"घना"},{"lang":"th","name":"หนาแน่น"},{"lang":"tr","name":"yoğun"},{"lang":"pt-BR","name":"denso"},{"lang":"de","name":"dicht"},{"lang":"id","name":"padat"},{"lang":"fr","name":"dense"}]},{"id":48,"name":"maritime","transcription":"[ˈmærɪtaɪm]","image":"/fake_path/maritime.png","translates":[{"lang":"ru-Ru","name":"морской"},{"lang":"vi","name":"hàng hải"},{"lang":"zh","name":"海洋的"},{"lang":"hi","name":"समुद्री"},{"lang":"th","name":"ทางทะเล"},{"lang":"tr","name":"deniz"},{"lang":"pt-BR","name":"marítimo"},{"lang":"de","name":"maritim"},{"lang":"id","name":"maritim"},{"lang":"fr","name":"maritime"}]},{"id":49,"name":"mist","transcription":"[mɪst]","image":"/fake_path/mist.png","translates":[{"lang":"ru-Ru","name":"дымка"},{"lang":"vi","name":"sương mù nhẹ"},{"lang":"zh","name":"薄雾"},{"lang":"hi","name":"धुंध"},{"lang":"th","name":"หมอกบาง"},{"lang":"tr","name":"sis"},{"lang":"pt-BR","name":"névoa"},{"lang":"de","name":"Dunst"},{"lang":"id","name":"kabut tipis"},{"lang":"fr","name":"brume"}]},{"id":50,"name":"moon","transcription":"[muːn]","image":"/fake_path/moon.png","translates":[{"lang":"ru-Ru","name":"луна"},{"lang":"vi","name":"mặt trăng"},{"lang":"zh","name":"月亮"},{"lang":"hi","name":"चंद्रमा"},{"lang":"th","name":"ดวงจันทร์"},{"lang":"tr","name":"ay"},{"lang":"pt-BR","name":"lua"},{"lang":"de","name":"Mond"},{"lang":"id","name":"bulan"},{"lang":"fr","name":"lune"}]},{"id":51,"name":"thick fog","transcription":"[]","image":"/fake_path/thick_fog.png","translates":[{"lang":"ru-Ru","name":"густой туман"},{"lang":"vi","name":"sương mù dày đặc"},{"lang":"zh","name":"浓雾"},{"lang":"hi","name":"घना कोहरा"},{"lang":"th","name":"หมอกหนา"},{"lang":"tr","name":"yoğun sis"},{"lang":"pt-BR","name":"névoa espessa"},{"lang":"de","name":"dichter Nebel"},{"lang":"id","name":"kabut tebal"},{"lang":"fr","name":"brouillard épais"}]},{"id":52,"name":"thundery","transcription":"[]","image":"/fake_path/thundery.png","translates":[{"lang":"ru-Ru","name":"мрачный"},{"lang":"vi","name":"có sấm"},{"lang":"zh","name":"有雷的"},{"lang":"hi","name":"गरज के साथ"},{"lang":"th","name":"มีฟ้าร้อง"},{"lang":"tr","name":"gök gürültülü"},{"lang":"pt-BR","name":"tempestuoso"},{"lang":"de","name":"gewittrig"},{"lang":"id","name":"bergemuruh"},{"lang":"fr","name":"orageux"}]},{"id":53,"name":"heat","transcription":"[hiːt]","image":"/fake_path/heat.png","translates":[{"lang":"ru-Ru","name":"жара"},{"lang":"vi","name":"nhiệt"},{"lang":"zh","name":"热"},{"lang":"hi","name":"गर्मी"},{"lang":"th","name":"ความร้อน"},{"lang":"tr","name":"sıcaklık"},{"lang":"pt-BR","name":"calor"},{"lang":"de","name":"Hitze"},{"lang":"id","name":"panas"},{"lang":"fr","name":"chaleur"}]},{"id":54,"name":"sunburst","transcription":"[]","image":"/fake_path/sunburst.png","translates":[{"lang":"ru-Ru","name":"лучи солнца из-за туч"},{"lang":"vi","name":"ánh nắng xuyên mây"},{"lang":"zh","name":"阳光穿透云层"},{"lang":"hi","name":"बादलों से निकलती धूप"},{"lang":"th","name":"แสงอาทิตย์ลอดเมฆ"},{"lang":"tr","name":"bulutların arasından güneş"},{"lang":"pt-BR","name":"raio de sol através das nuvens"},{"lang":"de","name":"Sonnenschein durch Wolken"},{"lang":"id","name":"sinar matahari menembus awan"},{"lang":"fr","name":"rayon de soleil à travers les nuages"}]},{"id":55,"name":"dense clouds","transcription":"[]","image":"/fake_path/dense_clouds.png","translates":[{"lang":"ru-Ru","name":"густые облака"},{"lang":"vi","name":"mây dày đặc"},{"lang":"zh","name":"密云"},{"lang":"hi","name":"घने बादल"},{"lang":"th","name":"เมฆหนาแน่น"},{"lang":"tr","name":"yoğun bulutlar"},{"lang":"pt-BR","name":"nuvens densas"},{"lang":"de","name":"dichte Wolken"},{"lang":"id","name":"awan tebal"},{"lang":"fr","name":"nuages denses"}]},{"id":56,"name":"mild","transcription":"[maɪld]","image":"/fake_path/mild.png","translates":[{"lang":"ru-Ru","name":"мягкий"},{"lang":"vi","name":"ôn hòa"},{"lang":"zh","name":"温和的"},{"lang":"hi","name":"हल्का"},{"lang":"th","name":"อ่อนโยน"},{"lang":"tr","name":"hafif"},{"lang":"pt-BR","name":"suave"},{"lang":"de","name":"mild"},{"lang":"id","name":"ringan"},{"lang":"fr","name":"doux"}]},{"id":57,"name":"sticky","transcription":"[ˈstɪkɪ]","image":"/fake_path/sticky.png","translates":[{"lang":"ru-Ru","name":"жаркий и влажный"},{"lang":"vi","name":"nóng ẩm"},{"lang":"zh","name":"闷热的"},{"lang":"hi","name":"चिपचिपा"},{"lang":"th","name":"เหนียว"},{"lang":"tr","name":"yapış yapış"},{"lang":"pt-BR","name":"pegajoso"},{"lang":"de","name":"schwül"},{"lang":"id","name":"lengket"},{"lang":"fr","name":"collant"}]},{"id":58,"name":"snowstorm","transcription":"[]","image":"/fake_path/snowstorm.png","translates":[{"lang":"ru-Ru","name":"метель"},{"lang":"vi","name":"bão tuyết"},{"lang":"zh","name":"暴风雪"},{"lang":"hi","name":"हिम तूफान"},{"lang":"th","name":"พายุหิมะ"},{"lang":"tr","name":"kar fırtınası"},{"lang":"pt-BR","name":"nevasca"},{"lang":"de","name":"Schneesturm"},{"lang":"id","name":"badai salju"},{"lang":"fr","name":"tempête de neige"}]},{"id":59,"name":"persistent","transcription":"[pəˈsɪstənt]","image":"/fake_path/persistent.png","translates":[{"lang":"ru-Ru","name":"длительный"},{"lang":"vi","name":"liên tục"},{"lang":"zh","name":"持续的"},{"lang":"hi","name":"लगातार"},{"lang":"th","name":"ต่อเนื่อง"},{"lang":"tr","name":"kalıcı"},{"lang":"pt-BR","name":"persistente"},{"lang":"de","name":"anhaltend"},{"lang":"id","name":"terus-menerus"},{"lang":"fr","name":"persistant"}]},{"id":60,"name":"slight wind","transcription":"[]","image":"/fake_path/slight_wind.png","translates":[{"lang":"ru-Ru","name":"легкий ветерок"},{"lang":"vi","name":"gió nhẹ"},{"lang":"zh","name":"微风"},{"lang":"hi","name":"हल्की हवा"},{"lang":"th","name":"ลมอ่อน"},{"lang":"tr","name":"hafif rüzgar"},{"lang":"pt-BR","name":"vento suave"},{"lang":"de","name":"leichter Wind"},{"lang":"id","name":"angin sepoi-sepoi"},{"lang":"fr","name":"vent léger"}]},{"id":61,"name":"hail","transcription":"[heɪl]","image":"/fake_path/hail.png","translates":[{"lang":"ru-Ru","name":"град"},{"lang":"vi","name":"mưa đá"},{"lang":"zh","name":"冰雹"},{"lang":"hi","name":"ओला"},{"lang":"th","name":"ลูกเห็บ"},{"lang":"tr","name":"dolu"},{"lang":"pt-BR","name":"granizo"},{"lang":"de","name":"Hagel"},{"lang":"id","name":"hujan es"},{"lang":"fr","name":"grêle"}]},{"id":62,"name":"weatherman","transcription":"[]","image":"/fake_path/weatherman.png","translates":[{"lang":"ru-Ru","name":"метеоролог"},{"lang":"vi","name":"người dự báo thời tiết"},{"lang":"zh","name":"气象预报员"},{"lang":"hi","name":"मौसम विज्ञानी"},{"lang":"th","name":"นักพยากรณ์อากาศ"},{"lang":"tr","name":"hava durumu sunucusu"},{"lang":"pt-BR","name":"meteorologista"},{"lang":"de","name":"Wetterfrosch"},{"lang":"id","name":"pembaca cuaca"},{"lang":"fr","name":"présentateur météo"}]},{"id":63,"name":"rain clouds","transcription":"[]","image":"/fake_path/rain_clouds.png","translates":[{"lang":"ru-Ru","name":"дождевые тучи"},{"lang":"vi","name":"mây mưa"},{"lang":"zh","name":"雨云"},{"lang":"hi","name":"बारिश के बादल"},{"lang":"th","name":"เมฆฝน"},{"lang":"tr","name":"yağmur bulutları"},{"lang":"pt-BR","name":"nuvens de chuva"},{"lang":"de","name":"Regenwolken"},{"lang":"id","name":"awan hujan"},{"lang":"fr","name":"nuages de pluie"}]},{"id":64,"name":"icy","transcription":"[ˈaɪsɪ]","image":"/fake_path/icy.png","translates":[{"lang":"ru-Ru","name":"ледяной"},{"lang":"vi","name":"băng giá"},{"lang":"zh","name":"冰冷的"},{"lang":"hi","name":"बर्फीला"},{"lang":"th","name":"เป็นน้ำแข็ง"},{"lang":"tr","name":"buzlu"},{"lang":"pt-BR","name":"gelado"},{"lang":"de","name":"eisig"},{"lang":"id","name":"ber-es"},{"lang":"fr","name":"glacial"}]},{"id":65,"name":"hailstone","transcription":"[ˈheɪlstəʊn]","image":"/fake_path/hailstone.png","translates":[{"lang":"ru-Ru","name":"градина"},{"lang":"vi","name":"viên đá"},{"lang":"zh","name":"冰雹"},{"lang":"hi","name":"ओलों"},{"lang":"th","name":"ลูกเห็บ"},{"lang":"tr","name":"dolu tanesi"},{"lang":"pt-BR","name":"pedra de granizo"},{"lang":"de","name":"Hagelkorn"},{"lang":"id","name":"butiran es"},{"lang":"fr","name":"grêlon"}]},{"id":66,"name":"weather station","transcription":"[]","image":"/fake_path/weather_station.png","translates":[{"lang":"ru-Ru","name":"метеорологическая станция"},{"lang":"vi","name":"trạm thời tiết"},{"lang":"zh","name":"气象站"},{"lang":"hi","name":"मौसम केंद्र"},{"lang":"th","name":"สถานีอากาศ"},{"lang":"tr","name":"meteoroloji istasyonu"},{"lang":"pt-BR","name":"estação meteorológica"},{"lang":"de","name":"Wetterstation"},{"lang":"id","name":"stasiun cuaca"},{"lang":"fr","name":"station météo"}]},{"id":67,"name":"wet","transcription":"[wet]","image":"/fake_path/wet.png","translates":[{"lang":"ru-Ru","name":"дождливая погода"},{"lang":"vi","name":"ẩm ướt"},{"lang":"zh","name":"潮湿的"},{"lang":"hi","name":"गीला"},{"lang":"th","name":"เปียก"},{"lang":"tr","name":"ıslak"},{"lang":"pt-BR","name":"molhado"},{"lang":"de","name":"nass"},{"lang":"id","name":"basah"},{"lang":"fr","name":"humide"}]},{"id":68,"name":"lie","transcription":"[laɪ]","image":"/fake_path/lie.png","translates":[{"lang":"ru-Ru","name":"лежать"},{"lang":"vi","name":"nằm"},{"lang":"zh","name":"躺"},{"lang":"hi","name":"लेटना"},{"lang":"th","name":"นอน"},{"lang":"tr","name":"yatmak"},{"lang":"pt-BR","name":"deitar"},{"lang":"de","name":"liegen"},{"lang":"id","name":"berbaring"},{"lang":"fr","name":"être couché"}]},{"id":69,"name":"degrees","transcription":"[dɪˈgriːz]","image":"/fake_path/degrees.png","translates":[{"lang":"ru-Ru","name":"градусы"},{"lang":"vi","name":"độ"},{"lang":"zh","name":"度"},{"lang":"hi","name":"डिग्री"},{"lang":"th","name":"องศา"},{"lang":"tr","name":"derece"},{"lang":"pt-BR","name":"graus"},{"lang":"de","name":"Grad"},{"lang":"id","name":"derajat"},{"lang":"fr","name":"degrés"}]},{"id":70,"name":"wet snow","transcription":"[]","image":"/fake_path/wet_snow.png","translates":[{"lang":"ru-Ru","name":"мокрый снег"},{"lang":"vi","name":"tuyết ướt"},{"lang":"zh","name":"湿雪"},{"lang":"hi","name":"गीला बर्फ"},{"lang":"th","name":"หิมะเปียก"},{"lang":"tr","name":"ıslak kar"},{"lang":"pt-BR","name":"neve molhada"},{"lang":"de","name":"nasser Schnee"},{"lang":"id","name":"salju basah"},{"lang":"fr","name":"neige mouillée"}]},{"id":71,"name":"rainy","transcription":"[ˈreɪnɪ]","image":"/fake_path/rainy.png","translates":[{"lang":"ru-Ru","name":"дождливый"},{"lang":"vi","name":"có mưa"},{"lang":"zh","name":"多雨的"},{"lang":"hi","name":"बरसाती"},{"lang":"th","name":"ฝนตก"},{"lang":"tr","name":"yağmurlu"},{"lang":"pt-BR","name":"chuvoso"},{"lang":"de","name":"regnerisch"},{"lang":"id","name":"hujan"},{"lang":"fr","name":"pluvieux"}]},{"id":72,"name":"shower","transcription":"[ˈʃaʊə]","image":"/fake_path/shower.png","translates":[{"lang":"ru-Ru","name":"ливень"},{"lang":"vi","name":"mưa rào"},{"lang":"zh","name":"阵雨"},{"lang":"hi","name":"बौछार"},{"lang":"th","name":"ฝนตกปรอยๆ"},{"lang":"tr","name":"sağanak"},{"lang":"pt-BR","name":"chuva rápida"},{"lang":"de","name":"Schauer"},{"lang":"id","name":"hujan rintik-rintik"},{"lang":"fr","name":"averse"}]},{"id":73,"name":"it thunders","transcription":"[]","image":"/fake_path/it_thunders.png","translates":[{"lang":"ru-Ru","name":"гремит гром"},{"lang":"vi","name":"sấm sét"},{"lang":"zh","name":"打雷"},{"lang":"hi","name":"गरज"},{"lang":"th","name":"ฟ้าร้อง"},{"lang":"tr","name":"gök gürlüyor"},{"lang":"pt-BR","name":"troveja"},{"lang":"de","name":"es donnert"},{"lang":"id","name":"guntur"},{"lang":"fr","name":"il tonne"}]},{"id":74,"name":"lightning","transcription":"[ˈlaɪtnɪŋ]","image":"/fake_path/lightning.png","translates":[{"lang":"ru-Ru","name":"молния"},{"lang":"vi","name":"tia chớp"},{"lang":"zh","name":"闪电"},{"lang":"hi","name":"बिजली"},{"lang":"th","name":"ฟ้าผ่า"},{"lang":"tr","name":"şimşek"},{"lang":"pt-BR","name":"relâmpago"},{"lang":"de","name":"Blitz"},{"lang":"id","name":"kilat"},{"lang":"fr","name":"éclair"}]},{"id":75,"name":"rain","transcription":"[reɪn]","image":"/fake_path/rain.png","translates":[{"lang":"ru-Ru","name":"дождь"},{"lang":"vi","name":"mưa"},{"lang":"zh","name":"雨"},{"lang":"hi","name":"बारिश"},{"lang":"th","name":"ฝน"},{"lang":"tr","name":"yağmur"},{"lang":"pt-BR","name":"chuva"},{"lang":"de","name":"Regen"},{"lang":"id","name":"hujan"},{"lang":"fr","name":"pluie"}]},{"id":76,"name":"rainstorm","transcription":"[]","image":"/fake_path/rainstorm.png","translates":[{"lang":"ru-Ru","name":"ливень с ураганом"},{"lang":"vi","name":"mưa bão"},{"lang":"zh","name":"暴风雨"},{"lang":"hi","name":"मूसलाधार बारिश"},{"lang":"th","name":"พายุฝน"},{"lang":"tr","name":"yağmur fırtınası"},{"lang":"pt-BR","name":"tempestade de chuva"},{"lang":"de","name":"Regensturm"},{"lang":"id","name":"badai hujan"},{"lang":"fr","name":"tempête de pluie"}]},{"id":77,"name":"thunderstorm","transcription":"[ˈθʌndəstɔːm]","image":"/fake_path/thunderstorm.png","translates":[{"lang":"ru-Ru","name":"гроза"},{"lang":"vi","name":"giông tố"},{"lang":"zh","name":"雷暴"},{"lang":"hi","name":"आंधी"},{"lang":"th","name":"พายุฝนฟ้าคะนอง"},{"lang":"tr","name":"gök gürültülü fırtına"},{"lang":"pt-BR","name":"trovoada"},{"lang":"de","name":"Gewitter"},{"lang":"id","name":"badai petir"},{"lang":"fr","name":"orage"}]},{"id":78,"name":"frost","transcription":"[frɒst]","image":"/fake_path/frost.png","translates":[{"lang":"ru-Ru","name":"мороз"},{"lang":"vi","name":"sương giá"},{"lang":"zh","name":"霜"},{"lang":"hi","name":"पाला"},{"lang":"th","name":"น้ำค้างแข็ง"},{"lang":"tr","name":"don"},{"lang":"pt-BR","name":"geada"},{"lang":"de","name":"Frost"},{"lang":"id","name":"embun beku"},{"lang":"fr","name":"gelée"}]},{"id":79,"name":"sleet","transcription":"[]","image":"/fake_path/sleet.png","translates":[{"lang":"ru-Ru","name":"дождь со снегом"},{"lang":"vi","name":"mưa tuyết"},{"lang":"zh","name":"雨夹雪"},{"lang":"hi","name":"स्लीट"},{"lang":"th","name":"หิมะผสมฝน"},{"lang":"tr","name":"sulu sepken"},{"lang":"pt-BR","name":"chuva com neve"},{"lang":"de","name":"Schneeregen"},{"lang":"id","name":"hujan salju"},{"lang":"fr","name":"neige fondue"}]},{"id":80,"name":"driving","transcription":"[ˈdraɪvɪŋ]","image":"/fake_path/driving.png","translates":[{"lang":"ru-Ru","name":"ливневый"},{"lang":"vi","name":"mưa xối xả"},{"lang":"zh","name":"倾盆大雨"},{"lang":"hi","name":"मूसलाधार"},{"lang":"th","name":"ฝนตกหนัก"},{"lang":"tr","name":"sağanak yağış"},{"lang":"pt-BR","name":"chuva intensa"},{"lang":"de","name":"treibend"},{"lang":"id","name":"hujan deras"},{"lang":"fr","name":"pluie battante"}]},{"id":81,"name":"thunder-cloud","transcription":"[]","image":"/fake_path/thunder-cloud.png","translates":[{"lang":"ru-Ru","name":"грозовая туча"},{"lang":"vi","name":"mây giông"},{"lang":"zh","name":"雷雨云"},{"lang":"hi","name":"गरज के बादल"},{"lang":"th","name":"เมฆฟ้าคะนอง"},{"lang":"tr","name":"gök gürültülü bulut"},{"lang":"pt-BR","name":"nuvem de tempestade"},{"lang":"de","name":"Gewitterwolke"},{"lang":"id","name":"awan petir"},{"lang":"fr","name":"nuage d\u0027orage"}]},{"id":82,"name":"frosty","transcription":"[ˈfrɒstɪ]","image":"/fake_path/frosty.png","translates":[{"lang":"ru-Ru","name":"морозный"},{"lang":"vi","name":"băng giá"},{"lang":"zh","name":"霜冻的"},{"lang":"hi","name":"हिमाच्छादित"},{"lang":"th","name":"หนาวจัด"},{"lang":"tr","name":"donmuş"},{"lang":"pt-BR","name":"gelado"},{"lang":"de","name":"frostig"},{"lang":"id","name":"dingin membeku"},{"lang":"fr","name":"glacial"}]},{"id":83,"name":"breath of air","transcription":"[]","image":"/fake_path/breath_of_air.png","translates":[{"lang":"ru-Ru","name":"дуновение ветерка"},{"lang":"vi","name":"làn gió nhẹ"},{"lang":"zh","name":"微风"},{"lang":"hi","name":"हवा का झोंका"},{"lang":"th","name":"ลมเบาๆ"},{"lang":"tr","name":"hafif esinti"},{"lang":"pt-BR","name":"brisa"},{"lang":"de","name":"Lufthauch"},{"lang":"id","name":"hembusan angin"},{"lang":"fr","name":"souffle d\u0027air"}]},{"id":84,"name":"stormy","transcription":"[ˈstɔːmɪ]","image":"/fake_path/stormy.png","translates":[{"lang":"ru-Ru","name":"штормовой"},{"lang":"vi","name":"bão tố"},{"lang":"zh","name":"暴风雨的"},{"lang":"hi","name":"तूफानी"},{"lang":"th","name":"มีพายุ"},{"lang":"tr","name":"fırtınalı"},{"lang":"pt-BR","name":"tempestuoso"},{"lang":"de","name":"stürmisch"},{"lang":"id","name":"bergelora"},{"lang":"fr","name":"orageux"}]},{"id":85,"name":"bright","transcription":"[braɪt]","image":"/fake_path/bright.png","translates":[{"lang":"ru-Ru","name":"ясный"},{"lang":"vi","name":"sáng sủa"},{"lang":"zh","name":"明亮的"},{"lang":"hi","name":"उज्ज्वल"},{"lang":"th","name":"สว่าง"},{"lang":"tr","name":"parlak"},{"lang":"pt-BR","name":"brilhante"},{"lang":"de","name":"hell"},{"lang":"id","name":"cerah"},{"lang":"fr","name":"brillant"}]},{"id":86,"name":"rise","transcription":"[raɪz]","image":"/fake_path/rise.png","translates":[{"lang":"ru-Ru","name":"возрастать"},{"lang":"vi","name":"tăng lên"},{"lang":"zh","name":"上升"},{"lang":"hi","name":"बढ़ना"},{"lang":"th","name":"เพิ่มขึ้น"},{"lang":"tr","name":"yükselmek"},{"lang":"pt-BR","name":"aumentar"},{"lang":"de","name":"steigen"},{"lang":"id","name":"naik"},{"lang":"fr","name":"augmenter"}]},{"id":87,"name":"unpleasant","transcription":"[ʌnˈpleznt]","image":"/fake_path/unpleasant.png","translates":[{"lang":"ru-Ru","name":"неприятный"},{"lang":"vi","name":"khó chịu"},{"lang":"zh","name":"不愉快的"},{"lang":"hi","name":"अप्रिय"},{"lang":"th","name":"ไม่น่าพอใจ"},{"lang":"tr","name":"hoş olmayan"},{"lang":"pt-BR","name":"desagradável"},{"lang":"de","name":"unangenehm"},{"lang":"id","name":"tidak menyenangkan"},{"lang":"fr","name":"désagréable"}]},{"id":88,"name":"beat","transcription":"[biːt]","image":"/fake_path/beat.png","translates":[{"lang":"ru-Ru","name":"бить"},{"lang":"vi","name":"đập"},{"lang":"zh","name":"拍打"},{"lang":"hi","name":"पीटना"},{"lang":"th","name":"ตี"},{"lang":"tr","name":"vurmak"},{"lang":"pt-BR","name":"bater"},{"lang":"de","name":"schlagen"},{"lang":"id","name":"memukul"},{"lang":"fr","name":"battre"}]},{"id":89,"name":"sandstorm","transcription":"[]","image":"/fake_path/sandstorm.png","translates":[{"lang":"ru-Ru","name":"песчаная буря"},{"lang":"vi","name":"bão cát"},{"lang":"zh","name":"沙尘暴"},{"lang":"hi","name":"रेत तूफान"},{"lang":"th","name":"พายุทราย"},{"lang":"tr","name":"kum fırtınası"},{"lang":"pt-BR","name":"tempestade de areia"},{"lang":"de","name":"Sandsturm"},{"lang":"id","name":"badai pasir"},{"lang":"fr","name":"tempête de sable"}]},{"id":90,"name":"sunrise","transcription":"[ˈsʌnraɪz]","image":"/fake_path/sunrise.png","translates":[{"lang":"ru-Ru","name":"восход"},{"lang":"vi","name":"bình minh"},{"lang":"zh","name":"日出"},{"lang":"hi","name":"सूर्योदय"},{"lang":"th","name":"พระอาทิตย์ขึ้น"},{"lang":"tr","name":"gün doğumu"},{"lang":"pt-BR","name":"nascer do sol"},{"lang":"de","name":"Sonnenaufgang"},{"lang":"id","name":"matahari terbit"},{"lang":"fr","name":"lever du soleil"}]},{"id":91,"name":"below freezing","transcription":"[]","image":"/fake_path/below_freezing.png","translates":[{"lang":"ru-Ru","name":"ниже нуля"},{"lang":"vi","name":"dưới mức đóng băng"},{"lang":"zh","name":"零度以下"},{"lang":"hi","name":"हिमांक से नीचे"},{"lang":"th","name":"ต่ำกว่าจุดเยือกแข็ง"},{"lang":"tr","name":"donma noktasının altında"},{"lang":"pt-BR","name":"abaixo de zero"},{"lang":"de","name":"unter dem Gefrierpunkt"},{"lang":"id","name":"di bawah titik beku"},{"lang":"fr","name":"en dessous de zéro"}]},{"id":92,"name":"fertile","transcription":"[ˈfɜːtaɪl]","image":"/fake_path/fertile.png","translates":[{"lang":"ru-Ru","name":"благоприятный"},{"lang":"vi","name":"màu mỡ"},{"lang":"zh","name":"肥沃的"},{"lang":"hi","name":"उपजाऊ"},{"lang":"th","name":"อุดมสมบูรณ์"},{"lang":"tr","name":"verimli"},{"lang":"pt-BR","name":"fértil"},{"lang":"de","name":"fruchtbar"},{"lang":"id","name":"subur"},{"lang":"fr","name":"fertile"}]},{"id":93,"name":"thick","transcription":"[θɪk]","image":"/fake_path/thick.png","translates":[{"lang":"ru-Ru","name":"плотный"},{"lang":"vi","name":"dày"},{"lang":"zh","name":"厚的"},{"lang":"hi","name":"मोटा"},{"lang":"th","name":"หนา"},{"lang":"tr","name":"kalın"},{"lang":"pt-BR","name":"espesso"},{"lang":"de","name":"dick"},{"lang":"id","name":"tebal"},{"lang":"fr","name":"épais"}]},{"id":94,"name":"occasional","transcription":"[əˈkeɪʒ(ə)nəl]","image":"/fake_path/occasional.png","translates":[{"lang":"ru-Ru","name":"временами"},{"lang":"vi","name":"thỉnh thoảng"},{"lang":"zh","name":"偶尔的"},{"lang":"hi","name":"कभी-कभी"},{"lang":"th","name":"เป็นครั้งคราว"},{"lang":"tr","name":"ara sıra"},{"lang":"pt-BR","name":"ocasional"},{"lang":"de","name":"gelegentlich"},{"lang":"id","name":"kadang-kadang"},{"lang":"fr","name":"occasionnel"}]},{"id":95,"name":"cloud","transcription":"[klaʊd]","image":"/fake_path/cloud.png","translates":[{"lang":"ru-Ru","name":"облако"},{"lang":"vi","name":"mây"},{"lang":"zh","name":"云"},{"lang":"hi","name":"बादल"},{"lang":"th","name":"เมฆ"},{"lang":"tr","name":"bulut"},{"lang":"pt-BR","name":"nuvem"},{"lang":"de","name":"Wolke"},{"lang":"id","name":"awan"},{"lang":"fr","name":"nuage"}]},{"id":96,"name":"breeze","transcription":"[briːz]","image":"/fake_path/breeze.png","translates":[{"lang":"ru-Ru","name":"бриз"},{"lang":"vi","name":"gió nhẹ"},{"lang":"zh","name":"微风"},{"lang":"hi","name":"हवा"},{"lang":"th","name":"ลมเบาๆ"},{"lang":"tr","name":"esinti"},{"lang":"pt-BR","name":"brisa"},{"lang":"de","name":"Brise"},{"lang":"id","name":"angin sepoi-sepoi"},{"lang":"fr","name":"brise"}]},{"id":97,"name":"weather","transcription":"[ˈweðə]","image":"/fake_path/weather.png","translates":[{"lang":"ru-Ru","name":"погода"},{"lang":"vi","name":"thời tiết"},{"lang":"zh","name":"天气"},{"lang":"hi","name":"मौसम"},{"lang":"th","name":"อากาศ"},{"lang":"tr","name":"hava"},{"lang":"pt-BR","name":"tempo"},{"lang":"de","name":"Wetter"},{"lang":"id","name":"cuaca"},{"lang":"fr","name":"temps"}]},{"id":98,"name":"deep snow","transcription":"[]","image":"/fake_path/deep_snow.png","translates":[{"lang":"ru-Ru","name":"глубокий снег"},{"lang":"vi","name":"tuyết dày"},{"lang":"zh","name":"深雪"},{"lang":"hi","name":"गहरी बर्फ"},{"lang":"th","name":"หิมะหนา"},{"lang":"tr","name":"derin kar"},{"lang":"pt-BR","name":"neve profunda"},{"lang":"de","name":"tiefer Schnee"},{"lang":"id","name":"salju tebal"},{"lang":"fr","name":"neige profonde"}]},{"id":99,"name":"cloudy","transcription":"[ˈklaʊdɪ]","image":"/fake_path/cloudy.png","translates":[{"lang":"ru-Ru","name":"облачный"},{"lang":"vi","name":"có mây"},{"lang":"zh","name":"多云的"},{"lang":"hi","name":"बादलों से घिरा"},{"lang":"th","name":"มีเมฆมาก"},{"lang":"tr","name":"bulutlu"},{"lang":"pt-BR","name":"nublado"},{"lang":"de","name":"bewölkt"},{"lang":"id","name":"berawan"},{"lang":"fr","name":"nuageux"}]},{"id":100,"name":"blinding snowstorm","transcription":"[]","image":"/fake_path/blinding_snowstorm.png","translates":[{"lang":"ru-Ru","name":"буран"},{"lang":"vi","name":"bão tuyết mù mịt"},{"lang":"zh","name":"暴风雪"},{"lang":"hi","name":"भीषण हिम तूफान"},{"lang":"th","name":"พายุหิมะบังตา"},{"lang":"tr","name":"kör edici kar fırtınası"},{"lang":"pt-BR","name":"nevasca cegante"},{"lang":"de","name":"blinder Schneesturm"},{"lang":"id","name":"badai salju yang menyilaukan"},{"lang":"fr","name":"tempête de neige aveuglante"}]},{"id":101,"name":"cover up","transcription":"[]","image":"/fake_path/cover_up.png","translates":[{"lang":"ru-Ru","name":"покрывать"},{"lang":"vi","name":"che phủ"},{"lang":"zh","name":"覆盖"},{"lang":"hi","name":"ढकना"},{"lang":"th","name":"ปกปิด"},{"lang":"tr","name":"örtmek"},{"lang":"pt-BR","name":"cobrir"},{"lang":"de","name":"bedecken"},{"lang":"id","name":"menutupi"},{"lang":"fr","name":"couvrir"}]},{"id":102,"name":"Indian summer","transcription":"[]","image":"/fake_path/indian_summer.png","translates":[{"lang":"ru-Ru","name":"бабье лето"},{"lang":"vi","name":"mùa hè Ấn Độ"},{"lang":"zh","name":"印度夏季"},{"lang":"hi","name":"भारतीय गर्मी"},{"lang":"th","name":"ฤดูร้อนแบบอินเดีย"},{"lang":"tr","name":"pastırma yazı"},{"lang":"pt-BR","name":"verão indiano"},{"lang":"de","name":"Altweibersommer"},{"lang":"id","name":"musim panas India"},{"lang":"fr","name":"été indien"}]},{"id":103,"name":"heavy grey clouds","transcription":"[]","image":"/fake_path/heavy_grey_clouds.png","translates":[{"lang":"ru-Ru","name":"огромные темные тучи"},{"lang":"vi","name":"mây xám dày đặc"},{"lang":"zh","name":"厚重的灰色云层"},{"lang":"hi","name":"भारी भूरे बादल"},{"lang":"th","name":"เมฆสีเทาหนา"},{"lang":"tr","name":"ağır gri bulutlar"},{"lang":"pt-BR","name":"nuvens cinzentas pesadas"},{"lang":"de","name":"schwere graue Wolken"},{"lang":"id","name":"awan kelabu tebal"},{"lang":"fr","name":"nuages gris épais"}]},{"id":104,"name":"wind","transcription":"[]","image":"/fake_path/wind.png","translates":[{"lang":"ru-Ru","name":"ветер"},{"lang":"vi","name":"gió"},{"lang":"zh","name":"风"},{"lang":"hi","name":"हवा"},{"lang":"th","name":"ลม"},{"lang":"tr","name":"rüzgar"},{"lang":"pt-BR","name":"vento"},{"lang":"de","name":"Wind"},{"lang":"id","name":"angin"},{"lang":"fr","name":"vent"}]},{"id":105,"name":"favourable","transcription":"[ˈfeɪv(ə)rəb(ə)l]","image":"/fake_path/favourable.png","translates":[{"lang":"ru-Ru","name":"попутный"},{"lang":"vi","name":"thuận lợi"},{"lang":"zh","name":"有利的"},{"lang":"hi","name":"अनुकूल"},{"lang":"th","name":"เอื้ออำนวย"},{"lang":"tr","name":"elverişli"},{"lang":"pt-BR","name":"favorável"},{"lang":"de","name":"günstig"},{"lang":"id","name":"menguntungkan"},{"lang":"fr","name":"favorable"}]},{"id":106,"name":"air pressure","transcription":"[]","image":"/fake_path/air_pressure.png","translates":[{"lang":"ru-Ru","name":"атмосферное давление"},{"lang":"vi","name":"áp suất không khí"},{"lang":"zh","name":"气压"},{"lang":"hi","name":"वायु दबाव"},{"lang":"th","name":"ความกดอากาศ"},{"lang":"tr","name":"hava basıncı"},{"lang":"pt-BR","name":"pressão do ar"},{"lang":"de","name":"Luftdruck"},{"lang":"id","name":"tekanan udara"},{"lang":"fr","name":"pression atmosphérique"}]},{"id":107,"name":"roll","transcription":"[rəʊl]","image":"/fake_path/roll.png","translates":[{"lang":"ru-Ru","name":"окутывать"},{"lang":"vi","name":"cuộn"},{"lang":"zh","name":"滚动"},{"lang":"hi","name":"लपेटना"},{"lang":"th","name":"ม้วน"},{"lang":"tr","name":"sarmak"},{"lang":"pt-BR","name":"rolar"},{"lang":"de","name":"rollen"},{"lang":"id","name":"menggulung"},{"lang":"fr","name":"enrouler"}]},{"id":108,"name":"windy","transcription":"[ˈwɪndɪ]","image":"/fake_path/windy.png","translates":[{"lang":"ru-Ru","name":"ветреный"},{"lang":"vi","name":"có gió"},{"lang":"zh","name":"有风的"},{"lang":"hi","name":"हवादार"},{"lang":"th","name":"มีลมแรง"},{"lang":"tr","name":"rüzgarlı"},{"lang":"pt-BR","name":"ventoso"},{"lang":"de","name":"windig"},{"lang":"id","name":"berangin"},{"lang":"fr","name":"venteux"}]},{"id":109,"name":"gust of wind","transcription":"[]","image":"/fake_path/gust_of_wind.png","translates":[{"lang":"ru-Ru","name":"порыв ветра"},{"lang":"vi","name":"cơn gió mạnh"},{"lang":"zh","name":"阵风"},{"lang":"hi","name":"हवा का झोंका"},{"lang":"th","name":"ลมกระโชก"},{"lang":"tr","name":"rüzgar esintisi"},{"lang":"pt-BR","name":"rajada de vento"},{"lang":"de","name":"Windstoß"},{"lang":"id","name":"hembusan angin"},{"lang":"fr","name":"rafale de vent"}]},{"id":110,"name":"patter","transcription":"[ˈpætə]","image":"/fake_path/patter.png","translates":[{"lang":"ru-Ru","name":"стук дождя"},{"lang":"vi","name":"tiếng mưa rơi"},{"lang":"zh","name":"雨声"},{"lang":"hi","name":"बारिश की आवाज"},{"lang":"th","name":"เสียงฝนตก"},{"lang":"tr","name":"yağmur damlalarının sesi"},{"lang":"pt-BR","name":"som da chuva"},{"lang":"de","name":"Prasseln des Regens"},{"lang":"id","name":"derai hujan"},{"lang":"fr","name":"crépitement de la pluie"}]},{"id":111,"name":"precipitation","transcription":"[prɪsɪpɪˈteɪʃn]","image":"/fake_path/precipitation.png","translates":[{"lang":"ru-Ru","name":"осадки"},{"lang":"vi","name":"lượng mưa"},{"lang":"zh","name":"降水"},{"lang":"hi","name":"वर्षा"},{"lang":"th","name":"หยาดน้ำฟ้า"},{"lang":"tr","name":"yağış"},{"lang":"pt-BR","name":"precipitação"},{"lang":"de","name":"Niederschlag"},{"lang":"id","name":"presipitasi"},{"lang":"fr","name":"précipitation"}]},{"id":112,"name":"whirlwind","transcription":"[]","image":"/fake_path/whirlwind.png","translates":[{"lang":"ru-Ru","name":"вихрь"},{"lang":"vi","name":"cơn lốc"},{"lang":"zh","name":"旋风"},{"lang":"hi","name":"भँवर"},{"lang":"th","name":"ลมกรด"},{"lang":"tr","name":"hortum"},{"lang":"pt-BR","name":"turbilhão"},{"lang":"de","name":"Wirbelwind"},{"lang":"id","name":"pusaran angin"},{"lang":"fr","name":"tourbillon"}]},{"id":113,"name":"gusty","transcription":"[]","image":"/fake_path/gusty.png","translates":[{"lang":"ru-Ru","name":"порывистый"},{"lang":"vi","name":"có gió mạnh"},{"lang":"zh","name":"阵风的"},{"lang":"hi","name":"झोंकेदार"},{"lang":"th","name":"มีลมกระโชก"},{"lang":"tr","name":"fırtınalı"},{"lang":"pt-BR","name":"ventoso"},{"lang":"de","name":"böig"},{"lang":"id","name":"berangin kencang"},{"lang":"fr","name":"venteux"}]},{"id":114,"name":"drum on","transcription":"[]","image":"/fake_path/drum_on.png","translates":[{"lang":"ru-Ru","name":"барабанить по"},{"lang":"vi","name":"gõ trống"},{"lang":"zh","name":"敲鼓"},{"lang":"hi","name":"ड्रम बजाना"},{"lang":"th","name":"ตีกลอง"},{"lang":"tr","name":"davul çalmak"},{"lang":"pt-BR","name":"bater tambor"},{"lang":"de","name":"trommeln"},{"lang":"id","name":"memukul drum"},{"lang":"fr","name":"tambouriner"}]},{"id":115,"name":"muggy","transcription":"[]","image":"/fake_path/muggy.png","translates":[{"lang":"ru-Ru","name":"влажная"},{"lang":"vi","name":"ẩm ướt"},{"lang":"zh","name":"闷热的"},{"lang":"hi","name":"उमस भरी"},{"lang":"th","name":"ชื้น"},{"lang":"tr","name":"bunaltıcı"},{"lang":"pt-BR","name":"abafado"},{"lang":"de","name":"schwül"},{"lang":"id","name":"pengap"},{"lang":"fr","name":"lourd"}]},{"id":116,"name":"deluge","transcription":"[ˈdeljuːʤ]","image":"/fake_path/deluge.png","translates":[{"lang":"ru-Ru","name":"наводнение"},{"lang":"vi","name":"trận lụt"},{"lang":"zh","name":"洪水"},{"lang":"hi","name":"बाढ़"},{"lang":"th","name":"น้ำท่วม"},{"lang":"tr","name":"sel"},{"lang":"pt-BR","name":"dilúvio"},{"lang":"de","name":"Sintflut"},{"lang":"id","name":"banjir besar"},{"lang":"fr","name":"déluge"}]},{"id":117,"name":"barometer","transcription":"[bəˈrɒmɪtə]","image":"/fake_path/barometer.png","translates":[{"lang":"ru-Ru","name":"барометр"},{"lang":"vi","name":"áp kế"},{"lang":"zh","name":"气压计"},{"lang":"hi","name":"बैरोमीटर"},{"lang":"th","name":"เครื่องวัดความกดอากาศ"},{"lang":"tr","name":"barometre"},{"lang":"pt-BR","name":"barômetro"},{"lang":"de","name":"Barometer"},{"lang":"id","name":"barometer"},{"lang":"fr","name":"baromètre"}]},{"id":118,"name":"open","transcription":"[ˈəʊpən]","image":"/fake_path/open.png","translates":[{"lang":"ru-Ru","name":"открытое"},{"lang":"vi","name":"mở"},{"lang":"zh","name":"开放的"},{"lang":"hi","name":"खुला"},{"lang":"th","name":"เปิด"},{"lang":"tr","name":"açık"},{"lang":"pt-BR","name":"aberto"},{"lang":"de","name":"offen"},{"lang":"id","name":"terbuka"},{"lang":"fr","name":"ouvert"}]},{"id":119,"name":"humidity","transcription":"[hjuːˈmɪdɪtɪ]","image":"/fake_path/humidity.png","translates":[{"lang":"ru-Ru","name":"влажность"},{"lang":"vi","name":"độ ẩm"},{"lang":"zh","name":"湿度"},{"lang":"hi","name":"नमी"},{"lang":"th","name":"ความชื้น"},{"lang":"tr","name":"nem"},{"lang":"pt-BR","name":"umidade"},{"lang":"de","name":"Luftfeuchtigkeit"},{"lang":"id","name":"kelembapan"},{"lang":"fr","name":"humidité"}]},{"id":120,"name":"black ice","transcription":"[]","image":"/fake_path/black_ice.png","translates":[{"lang":"ru-Ru","name":"наледь"},{"lang":"vi","name":"băng đen"},{"lang":"zh","name":"黑冰"},{"lang":"hi","name":"काली बर्फ"},{"lang":"th","name":"น้ำแข็งดำ"},{"lang":"tr","name":"kara buz"},{"lang":"pt-BR","name":"gelo negro"},{"lang":"de","name":"Glatteis"},{"lang":"id","name":"es hitam"},{"lang":"fr","name":"verglas"}]},{"id":121,"name":"windless","transcription":"[]","image":"/fake_path/windless.png","translates":[{"lang":"ru-Ru","name":"безветренный"},{"lang":"vi","name":"không có gió"},{"lang":"zh","name":"无风的"},{"lang":"hi","name":"हवा रहित"},{"lang":"th","name":"ไม่มีลม"},{"lang":"tr","name":"rüzgarsız"},{"lang":"pt-BR","name":"sem vento"},{"lang":"de","name":"windstill"},{"lang":"id","name":"tanpa angin"},{"lang":"fr","name":"sans vent"}]},{"id":122,"name":"fall","transcription":"[fɔːl]","image":"/fake_path/fall.png","translates":[{"lang":"ru-Ru","name":"падать"},{"lang":"vi","name":"rơi"},{"lang":"zh","name":"落下"},{"lang":"hi","name":"गिरना"},{"lang":"th","name":"ตก"},{"lang":"tr","name":"düşmek"},{"lang":"pt-BR","name":"cair"},{"lang":"de","name":"fallen"},{"lang":"id","name":"jatuh"},{"lang":"fr","name":"tomber"}]},{"id":123,"name":"humid","transcription":"[ˈhjuːmɪd]","image":"/fake_path/humid.png","translates":[{"lang":"ru-Ru","name":"влажный"},{"lang":"vi","name":"ẩm ướt"},{"lang":"zh","name":"潮湿的"},{"lang":"hi","name":"नम"},{"lang":"th","name":"ชื้น"},{"lang":"tr","name":"nemli"},{"lang":"pt-BR","name":"úmido"},{"lang":"de","name":"feucht"},{"lang":"id","name":"lembap"},{"lang":"fr","name":"humide"}]},{"id":124,"name":"sky","transcription":"[skaɪ]","image":"/fake_path/sky.png","translates":[{"lang":"ru-Ru","name":"небо"},{"lang":"vi","name":"bầu trời"},{"lang":"zh","name":"天空"},{"lang":"hi","name":"आकाश"},{"lang":"th","name":"ท้องฟ้า"},{"lang":"tr","name":"gökyüzü"},{"lang":"pt-BR","name":"céu"},{"lang":"de","name":"Himmel"},{"lang":"id","name":"langit"},{"lang":"fr","name":"ciel"}]},{"id":125,"name":"cloudless","transcription":"[ˈklaʊdlɪs]","image":"/fake_path/cloudless.png","translates":[{"lang":"ru-Ru","name":"безоблачное"},{"lang":"vi","name":"không mây"},{"lang":"zh","name":"无云的"},{"lang":"hi","name":"बादल रहित"},{"lang":"th","name":"ไร้เมฆ"},{"lang":"tr","name":"bulutsuz"},{"lang":"pt-BR","name":"sem nuvens"},{"lang":"de","name":"wolkenlos"},{"lang":"id","name":"tanpa awan"},{"lang":"fr","name":"sans nuage"}]},{"id":126,"name":"scorching","transcription":"[]","image":"/fake_path/scorching.png","translates":[{"lang":"ru-Ru","name":"палящий"},{"lang":"vi","name":"thiêu đốt"},{"lang":"zh","name":"灼热的"},{"lang":"hi","name":"तप्त"},{"lang":"th","name":"ร้อนระอุ"},{"lang":"tr","name":"kavurucu"},{"lang":"pt-BR","name":"ardente"},{"lang":"de","name":"sengend"},{"lang":"id","name":"menyengat"},{"lang":"fr","name":"brûlant"}]},{"id":127,"name":"hot","transcription":"[hɒt]","image":"/fake_path/hot.png","translates":[{"lang":"ru-Ru","name":"жарко"},{"lang":"vi","name":"nóng"},{"lang":"zh","name":"热的"},{"lang":"hi","name":"गर्म"},{"lang":"th","name":"ร้อน"},{"lang":"tr","name":"sıcak"},{"lang":"pt-BR","name":"quente"},{"lang":"de","name":"heiß"},{"lang":"id","name":"panas"},{"lang":"fr","name":"chaud"}]},{"id":128,"name":"starry","transcription":"[ˈstɑːrɪ]","image":"/fake_path/starry.png","translates":[{"lang":"ru-Ru","name":"звездное"},{"lang":"vi","name":"đầy sao"},{"lang":"zh","name":"布满星星的"},{"lang":"hi","name":"तारों भरा"},{"lang":"th","name":"เต็มไปด้วยดวงดาว"},{"lang":"tr","name":"yıldızlı"},{"lang":"pt-BR","name":"estrelado"},{"lang":"de","name":"sternklar"},{"lang":"id","name":"berbintang"},{"lang":"fr","name":"étoilé"}]},{"id":129,"name":"cloud over","transcription":"[]","image":"/fake_path/cloud_over.png","translates":[{"lang":"ru-Ru","name":"заволакиваться облаками"},{"lang":"vi","name":"mây phủ"},{"lang":"zh","name":"云层覆盖"},{"lang":"hi","name":"बादलों से ढक जाना"},{"lang":"th","name":"เมฆคลุม"},{"lang":"tr","name":"bulutlanmak"},{"lang":"pt-BR","name":"nublar"},{"lang":"de","name":"sich bewölken"},{"lang":"id","name":"berawan"},{"lang":"fr","name":"se couvrir de nuages"}]},{"id":130,"name":"sultry","transcription":"[ˈsʌltrɪ]","image":"/fake_path/sultry.png","translates":[{"lang":"ru-Ru","name":"знойный"},{"lang":"vi","name":"ngột ngạt"},{"lang":"zh","name":"闷热的"},{"lang":"hi","name":"उमस भरा"},{"lang":"th","name":"อบอ้าว"},{"lang":"tr","name":"bunaltıcı"},{"lang":"pt-BR","name":"abafado"},{"lang":"de","name":"schwül"},{"lang":"id","name":"gerah"},{"lang":"fr","name":"étouffant"}]},{"id":131,"name":"howl","transcription":"[haʊl]","image":"/fake_path/howl.png","translates":[{"lang":"ru-Ru","name":"завывать"},{"lang":"vi","name":"hú"},{"lang":"zh","name":"呼啸"},{"lang":"hi","name":"चीखना"},{"lang":"th","name":"หอน"},{"lang":"tr","name":"ulumak"},{"lang":"pt-BR","name":"uivar"},{"lang":"de","name":"heulen"},{"lang":"id","name":"mengaum"},{"lang":"fr","name":"hurler"}]},{"id":132,"name":"drip","transcription":"[drɪp]","image":"/fake_path/drip.png","translates":[{"lang":"ru-Ru","name":"капать"},{"lang":"vi","name":"nhỏ giọt"},{"lang":"zh","name":"滴落"},{"lang":"hi","name":"टपकना"},{"lang":"th","name":"หยด"},{"lang":"tr","name":"damlamak"},{"lang":"pt-BR","name":"pingar"},{"lang":"de","name":"tropfen"},{"lang":"id","name":"menetes"},{"lang":"fr","name":"goutter"}]},{"id":133,"name":"howling","transcription":"[]","image":"/fake_path/howling.png","translates":[{"lang":"ru-Ru","name":"завывающий"},{"lang":"vi","name":"tiếng hú"},{"lang":"zh","name":"呼啸的"},{"lang":"hi","name":"चीखने वाला"},{"lang":"th","name":"เสียงหอน"},{"lang":"tr","name":"uluma"},{"lang":"pt-BR","name":"uivante"},{"lang":"de","name":"heulend"},{"lang":"id","name":"mengaung"},{"lang":"fr","name":"hurlant"}]},{"id":134,"name":"raindrop","transcription":"[]","image":"/fake_path/raindrop.png","translates":[{"lang":"ru-Ru","name":"капля дождя"},{"lang":"vi","name":"giọt mưa"},{"lang":"zh","name":"雨滴"},{"lang":"hi","name":"बारिश की बूंद"},{"lang":"th","name":"หยดน้ำฝน"},{"lang":"tr","name":"yağmur damlası"},{"lang":"pt-BR","name":"gota de chuva"},{"lang":"de","name":"Regentropfen"},{"lang":"id","name":"tetesan hujan"},{"lang":"fr","name":"goutte de pluie"}]},{"id":135,"name":"smoggy","transcription":"[]","image":"/fake_path/smoggy.png","translates":[{"lang":"ru-Ru","name":"задымленный"},{"lang":"vi","name":"có sương mù"},{"lang":"zh","name":"烟雾弥漫的"},{"lang":"hi","name":"धूमिल"},{"lang":"th","name":"มีหมอกควัน"},{"lang":"tr","name":"sisli"},{"lang":"pt-BR","name":"com smog"},{"lang":"de","name":"smogig"},{"lang":"id","name":"berasap"},{"lang":"fr","name":"brumeux"}]},{"id":136,"name":"climate","transcription":"[ˈklaɪmɪt]","image":"/fake_path/climate.png","translates":[{"lang":"ru-Ru","name":"климат"},{"lang":"vi","name":"khí hậu"},{"lang":"zh","name":"气候"},{"lang":"hi","name":"जलवायु"},{"lang":"th","name":"ภูมิอากาศ"},{"lang":"tr","name":"iklim"},{"lang":"pt-BR","name":"clima"},{"lang":"de","name":"Klima"},{"lang":"id","name":"iklim"},{"lang":"fr","name":"climat"}]},{"id":137,"name":"sunset","transcription":"[ˈsʌnset]","image":"/fake_path/sunset.png","translates":[{"lang":"ru-Ru","name":"закат"},{"lang":"vi","name":"hoàng hôn"},{"lang":"zh","name":"日落"},{"lang":"hi","name":"सूर्यास्त"},{"lang":"th","name":"พระอาทิตย์ตก"},{"lang":"tr","name":"gün batımı"},{"lang":"pt-BR","name":"pôr do sol"},{"lang":"de","name":"Sonnenuntergang"},{"lang":"id","name":"matahari terbenam"},{"lang":"fr","name":"coucher de soleil"}]},{"id":138,"name":"rainfall","transcription":"[ˈreɪnfɔːl]","image":"/fake_path/rainfall.png","translates":[{"lang":"ru-Ru","name":"количество осадков"},{"lang":"vi","name":"lượng mưa"},{"lang":"zh","name":"降雨量"},{"lang":"hi","name":"वर्षा"},{"lang":"th","name":"ปริมาณน้ำฝน"},{"lang":"tr","name":"yağış miktarı"},{"lang":"pt-BR","name":"precipitação"},{"lang":"de","name":"Niederschlag"},{"lang":"id","name":"curah hujan"},{"lang":"fr","name":"précipitations"}]},{"id":139,"name":"arid","transcription":"[ˈærɪd]","image":"/fake_path/arid.png","translates":[{"lang":"ru-Ru","name":"засушливый"},{"lang":"vi","name":"khô cằn"},{"lang":"zh","name":"干旱的"},{"lang":"hi","name":"शुष्क"},{"lang":"th","name":"แห้งแล้ง"},{"lang":"tr","name":"kurak"},{"lang":"pt-BR","name":"árido"},{"lang":"de","name":"arid"},{"lang":"id","name":"gersang"},{"lang":"fr","name":"aride"}]},{"id":140,"name":"continental","transcription":"[kɒntɪˈnentl]","image":"/fake_path/continental.png","translates":[{"lang":"ru-Ru","name":"континентальный"},{"lang":"vi","name":"lục địa"},{"lang":"zh","name":"大陆的"},{"lang":"hi","name":"महाद्वीपीय"},{"lang":"th","name":"ทวีป"},{"lang":"tr","name":"kıtasal"},{"lang":"pt-BR","name":"continental"},{"lang":"de","name":"kontinental"},{"lang":"id","name":"kontinental"},{"lang":"fr","name":"continental"}]},{"id":141,"name":"obscure","transcription":"[əbˈskjʊə]","image":"/fake_path/obscure.png","translates":[{"lang":"ru-Ru","name":"затемнять"},{"lang":"vi","name":"làm tối"},{"lang":"zh","name":"使变暗"},{"lang":"hi","name":"अंधेरा करना"},{"lang":"th","name":"ทำให้มืด"},{"lang":"tr","name":"karartmak"},{"lang":"pt-BR","name":"obscurecer"},{"lang":"de","name":"verdunkeln"},{"lang":"id","name":"menggelapkan"},{"lang":"fr","name":"obscurcir"}]},{"id":142,"name":"intermittent","transcription":"[ɪntəˈmɪtənt]","image":"/fake_path/intermittent.png","translates":[{"lang":"ru-Ru","name":"кратковременный"},{"lang":"vi","name":"ngắt quãng"},{"lang":"zh","name":"间歇的"},{"lang":"hi","name":"रुक-रुक कर"},{"lang":"th","name":"เป็นพักๆ"},{"lang":"tr","name":"aralıklı"},{"lang":"pt-BR","name":"intermitente"},{"lang":"de","name":"intermittierend"},{"lang":"id","name":"berselang-seling"},{"lang":"fr","name":"intermittent"}]},{"id":143,"name":"steady","transcription":"[ˈstedɪ]","image":"/fake_path/steady.png","translates":[{"lang":"ru-Ru","name":"затяжной"},{"lang":"vi","name":"ổn định"},{"lang":"zh","name":"稳定的"},{"lang":"hi","name":"स्थिर"},{"lang":"th","name":"มั่นคง"},{"lang":"tr","name":"sabit"},{"lang":"pt-BR","name":"constante"},{"lang":"de","name":"beständig"},{"lang":"id","name":"stabil"},{"lang":"fr","name":"constant"}]},{"id":144,"name":"swirl","transcription":"[swɜːl]","image":"/fake_path/swirl.png","translates":[{"lang":"ru-Ru","name":"кружиться"},{"lang":"vi","name":"xoáy"},{"lang":"zh","name":"旋转"},{"lang":"hi","name":"घूमना"},{"lang":"th","name":"หมุนวน"},{"lang":"tr","name":"girdap"},{"lang":"pt-BR","name":"redemoinho"},{"lang":"de","name":"wirbeln"},{"lang":"id","name":"berputar"},{"lang":"fr","name":"tourbillonner"}]},{"id":145,"name":"overcast","transcription":"[ˈəʊvəkɑːst]","image":"/fake_path/overcast.png","translates":[{"lang":"ru-Ru","name":"затянутое облаками"},{"lang":"vi","name":"u ám"},{"lang":"zh","name":"阴天的"},{"lang":"hi","name":"घटाटोप"},{"lang":"th","name":"มืดครึ้ม"},{"lang":"tr","name":"bulutlu"},{"lang":"pt-BR","name":"nublado"},{"lang":"de","name":"bedeckt"},{"lang":"id","name":"mendung"},{"lang":"fr","name":"couvert"}]},{"id":146,"name":"slight","transcription":"[slaɪt]","image":"/fake_path/slight.png","translates":[{"lang":"ru-Ru","name":"легкий"},{"lang":"vi","name":"nhẹ"},{"lang":"zh","name":"轻微的"},{"lang":"hi","name":"हल्का"},{"lang":"th","name":"เล็กน้อย"},{"lang":"tr","name":"hafif"},{"lang":"pt-BR","name":"leve"},{"lang":"de","name":"leicht"},{"lang":"id","name":"ringan"},{"lang":"fr","name":"léger"}]},{"id":147,"name":"star","transcription":"[stɑː]","image":"/fake_path/star.png","translates":[{"lang":"ru-Ru","name":"звезда"},{"lang":"vi","name":"ngôi sao"},{"lang":"zh","name":"星星"},{"lang":"hi","name":"तारा"},{"lang":"th","name":"ดาว"},{"lang":"tr","name":"yıldız"},{"lang":"pt-BR","name":"estrela"},{"lang":"de","name":"Stern"},{"lang":"id","name":"bintang"},{"lang":"fr","name":"étoile"}]},{"id":148,"name":"severe","transcription":"[sɪˈvɪə]","image":"/fake_path/severe.png","translates":[{"lang":"ru-Ru","name":"суровый"},{"lang":"vi","name":"khắc nghiệt"},{"lang":"zh","name":"严峻的"},{"lang":"hi","name":"कठोर"},{"lang":"th","name":"รุนแรง"},{"lang":"tr","name":"şiddetli"},{"lang":"pt-BR","name":"severo"},{"lang":"de","name":"streng"},{"lang":"id","name":"parah"},{"lang":"fr","name":"sévère"}]},{"id":149,"name":"snowbroth","transcription":"[]","image":"/fake_path/snowbroth.png","translates":[{"lang":"ru-Ru","name":"снежная слякоть"},{"lang":"vi","name":"tuyết tan"},{"lang":"zh","name":"雪水"},{"lang":"hi","name":"बर्फ का पानी"},{"lang":"th","name":"น้ำหิมะ"},{"lang":"tr","name":"kar suyu"},{"lang":"pt-BR","name":"água de neve"},{"lang":"de","name":"Schneewasser"},{"lang":"id","name":"air salju"},{"lang":"fr","name":"eau de neige"}]},{"id":150,"name":"dry","transcription":"[draɪ]","image":"/fake_path/dry.png","translates":[{"lang":"ru-Ru","name":"сухой"},{"lang":"vi","name":"khô"},{"lang":"zh","name":"干燥的"},{"lang":"hi","name":"सूखा"},{"lang":"th","name":"แห้ง"},{"lang":"tr","name":"kuru"},{"lang":"pt-BR","name":"seco"},{"lang":"de","name":"trocken"},{"lang":"id","name":"kering"},{"lang":"fr","name":"sec"}]},{"id":151,"name":"snowy","transcription":"[ˈsnəʊɪ]","image":"/fake_path/snowy.png","translates":[{"lang":"ru-Ru","name":"снежный"},{"lang":"vi","name":"có tuyết"},{"lang":"zh","name":"下雪的"},{"lang":"hi","name":"बर्फीला"},{"lang":"th","name":"มีหิมะ"},{"lang":"tr","name":"karlı"},{"lang":"pt-BR","name":"nevado"},{"lang":"de","name":"verschneit"},{"lang":"id","name":"bersalju"},{"lang":"fr","name":"enneigé"}]},{"id":152,"name":"melt","transcription":"[melt]","image":"/fake_path/melt.png","translates":[{"lang":"ru-Ru","name":"таять"},{"lang":"vi","name":"tan chảy"},{"lang":"zh","name":"融化"},{"lang":"hi","name":"पिघलना"},{"lang":"th","name":"ละลาย"},{"lang":"tr","name":"erimek"},{"lang":"pt-BR","name":"derreter"},{"lang":"de","name":"schmelzen"},{"lang":"id","name":"meleleh"},{"lang":"fr","name":"fondre"}]},{"id":153,"name":"snow cover","transcription":"[]","image":"/fake_path/snow_cover.png","translates":[{"lang":"ru-Ru","name":"снежный покров"},{"lang":"vi","name":"lớp tuyết phủ"},{"lang":"zh","name":"积雪"},{"lang":"hi","name":"बर्फ की चादर"},{"lang":"th","name":"หิมะปกคลุม"},{"lang":"tr","name":"kar örtüsü"},{"lang":"pt-BR","name":"cobertura de neve"},{"lang":"de","name":"Schneedecke"},{"lang":"id","name":"lapisan salju"},{"lang":"fr","name":"couverture neigeuse"}]},{"id":154,"name":"darken","transcription":"[]","image":"/fake_path/darken.png","translates":[{"lang":"ru-Ru","name":"темнеть"},{"lang":"vi","name":"tối đi"},{"lang":"zh","name":"变暗"},{"lang":"hi","name":"अंधेरा होना"},{"lang":"th","name":"มืดลง"},{"lang":"tr","name":"kararmak"},{"lang":"pt-BR","name":"escurecer"},{"lang":"de","name":"verdunkeln"},{"lang":"id","name":"menghitam"},{"lang":"fr","name":"assombrir"}]},{"id":155,"name":"sunny","transcription":"[ˈsʌnɪ]","image":"/fake_path/sunny.png","translates":[{"lang":"ru-Ru","name":"солнечный"},{"lang":"vi","name":"nắng"},{"lang":"zh","name":"晴朗的"},{"lang":"hi","name":"धूप वाला"},{"lang":"th","name":"มีแดด"},{"lang":"tr","name":"güneşli"},{"lang":"pt-BR","name":"ensolarado"},{"lang":"de","name":"sonnig"},{"lang":"id","name":"cerah"},{"lang":"fr","name":"ensoleillé"}]},{"id":156,"name":"dark","transcription":"[dɑːk]","image":"/fake_path/dark.png","translates":[{"lang":"ru-Ru","name":"темный"},{"lang":"vi","name":"tối"},{"lang":"zh","name":"黑暗的"},{"lang":"hi","name":"अंधेरा"},{"lang":"th","name":"มืด"},{"lang":"tr","name":"karanlık"},{"lang":"pt-BR","name":"escuro"},{"lang":"de","name":"dunkel"},{"lang":"id","name":"gelap"},{"lang":"fr","name":"sombre"}]},{"id":157,"name":"sunlight","transcription":"[ˈsʌnlaɪt]","image":"/fake_path/sunlight.png","translates":[{"lang":"ru-Ru","name":"солнечный свет"},{"lang":"vi","name":"ánh nắng"},{"lang":"zh","name":"阳光"},{"lang":"hi","name":"सूरज की रोशनी"},{"lang":"th","name":"แสงแดด"},{"lang":"tr","name":"güneş ışığı"},{"lang":"pt-BR","name":"luz solar"},{"lang":"de","name":"Sonnenlicht"},{"lang":"id","name":"sinar matahari"},{"lang":"fr","name":"lumière du soleil"}]},{"id":158,"name":"smog","transcription":"[smɒg]","image":"/fake_path/smog.png","translates":[{"lang":"ru-Ru","name":"смог"},{"lang":"vi","name":"khói bụi"},{"lang":"zh","name":"烟雾"},{"lang":"hi","name":"धूम्र कोहरा"},{"lang":"th","name":"หมอกควัน"},{"lang":"tr","name":"sis"},{"lang":"pt-BR","name":"smog"},{"lang":"de","name":"Smog"},{"lang":"id","name":"asap"},{"lang":"fr","name":"smog"}]},{"id":159,"name":"sun","transcription":"[sʌn]","image":"/fake_path/sun.png","translates":[{"lang":"ru-Ru","name":"солнце"},{"lang":"vi","name":"mặt trời"},{"lang":"zh","name":"太阳"},{"lang":"hi","name":"सूरज"},{"lang":"th","name":"ดวงอาทิตย์"},{"lang":"tr","name":"güneş"},{"lang":"pt-BR","name":"sol"},{"lang":"de","name":"Sonne"},{"lang":"id","name":"matahari"},{"lang":"fr","name":"soleil"}]},{"id":160,"name":"snow","transcription":"[snəʊ]","image":"/fake_path/snow.png","translates":[{"lang":"ru-Ru","name":"снег"},{"lang":"vi","name":"tuyết"},{"lang":"zh","name":"雪"},{"lang":"hi","name":"बर्फ"},{"lang":"th","name":"หิมะ"},{"lang":"tr","name":"kar"},{"lang":"pt-BR","name":"neve"},{"lang":"de","name":"Schnee"},{"lang":"id","name":"salju"},{"lang":"fr","name":"neige"}]},{"id":161,"name":"icicle","transcription":"[ˈaɪsɪkl]","image":"/fake_path/icicle.png","translates":[{"lang":"ru-Ru","name":"сосулька"},{"lang":"vi","name":"cột băng"},{"lang":"zh","name":"冰柱"},{"lang":"hi","name":"हिमवर्तिका"},{"lang":"th","name":"น้ำแข็งย้อย"},{"lang":"tr","name":"buz saçağı"},{"lang":"pt-BR","name":"cicle"},{"lang":"de","name":"Eiszapfen"},{"lang":"id","name":"es yang menggantung"},{"lang":"fr","name":"glaçon"}]},{"id":162,"name":"snow clouds","transcription":"[]","image":"/fake_path/snow_clouds.png","translates":[{"lang":"ru-Ru","name":"снеговые тучи"},{"lang":"vi","name":"mây tuyết"},{"lang":"zh","name":"雪云"},{"lang":"hi","name":"बर्फ के बादल"},{"lang":"th","name":"เมฆหิมะ"},{"lang":"tr","name":"kar bulutları"},{"lang":"pt-BR","name":"nuvens de neve"},{"lang":"de","name":"Schneewolken"},{"lang":"id","name":"awan salju"},{"lang":"fr","name":"nuages de neige"}]},{"id":163,"name":"calm","transcription":"[kɑːm]","image":"/fake_path/calm.png","translates":[{"lang":"ru-Ru","name":"спокойный"},{"lang":"vi","name":"yên tĩnh"},{"lang":"zh","name":"平静的"},{"lang":"hi","name":"शांत"},{"lang":"th","name":"สงบ"},{"lang":"tr","name":"sakin"},{"lang":"pt-BR","name":"calmo"},{"lang":"de","name":"ruhig"},{"lang":"id","name":"tenang"},{"lang":"fr","name":"calme"}]},{"id":164,"name":"snowfall","transcription":"[ˈsnəʊfɔːl]","image":"/fake_path/snowfall.png","translates":[{"lang":"ru-Ru","name":"снегопад"},{"lang":"vi","name":"tuyết rơi"},{"lang":"zh","name":"降雪"},{"lang":"hi","name":"हिमपात"},{"lang":"th","name":"หิมะตก"},{"lang":"tr","name":"kar yağışı"},{"lang":"pt-BR","name":"queda de neve"},{"lang":"de","name":"Schneefall"},{"lang":"id","name":"hujan salju"},{"lang":"fr","name":"chute de neige"}]},{"id":165,"name":"subtropical","transcription":"[]","image":"/fake_path/subtropical.png","translates":[{"lang":"ru-Ru","name":"субтропический"},{"lang":"vi","name":"cận nhiệt đới"},{"lang":"zh","name":"亚热带的"},{"lang":"hi","name":"उपोष्णकटिबंधीय"},{"lang":"th","name":"กึ่งเขตร้อน"},{"lang":"tr","name":"subtropikal"},{"lang":"pt-BR","name":"subtropical"},{"lang":"de","name":"subtropisch"},{"lang":"id","name":"subtropis"},{"lang":"fr","name":"subtropical"}]},{"id":166,"name":"snowflake","transcription":"[ˈsnəʊfleɪk]","image":"/fake_path/snowflake.png","translates":[{"lang":"ru-Ru","name":"снежинка"},{"lang":"vi","name":"bông tuyết"},{"lang":"zh","name":"雪花"},{"lang":"hi","name":"हिमकण"},{"lang":"th","name":"เกล็ดหิมะ"},{"lang":"tr","name":"kar tanesi"},{"lang":"pt-BR","name":"floco de neve"},{"lang":"de","name":"Schneeflocke"},{"lang":"id","name":"kepingan salju"},{"lang":"fr","name":"flocon de neige"}]},{"id":167,"name":"snowdrift","transcription":"[ˈsnəʊdrɪft]","image":"/fake_path/snowdrift.png","translates":[{"lang":"ru-Ru","name":"сугроб"},{"lang":"vi","name":"đống tuyết"},{"lang":"zh","name":"雪堆"},{"lang":"hi","name":"बर्फ का ढेर"},{"lang":"th","name":"กองหิมะ"},{"lang":"tr","name":"kar yığını"},{"lang":"pt-BR","name":"monte de neve"},{"lang":"de","name":"Schneeverwehung"},{"lang":"id","name":"timbunan salju"},{"lang":"fr","name":"congère"}]},{"id":168,"name":"blizzard","transcription":"[ˈblɪzəd]","image":"/fake_path/blizzard.png","translates":[{"lang":"ru-Ru","name":"снежная буря"},{"lang":"vi","name":"bão tuyết"},{"lang":"zh","name":"暴风雪"},{"lang":"hi","name":"तूफानी बर्फबारी"},{"lang":"th","name":"พายุหิมะ"},{"lang":"tr","name":"kar fırtınası"},{"lang":"pt-BR","name":"nevasca"},{"lang":"de","name":"Blizzard"},{"lang":"id","name":"badai salju"},{"lang":"fr","name":"blizzard"}]}]}