{"name":"Family","isRandom":true,"isBlur":true,"isUpper":true,"isByWords":false,"isForAdult":false,"separator":"","numWords":11,"Translations":[{"lang":"ru-RU","name":"Семья"},{"lang":"vi-VN","name":"Gia đình"},{"lang":"zh-CN","name":"家庭"},{"lang":"hi-IN","name":"परिवार"},{"lang":"th-TH","name":"ครอบครัว"},{"lang":"tr-TR","name":"Aile"},{"lang":"pt-BR","name":"Família"},{"lang":"de-DE","name":"Familie"},{"lang":"id-ID","name":"Keluarga"},{"lang":"fr-FR","name":"Famille"}],"items":[{"id":0,"name":"Parents","transcription":"[ˈperənts]","image":"/img/dict/family/parents.png","bg":"white","translates":[{"lang":"ru-RU","name":"Родители"},{"lang":"vi-VN","name":"Bố mẹ"},{"lang":"zh-CN","name":"父母"},{"lang":"hi-IN","name":"माता-पिता"},{"lang":"th-TH","name":"พ่อแม่"},{"lang":"tr-TR","name":"Ebeveynler"},{"lang":"pt-BR","name":"Pais"},{"lang":"de-DE","name":"Eltern"},{"lang":"id-ID","name":"Orang tua"},{"lang":"fr-FR","name":"Parents"}]},{"id":1,"name":"Family","transcription":"[ˈfæməlɪ]","image":"/img/dict/family/family.png","bg":"white","translates":[{"lang":"ru-RU","name":"Семья"},{"lang":"vi-VN","name":"Gia đình"},{"lang":"zh-CN","name":"家庭"},{"lang":"hi-IN","name":"परिवार"},{"lang":"th-TH","name":"ครอบครัว"},{"lang":"tr-TR","name":"Aile"},{"lang":"pt-BR","name":"Família"},{"lang":"de-DE","name":"Familie"},{"lang":"id-ID","name":"Keluarga"},{"lang":"fr-FR","name":"Famille"}]},{"id":2,"name":"Mum","transcription":"[mʌm]","image":"/img/dict/family/mother.png","bg":"white","translates":[{"lang":"ru-RU","name":"Мама"},{"lang":"vi-VN","name":"Mẹ"},{"lang":"zh-CN","name":"妈妈"},{"lang":"hi-IN","name":"माँ"},{"lang":"th-TH","name":"แม่"},{"lang":"tr-TR","name":"Anne"},{"lang":"pt-BR","name":"Mãe"},{"lang":"de-DE","name":"Mama"},{"lang":"id-ID","name":"Ibu"},{"lang":"fr-FR","name":"Maman"}]},{"id":3,"name":"Dad","transcription":"[dæd]","image":"/img/dict/family/father.png","bg":"white","translates":[{"lang":"ru-RU","name":"Папа"},{"lang":"vi-VN","name":"Bố"},{"lang":"zh-CN","name":"爸爸"},{"lang":"hi-IN","name":"पापा"},{"lang":"th-TH","name":"พ่อ"},{"lang":"tr-TR","name":"Baba"},{"lang":"pt-BR","name":"Pai"},{"lang":"de-DE","name":"Papa"},{"lang":"id-ID","name":"Ayah"},{"lang":"fr-FR","name":"Papa"}]},{"id":4,"name":"Baby","transcription":"[ˈbeɪbɪ]","image":"/img/dict/family/baby.png","bg":"white","translates":[{"lang":"ru-RU","name":"Малыш"},{"lang":"vi-VN","name":"Em bé"},{"lang":"zh-CN","name":"婴儿"},{"lang":"hi-IN","name":"बच्चा"},{"lang":"th-TH","name":"ทารก"},{"lang":"tr-TR","name":"Bebek"},{"lang":"pt-BR","name":"Bebê"},{"lang":"de-DE","name":"Baby"},{"lang":"id-ID","name":"Bayi"},{"lang":"fr-FR","name":"Bébé"}]},{"id":5,"name":"Grandpa","transcription":"[ˈɡrænpɑː]","image":"/img/dict/family/grandfather.png","bg":"white","translates":[{"lang":"ru-RU","name":"Дедушка"},{"lang":"vi-VN","name":"Ông"},{"lang":"zh-CN","name":"爷爷"},{"lang":"hi-IN","name":"दादा"},{"lang":"th-TH","name":"ปู่"},{"lang":"tr-TR","name":"Dede"},{"lang":"pt-BR","name":"Vovô"},{"lang":"de-DE","name":"Opa"},{"lang":"id-ID","name":"Kakek"},{"lang":"fr-FR","name":"Grand-père"}]},{"id":6,"name":"Grandma","transcription":"[ˈɡrænmɑː]","image":"/img/dict/family/grandmother.png","bg":"white","translates":[{"lang":"ru-RU","name":"Бабушка"},{"lang":"vi-VN","name":"Bà"},{"lang":"zh-CN","name":"奶奶"},{"lang":"hi-IN","name":"दादी"},{"lang":"th-TH","name":"ย่า"},{"lang":"tr-TR","name":"Büyükanne"},{"lang":"pt-BR","name":"Vovó"},{"lang":"de-DE","name":"Oma"},{"lang":"id-ID","name":"Nenek"},{"lang":"fr-FR","name":"Grand-mère"}]},{"id":7,"name":"Brother","transcription":"[ˈbrʌðər]","image":"/img/dict/family/brother.png","bg":"white","translates":[{"lang":"ru-RU","name":"Брат"},{"lang":"vi-VN","name":"Anh trai"},{"lang":"zh-CN","name":"兄弟"},{"lang":"hi-IN","name":"भाई"},{"lang":"th-TH","name":"พี่ชาย"},{"lang":"tr-TR","name":"Erkek kardeş"},{"lang":"pt-BR","name":"Irmão"},{"lang":"de-DE","name":"Bruder"},{"lang":"id-ID","name":"Saudara laki-laki"},{"lang":"fr-FR","name":"Frère"}]},{"id":8,"name":"Sister","transcription":"[ˈsɪstər]","image":"/img/dict/family/sister.png","bg":"white","translates":[{"lang":"ru-RU","name":"Сестра"},{"lang":"vi-VN","name":"Chị gái"},{"lang":"zh-CN","name":"姐妹"},{"lang":"hi-IN","name":"बहन"},{"lang":"th-TH","name":"น้องสาว"},{"lang":"tr-TR","name":"Kız kardeş"},{"lang":"pt-BR","name":"Irmã"},{"lang":"de-DE","name":"Schwester"},{"lang":"id-ID","name":"Saudara perempuan"},{"lang":"fr-FR","name":"Sœur"}]},{"id":9,"name":"Uncle","transcription":"[ˈʌŋkl]","image":"/img/dict/family/uncle.png","bg":"white","translates":[{"lang":"ru-RU","name":"Дядя"},{"lang":"vi-VN","name":"Chú"},{"lang":"zh-CN","name":"叔叔"},{"lang":"hi-IN","name":"चाचा"},{"lang":"th-TH","name":"ลุง"},{"lang":"tr-TR","name":"Amca"},{"lang":"pt-BR","name":"Tio"},{"lang":"de-DE","name":"Onkel"},{"lang":"id-ID","name":"Paman"},{"lang":"fr-FR","name":"Oncle"}]},{"id":10,"name":"Aunt","transcription":"[ænt]","image":"/img/dict/family/aunt.png","bg":"white","translates":[{"lang":"ru-RU","name":"Тетя"},{"lang":"vi-VN","name":"Cô"},{"lang":"zh-CN","name":"阿姨"},{"lang":"hi-IN","name":"चाची"},{"lang":"th-TH","name":"ป้า"},{"lang":"tr-TR","name":"Teyze"},{"lang":"pt-BR","name":"Tia"},{"lang":"de-DE","name":"Tante"},{"lang":"id-ID","name":"Bibi"},{"lang":"fr-FR","name":"Tante"}]}]}