{"name":"Phonics /ng/","isRandom":false,"isBlur":false,"isUpper":true,"isByWords":false,"isForAdult":false,"separator":"","numWords":9,"Translations":[{"lang":"ru-RU","name":"Алфавит"},{"lang":"vi-VN","name":"Âm /ng/"},{"lang":"zh-CN","name":"拼音 /ng/"},{"lang":"hi-IN","name":"ध्वनि /ng/"},{"lang":"th-TH","name":"เสียง /ng/"},{"lang":"tr-TR","name":"Fonetik /ng/"},{"lang":"pt-BR","name":"Fonética /ng/"},{"lang":"de-DE","name":"Phonik /ng/"},{"lang":"id-ID","name":"Fonik /ng/"},{"lang":"fr-FR","name":"Phonétique /ng/"}],"items":[{"id":0,"name":"king","transcription":"[kɪŋ]","nameA":"","image":" ","bg":"transparent","translates":[{"lang":"ru-RU","name":"Король"},{"lang":"vi-VN","name":"Vua"},{"lang":"zh-CN","name":"国王"},{"lang":"hi-IN","name":"राजा"},{"lang":"th-TH","name":"กษัตริย์"},{"lang":"tr-TR","name":"Kral"},{"lang":"pt-BR","name":"Rei"},{"lang":"de-DE","name":"König"},{"lang":"id-ID","name":"Raja"},{"lang":"fr-FR","name":"Roi"}]},{"id":0,"name":"length","transcription":"[lɛŋθ]","nameA":"","image":" ","bg":"transparent","translates":[{"lang":"ru-RU","name":"Длина"},{"lang":"vi-VN","name":"Chiều dài"},{"lang":"zh-CN","name":"长度"},{"lang":"hi-IN","name":"लंबाई"},{"lang":"th-TH","name":"ความยาว"},{"lang":"tr-TR","name":"Uzunluk"},{"lang":"pt-BR","name":"Comprimento"},{"lang":"de-DE","name":"Länge"},{"lang":"id-ID","name":"Panjang"},{"lang":"fr-FR","name":"Longueur"}]},{"id":0,"name":"sing","transcription":"[sɪŋ]","nameA":"","image":" ","bg":"transparent","translates":[{"lang":"ru-RU","name":"Петь"},{"lang":"vi-VN","name":"Hát"},{"lang":"zh-CN","name":"唱歌"},{"lang":"hi-IN","name":"गाना"},{"lang":"th-TH","name":"ร้องเพลง"},{"lang":"tr-TR","name":"Şarkı söylemek"},{"lang":"pt-BR","name":"Cantar"},{"lang":"de-DE","name":"Singen"},{"lang":"id-ID","name":"Menyanyi"},{"lang":"fr-FR","name":"Chanter"}]},{"id":0,"name":"strength","transcription":"[strɛŋθ]","nameA":"","image":" ","bg":"transparent","translates":[{"lang":"ru-RU","name":"Сила"},{"lang":"vi-VN","name":"Sức mạnh"},{"lang":"zh-CN","name":"力量"},{"lang":"hi-IN","name":"ताकत"},{"lang":"th-TH","name":"ความแข็งแรง"},{"lang":"tr-TR","name":"Güç"},{"lang":"pt-BR","name":"Força"},{"lang":"de-DE","name":"Stärke"},{"lang":"id-ID","name":"Kekuatan"},{"lang":"fr-FR","name":"Force"}]},{"id":0,"name":"string","transcription":"[strɪŋ]","nameA":"","image":" ","bg":"transparent","translates":[{"lang":"ru-RU","name":"Строка"},{"lang":"vi-VN","name":"Chuỗi"},{"lang":"zh-CN","name":"字符串"},{"lang":"hi-IN","name":"स्ट्रिंग"},{"lang":"th-TH","name":"เชือก"},{"lang":"tr-TR","name":"Dize"},{"lang":"pt-BR","name":"Corda"},{"lang":"de-DE","name":"Schnur"},{"lang":"id-ID","name":"Tali"},{"lang":"fr-FR","name":"Corde"}]},{"id":0,"name":"strong","transcription":"[strɔŋ]","nameA":"","image":" ","bg":"transparent","translates":[{"lang":"ru-RU","name":"Сильный"},{"lang":"vi-VN","name":"Mạnh"},{"lang":"zh-CN","name":"强壮"},{"lang":"hi-IN","name":"मजबूत"},{"lang":"th-TH","name":"แข็งแรง"},{"lang":"tr-TR","name":"Güçlü"},{"lang":"pt-BR","name":"Forte"},{"lang":"de-DE","name":"Stark"},{"lang":"id-ID","name":"Kuat"},{"lang":"fr-FR","name":"Fort"}]},{"id":0,"name":"thing","transcription":"[θɪŋ]","nameA":"","image":" ","bg":"transparent","translates":[{"lang":"ru-RU","name":"Вещь"},{"lang":"vi-VN","name":"Đồ vật"},{"lang":"zh-CN","name":"东西"},{"lang":"hi-IN","name":"चीज़"},{"lang":"th-TH","name":"สิ่งของ"},{"lang":"tr-TR","name":"Şey"},{"lang":"pt-BR","name":"Coisa"},{"lang":"de-DE","name":"Ding"},{"lang":"id-ID","name":"Benda"},{"lang":"fr-FR","name":"Chose"}]},{"id":0,"name":"wing","transcription":"[wɪŋ]","nameA":"","image":" ","bg":"transparent","translates":[{"lang":"ru-RU","name":"Крыло"},{"lang":"vi-VN","name":"Cánh"},{"lang":"zh-CN","name":"翅膀"},{"lang":"hi-IN","name":"पंख"},{"lang":"th-TH","name":"ปีก"},{"lang":"tr-TR","name":"Kanat"},{"lang":"pt-BR","name":"Asa"},{"lang":"de-DE","name":"Flügel"},{"lang":"id-ID","name":"Sayap"},{"lang":"fr-FR","name":"Aile"}]},{"id":0,"name":"ring","transcription":"[rɪŋ]","nameA":"","image":" ","bg":"transparent","translates":[{"lang":"ru-RU","name":"Кольцо"},{"lang":"vi-VN","name":"Nhẫn"},{"lang":"zh-CN","name":"戒指"},{"lang":"hi-IN","name":"अंगूठी"},{"lang":"th-TH","name":"แหวน"},{"lang":"tr-TR","name":"Yüzük"},{"lang":"pt-BR","name":"Anel"},{"lang":"de-DE","name":"Ring"},{"lang":"id-ID","name":"Cincin"},{"lang":"fr-FR","name":"Anneau"}]}]}