{"name":"Bedroom","isRandom":true,"isBlur":true,"isUpper":true,"isByWords":false,"isForAdult":false,"separator":"","numWords":41,"tags":["home","bedroom"],"Translations":[],"items":[{"id":39,"name":"air conditioner","transcription":"[er kənˈdɪʃənər]","image":"/img/dict/home/airconditioner.png","translates":[{"lang":"ru-Ru","name":"кондиционер"},{"lang":"vi-VN","name":"máy điều hòa"},{"lang":"zh-CN","name":"空调"},{"lang":"hi-IN","name":"एयर कंडीशनर"},{"lang":"th-TH","name":"เครื่องปรับอากาศ"},{"lang":"tr-TR","name":"klima"},{"lang":"pt-BR","name":"ar condicionado"},{"lang":"de-DE","name":"Klimaanlage"},{"lang":"id-ID","name":"AC"},{"lang":"fr-FR","name":"climatiseur"}]},{"id":34,"name":"alarm clock","transcription":"[əˈlɑːrm klɑːk]","image":"/img/dict/home/alarm_clock.png","translates":[{"lang":"ru-Ru","name":"будильник"},{"lang":"vi-VN","name":"đồng hồ báo thức"},{"lang":"zh-CN","name":"闹钟"},{"lang":"hi-IN","name":"अलार्म घड़ी"},{"lang":"th-TH","name":"นาฬิกาปลุก"},{"lang":"tr-TR","name":"çalar saat"},{"lang":"pt-BR","name":"despertador"},{"lang":"de-DE","name":"Wecker"},{"lang":"id-ID","name":"jam alarm"},{"lang":"fr-FR","name":"réveil"}]},{"id":15,"name":"bed","transcription":"[bed]","image":"/img/dict/home/bed.png","translates":[{"lang":"ru-Ru","name":"кровать"},{"lang":"vi-VN","name":"giường"},{"lang":"zh-CN","name":"床"},{"lang":"hi-IN","name":"बिस्तर"},{"lang":"th-TH","name":"เตียง"},{"lang":"tr-TR","name":"yatak"},{"lang":"pt-BR","name":"cama"},{"lang":"de-DE","name":"Bett"},{"lang":"id-ID","name":"tempat tidur"},{"lang":"fr-FR","name":"lit"}]},{"id":38,"name":"bed frame","transcription":"[bed freɪm]","image":"/img/dict/home/bed_frame.png","translates":[{"lang":"ru-Ru","name":"каркас кровати"},{"lang":"vi-VN","name":"khung giường"},{"lang":"zh-CN","name":"床架"},{"lang":"hi-IN","name":"बिस्तर का फ्रेम"},{"lang":"th-TH","name":"โครงเตียง"},{"lang":"tr-TR","name":"yatak çerçevesi"},{"lang":"pt-BR","name":"estrutura da cama"},{"lang":"de-DE","name":"Bettgestell"},{"lang":"id-ID","name":"rangka tempat tidur"},{"lang":"fr-FR","name":"cadre de lit"}]},{"id":31,"name":"bedding","transcription":"[ˈbedɪŋ]","image":"/img/dict/home/bedding.png","translates":[{"lang":"ru-Ru","name":"постельное белье"},{"lang":"vi-VN","name":"bộ ga gối"},{"lang":"zh-CN","name":"床上用品"},{"lang":"hi-IN","name":"बिस्तर का सामान"},{"lang":"th-TH","name":"เครื่องนอน"},{"lang":"tr-TR","name":"yatak takımı"},{"lang":"pt-BR","name":"roupa de cama"},{"lang":"de-DE","name":"Bettwäsche"},{"lang":"id-ID","name":"perlengkapan tempat tidur"},{"lang":"fr-FR","name":"literie"}]},{"id":3,"name":"bedroom","transcription":"[ˈbedrum]","image":"/img/dict/home/bedroom.png","translates":[{"lang":"ru-Ru","name":"спальня"},{"lang":"vi-VN","name":"phòng ngủ"},{"lang":"zh-CN","name":"卧室"},{"lang":"hi-IN","name":"शयनकक्ष"},{"lang":"th-TH","name":"ห้องนอน"},{"lang":"tr-TR","name":"yatak odası"},{"lang":"pt-BR","name":"quarto"},{"lang":"de-DE","name":"Schlafzimmer"},{"lang":"id-ID","name":"kamar tidur"},{"lang":"fr-FR","name":"chambre à coucher"}]},{"id":7,"name":"blanket","transcription":"[ˈblæŋkɪt]","image":"/img/dict/home/blanket.png","translates":[{"lang":"ru-Ru","name":"одеяло"},{"lang":"vi-VN","name":"chăn"},{"lang":"zh-CN","name":"毯子"},{"lang":"hi-IN","name":"कंबल"},{"lang":"th-TH","name":"ผ้าห่ม"},{"lang":"tr-TR","name":"battaniye"},{"lang":"pt-BR","name":"cobertor"},{"lang":"de-DE","name":"Decke"},{"lang":"id-ID","name":"selimut"},{"lang":"fr-FR","name":"couverture"}]},{"id":43,"name":"blinds","transcription":"[ˈblaɪndz]","image":"/img/dict/home/blinds.png","translates":[{"lang":"ru-Ru","name":"жалюзи"},{"lang":"vi-VN","name":"rèm cửa"},{"lang":"zh-CN","name":"百叶窗"},{"lang":"hi-IN","name":"परदे"},{"lang":"th-TH","name":"มู่ลี่"},{"lang":"tr-TR","name":"panjur"},{"lang":"pt-BR","name":"persianas"},{"lang":"de-DE","name":"Jalousien"},{"lang":"id-ID","name":"tirai"},{"lang":"fr-FR","name":"stores"}]},{"id":33,"name":"canopy bed","transcription":"[ˈkænəpɪ bed]","image":"/img/dict/home/canopy_bed.png","translates":[{"lang":"ru-Ru","name":"кровать с балдахином"},{"lang":"vi-VN","name":"giường có màn"},{"lang":"zh-CN","name":"带篷床"},{"lang":"hi-IN","name":"चंदवा बिस्तर"},{"lang":"th-TH","name":"เตียงมีผ้าม่าน"},{"lang":"tr-TR","name":"tavan yatağı"},{"lang":"pt-BR","name":"cama dossel"},{"lang":"de-DE","name":"Baldachinbett"},{"lang":"id-ID","name":"tempat tidur kanopi"},{"lang":"fr-FR","name":"lit à baldaquin"}]},{"id":19,"name":"carpet","transcription":"[ˈkɑːpɪt]","image":"/img/dict/home/carpet.png","translates":[{"lang":"ru-Ru","name":"ковер"},{"lang":"vi-VN","name":"thảm"},{"lang":"zh-CN","name":"地毯"},{"lang":"hi-IN","name":"कार्पेट"},{"lang":"th-TH","name":"พรม"},{"lang":"tr-TR","name":"halı"},{"lang":"pt-BR","name":"tapete"},{"lang":"de-DE","name":"Teppich"},{"lang":"id-ID","name":"karpet"},{"lang":"fr-FR","name":"tapis"}]},{"id":5,"name":"chest of drawers","transcription":"[tʃest ˈdrɔːrz]","image":"/img/dict/home/chest_of_drawers.png","translates":[{"lang":"ru-Ru","name":"комод"},{"lang":"vi-VN","name":"tủ ngăn kéo"},{"lang":"zh-CN","name":"抽屉柜"},{"lang":"hi-IN","name":"दराज का सन्दूक"},{"lang":"th-TH","name":"ตู้ลิ้นชัก"},{"lang":"tr-TR","name":"komodin"},{"lang":"pt-BR","name":"cômoda"},{"lang":"de-DE","name":"Kommode"},{"lang":"id-ID","name":"lemari laci"},{"lang":"fr-FR","name":"commode"}]},{"id":6,"name":"closet","transcription":"[ˈklɒzɪt]","image":"/img/dict/home/closet.png","translates":[{"lang":"ru-Ru","name":"шкаф"},{"lang":"vi-VN","name":"tủ quần áo"},{"lang":"zh-CN","name":"衣柜"},{"lang":"hi-IN","name":"अलमारी"},{"lang":"th-TH","name":"ตู้เสื้อผ้า"},{"lang":"tr-TR","name":"dolap"},{"lang":"pt-BR","name":"armário"},{"lang":"de-DE","name":"Schrank"},{"lang":"id-ID","name":"lemari"},{"lang":"fr-FR","name":"placard"}]},{"id":27,"name":"cord","transcription":"[kɔːd]","image":"/img/dict/home/cord.png","translates":[{"lang":"ru-Ru","name":"шнур"},{"lang":"vi-VN","name":"dây"},{"lang":"zh-CN","name":"电线"},{"lang":"hi-IN","name":"तार"},{"lang":"th-TH","name":"สายไฟ"},{"lang":"tr-TR","name":"kablo"},{"lang":"pt-BR","name":"fio"},{"lang":"de-DE","name":"Kabel"},{"lang":"id-ID","name":"kabel"},{"lang":"fr-FR","name":"cordon"}]},{"id":45,"name":"cot","transcription":"[kɒt]","image":"/img/dict/home/cot.png","translates":[{"lang":"ru-Ru","name":"раскладушка"},{"lang":"vi-VN","name":"giường cũi"},{"lang":"zh-CN","name":"婴儿床"},{"lang":"hi-IN","name":"खाट"},{"lang":"th-TH","name":"เตียงเด็ก"},{"lang":"tr-TR","name":"bebek karyolası"},{"lang":"pt-BR","name":"berço"},{"lang":"de-DE","name":"Kinderbett"},{"lang":"id-ID","name":"tempat tidur bayi"},{"lang":"fr-FR","name":"lit d\u0027enfant"}]},{"id":12,"name":"coverlet","transcription":"[ˈkʌvərlət]","image":"/img/dict/home/coverlet.png","translates":[{"lang":"ru-Ru","name":"покрывало"},{"lang":"vi-VN","name":"khăn trải giường"},{"lang":"zh-CN","name":"床罩"},{"lang":"hi-IN","name":"चादर"},{"lang":"th-TH","name":"ผ้าคลุมเตียง"},{"lang":"tr-TR","name":"yatak örtüsü"},{"lang":"pt-BR","name":"colcha"},{"lang":"de-DE","name":"Bettdecke"},{"lang":"id-ID","name":"selimut tipis"},{"lang":"fr-FR","name":"couvre-lit"}]},{"id":1,"name":"curtains","transcription":"[ˈkɜːtənz]","image":"/img/dict/home/curtains.png","translates":[{"lang":"ru-Ru","name":"шторы"},{"lang":"vi-VN","name":"rèm cửa"},{"lang":"zh-CN","name":"窗帘"},{"lang":"hi-IN","name":"पर्दे"},{"lang":"th-TH","name":"ผ้าม่าน"},{"lang":"tr-TR","name":"perde"},{"lang":"pt-BR","name":"cortinas"},{"lang":"de-DE","name":"Vorhang"},{"lang":"id-ID","name":"tirai"},{"lang":"fr-FR","name":"rideaux"}]},{"id":22,"name":"door","transcription":"[dɔː]","image":"/img/dict/home/door.png","translates":[{"lang":"ru-Ru","name":"дверь"},{"lang":"vi-VN","name":"cửa"},{"lang":"zh-CN","name":"门"},{"lang":"hi-IN","name":"दरवाजा"},{"lang":"th-TH","name":"ประตู"},{"lang":"tr-TR","name":"kapı"},{"lang":"pt-BR","name":"porta"},{"lang":"de-DE","name":"Tür"},{"lang":"id-ID","name":"pintu"},{"lang":"fr-FR","name":"porte"}]},{"id":44,"name":"drapes","transcription":"[ˈdreɪps]","image":"/img/dict/home/drapes.png","translates":[{"lang":"ru-Ru","name":"портьеры"},{"lang":"vi-VN","name":"rèm dày"},{"lang":"zh-CN","name":"厚窗帘"},{"lang":"hi-IN","name":"भारी पर्दे"},{"lang":"th-TH","name":"ผ้าม่านหนา"},{"lang":"tr-TR","name":"ağır perde"},{"lang":"pt-BR","name":"cortinas pesadas"},{"lang":"de-DE","name":"schwere Vorhänge"},{"lang":"id-ID","name":"gorden tebal"},{"lang":"fr-FR","name":"rideaux épais"}]},{"id":13,"name":"dresser","transcription":"[ˈdresə]","image":"/img/dict/home/dresser.png","translates":[{"lang":"ru-Ru","name":"туалетный столик"},{"lang":"vi-VN","name":"bàn trang điểm"},{"lang":"zh-CN","name":"梳妆台"},{"lang":"hi-IN","name":"ड्रेसर"},{"lang":"th-TH","name":"โต๊ะเครื่องแป้ง"},{"lang":"tr-TR","name":"tuvalet masası"},{"lang":"pt-BR","name":"cômoda"},{"lang":"de-DE","name":"Kommode"},{"lang":"id-ID","name":"meja rias"},{"lang":"fr-FR","name":"coiffeuse"}]},{"id":2,"name":"duvet","transcription":"[ˈduveɪ]","image":"/img/dict/home/duvet.png","translates":[{"lang":"ru-Ru","name":"пуховое одеяло"},{"lang":"vi-VN","name":"chăn lông vũ"},{"lang":"zh-CN","name":"羽绒被"},{"lang":"hi-IN","name":"रजाई"},{"lang":"th-TH","name":"ผ้านวม"},{"lang":"tr-TR","name":"kuş tüyü yorgan"},{"lang":"pt-BR","name":"edredom"},{"lang":"de-DE","name":"Daunendecke"},{"lang":"id-ID","name":"selimut tebal"},{"lang":"fr-FR","name":"couette"}]},{"id":10,"name":"hanger","transcription":"[ˈhæŋə]","image":"/img/dict/home/hanger.png","translates":[{"lang":"ru-Ru","name":"вешалка"},{"lang":"vi-VN","name":"móc treo"},{"lang":"zh-CN","name":"衣架"},{"lang":"hi-IN","name":"हैंगर"},{"lang":"th-TH","name":"ที่แขวนเสื้อ"},{"lang":"tr-TR","name":"askı"},{"lang":"pt-BR","name":"cabide"},{"lang":"de-DE","name":"Kleiderbügel"},{"lang":"id-ID","name":"gantungan baju"},{"lang":"fr-FR","name":"cintre"}]},{"id":41,"name":"heater","transcription":"[ˈhiːtə]","image":"/img/dict/home/heater.png","translates":[{"lang":"ru-Ru","name":"обогреватель"},{"lang":"vi-VN","name":"máy sưởi"},{"lang":"zh-CN","name":"加热器"},{"lang":"hi-IN","name":"हीटर"},{"lang":"th-TH","name":"เครื่องทำความร้อน"},{"lang":"tr-TR","name":"ısıtıcı"},{"lang":"pt-BR","name":"aquecedor"},{"lang":"de-DE","name":"Heizgerät"},{"lang":"id-ID","name":"pemanas"},{"lang":"fr-FR","name":"radiateur"}]},{"id":21,"name":"jack","transcription":"[ʤæk]","image":"/img/dict/home/jack.png","translates":[{"lang":"ru-Ru","name":"разъем"},{"lang":"vi-VN","name":"ổ cắm"},{"lang":"zh-CN","name":"插孔"},{"lang":"hi-IN","name":"जैक"},{"lang":"th-TH","name":"แจ็ค"},{"lang":"tr-TR","name":"jak"},{"lang":"pt-BR","name":"tomada"},{"lang":"de-DE","name":"Buchse"},{"lang":"id-ID","name":"colokan"},{"lang":"fr-FR","name":"prise"}]},{"id":11,"name":"jewellery box","transcription":"[ˈdʒuːəlrɪ bɑːks]","image":"/img/dict/home/jewellery_box.png","translates":[{"lang":"ru-Ru","name":"шкатулка для драгоценностей"},{"lang":"vi-VN","name":"hộp đựng trang sức"},{"lang":"zh-CN","name":"首饰盒"},{"lang":"hi-IN","name":"आभूषण बॉक्स"},{"lang":"th-TH","name":"กล่องเครื่องประดับ"},{"lang":"tr-TR","name":"mücevher kutusu"},{"lang":"pt-BR","name":"caixa de joias"},{"lang":"de-DE","name":"Schmuckkästchen"},{"lang":"id-ID","name":"kotak perhiasan"},{"lang":"fr-FR","name":"boîte à bijoux"}]},{"id":16,"name":"light switch","transcription":"[laɪt swɪtʃ]","image":"/img/dict/home/lightswitch.png","translates":[{"lang":"ru-Ru","name":"выключатель"},{"lang":"vi-VN","name":"công tắc đèn"},{"lang":"zh-CN","name":"电灯开关"},{"lang":"hi-IN","name":"लाइट स्विच"},{"lang":"th-TH","name":"สวิตช์ไฟ"},{"lang":"tr-TR","name":"ışık anahtarı"},{"lang":"pt-BR","name":"interruptor de luz"},{"lang":"de-DE","name":"Lichtschalter"},{"lang":"id-ID","name":"saklar lampu"},{"lang":"fr-FR","name":"interrupteur"}]},{"id":25,"name":"mattress","transcription":"[ˈmætrɪs]","image":"/img/dict/home/mattress.png","translates":[{"lang":"ru-Ru","name":"матрас"},{"lang":"vi-VN","name":"nệm"},{"lang":"zh-CN","name":"床垫"},{"lang":"hi-IN","name":"गद्दा"},{"lang":"th-TH","name":"ที่นอน"},{"lang":"tr-TR","name":"yatak"},{"lang":"pt-BR","name":"colchão"},{"lang":"de-DE","name":"Matratze"},{"lang":"id-ID","name":"kasur"},{"lang":"fr-FR","name":"matelas"}]},{"id":8,"name":"mirror","transcription":"[ˈmɪrə]","image":"/img/dict/home/mirror.png","translates":[{"lang":"ru-Ru","name":"зеркало"},{"lang":"vi-VN","name":"gương"},{"lang":"zh-CN","name":"镜子"},{"lang":"hi-IN","name":"आईना"},{"lang":"th-TH","name":"กระจก"},{"lang":"tr-TR","name":"ayna"},{"lang":"pt-BR","name":"espelho"},{"lang":"de-DE","name":"Spiegel"},{"lang":"id-ID","name":"cermin"},{"lang":"fr-FR","name":"miroir"}]},{"id":37,"name":"nightstand","transcription":"[ˈnaɪtstænd]","image":"/img/dict/home/nightstand.png","translates":[{"lang":"ru-Ru","name":"тумбочка"},{"lang":"vi-VN","name":"bàn đầu giường"},{"lang":"zh-CN","name":"床头柜"},{"lang":"hi-IN","name":"बेडसाइड टेबल"},{"lang":"th-TH","name":"โต๊ะข้างเตียง"},{"lang":"tr-TR","name":"komodin"},{"lang":"pt-BR","name":"criado-mudo"},{"lang":"de-DE","name":"Nachttisch"},{"lang":"id-ID","name":"meja samping tempat tidur"},{"lang":"fr-FR","name":"table de chevet"}]},{"id":35,"name":"ottoman","transcription":"[ˈɒtəmən]","image":"/img/dict/home/ottoman.png","translates":[{"lang":"ru-Ru","name":"тахта"},{"lang":"vi-VN","name":"ghế đôn"},{"lang":"zh-CN","name":"软凳"},{"lang":"hi-IN","name":"ओटोमन"},{"lang":"th-TH","name":"ม้านั่งไม่มีพนัก"},{"lang":"tr-TR","name":"puf"},{"lang":"pt-BR","name":"ottomã"},{"lang":"de-DE","name":"Ottomane"},{"lang":"id-ID","name":"bangku ottoman"},{"lang":"fr-FR","name":"pouf"}]},{"id":42,"name":"picture","transcription":"[ˈpɪkʧə]","image":"/img/dict/home/picture.png","translates":[{"lang":"ru-Ru","name":"картина"},{"lang":"vi-VN","name":"bức tranh"},{"lang":"zh-CN","name":"画"},{"lang":"hi-IN","name":"तस्वीर"},{"lang":"th-TH","name":"รูปภาพ"},{"lang":"tr-TR","name":"resim"},{"lang":"pt-BR","name":"quadro"},{"lang":"de-DE","name":"Bild"},{"lang":"id-ID","name":"gambar"},{"lang":"fr-FR","name":"tableau"}]},{"id":26,"name":"pillow","transcription":"[ˈpɪləʊ]","image":"/img/dict/home/pillow.png","translates":[{"lang":"ru-Ru","name":"подушка"},{"lang":"vi-VN","name":"gối"},{"lang":"zh-CN","name":"枕头"},{"lang":"hi-IN","name":"तकिया"},{"lang":"th-TH","name":"หมอน"},{"lang":"tr-TR","name":"yastık"},{"lang":"pt-BR","name":"travesseiro"},{"lang":"de-DE","name":"Kissen"},{"lang":"id-ID","name":"bantal"},{"lang":"fr-FR","name":"oreiller"}]},{"id":27,"name":"Power Strip","transcription":"[ˈpaʊər strɪp]","image":"/img/dict/home/power_strip.png","translates":[{"lang":"ru-Ru","name":"удлинитель"},{"lang":"vi-VN","name":"ổ cắm điện"},{"lang":"zh-CN","name":"插线板"},{"lang":"hi-IN","name":"पावर स्ट्रिप"},{"lang":"th-TH","name":"ปลั๊กพ่วง"},{"lang":"tr-TR","name":"uzatma kablosu"},{"lang":"pt-BR","name":"réguade energia"},{"lang":"de-DE","name":"Steckdosenleiste"},{"lang":"id-ID","name":"stopkontak"},{"lang":"fr-FR","name":"multiprise"}]},{"id":17,"name":"quilt","transcription":"[kwɪlt]","image":"/img/dict/home/quilt.png","translates":[{"lang":"ru-Ru","name":"стеганое одеяло"},{"lang":"vi-VN","name":"chăn bông"},{"lang":"zh-CN","name":"被子"},{"lang":"hi-IN","name":"रजाई"},{"lang":"th-TH","name":"ผ้าห่ม"},{"lang":"tr-TR","name":"yatak örtüsü"},{"lang":"pt-BR","name":"edredom"},{"lang":"de-DE","name":"Steppdecke"},{"lang":"id-ID","name":"selimut"},{"lang":"fr-FR","name":"couette"}]},{"id":23,"name":"reading lamp","transcription":"[ˈriːdɪŋ læmp]","image":"/img/dict/home/lamp.png","translates":[{"lang":"ru-Ru","name":"настольная лампа"},{"lang":"vi-VN","name":"đèn đọc sách"},{"lang":"zh-CN","name":"台灯"},{"lang":"hi-IN","name":"पढ़ने की लैंप"},{"lang":"th-TH","name":"โคมไฟอ่านหนังสือ"},{"lang":"tr-TR","name":"okuma lambası"},{"lang":"pt-BR","name":"luminária de leitura"},{"lang":"de-DE","name":"Leselampe"},{"lang":"id-ID","name":"lampu baca"},{"lang":"fr-FR","name":"lampe de lecture"}]},{"id":32,"name":"sheet","transcription":"[ʃiːt]","image":"/img/dict/home/sheet.png","translates":[{"lang":"ru-Ru","name":"простыня"},{"lang":"vi-VN","name":"ga trải giường"},{"lang":"zh-CN","name":"床单"},{"lang":"hi-IN","name":"चादर"},{"lang":"th-TH","name":"ผ้าปูที่นอน"},{"lang":"tr-TR","name":"çarşaf"},{"lang":"pt-BR","name":"lençol"},{"lang":"de-DE","name":"Bettlaken"},{"lang":"id-ID","name":"seprei"},{"lang":"fr-FR","name":"drap"}]},{"id":9,"name":"socket","transcription":"[ˈsɑːkɪt]","image":"/img/dict/home/socket.png","translates":[{"lang":"ru-Ru","name":"розетка"},{"lang":"vi-VN","name":"ổ cắm điện"},{"lang":"zh-CN","name":"插座"},{"lang":"hi-IN","name":"सॉकेट"},{"lang":"th-TH","name":"เต้ารับ"},{"lang":"tr-TR","name":"priz"},{"lang":"pt-BR","name":"tomada"},{"lang":"de-DE","name":"Steckdose"},{"lang":"id-ID","name":"stopkontak"},{"lang":"fr-FR","name":"prise"}]},{"id":18,"name":"sofa","transcription":"[ˈsəʊfə]","image":"/img/dict/home/sofa.png","translates":[{"lang":"ru-Ru","name":"диван"},{"lang":"vi-VN","name":"ghế sofa"},{"lang":"zh-CN","name":"沙发"},{"lang":"hi-IN","name":"सोफा"},{"lang":"th-TH","name":"โซฟา"},{"lang":"tr-TR","name":"kanepe"},{"lang":"pt-BR","name":"sofá"},{"lang":"de-DE","name":"Sofa"},{"lang":"id-ID","name":"sofa"},{"lang":"fr-FR","name":"canapé"}]},{"id":36,"name":"stool","transcription":"[stuːl]","image":"/img/dict/home/stool.png","translates":[{"lang":"ru-Ru","name":"табурет"},{"lang":"vi-VN","name":"ghế đẩu"},{"lang":"zh-CN","name":"凳子"},{"lang":"hi-IN","name":"स्टूल"},{"lang":"th-TH","name":"ม้านั่ง"},{"lang":"tr-TR","name":"tabure"},{"lang":"pt-BR","name":"banquinho"},{"lang":"de-DE","name":"Hocker"},{"lang":"id-ID","name":"bangku"},{"lang":"fr-FR","name":"tabouret"}]},{"id":24,"name":"telephone","transcription":"[ˈtelɪfəʊn]","image":"/img/dict/home/telephone.png","translates":[{"lang":"ru-Ru","name":"телефон"},{"lang":"vi-VN","name":"điện thoại"},{"lang":"zh-CN","name":"电话"},{"lang":"hi-IN","name":"टेलीफोन"},{"lang":"th-TH","name":"โทรศัพท์"},{"lang":"tr-TR","name":"telefon"},{"lang":"pt-BR","name":"telefone"},{"lang":"de-DE","name":"Telefon"},{"lang":"id-ID","name":"telepon"},{"lang":"fr-FR","name":"téléphone"}]},{"id":14,"name":"wardrobe","transcription":"[ˈwɔːdrəʊb]","image":"/img/dict/home/wardrobe.png","translates":[{"lang":"ru-Ru","name":"шкаф"},{"lang":"vi-VN","name":"tủ quần áo"},{"lang":"zh-CN","name":"衣柜"},{"lang":"hi-IN","name":"अलमारी"},{"lang":"th-TH","name":"ตู้เสื้อผ้า"},{"lang":"tr-TR","name":"gardırop"},{"lang":"pt-BR","name":"guarda-roupa"},{"lang":"de-DE","name":"Kleiderschrank"},{"lang":"id-ID","name":"lemari pakaian"},{"lang":"fr-FR","name":"armoire"}]},{"id":4,"name":"window","transcription":"[ˈwɪndəʊ]","image":"/img/dict/home/window.png","translates":[{"lang":"ru-Ru","name":"окно"},{"lang":"vi-VN","name":"cửa sổ"},{"lang":"zh-CN","name":"窗户"},{"lang":"hi-IN","name":"खिड़की"},{"lang":"th-TH","name":"หน้าต่าง"},{"lang":"tr-TR","name":"pencere"},{"lang":"pt-BR","name":"janela"},{"lang":"de-DE","name":"Fenster"},{"lang":"id-ID","name":"jendela"},{"lang":"fr-FR","name":"fenêtre"}]}]}