{"name":"Phonics /th/ (unvoiced)","nameA":"","img":"","isRandom":false,"isBlur":false,"isUpper":true,"isByWords":false,"isForAdult":false,"separator":"","numWords":27,"Translations":[{"lang":"ru-RU","name":"Алфавит","nameA":""},{"lang":"vi-VN","name":"Ngữ âm /th/ (không rung)","nameA":""},{"lang":"zh-CN","name":"语音 /th/ (清音)","nameA":""},{"lang":"hi-IN","name":"ध्वनि /th/ (अघोष)","nameA":""},{"lang":"th-TH","name":"เสียง /th/ (ไม่ก้อง)","nameA":""},{"lang":"tr-TR","name":"Fonetik /th/ (tonsuz)","nameA":""},{"lang":"pt-BR","name":"Fonética /th/ (surdo)","nameA":""},{"lang":"de-DE","name":"Phonik /th/ (stimmlos)","nameA":""},{"lang":"id-ID","name":"Fonik /th/ (tak bersuara)","nameA":""},{"lang":"fr-FR","name":"Phonétique /th/ (sourd)","nameA":""}],"items":[{"id":0,"name":"thank","transcription":"[θæŋk]","nameA":"","image":" ","bg":"transparent","nameAnswer":"","translates":[{"lang":"ru-RU","name":"Благодарить","nameA":""},{"lang":"vi-VN","name":"Cảm ơn","nameA":""},{"lang":"zh-CN","name":"感谢","nameA":""},{"lang":"hi-IN","name":"धन्यवाद","nameA":""},{"lang":"th-TH","name":"ขอบคุณ","nameA":""},{"lang":"tr-TR","name":"Teşekkür","nameA":""},{"lang":"pt-BR","name":"Agradecer","nameA":""},{"lang":"de-DE","name":"Danken","nameA":""},{"lang":"id-ID","name":"Berterima kasih","nameA":""},{"lang":"fr-FR","name":"Remercier","nameA":""}]},{"id":0,"name":"theatre","transcription":"[ˈθiətər]","nameA":"","image":" ","bg":"transparent","nameAnswer":"","translates":[{"lang":"ru-RU","name":"Театр","nameA":""},{"lang":"vi-VN","name":"Nhà hát","nameA":""},{"lang":"zh-CN","name":"剧院","nameA":""},{"lang":"hi-IN","name":"थिएटर","nameA":""},{"lang":"th-TH","name":"โรงละคร","nameA":""},{"lang":"tr-TR","name":"Tiyatro","nameA":""},{"lang":"pt-BR","name":"Teatro","nameA":""},{"lang":"de-DE","name":"Theater","nameA":""},{"lang":"id-ID","name":"Teater","nameA":""},{"lang":"fr-FR","name":"Théâtre","nameA":""}]},{"id":0,"name":"thick","transcription":"[θɪk]","nameA":"","image":" ","bg":"transparent","nameAnswer":"","translates":[{"lang":"ru-RU","name":"Толстый","nameA":""},{"lang":"vi-VN","name":"Dày","nameA":""},{"lang":"zh-CN","name":"厚的","nameA":""},{"lang":"hi-IN","name":"मोटा","nameA":""},{"lang":"th-TH","name":"หนา","nameA":""},{"lang":"tr-TR","name":"Kalın","nameA":""},{"lang":"pt-BR","name":"Grosso","nameA":""},{"lang":"de-DE","name":"Dick","nameA":""},{"lang":"id-ID","name":"Tebal","nameA":""},{"lang":"fr-FR","name":"Épais","nameA":""}]},{"id":0,"name":"thief","transcription":"[θiːf]","nameA":"","image":" ","bg":"transparent","nameAnswer":"","translates":[{"lang":"ru-RU","name":"Вор","nameA":""},{"lang":"vi-VN","name":"Kẻ trộm","nameA":""},{"lang":"zh-CN","name":"小偷","nameA":""},{"lang":"hi-IN","name":"चोर","nameA":""},{"lang":"th-TH","name":"ขโมย","nameA":""},{"lang":"tr-TR","name":"Hırsız","nameA":""},{"lang":"pt-BR","name":"Ladrão","nameA":""},{"lang":"de-DE","name":"Dieb","nameA":""},{"lang":"id-ID","name":"Pencuri","nameA":""},{"lang":"fr-FR","name":"Voleur","nameA":""}]},{"id":0,"name":"thin","transcription":"[θɪn]","nameA":"","image":" ","bg":"transparent","nameAnswer":"","translates":[{"lang":"ru-RU","name":"Тонкий","nameA":""},{"lang":"vi-VN","name":"Mỏng","nameA":""},{"lang":"zh-CN","name":"薄的","nameA":""},{"lang":"hi-IN","name":"पतला","nameA":""},{"lang":"th-TH","name":"บาง","nameA":""},{"lang":"tr-TR","name":"İnce","nameA":""},{"lang":"pt-BR","name":"Fino","nameA":""},{"lang":"de-DE","name":"Dünn","nameA":""},{"lang":"id-ID","name":"Tipis","nameA":""},{"lang":"fr-FR","name":"Mince","nameA":""}]},{"id":0,"name":"thing","transcription":"[θɪŋ]","nameA":"","image":" ","bg":"transparent","nameAnswer":"","translates":[{"lang":"ru-RU","name":"Вещь","nameA":""},{"lang":"vi-VN","name":"Đồ vật","nameA":""},{"lang":"zh-CN","name":"东西","nameA":""},{"lang":"hi-IN","name":"चीज़","nameA":""},{"lang":"th-TH","name":"สิ่งของ","nameA":""},{"lang":"tr-TR","name":"Şey","nameA":""},{"lang":"pt-BR","name":"Coisa","nameA":""},{"lang":"de-DE","name":"Ding","nameA":""},{"lang":"id-ID","name":"Benda","nameA":""},{"lang":"fr-FR","name":"Chose","nameA":""}]},{"id":0,"name":"think","transcription":"[θɪŋk]","nameA":"","image":" ","bg":"transparent","nameAnswer":"","translates":[{"lang":"ru-RU","name":"Думать","nameA":""},{"lang":"vi-VN","name":"Nghĩ","nameA":""},{"lang":"zh-CN","name":"思考","nameA":""},{"lang":"hi-IN","name":"सोचना","nameA":""},{"lang":"th-TH","name":"คิด","nameA":""},{"lang":"tr-TR","name":"Düşünmek","nameA":""},{"lang":"pt-BR","name":"Pensar","nameA":""},{"lang":"de-DE","name":"Denken","nameA":""},{"lang":"id-ID","name":"Berpikir","nameA":""},{"lang":"fr-FR","name":"Penser","nameA":""}]},{"id":0,"name":"third","transcription":"[θɜːrd]","nameA":"","image":" ","bg":"transparent","nameAnswer":"","translates":[{"lang":"ru-RU","name":"Третий","nameA":""},{"lang":"vi-VN","name":"Thứ ba","nameA":""},{"lang":"zh-CN","name":"第三","nameA":""},{"lang":"hi-IN","name":"तीसरा","nameA":""},{"lang":"th-TH","name":"ที่สาม","nameA":""},{"lang":"tr-TR","name":"Üçüncü","nameA":""},{"lang":"pt-BR","name":"Terceiro","nameA":""},{"lang":"de-DE","name":"Dritte","nameA":""},{"lang":"id-ID","name":"Ketiga","nameA":""},{"lang":"fr-FR","name":"Troisième","nameA":""}]},{"id":0,"name":"thirsty","transcription":"[ˈθɜːrsti]","nameA":"","image":" ","bg":"transparent","nameAnswer":"","translates":[{"lang":"ru-RU","name":"Жаждущий","nameA":""},{"lang":"vi-VN","name":"Khát","nameA":""},{"lang":"zh-CN","name":"口渴","nameA":""},{"lang":"hi-IN","name":"प्यासा","nameA":""},{"lang":"th-TH","name":"กระหาย","nameA":""},{"lang":"tr-TR","name":"Susamış","nameA":""},{"lang":"pt-BR","name":"Sede","nameA":""},{"lang":"de-DE","name":"Durstig","nameA":""},{"lang":"id-ID","name":"Haus","nameA":""},{"lang":"fr-FR","name":"Assoiffé","nameA":""}]},{"id":0,"name":"thistle","transcription":"[ˈθɪsəl]","nameA":"","image":" ","bg":"transparent","nameAnswer":"","translates":[{"lang":"ru-RU","name":"Чертополох","nameA":""},{"lang":"vi-VN","name":"Cây kế","nameA":""},{"lang":"zh-CN","name":"蓟","nameA":""},{"lang":"hi-IN","name":"ओंट कटारा","nameA":""},{"lang":"th-TH","name":"พืชมีหนาม","nameA":""},{"lang":"tr-TR","name":"Devedikeni","nameA":""},{"lang":"pt-BR","name":"Cardo","nameA":""},{"lang":"de-DE","name":"Distel","nameA":""},{"lang":"id-ID","name":"Thistle","nameA":""},{"lang":"fr-FR","name":"Chardon","nameA":""}]},{"id":0,"name":"thorn","transcription":"[θɔːrn]","nameA":"","image":" ","bg":"transparent","nameAnswer":"","translates":[{"lang":"ru-RU","name":"Шип","nameA":""},{"lang":"vi-VN","name":"Gai","nameA":""},{"lang":"zh-CN","name":"刺","nameA":""},{"lang":"hi-IN","name":"कांटा","nameA":""},{"lang":"th-TH","name":"หนาม","nameA":""},{"lang":"tr-TR","name":"Diken","nameA":""},{"lang":"pt-BR","name":"Espinho","nameA":""},{"lang":"de-DE","name":"Dorn","nameA":""},{"lang":"id-ID","name":"Duri","nameA":""},{"lang":"fr-FR","name":"Épine","nameA":""}]},{"id":0,"name":"thought","transcription":"[θɔːt]","nameA":"","image":" ","bg":"transparent","nameAnswer":"","translates":[{"lang":"ru-RU","name":"Мысль","nameA":""},{"lang":"vi-VN","name":"Suy nghĩ","nameA":""},{"lang":"zh-CN","name":"想法","nameA":""},{"lang":"hi-IN","name":"विचार","nameA":""},{"lang":"th-TH","name":"ความคิด","nameA":""},{"lang":"tr-TR","name":"Düşünce","nameA":""},{"lang":"pt-BR","name":"Pensamento","nameA":""},{"lang":"de-DE","name":"Gedanke","nameA":""},{"lang":"id-ID","name":"Pikiran","nameA":""},{"lang":"fr-FR","name":"Pensée","nameA":""}]},{"id":0,"name":"thread","transcription":"[θrɛd]","nameA":"","image":" ","bg":"transparent","nameAnswer":"","translates":[{"lang":"ru-RU","name":"Нить","nameA":""},{"lang":"vi-VN","name":"Sợi chỉ","nameA":""},{"lang":"zh-CN","name":"线","nameA":""},{"lang":"hi-IN","name":"धागा","nameA":""},{"lang":"th-TH","name":"เส้นด้าย","nameA":""},{"lang":"tr-TR","name":"İplik","nameA":""},{"lang":"pt-BR","name":"Fio","nameA":""},{"lang":"de-DE","name":"Faden","nameA":""},{"lang":"id-ID","name":"Benang","nameA":""},{"lang":"fr-FR","name":"Fil","nameA":""}]},{"id":0,"name":"three","transcription":"[θriː]","nameA":"","image":" ","bg":"transparent","nameAnswer":"","translates":[{"lang":"ru-RU","name":"Три","nameA":""},{"lang":"vi-VN","name":"Ba","nameA":""},{"lang":"zh-CN","name":"三","nameA":""},{"lang":"hi-IN","name":"तीन","nameA":""},{"lang":"th-TH","name":"สาม","nameA":""},{"lang":"tr-TR","name":"Üç","nameA":""},{"lang":"pt-BR","name":"Três","nameA":""},{"lang":"de-DE","name":"Drei","nameA":""},{"lang":"id-ID","name":"Tiga","nameA":""},{"lang":"fr-FR","name":"Trois","nameA":""}]},{"id":0,"name":"throat","transcription":"[θroʊt]","nameA":"","image":"/img/dict/body/throat.png","bg":"transparent","nameAnswer":"","translates":[{"lang":"ru-RU","name":"Горло","nameA":""},{"lang":"vi-VN","name":"Cổ họng","nameA":""},{"lang":"zh-CN","name":"喉咙","nameA":""},{"lang":"hi-IN","name":"गला","nameA":""},{"lang":"th-TH","name":"คอ","nameA":""},{"lang":"tr-TR","name":"Boğaz","nameA":""},{"lang":"pt-BR","name":"Garganta","nameA":""},{"lang":"de-DE","name":"Hals","nameA":""},{"lang":"id-ID","name":"Tenggorokan","nameA":""},{"lang":"fr-FR","name":"Gorge","nameA":""}]},{"id":0,"name":"through","transcription":"[θruː]","nameA":"","image":" ","bg":"transparent","nameAnswer":"","translates":[{"lang":"ru-RU","name":"Через","nameA":""},{"lang":"vi-VN","name":"Qua","nameA":""},{"lang":"zh-CN","name":"通过","nameA":""},{"lang":"hi-IN","name":"के माध्यम से","nameA":""},{"lang":"th-TH","name":"ผ่าน","nameA":""},{"lang":"tr-TR","name":"Boyunca","nameA":""},{"lang":"pt-BR","name":"Através","nameA":""},{"lang":"de-DE","name":"Durch","nameA":""},{"lang":"id-ID","name":"Melalui","nameA":""},{"lang":"fr-FR","name":"À travers","nameA":""}]},{"id":0,"name":"throw","transcription":"[θroʊ]","nameA":"","image":" ","bg":"transparent","nameAnswer":"","translates":[{"lang":"ru-RU","name":"Бросать","nameA":""},{"lang":"vi-VN","name":"Ném","nameA":""},{"lang":"zh-CN","name":"扔","nameA":""},{"lang":"hi-IN","name":"फेंकना","nameA":""},{"lang":"th-TH","name":"โยน","nameA":""},{"lang":"tr-TR","name":"Atmak","nameA":""},{"lang":"pt-BR","name":"Jogar","nameA":""},{"lang":"de-DE","name":"Werfen","nameA":""},{"lang":"id-ID","name":"Melempar","nameA":""},{"lang":"fr-FR","name":"Lancer","nameA":""}]},{"id":0,"name":"thumb","transcription":"[θʌm]","nameA":"","image":" ","bg":"transparent","nameAnswer":"","translates":[{"lang":"ru-RU","name":"Большой палец","nameA":""},{"lang":"vi-VN","name":"Ngón tay cái","nameA":""},{"lang":"zh-CN","name":"拇指","nameA":""},{"lang":"hi-IN","name":"अंगूठा","nameA":""},{"lang":"th-TH","name":"นิ้วโป้ง","nameA":""},{"lang":"tr-TR","name":"Başparmak","nameA":""},{"lang":"pt-BR","name":"Polegar","nameA":""},{"lang":"de-DE","name":"Daumen","nameA":""},{"lang":"id-ID","name":"Ibu jari","nameA":""},{"lang":"fr-FR","name":"Pouce","nameA":""}]},{"id":0,"name":"thunder","transcription":"[ˈθʌndər]","nameA":"","image":" ","bg":"transparent","nameAnswer":"","translates":[{"lang":"ru-RU","name":"Гром","nameA":""},{"lang":"vi-VN","name":"Sấm","nameA":""},{"lang":"zh-CN","name":"雷","nameA":""},{"lang":"hi-IN","name":"गरज","nameA":""},{"lang":"th-TH","name":"ฟ้าร้อง","nameA":""},{"lang":"tr-TR","name":"Gök gürültüsü","nameA":""},{"lang":"pt-BR","name":"Trovão","nameA":""},{"lang":"de-DE","name":"Donner","nameA":""},{"lang":"id-ID","name":"Petir","nameA":""},{"lang":"fr-FR","name":"Tonnerre","nameA":""}]},{"id":0,"name":"bathroom","transcription":"[ˈbæθruːm]","nameA":"","image":"/img/dict/home/bathroom.png","bg":"transparent","nameAnswer":"","translates":[{"lang":"ru-RU","name":"Ванная","nameA":""},{"lang":"vi-VN","name":"Phòng tắm","nameA":""},{"lang":"zh-CN","name":"浴室","nameA":""},{"lang":"hi-IN","name":"बाथरूम","nameA":""},{"lang":"th-TH","name":"ห้องน้ำ","nameA":""},{"lang":"tr-TR","name":"Banyo","nameA":""},{"lang":"pt-BR","name":"Banheiro","nameA":""},{"lang":"de-DE","name":"Badezimmer","nameA":""},{"lang":"id-ID","name":"Kamar mandi","nameA":""},{"lang":"fr-FR","name":"Salle de bain","nameA":""}]},{"id":0,"name":"bath","transcription":"[bæθ]","nameA":"","image":"/img/dict/home/bath.png","bg":"transparent","nameAnswer":"","translates":[{"lang":"ru-RU","name":"Ванна","nameA":""},{"lang":"vi-VN","name":"Bồn tắm","nameA":""},{"lang":"zh-CN","name":"浴缸","nameA":""},{"lang":"hi-IN","name":"स्नान","nameA":""},{"lang":"th-TH","name":"อ่างอาบน้ำ","nameA":""},{"lang":"tr-TR","name":"Banyo","nameA":""},{"lang":"pt-BR","name":"Banho","nameA":""},{"lang":"de-DE","name":"Bad","nameA":""},{"lang":"id-ID","name":"Mandi","nameA":""},{"lang":"fr-FR","name":"Bain","nameA":""}]},{"id":0,"name":"breath","transcription":"[brɛθ]","nameA":"","image":" ","bg":"transparent","nameAnswer":"","translates":[{"lang":"ru-RU","name":"Дыхание","nameA":""},{"lang":"vi-VN","name":"Hơi thở","nameA":""},{"lang":"zh-CN","name":"呼吸","nameA":""},{"lang":"hi-IN","name":"सांस","nameA":""},{"lang":"th-TH","name":"ลมหายใจ","nameA":""},{"lang":"tr-TR","name":"Nefes","nameA":""},{"lang":"pt-BR","name":"Respiração","nameA":""},{"lang":"de-DE","name":"Atem","nameA":""},{"lang":"id-ID","name":"Napas","nameA":""},{"lang":"fr-FR","name":"Souffle","nameA":""}]},{"id":0,"name":"math","transcription":"[mæθ]","nameA":"","image":" ","bg":"transparent","nameAnswer":"","translates":[{"lang":"ru-RU","name":"Математика","nameA":""},{"lang":"vi-VN","name":"Toán học","nameA":""},{"lang":"zh-CN","name":"数学","nameA":""},{"lang":"hi-IN","name":"गणित","nameA":""},{"lang":"th-TH","name":"คณิตศาสตร์","nameA":""},{"lang":"tr-TR","name":"Matematik","nameA":""},{"lang":"pt-BR","name":"Matemática","nameA":""},{"lang":"de-DE","name":"Mathe","nameA":""},{"lang":"id-ID","name":"Matematika","nameA":""},{"lang":"fr-FR","name":"Mathématiques","nameA":""}]},{"id":0,"name":"moth","transcription":"[mɔθ]","nameA":"","image":"/img/dict/animals/moth.png","bg":"transparent","nameAnswer":"","translates":[{"lang":"ru-RU","name":"Моль","nameA":""},{"lang":"vi-VN","name":"Bướm đêm","nameA":""},{"lang":"zh-CN","name":"蛾","nameA":""},{"lang":"hi-IN","name":"पतंगा","nameA":""},{"lang":"th-TH","name":"ผีเสื้อกลางคืน","nameA":""},{"lang":"tr-TR","name":"Güve","nameA":""},{"lang":"pt-BR","name":"Mariposa","nameA":""},{"lang":"de-DE","name":"Motte","nameA":""},{"lang":"id-ID","name":"Ngengat","nameA":""},{"lang":"fr-FR","name":"Papillon de nuit","nameA":""}]},{"id":0,"name":"north","transcription":"[nɔːrθ]","nameA":"","image":" ","bg":"transparent","nameAnswer":"","translates":[{"lang":"ru-RU","name":"Север","nameA":""},{"lang":"vi-VN","name":"Bắc","nameA":""},{"lang":"zh-CN","name":"北","nameA":""},{"lang":"hi-IN","name":"उत्तर","nameA":""},{"lang":"th-TH","name":"เหนือ","nameA":""},{"lang":"tr-TR","name":"Kuzey","nameA":""},{"lang":"pt-BR","name":"Norte","nameA":""},{"lang":"de-DE","name":"Norden","nameA":""},{"lang":"id-ID","name":"Utara","nameA":""},{"lang":"fr-FR","name":"Nord","nameA":""}]},{"id":0,"name":"south","transcription":"[saʊθ]","nameA":"","image":" ","bg":"transparent","nameAnswer":"","translates":[{"lang":"ru-RU","name":"Юг","nameA":""},{"lang":"vi-VN","name":"Nam","nameA":""},{"lang":"zh-CN","name":"南","nameA":""},{"lang":"hi-IN","name":"दक्षिण","nameA":""},{"lang":"th-TH","name":"ใต้","nameA":""},{"lang":"tr-TR","name":"Güney","nameA":""},{"lang":"pt-BR","name":"Sul","nameA":""},{"lang":"de-DE","name":"Süden","nameA":""},{"lang":"id-ID","name":"Selatan","nameA":""},{"lang":"fr-FR","name":"Sud","nameA":""}]},{"id":0,"name":"tooth","transcription":"[tuːθ]","nameA":"","image":" ","bg":"transparent","nameAnswer":"","translates":[{"lang":"ru-RU","name":"Зуб","nameA":""},{"lang":"vi-VN","name":"Răng","nameA":""},{"lang":"zh-CN","name":"牙齿","nameA":""},{"lang":"hi-IN","name":"दांत","nameA":""},{"lang":"th-TH","name":"ฟัน","nameA":""},{"lang":"tr-TR","name":"Diş","nameA":""},{"lang":"pt-BR","name":"Dente","nameA":""},{"lang":"de-DE","name":"Zahn","nameA":""},{"lang":"id-ID","name":"Gigi","nameA":""},{"lang":"fr-FR","name":"Dent","nameA":""}]}]}