{"name":"TOP 100","isRandom":true,"isBlur":true,"isUpper":true,"isByWords":false,"isForAdult":false,"separator":"","numWords":100,"tags":["top","top100","countable"],"Translations":[],"items":[{"id":99,"name":"about","transcription":"[əˈbaʊt]","image":"/fake_path/about.png","translates":[{"lang":"ru-Ru","name":"о"},{"lang":"vi-VN","name":"Về"},{"lang":"zh-CN","name":"关于"},{"lang":"hi-IN","name":"के बारे में"},{"lang":"th-TH","name":"เกี่ยวกับ"},{"lang":"tr-TR","name":"hakkında"},{"lang":"pt-BR","name":"sobre"},{"lang":"de-DE","name":"um"},{"lang":"id-ID","name":"tentang"},{"lang":"fr-FR","name":"à propos"}]},{"id":78,"name":"after","transcription":"[ˈæftər]","image":"/fake_path/after.png","translates":[{"lang":"ru-Ru","name":"после"},{"lang":"vi-VN","name":"sau đó"},{"lang":"zh-CN","name":"后"},{"lang":"hi-IN","name":"बाद"},{"lang":"th-TH","name":"หลังจาก"},{"lang":"tr-TR","name":"sonrasında"},{"lang":"pt-BR","name":"depois"},{"lang":"de-DE","name":"nach"},{"lang":"id-ID","name":"setelah"},{"lang":"fr-FR","name":"après"}]},{"id":25,"name":"all","transcription":"[ɔːl]","image":"/fake_path/all.png","translates":[{"lang":"ru-Ru","name":"все"},{"lang":"vi-VN","name":"tất cả"},{"lang":"zh-CN","name":"全部"},{"lang":"hi-IN","name":"सभी"},{"lang":"th-TH","name":"ทั้งหมด"},{"lang":"tr-TR","name":"Tümü"},{"lang":"pt-BR","name":"todos"},{"lang":"de-DE","name":"alle"},{"lang":"id-ID","name":"semua"},{"lang":"fr-FR","name":"tous"}]},{"id":40,"name":"also","transcription":"[ˈɔːlsəʊ]","image":"/fake_path/also.png","translates":[{"lang":"ru-Ru","name":"тоже"},{"lang":"vi-VN","name":"Mà còn"},{"lang":"zh-CN","name":"还"},{"lang":"hi-IN","name":"भी"},{"lang":"th-TH","name":"อีกด้วย"},{"lang":"tr-TR","name":"Ayrıca"},{"lang":"pt-BR","name":"também"},{"lang":"de-DE","name":"Auch"},{"lang":"id-ID","name":"Juga"},{"lang":"fr-FR","name":"aussi"}]},{"id":11,"name":"and","transcription":"[ənd]","image":"/fake_path/and.png","translates":[{"lang":"ru-Ru","name":"и"},{"lang":"vi-VN","name":"Và"},{"lang":"zh-CN","name":"和"},{"lang":"hi-IN","name":"और"},{"lang":"th-TH","name":"และ"},{"lang":"tr-TR","name":"Ve"},{"lang":"pt-BR","name":"e"},{"lang":"de-DE","name":"Und"},{"lang":"id-ID","name":"Dan"},{"lang":"fr-FR","name":"et"}]},{"id":34,"name":"any","transcription":"[ˈenɪ]","image":"/fake_path/any.png","translates":[{"lang":"ru-Ru","name":"любой"},{"lang":"vi-VN","name":"bất kì"},{"lang":"zh-CN","name":"任何"},{"lang":"hi-IN","name":"कोई"},{"lang":"th-TH","name":"ใดๆ"},{"lang":"tr-TR","name":"herhangi"},{"lang":"pt-BR","name":"qualquer"},{"lang":"de-DE","name":"beliebig"},{"lang":"id-ID","name":"setiap"},{"lang":"fr-FR","name":"n\u0027importe lequel"}]},{"id":93,"name":"as","transcription":"[əz]","image":"/fake_path/as.png","translates":[{"lang":"ru-Ru","name":"как (сравнение)"},{"lang":"vi-VN","name":"BẰNG"},{"lang":"zh-CN","name":"作为"},{"lang":"hi-IN","name":"जैसा"},{"lang":"th-TH","name":"เช่น"},{"lang":"tr-TR","name":"gibi"},{"lang":"pt-BR","name":"como"},{"lang":"de-DE","name":"als"},{"lang":"id-ID","name":"sebagai"},{"lang":"fr-FR","name":"comme"}]},{"id":10,"name":"at","transcription":"[ət]","image":"/fake_path/at.png","translates":[{"lang":"ru-Ru","name":"на (место)"},{"lang":"vi-VN","name":"Tại"},{"lang":"zh-CN","name":"在"},{"lang":"hi-IN","name":"पर"},{"lang":"th-TH","name":"ที่"},{"lang":"tr-TR","name":"-den"},{"lang":"pt-BR","name":"no"},{"lang":"de-DE","name":"bei"},{"lang":"id-ID","name":"pada"},{"lang":"fr-FR","name":"à"}]},{"id":5,"name":"back","transcription":"[bæk]","image":"/fake_path/back.png","translates":[{"lang":"ru-Ru","name":"назад"},{"lang":"vi-VN","name":"mặt sau"},{"lang":"zh-CN","name":"后退"},{"lang":"hi-IN","name":"पीछे"},{"lang":"th-TH","name":"กลับ"},{"lang":"tr-TR","name":"geri"},{"lang":"pt-BR","name":"voltar"},{"lang":"de-DE","name":"zurück"},{"lang":"id-ID","name":"kembali"},{"lang":"fr-FR","name":"dos"}]},{"id":4,"name":"be","transcription":"[bi]","image":"/fake_path/be.png","translates":[{"lang":"ru-Ru","name":"быть"},{"lang":"vi-VN","name":"là"},{"lang":"zh-CN","name":"是"},{"lang":"hi-IN","name":"होना"},{"lang":"th-TH","name":"เป็น"},{"lang":"tr-TR","name":"olmak"},{"lang":"pt-BR","name":"ser"},{"lang":"de-DE","name":"Sei"},{"lang":"id-ID","name":"menjadi"},{"lang":"fr-FR","name":"être"}]},{"id":62,"name":"because","transcription":"[bɪˈkɔːz]","image":"/fake_path/because.png","translates":[{"lang":"ru-Ru","name":"потому что"},{"lang":"vi-VN","name":"bởi vì"},{"lang":"zh-CN","name":"因为"},{"lang":"hi-IN","name":"क्योंकि"},{"lang":"th-TH","name":"เพราะ"},{"lang":"tr-TR","name":"Çünkü"},{"lang":"pt-BR","name":"porque"},{"lang":"de-DE","name":"Weil"},{"lang":"id-ID","name":"Karena"},{"lang":"fr-FR","name":"parce que"}]},{"id":67,"name":"boy","transcription":"[bɔɪ]","image":"/fake_path/boy.png","translates":[{"lang":"ru-Ru","name":"мальчик"},{"lang":"vi-VN","name":"con trai"},{"lang":"zh-CN","name":"男生"},{"lang":"hi-IN","name":"लड़का"},{"lang":"th-TH","name":"เด็กผู้ชาย"},{"lang":"tr-TR","name":"erkek çocuk"},{"lang":"pt-BR","name":"garoto"},{"lang":"de-DE","name":"Junge"},{"lang":"id-ID","name":"anak laki-laki"},{"lang":"fr-FR","name":"garçon"}]},{"id":51,"name":"but","transcription":"[ˈbʌt]","image":"/fake_path/but.png","translates":[{"lang":"ru-Ru","name":"но"},{"lang":"vi-VN","name":"Nhưng"},{"lang":"zh-CN","name":"但"},{"lang":"hi-IN","name":"लेकिन"},{"lang":"th-TH","name":"แต่"},{"lang":"tr-TR","name":"Ancak"},{"lang":"pt-BR","name":"mas"},{"lang":"de-DE","name":"Aber"},{"lang":"id-ID","name":"Tetapi"},{"lang":"fr-FR","name":"mais"}]},{"id":91,"name":"by","transcription":"[baɪ]","image":"/fake_path/by.png","translates":[{"lang":"ru-Ru","name":"по"},{"lang":"vi-VN","name":"qua"},{"lang":"zh-CN","name":"经过"},{"lang":"hi-IN","name":"द्वारा"},{"lang":"th-TH","name":"โดย"},{"lang":"tr-TR","name":"ile"},{"lang":"pt-BR","name":"por"},{"lang":"de-DE","name":"von"},{"lang":"id-ID","name":"oleh"},{"lang":"fr-FR","name":"par"}]},{"id":28,"name":"can","transcription":"[kæn]","image":"/fake_path/can.png","translates":[{"lang":"ru-Ru","name":"мочь"},{"lang":"vi-VN","name":"Có thể"},{"lang":"zh-CN","name":"能"},{"lang":"hi-IN","name":"कर सकना"},{"lang":"th-TH","name":"สามารถ"},{"lang":"tr-TR","name":"olabilmek"},{"lang":"pt-BR","name":"pode"},{"lang":"de-DE","name":"dürfen"},{"lang":"id-ID","name":"Bisa"},{"lang":"fr-FR","name":"peut"}]},{"id":83,"name":"come","transcription":"[kʌm]","image":"/fake_path/come.png","translates":[{"lang":"ru-Ru","name":"приходить"},{"lang":"vi-VN","name":"đến"},{"lang":"zh-CN","name":"来"},{"lang":"hi-IN","name":"आना"},{"lang":"th-TH","name":"มา"},{"lang":"tr-TR","name":"Gelmek"},{"lang":"pt-BR","name":"vir"},{"lang":"de-DE","name":"kommen"},{"lang":"id-ID","name":"datang"},{"lang":"fr-FR","name":"viens"}]},{"id":35,"name":"could","transcription":"[kʊd]","image":"/fake_path/could.png","translates":[{"lang":"ru-Ru","name":"мочь"},{"lang":"vi-VN","name":"có thể"},{"lang":"zh-CN","name":"可以"},{"lang":"hi-IN","name":"सकना"},{"lang":"th-TH","name":"สามารถ"},{"lang":"tr-TR","name":"olabilir"},{"lang":"pt-BR","name":"poderia"},{"lang":"de-DE","name":"könnte"},{"lang":"id-ID","name":"bisa"},{"lang":"fr-FR","name":"pourrait"}]},{"id":72,"name":"day","transcription":"[deɪ]","image":"/fake_path/day.png","translates":[{"lang":"ru-Ru","name":"день"},{"lang":"vi-VN","name":"ngày"},{"lang":"zh-CN","name":"天"},{"lang":"hi-IN","name":"दिन"},{"lang":"th-TH","name":"วัน"},{"lang":"tr-TR","name":"gün"},{"lang":"pt-BR","name":"dia"},{"lang":"de-DE","name":"Tag"},{"lang":"id-ID","name":"hari"},{"lang":"fr-FR","name":"jour"}]},{"id":58,"name":"do","transcription":"[duː]","image":"/fake_path/do.png","translates":[{"lang":"ru-Ru","name":"делать"},{"lang":"vi-VN","name":"LÀM"},{"lang":"zh-CN","name":"做"},{"lang":"hi-IN","name":"करना"},{"lang":"th-TH","name":"ทำ"},{"lang":"tr-TR","name":"Yapmak"},{"lang":"pt-BR","name":"fazer"},{"lang":"de-DE","name":"Tun"},{"lang":"id-ID","name":"Mengerjakan"},{"lang":"fr-FR","name":"faire"}]},{"id":13,"name":"even","transcription":"[ˈiːvn]","image":"/fake_path/even.png","translates":[{"lang":"ru-Ru","name":"даже"},{"lang":"vi-VN","name":"thậm chí"},{"lang":"zh-CN","name":"甚至"},{"lang":"hi-IN","name":"यहां तक ​​की"},{"lang":"th-TH","name":"สม่ำเสมอ"},{"lang":"tr-TR","name":"eşit"},{"lang":"pt-BR","name":"até"},{"lang":"de-DE","name":"sogar"},{"lang":"id-ID","name":"bahkan"},{"lang":"fr-FR","name":"même"}]},{"id":79,"name":"first","transcription":"[fɜːrst]","image":"/fake_path/first.png","translates":[{"lang":"ru-Ru","name":"первый"},{"lang":"vi-VN","name":"Đầu tiên"},{"lang":"zh-CN","name":"第一的"},{"lang":"hi-IN","name":"पहला"},{"lang":"th-TH","name":"อันดับแรก"},{"lang":"tr-TR","name":"Birinci"},{"lang":"pt-BR","name":"primeiro"},{"lang":"de-DE","name":"Erste"},{"lang":"id-ID","name":"Pertama"},{"lang":"fr-FR","name":"d\u0027abord"}]},{"id":70,"name":"for","transcription":"[fər]","image":"/fake_path/for.png","translates":[{"lang":"ru-Ru","name":"для"},{"lang":"vi-VN","name":"vì"},{"lang":"zh-CN","name":"为了"},{"lang":"hi-IN","name":"के लिए"},{"lang":"th-TH","name":"สำหรับ"},{"lang":"tr-TR","name":"için"},{"lang":"pt-BR","name":"para"},{"lang":"de-DE","name":"für"},{"lang":"id-ID","name":"untuk"},{"lang":"fr-FR","name":"pour"}]},{"id":52,"name":"friend","transcription":"[frend]","image":"/fake_path/friend.png","translates":[{"lang":"ru-Ru","name":"друг"},{"lang":"vi-VN","name":"bạn"},{"lang":"zh-CN","name":"朋友"},{"lang":"hi-IN","name":"दोस्त"},{"lang":"th-TH","name":"เพื่อน"},{"lang":"tr-TR","name":"arkadaş"},{"lang":"pt-BR","name":"amigo"},{"lang":"de-DE","name":"Freund"},{"lang":"id-ID","name":"teman"},{"lang":"fr-FR","name":"ami"}]},{"id":16,"name":"from","transcription":"[frʌm]","image":"/fake_path/from.png","translates":[{"lang":"ru-Ru","name":"от"},{"lang":"vi-VN","name":"từ"},{"lang":"zh-CN","name":"从"},{"lang":"hi-IN","name":"से"},{"lang":"th-TH","name":"จาก"},{"lang":"tr-TR","name":"itibaren"},{"lang":"pt-BR","name":"de"},{"lang":"de-DE","name":"aus"},{"lang":"id-ID","name":"dari"},{"lang":"fr-FR","name":"depuis"}]},{"id":84,"name":"get","transcription":"[ɡet]","image":"/fake_path/get.png","translates":[{"lang":"ru-Ru","name":"получить"},{"lang":"vi-VN","name":"lấy"},{"lang":"zh-CN","name":"得到"},{"lang":"hi-IN","name":"पाना"},{"lang":"th-TH","name":"รับ"},{"lang":"tr-TR","name":"elde etmek"},{"lang":"pt-BR","name":"pegar"},{"lang":"de-DE","name":"erhalten"},{"lang":"id-ID","name":"mendapatkan"},{"lang":"fr-FR","name":"obtenir"}]},{"id":76,"name":"girl","transcription":"[ɡɜːrl]","image":"/fake_path/girl.png","translates":[{"lang":"ru-Ru","name":"девочка"},{"lang":"vi-VN","name":"con gái"},{"lang":"zh-CN","name":"女孩"},{"lang":"hi-IN","name":"लड़की"},{"lang":"th-TH","name":"สาว"},{"lang":"tr-TR","name":"kız"},{"lang":"pt-BR","name":"garota"},{"lang":"de-DE","name":"Mädchen"},{"lang":"id-ID","name":"gadis"},{"lang":"fr-FR","name":"fille"}]},{"id":15,"name":"give","transcription":"[ɡɪv]","image":"/fake_path/give.png","translates":[{"lang":"ru-Ru","name":"дать"},{"lang":"vi-VN","name":"đưa cho"},{"lang":"zh-CN","name":"给"},{"lang":"hi-IN","name":"देना"},{"lang":"th-TH","name":"ให้"},{"lang":"tr-TR","name":"vermek"},{"lang":"pt-BR","name":"dar"},{"lang":"de-DE","name":"geben"},{"lang":"id-ID","name":"memberi"},{"lang":"fr-FR","name":"donner"}]},{"id":1,"name":"go","transcription":"[ɡəʊ]","image":"/fake_path/go.png","translates":[{"lang":"ru-Ru","name":"идти"},{"lang":"vi-VN","name":"đi"},{"lang":"zh-CN","name":"去"},{"lang":"hi-IN","name":"जाना"},{"lang":"th-TH","name":"ไป"},{"lang":"tr-TR","name":"Gitmek"},{"lang":"pt-BR","name":"ir"},{"lang":"de-DE","name":"gehen"},{"lang":"id-ID","name":"pergi"},{"lang":"fr-FR","name":"aller"}]},{"id":68,"name":"good","transcription":"[ɡʊd]","image":"/fake_path/good.png","translates":[{"lang":"ru-Ru","name":"хороший"},{"lang":"vi-VN","name":"Tốt"},{"lang":"zh-CN","name":"好的"},{"lang":"hi-IN","name":"अच्छा"},{"lang":"th-TH","name":"ดี"},{"lang":"tr-TR","name":"iyi"},{"lang":"pt-BR","name":"bom"},{"lang":"de-DE","name":"Gut"},{"lang":"id-ID","name":"Bagus"},{"lang":"fr-FR","name":"bien"}]},{"id":75,"name":"have","transcription":"[həv]","image":"/fake_path/have.png","translates":[{"lang":"ru-Ru","name":"иметь"},{"lang":"vi-VN","name":"có"},{"lang":"zh-CN","name":"有"},{"lang":"hi-IN","name":"पास होना"},{"lang":"th-TH","name":"มี"},{"lang":"tr-TR","name":"sahip olmak"},{"lang":"pt-BR","name":"ter"},{"lang":"de-DE","name":"haben"},{"lang":"id-ID","name":"memiliki"},{"lang":"fr-FR","name":"avoir"}]},{"id":66,"name":"he","transcription":"[hi]","image":"/fake_path/he.png","translates":[{"lang":"ru-Ru","name":"он"},{"lang":"vi-VN","name":"Anh ta"},{"lang":"zh-CN","name":"他"},{"lang":"hi-IN","name":"वह"},{"lang":"th-TH","name":"เขา"},{"lang":"tr-TR","name":"O"},{"lang":"pt-BR","name":"ele"},{"lang":"de-DE","name":"Er"},{"lang":"id-ID","name":"Dia"},{"lang":"fr-FR","name":"il"}]},{"id":6,"name":"her","transcription":"[hɜːr]","image":"/fake_path/her.png","translates":[{"lang":"ru-Ru","name":"ее"},{"lang":"vi-VN","name":"cô ấy"},{"lang":"zh-CN","name":"她"},{"lang":"hi-IN","name":"उसकी"},{"lang":"th-TH","name":"ของเธอ"},{"lang":"tr-TR","name":"o"},{"lang":"pt-BR","name":"dela"},{"lang":"de-DE","name":"ihr"},{"lang":"id-ID","name":"dia"},{"lang":"fr-FR","name":"son"}]},{"id":69,"name":"him","transcription":"[hɪm]","image":"/fake_path/him.png","translates":[{"lang":"ru-Ru","name":"его"},{"lang":"vi-VN","name":"anh ta"},{"lang":"zh-CN","name":"他"},{"lang":"hi-IN","name":"उसे"},{"lang":"th-TH","name":"เขา"},{"lang":"tr-TR","name":"o"},{"lang":"pt-BR","name":"ele"},{"lang":"de-DE","name":"ihn"},{"lang":"id-ID","name":"dia"},{"lang":"fr-FR","name":"lui"}]},{"id":36,"name":"his","transcription":"[hɪz]","image":"/fake_path/","translates":[{"lang":"ru-Ru","name":"его"},{"lang":"vi-VN","name":"của anh ấy"},{"lang":"zh-CN","name":"他的"},{"lang":"hi-IN","name":"उसका"},{"lang":"th-TH","name":"ของเขา"},{"lang":"tr-TR","name":"onun"},{"lang":"pt-BR","name":"dele"},{"lang":"de-DE","name":"sein"},{"lang":"id-ID","name":"miliknya"},{"lang":"fr-FR","name":"son"}]},{"id":55,"name":"how","transcription":"[haʊ]","image":"/fake_path/how.png","translates":[{"lang":"ru-Ru","name":"как"},{"lang":"vi-VN","name":"Làm sao"},{"lang":"zh-CN","name":"如何"},{"lang":"hi-IN","name":"कैसे"},{"lang":"th-TH","name":"ยังไง"},{"lang":"tr-TR","name":"Nasıl"},{"lang":"pt-BR","name":"como"},{"lang":"de-DE","name":"Wie"},{"lang":"id-ID","name":"Bagaimana"},{"lang":"fr-FR","name":"comment"}]},{"id":89,"name":"if","transcription":"[ɪf]","image":"/fake_path/if.png","translates":[{"lang":"ru-Ru","name":"если"},{"lang":"vi-VN","name":"nếu như"},{"lang":"zh-CN","name":"如果"},{"lang":"hi-IN","name":"अगर"},{"lang":"th-TH","name":"ถ้า"},{"lang":"tr-TR","name":"eğer"},{"lang":"pt-BR","name":"se"},{"lang":"de-DE","name":"Wenn"},{"lang":"id-ID","name":"jika"},{"lang":"fr-FR","name":"si"}]},{"id":87,"name":"in","transcription":"[ɪn]","image":"/fake_path/in.png","translates":[{"lang":"ru-Ru","name":"в"},{"lang":"vi-VN","name":"TRONG"},{"lang":"zh-CN","name":"在"},{"lang":"hi-IN","name":"में"},{"lang":"th-TH","name":"ใน"},{"lang":"tr-TR","name":"içinde"},{"lang":"pt-BR","name":"em"},{"lang":"de-DE","name":"In"},{"lang":"id-ID","name":"di dalam"},{"lang":"fr-FR","name":"dans"}]},{"id":90,"name":"into","transcription":"[ˈɪntuː]","image":"/fake_path/into.png","translates":[{"lang":"ru-Ru","name":"в"},{"lang":"vi-VN","name":"vào trong"},{"lang":"zh-CN","name":"进入"},{"lang":"hi-IN","name":"में"},{"lang":"th-TH","name":"เข้าไปข้างใน"},{"lang":"tr-TR","name":"içine"},{"lang":"pt-BR","name":"em"},{"lang":"de-DE","name":"hinein"},{"lang":"id-ID","name":"ke dalam"},{"lang":"fr-FR","name":"dans"}]},{"id":48,"name":"it","transcription":"[ɪt]","image":"/fake_path/it.png","translates":[{"lang":"ru-Ru","name":"это"},{"lang":"vi-VN","name":"Nó"},{"lang":"zh-CN","name":"它"},{"lang":"hi-IN","name":"यह"},{"lang":"th-TH","name":"มัน"},{"lang":"tr-TR","name":"BT"},{"lang":"pt-BR","name":"isto"},{"lang":"de-DE","name":"Es"},{"lang":"id-ID","name":"dia"},{"lang":"fr-FR","name":"il"}]},{"id":20,"name":"its","transcription":"[ɪts]","image":"/fake_path/its.png","translates":[{"lang":"ru-Ru","name":"его"},{"lang":"vi-VN","name":"của nó"},{"lang":"zh-CN","name":"它是"},{"lang":"hi-IN","name":"इसका"},{"lang":"th-TH","name":"ของมัน"},{"lang":"tr-TR","name":"onun"},{"lang":"pt-BR","name":"isso é"},{"lang":"de-DE","name":"es ist"},{"lang":"id-ID","name":"-nya"},{"lang":"fr-FR","name":"c\u0027est"}]},{"id":53,"name":"just","transcription":"[dʒʌst]","image":"/fake_path/just.png","translates":[{"lang":"ru-Ru","name":"просто"},{"lang":"vi-VN","name":"chỉ"},{"lang":"zh-CN","name":"只是"},{"lang":"hi-IN","name":"अभी"},{"lang":"th-TH","name":"แค่"},{"lang":"tr-TR","name":"Sadece"},{"lang":"pt-BR","name":"apenas"},{"lang":"de-DE","name":"Nur"},{"lang":"id-ID","name":"hanya"},{"lang":"fr-FR","name":"juste"}]},{"id":50,"name":"know","transcription":"[nəʊ]","image":"/fake_path/know.png","translates":[{"lang":"ru-Ru","name":"знать"},{"lang":"vi-VN","name":"biết"},{"lang":"zh-CN","name":"知道"},{"lang":"hi-IN","name":"जानना"},{"lang":"th-TH","name":"ทราบ"},{"lang":"tr-TR","name":"Bilmek"},{"lang":"pt-BR","name":"saber"},{"lang":"de-DE","name":"wissen"},{"lang":"id-ID","name":"tahu"},{"lang":"fr-FR","name":"savoir"}]},{"id":81,"name":"like","transcription":"[laɪk]","image":"/fake_path/like.png","translates":[{"lang":"ru-Ru","name":"любить"},{"lang":"vi-VN","name":"giống"},{"lang":"zh-CN","name":"喜欢"},{"lang":"hi-IN","name":"पसंद"},{"lang":"th-TH","name":"ชอบ"},{"lang":"tr-TR","name":"beğenmek"},{"lang":"pt-BR","name":"como"},{"lang":"de-DE","name":"wie"},{"lang":"id-ID","name":"menyukai"},{"lang":"fr-FR","name":"comme"}]},{"id":24,"name":"look","transcription":"[lʊk]","image":"/fake_path/look.png","translates":[{"lang":"ru-Ru","name":"смотреть"},{"lang":"vi-VN","name":"Nhìn"},{"lang":"zh-CN","name":"看"},{"lang":"hi-IN","name":"देखना"},{"lang":"th-TH","name":"ดู"},{"lang":"tr-TR","name":"Bakmak"},{"lang":"pt-BR","name":"olhar"},{"lang":"de-DE","name":"sehen"},{"lang":"id-ID","name":"Lihat"},{"lang":"fr-FR","name":"regarder"}]},{"id":37,"name":"make","transcription":"[meɪk]","image":"/fake_path/make.png","translates":[{"lang":"ru-Ru","name":"делать"},{"lang":"vi-VN","name":"làm"},{"lang":"zh-CN","name":"制作"},{"lang":"hi-IN","name":"बनाना"},{"lang":"th-TH","name":"ทำ"},{"lang":"tr-TR","name":"yapmak"},{"lang":"pt-BR","name":"fazer"},{"lang":"de-DE","name":"machen"},{"lang":"id-ID","name":"membuat"},{"lang":"fr-FR","name":"faire"}]},{"id":39,"name":"me","transcription":"[miː]","image":"/fake_path/me.png","translates":[{"lang":"ru-Ru","name":"мне"},{"lang":"vi-VN","name":"Tôi"},{"lang":"zh-CN","name":"我"},{"lang":"hi-IN","name":"मुझे"},{"lang":"th-TH","name":"ฉัน"},{"lang":"tr-TR","name":"Ben"},{"lang":"pt-BR","name":"meu"},{"lang":"de-DE","name":"Mich"},{"lang":"id-ID","name":"Saya"},{"lang":"fr-FR","name":"moi"}]},{"id":0,"name":"month","transcription":"[mʌnθ]","image":"/fake_path/month.png","translates":[{"lang":"ru-Ru","name":"месяц"},{"lang":"vi-VN","name":"tháng"},{"lang":"zh-CN","name":"月"},{"lang":"hi-IN","name":"महीना"},{"lang":"th-TH","name":"เดือน"},{"lang":"tr-TR","name":"ay"},{"lang":"pt-BR","name":"mês"},{"lang":"de-DE","name":"Monat"},{"lang":"id-ID","name":"bulan"},{"lang":"fr-FR","name":"mois"}]},{"id":92,"name":"most","transcription":"[məʊst]","image":"/fake_path/most.png","translates":[{"lang":"ru-Ru","name":"наибольший"},{"lang":"vi-VN","name":"hầu hết"},{"lang":"zh-CN","name":"最多"},{"lang":"hi-IN","name":"अधिकांश"},{"lang":"th-TH","name":"ที่สุด"},{"lang":"tr-TR","name":"en"},{"lang":"pt-BR","name":"maioria"},{"lang":"de-DE","name":"am meisten"},{"lang":"id-ID","name":"paling"},{"lang":"fr-FR","name":"la plupart"}]},{"id":71,"name":"my","transcription":"[maɪ]","image":"/fake_path/my.png","translates":[{"lang":"ru-Ru","name":"мой"},{"lang":"vi-VN","name":"Của tôi"},{"lang":"zh-CN","name":"我的"},{"lang":"hi-IN","name":"मेरा"},{"lang":"th-TH","name":"ของฉัน"},{"lang":"tr-TR","name":"Benim"},{"lang":"pt-BR","name":"meu"},{"lang":"de-DE","name":"Mein"},{"lang":"id-ID","name":"-ku"},{"lang":"fr-FR","name":"mon"}]},{"id":21,"name":"new","transcription":"[nuː]","image":"/fake_path/new.png","translates":[{"lang":"ru-Ru","name":"новый"},{"lang":"vi-VN","name":"mới"},{"lang":"zh-CN","name":"新的"},{"lang":"hi-IN","name":"नया"},{"lang":"th-TH","name":"ใหม่"},{"lang":"tr-TR","name":"yeni"},{"lang":"pt-BR","name":"novo"},{"lang":"de-DE","name":"neu"},{"lang":"id-ID","name":"baru"},{"lang":"fr-FR","name":"nouveau"}]},{"id":56,"name":"no","transcription":"[nəʊ]","image":"/fake_path/no.png","translates":[{"lang":"ru-Ru","name":"нет"},{"lang":"vi-VN","name":"KHÔNG"},{"lang":"zh-CN","name":"不"},{"lang":"hi-IN","name":"नहीं"},{"lang":"th-TH","name":"เลขที่"},{"lang":"tr-TR","name":"HAYIR"},{"lang":"pt-BR","name":"não"},{"lang":"de-DE","name":"NEIN"},{"lang":"id-ID","name":"TIDAK"},{"lang":"fr-FR","name":"Non"}]},{"id":95,"name":"not","transcription":"[nɑːt]","image":"/fake_path/not.png","translates":[{"lang":"ru-Ru","name":"не"},{"lang":"vi-VN","name":"không"},{"lang":"zh-CN","name":"不是"},{"lang":"hi-IN","name":"नहीं"},{"lang":"th-TH","name":"ไม่"},{"lang":"tr-TR","name":"Olumsuz"},{"lang":"pt-BR","name":"não"},{"lang":"de-DE","name":"nicht"},{"lang":"id-ID","name":"bukan"},{"lang":"fr-FR","name":"pas"}]},{"id":45,"name":"now","transcription":"[naʊ]","image":"/fake_path/now.png","translates":[{"lang":"ru-Ru","name":"сейчас"},{"lang":"vi-VN","name":"Hiện nay"},{"lang":"zh-CN","name":"现在"},{"lang":"hi-IN","name":"अब"},{"lang":"th-TH","name":"ตอนนี้"},{"lang":"tr-TR","name":"Şimdi"},{"lang":"pt-BR","name":"agora"},{"lang":"de-DE","name":"Jetzt"},{"lang":"id-ID","name":"Sekarang"},{"lang":"fr-FR","name":"maintenant"}]},{"id":60,"name":"number","transcription":"[ˈnʌmbər]","image":"/fake_path/number.png","translates":[{"lang":"ru-Ru","name":"число"},{"lang":"vi-VN","name":"con số"},{"lang":"zh-CN","name":"数字"},{"lang":"hi-IN","name":"संख्या"},{"lang":"th-TH","name":"ตัวเลข"},{"lang":"tr-TR","name":"sayı"},{"lang":"pt-BR","name":"número"},{"lang":"de-DE","name":"Nummer"},{"lang":"id-ID","name":"nomor"},{"lang":"fr-FR","name":"nombre"}]},{"id":8,"name":"on","transcription":"[ɑːn]","image":"/fake_path/on.png","translates":[{"lang":"ru-Ru","name":"на"},{"lang":"vi-VN","name":"TRÊN"},{"lang":"zh-CN","name":"在"},{"lang":"hi-IN","name":"पर"},{"lang":"th-TH","name":"บน"},{"lang":"tr-TR","name":"Açık"},{"lang":"pt-BR","name":"sobre"},{"lang":"de-DE","name":"An"},{"lang":"id-ID","name":"pada"},{"lang":"fr-FR","name":"sur"}]},{"id":85,"name":"one","transcription":"[wʌn]","image":"/fake_path/one.png","translates":[{"lang":"ru-Ru","name":"один"},{"lang":"vi-VN","name":"một"},{"lang":"zh-CN","name":"一"},{"lang":"hi-IN","name":"एक"},{"lang":"th-TH","name":"หนึ่ง"},{"lang":"tr-TR","name":"bir"},{"lang":"pt-BR","name":"um"},{"lang":"de-DE","name":"eins"},{"lang":"id-ID","name":"satu"},{"lang":"fr-FR","name":"un"}]},{"id":73,"name":"only","transcription":"[ˈəʊnlɪ]","image":"/fake_path/only.png","translates":[{"lang":"ru-Ru","name":"только"},{"lang":"vi-VN","name":"chỉ một"},{"lang":"zh-CN","name":"仅有的"},{"lang":"hi-IN","name":"केवल"},{"lang":"th-TH","name":"เท่านั้น"},{"lang":"tr-TR","name":"sadece"},{"lang":"pt-BR","name":"apenas"},{"lang":"de-DE","name":"nur"},{"lang":"id-ID","name":"hanya"},{"lang":"fr-FR","name":"seulement"}]},{"id":63,"name":"or","transcription":"[ɔːr]","image":"/fake_path/or.png","translates":[{"lang":"ru-Ru","name":"или"},{"lang":"vi-VN","name":"hoặc"},{"lang":"zh-CN","name":"或者"},{"lang":"hi-IN","name":"या"},{"lang":"th-TH","name":"หรือ"},{"lang":"tr-TR","name":"veya"},{"lang":"pt-BR","name":"ou"},{"lang":"de-DE","name":"oder"},{"lang":"id-ID","name":"atau"},{"lang":"fr-FR","name":"ou"}]},{"id":88,"name":"other","transcription":"[ˈʌðər]","image":"/fake_path/other.png","translates":[{"lang":"ru-Ru","name":"другие"},{"lang":"vi-VN","name":"khác"},{"lang":"zh-CN","name":"其他"},{"lang":"hi-IN","name":"अन्य"},{"lang":"th-TH","name":"อื่น"},{"lang":"tr-TR","name":"diğer"},{"lang":"pt-BR","name":"outro"},{"lang":"de-DE","name":"andere"},{"lang":"id-ID","name":"lainnya"},{"lang":"fr-FR","name":"autre"}]},{"id":61,"name":"our","transcription":"[ˈaʊər]","image":"/fake_path/our.png","translates":[{"lang":"ru-Ru","name":"наш"},{"lang":"vi-VN","name":"của chúng tôi"},{"lang":"zh-CN","name":"我们的"},{"lang":"hi-IN","name":"हमारा"},{"lang":"th-TH","name":"ของเรา"},{"lang":"tr-TR","name":"bizim"},{"lang":"pt-BR","name":"nosso"},{"lang":"de-DE","name":"unser"},{"lang":"id-ID","name":"kita"},{"lang":"fr-FR","name":"notre"}]},{"id":3,"name":"out","transcription":"[aʊt]","image":"/fake_path/out.png","translates":[{"lang":"ru-Ru","name":"из"},{"lang":"vi-VN","name":"ngoài"},{"lang":"zh-CN","name":"出去"},{"lang":"hi-IN","name":"बाहर"},{"lang":"th-TH","name":"ออก"},{"lang":"tr-TR","name":"dışarı"},{"lang":"pt-BR","name":"fora"},{"lang":"de-DE","name":"aus"},{"lang":"id-ID","name":"keluar"},{"lang":"fr-FR","name":"dehors"}]},{"id":64,"name":"over","transcription":"[ˈəʊvər]","image":"/fake_path/over.png","translates":[{"lang":"ru-Ru","name":"над"},{"lang":"vi-VN","name":"qua"},{"lang":"zh-CN","name":"超过"},{"lang":"hi-IN","name":"ऊपर"},{"lang":"th-TH","name":"เกิน"},{"lang":"tr-TR","name":"üzerinde"},{"lang":"pt-BR","name":"sobre"},{"lang":"de-DE","name":"über"},{"lang":"id-ID","name":"lebih"},{"lang":"fr-FR","name":"sur"}]},{"id":74,"name":"person","transcription":"[ˈpɜːrsn]","image":"/fake_path/person.png","translates":[{"lang":"ru-Ru","name":"человек"},{"lang":"vi-VN","name":"người"},{"lang":"zh-CN","name":"人"},{"lang":"hi-IN","name":"व्यक्ति"},{"lang":"th-TH","name":"บุคคล"},{"lang":"tr-TR","name":"kişi"},{"lang":"pt-BR","name":"pessoa"},{"lang":"de-DE","name":"Person"},{"lang":"id-ID","name":"orang"},{"lang":"fr-FR","name":"personne"}]},{"id":33,"name":"say","transcription":"[seɪ]","image":"/fake_path/say.png","translates":[{"lang":"ru-Ru","name":"сказать"},{"lang":"vi-VN","name":"nói"},{"lang":"zh-CN","name":"说"},{"lang":"hi-IN","name":"कहना"},{"lang":"th-TH","name":"พูด"},{"lang":"tr-TR","name":"söylemek"},{"lang":"pt-BR","name":"dizer"},{"lang":"de-DE","name":"sagen"},{"lang":"id-ID","name":"mengatakan"},{"lang":"fr-FR","name":"dire"}]},{"id":41,"name":"see","transcription":"[siː]","image":"/fake_path/see.png","translates":[{"lang":"ru-Ru","name":"видеть"},{"lang":"vi-VN","name":"nhìn thấy"},{"lang":"zh-CN","name":"看"},{"lang":"hi-IN","name":"देखना"},{"lang":"th-TH","name":"ดู"},{"lang":"tr-TR","name":"Görmek"},{"lang":"pt-BR","name":"ver"},{"lang":"de-DE","name":"sehen"},{"lang":"id-ID","name":"melihat"},{"lang":"fr-FR","name":"voir"}]},{"id":86,"name":"she","transcription":"[ʃiː]","image":"/fake_path/she.png","translates":[{"lang":"ru-Ru","name":"она"},{"lang":"vi-VN","name":"cô ấy"},{"lang":"zh-CN","name":"她"},{"lang":"hi-IN","name":"वह"},{"lang":"th-TH","name":"เธอ"},{"lang":"tr-TR","name":"o"},{"lang":"pt-BR","name":"ela"},{"lang":"de-DE","name":"sie"},{"lang":"id-ID","name":"dia"},{"lang":"fr-FR","name":"elle"}]},{"id":31,"name":"so","transcription":"[səʊ]","image":"/fake_path/so.png","translates":[{"lang":"ru-Ru","name":"так"},{"lang":"vi-VN","name":"Vì thế"},{"lang":"zh-CN","name":"所以"},{"lang":"hi-IN","name":"इसलिए"},{"lang":"th-TH","name":"ดังนั้น"},{"lang":"tr-TR","name":"Bu yüzden"},{"lang":"pt-BR","name":"então"},{"lang":"de-DE","name":"Also"},{"lang":"id-ID","name":"Jadi"},{"lang":"fr-FR","name":"donc"}]},{"id":96,"name":"some","transcription":"[sʌm]","image":"/fake_path/some.png","translates":[{"lang":"ru-Ru","name":"некоторые"},{"lang":"vi-VN","name":"một số"},{"lang":"zh-CN","name":"一些"},{"lang":"hi-IN","name":"कुछ"},{"lang":"th-TH","name":"บาง"},{"lang":"tr-TR","name":"bazı"},{"lang":"pt-BR","name":"alguns"},{"lang":"de-DE","name":"manche"},{"lang":"id-ID","name":"beberapa"},{"lang":"fr-FR","name":"quelques"}]},{"id":2,"name":"take","transcription":"[teɪk]","image":"/fake_path/take.png","translates":[{"lang":"ru-Ru","name":"брать"},{"lang":"vi-VN","name":"lấy"},{"lang":"zh-CN","name":"拿"},{"lang":"hi-IN","name":"लेना"},{"lang":"th-TH","name":"เอา"},{"lang":"tr-TR","name":"almak"},{"lang":"pt-BR","name":"pegar"},{"lang":"de-DE","name":"nehmen"},{"lang":"id-ID","name":"mengambil"},{"lang":"fr-FR","name":"prendre"}]},{"id":97,"name":"than","transcription":"[ðæn]","image":"/fake_path/than.png","translates":[{"lang":"ru-Ru","name":"чем"},{"lang":"vi-VN","name":"hơn"},{"lang":"zh-CN","name":"比"},{"lang":"hi-IN","name":"बजाय"},{"lang":"th-TH","name":"กว่า"},{"lang":"tr-TR","name":"hariç"},{"lang":"pt-BR","name":"que"},{"lang":"de-DE","name":"als"},{"lang":"id-ID","name":"dibandingkan"},{"lang":"fr-FR","name":"que"}]},{"id":94,"name":"that","transcription":"[ðæt]","image":"/fake_path/that.png","translates":[{"lang":"ru-Ru","name":"что"},{"lang":"vi-VN","name":"cái đó"},{"lang":"zh-CN","name":"那"},{"lang":"hi-IN","name":"वह"},{"lang":"th-TH","name":"ที่"},{"lang":"tr-TR","name":"O"},{"lang":"pt-BR","name":"que"},{"lang":"de-DE","name":"Das"},{"lang":"id-ID","name":"itu"},{"lang":"fr-FR","name":"que"}]},{"id":19,"name":"their","transcription":"[ðer]","image":"/fake_path/their.png","translates":[{"lang":"ru-Ru","name":"их"},{"lang":"vi-VN","name":"của họ"},{"lang":"zh-CN","name":"他们的"},{"lang":"hi-IN","name":"उनका"},{"lang":"th-TH","name":"ของพวกเขา"},{"lang":"tr-TR","name":"onların"},{"lang":"pt-BR","name":"deles"},{"lang":"de-DE","name":"ihre"},{"lang":"id-ID","name":"milik mereka"},{"lang":"fr-FR","name":"leur"}]},{"id":27,"name":"them","transcription":"[ðem]","image":"/fake_path/them.png","translates":[{"lang":"ru-Ru","name":"их"},{"lang":"vi-VN","name":"họ"},{"lang":"zh-CN","name":"他们"},{"lang":"hi-IN","name":"उन्हें"},{"lang":"th-TH","name":"พวกเขา"},{"lang":"tr-TR","name":"onlara"},{"lang":"pt-BR","name":"eles"},{"lang":"de-DE","name":"ihnen"},{"lang":"id-ID","name":"mereka"},{"lang":"fr-FR","name":"eux"}]},{"id":57,"name":"then","transcription":"[ðen]","image":"/fake_path/then.png","translates":[{"lang":"ru-Ru","name":"затем"},{"lang":"vi-VN","name":"sau đó"},{"lang":"zh-CN","name":"然后"},{"lang":"hi-IN","name":"तब"},{"lang":"th-TH","name":"แล้ว"},{"lang":"tr-TR","name":"Daha sonra"},{"lang":"pt-BR","name":"então"},{"lang":"de-DE","name":"Dann"},{"lang":"id-ID","name":"Kemudian"},{"lang":"fr-FR","name":"alors"}]},{"id":7,"name":"there","transcription":"[there]","image":"/fake_path/there.png","translates":[{"lang":"ru-Ru","name":"там"},{"lang":"vi-VN","name":"ở đó"},{"lang":"zh-CN","name":"那里"},{"lang":"hi-IN","name":"वहाँ"},{"lang":"th-TH","name":"ที่นั่น"},{"lang":"tr-TR","name":"Orası"},{"lang":"pt-BR","name":"lá"},{"lang":"de-DE","name":"Dort"},{"lang":"id-ID","name":"di sana"},{"lang":"fr-FR","name":"là"}]},{"id":47,"name":"these","transcription":"[ðiːz]","image":"/fake_path/these.png","translates":[{"lang":"ru-Ru","name":"эти"},{"lang":"vi-VN","name":"những cái này"},{"lang":"zh-CN","name":"这些"},{"lang":"hi-IN","name":"इन"},{"lang":"th-TH","name":"เหล่านี้"},{"lang":"tr-TR","name":"bunlar"},{"lang":"pt-BR","name":"esses"},{"lang":"de-DE","name":"diese"},{"lang":"id-ID","name":"ini"},{"lang":"fr-FR","name":"ces"}]},{"id":30,"name":"they","transcription":"[ðeɪ]","image":"/fake_path/they.png","translates":[{"lang":"ru-Ru","name":"они"},{"lang":"vi-VN","name":"họ"},{"lang":"zh-CN","name":"他们"},{"lang":"hi-IN","name":"वे"},{"lang":"th-TH","name":"พวกเขา"},{"lang":"tr-TR","name":"Onlar"},{"lang":"pt-BR","name":"eles"},{"lang":"de-DE","name":"Sie"},{"lang":"id-ID","name":"mereka"},{"lang":"fr-FR","name":"ils"}]},{"id":23,"name":"think","transcription":"[θɪŋk]","image":"/fake_path/think.png","translates":[{"lang":"ru-Ru","name":"думать"},{"lang":"vi-VN","name":"nghĩ"},{"lang":"zh-CN","name":"思考"},{"lang":"hi-IN","name":"सोचना"},{"lang":"th-TH","name":"คิด"},{"lang":"tr-TR","name":"düşünmek"},{"lang":"pt-BR","name":"pensar"},{"lang":"de-DE","name":"denken"},{"lang":"id-ID","name":"memikirkan"},{"lang":"fr-FR","name":"pense"}]},{"id":98,"name":"this","transcription":"[ðɪs]","image":"/fake_path/this.png","translates":[{"lang":"ru-Ru","name":"этот"},{"lang":"vi-VN","name":"cái này"},{"lang":"zh-CN","name":"这"},{"lang":"hi-IN","name":"यह"},{"lang":"th-TH","name":"นี้"},{"lang":"tr-TR","name":"Bu"},{"lang":"pt-BR","name":"esse"},{"lang":"de-DE","name":"Das"},{"lang":"id-ID","name":"ini"},{"lang":"fr-FR","name":"ce"}]},{"id":82,"name":"time","transcription":"[taɪm]","image":"/fake_path/time.png","translates":[{"lang":"ru-Ru","name":"время"},{"lang":"vi-VN","name":"thời gian"},{"lang":"zh-CN","name":"时间"},{"lang":"hi-IN","name":"समय"},{"lang":"th-TH","name":"เวลา"},{"lang":"tr-TR","name":"zaman"},{"lang":"pt-BR","name":"tempo"},{"lang":"de-DE","name":"Zeit"},{"lang":"id-ID","name":"waktu"},{"lang":"fr-FR","name":"temps"}]},{"id":46,"name":"to","transcription":"[tə]","image":"/fake_path/to.png","translates":[{"lang":"ru-Ru","name":"к"},{"lang":"vi-VN","name":"ĐẾN"},{"lang":"zh-CN","name":"到"},{"lang":"hi-IN","name":"को"},{"lang":"th-TH","name":"ถึง"},{"lang":"tr-TR","name":"ile"},{"lang":"pt-BR","name":"para"},{"lang":"de-DE","name":"Zu"},{"lang":"id-ID","name":"ke"},{"lang":"fr-FR","name":"à"}]},{"id":17,"name":"two","transcription":"[tuː]","image":"/fake_path/two.png","translates":[{"lang":"ru-Ru","name":"два"},{"lang":"vi-VN","name":"hai"},{"lang":"zh-CN","name":"二"},{"lang":"hi-IN","name":"दो"},{"lang":"th-TH","name":"สอง"},{"lang":"tr-TR","name":"iki"},{"lang":"pt-BR","name":"dois"},{"lang":"de-DE","name":"zwei"},{"lang":"id-ID","name":"dua"},{"lang":"fr-FR","name":"deux"}]},{"id":38,"name":"up","transcription":"[ʌp]","image":"/fake_path/up.png","translates":[{"lang":"ru-Ru","name":"вверх"},{"lang":"vi-VN","name":"hướng lên"},{"lang":"zh-CN","name":"向上"},{"lang":"hi-IN","name":"ऊपर"},{"lang":"th-TH","name":"ขึ้น"},{"lang":"tr-TR","name":"yukarı"},{"lang":"pt-BR","name":"acima"},{"lang":"de-DE","name":"hoch"},{"lang":"id-ID","name":"ke atas"},{"lang":"fr-FR","name":"en haut"}]},{"id":43,"name":"us","transcription":"[ʌs]","image":"/fake_path/us.png","translates":[{"lang":"ru-Ru","name":"нас"},{"lang":"vi-VN","name":"chúng ta"},{"lang":"zh-CN","name":"我们"},{"lang":"hi-IN","name":"हम"},{"lang":"th-TH","name":"เรา"},{"lang":"tr-TR","name":"biz"},{"lang":"pt-BR","name":"nós"},{"lang":"de-DE","name":"uns"},{"lang":"id-ID","name":"kita"},{"lang":"fr-FR","name":"nous"}]},{"id":9,"name":"use","transcription":"[juːs]","image":"/fake_path/use.png","translates":[{"lang":"ru-Ru","name":"использовать"},{"lang":"vi-VN","name":"sử dụng"},{"lang":"zh-CN","name":"使用"},{"lang":"hi-IN","name":"उपयोग"},{"lang":"th-TH","name":"ใช้"},{"lang":"tr-TR","name":"kullanmak"},{"lang":"pt-BR","name":"usar"},{"lang":"de-DE","name":"verwenden"},{"lang":"id-ID","name":"menggunakan"},{"lang":"fr-FR","name":"utiliser"}]},{"id":22,"name":"want","transcription":"[wɑːnt]","image":"/fake_path/want.png","translates":[{"lang":"ru-Ru","name":"хотеть"},{"lang":"vi-VN","name":"muốn"},{"lang":"zh-CN","name":"想"},{"lang":"hi-IN","name":"चाहना"},{"lang":"th-TH","name":"ต้องการ"},{"lang":"tr-TR","name":"istek"},{"lang":"pt-BR","name":"querer"},{"lang":"de-DE","name":"wollen"},{"lang":"id-ID","name":"ingin"},{"lang":"fr-FR","name":"vouloir"}]},{"id":49,"name":"way","transcription":"[weɪ]","image":"/fake_path/way.png","translates":[{"lang":"ru-Ru","name":"путь"},{"lang":"vi-VN","name":"đường"},{"lang":"zh-CN","name":"方式"},{"lang":"hi-IN","name":"रास्ता"},{"lang":"th-TH","name":"ทาง"},{"lang":"tr-TR","name":"yol"},{"lang":"pt-BR","name":"caminho"},{"lang":"de-DE","name":"Weg"},{"lang":"id-ID","name":"jalan"},{"lang":"fr-FR","name":"chemin"}]},{"id":59,"name":"we","transcription":"[wiː]","image":"/fake_path/we.png","translates":[{"lang":"ru-Ru","name":"мы"},{"lang":"vi-VN","name":"chúng tôi"},{"lang":"zh-CN","name":"我们"},{"lang":"hi-IN","name":"हम"},{"lang":"th-TH","name":"เรา"},{"lang":"tr-TR","name":"Biz"},{"lang":"pt-BR","name":"nós"},{"lang":"de-DE","name":"Wir"},{"lang":"id-ID","name":"Kami"},{"lang":"fr-FR","name":"nous"}]},{"id":26,"name":"well","transcription":"[wel]","image":"/fake_path/well.png","translates":[{"lang":"ru-Ru","name":"хорошо"},{"lang":"vi-VN","name":"Tốt"},{"lang":"zh-CN","name":"出色地"},{"lang":"hi-IN","name":"कुंआ"},{"lang":"th-TH","name":"ดี"},{"lang":"tr-TR","name":"Peki"},{"lang":"pt-BR","name":"bem"},{"lang":"de-DE","name":"Also"},{"lang":"id-ID","name":"Sehat"},{"lang":"fr-FR","name":"Bien"}]},{"id":14,"name":"what","transcription":"[wʌt]","image":"/fake_path/what.png","translates":[{"lang":"ru-Ru","name":"что"},{"lang":"vi-VN","name":"Gì"},{"lang":"zh-CN","name":"什么"},{"lang":"hi-IN","name":"क्या"},{"lang":"th-TH","name":"อะไร"},{"lang":"tr-TR","name":"Ne"},{"lang":"pt-BR","name":"o que"},{"lang":"de-DE","name":"Was"},{"lang":"id-ID","name":"Apa"},{"lang":"fr-FR","name":"quoi"}]},{"id":18,"name":"when","transcription":"[wen]","image":"/fake_path/when.png","translates":[{"lang":"ru-Ru","name":"когда"},{"lang":"vi-VN","name":"khi"},{"lang":"zh-CN","name":"什么时候"},{"lang":"hi-IN","name":"कब"},{"lang":"th-TH","name":"เมื่อไร"},{"lang":"tr-TR","name":"Ne zaman"},{"lang":"pt-BR","name":"quando"},{"lang":"de-DE","name":"Wann"},{"lang":"id-ID","name":"Kapan"},{"lang":"fr-FR","name":"quand"}]},{"id":77,"name":"which","transcription":"[wɪtʃ]","image":"/fake_path/which.png","translates":[{"lang":"ru-Ru","name":"который"},{"lang":"vi-VN","name":"cái mà"},{"lang":"zh-CN","name":"哪个"},{"lang":"hi-IN","name":"कौन"},{"lang":"th-TH","name":"ที่"},{"lang":"tr-TR","name":"Hangi"},{"lang":"pt-BR","name":"qual"},{"lang":"de-DE","name":"welche"},{"lang":"id-ID","name":"yang"},{"lang":"fr-FR","name":"lequel"}]},{"id":54,"name":"who","transcription":"[huː]","image":"/fake_path/who.png","translates":[{"lang":"ru-Ru","name":"кто"},{"lang":"vi-VN","name":"Ai"},{"lang":"zh-CN","name":"WHO"},{"lang":"hi-IN","name":"कौन"},{"lang":"th-TH","name":"WHO"},{"lang":"tr-TR","name":"DSÖ"},{"lang":"pt-BR","name":"Quem"},{"lang":"de-DE","name":"WHO"},{"lang":"id-ID","name":"WHO"},{"lang":"fr-FR","name":"OMS"}]},{"id":32,"name":"will","transcription":"[wɪl]","image":"/fake_path/will.png","translates":[{"lang":"ru-Ru","name":"будет"},{"lang":"vi-VN","name":"sẽ"},{"lang":"zh-CN","name":"将要"},{"lang":"hi-IN","name":"इच्छा"},{"lang":"th-TH","name":"จะ"},{"lang":"tr-TR","name":"irade"},{"lang":"pt-BR","name":"vai"},{"lang":"de-DE","name":"Wille"},{"lang":"id-ID","name":"akan"},{"lang":"fr-FR","name":"volonté"}]},{"id":44,"name":"with","transcription":"[wɪð]","image":"/fake_path/with.png","translates":[{"lang":"ru-Ru","name":"с"},{"lang":"vi-VN","name":"với"},{"lang":"zh-CN","name":"和"},{"lang":"hi-IN","name":"साथ"},{"lang":"th-TH","name":"กับ"},{"lang":"tr-TR","name":"ile"},{"lang":"pt-BR","name":"com"},{"lang":"de-DE","name":"mit"},{"lang":"id-ID","name":"dengan"},{"lang":"fr-FR","name":"avec"}]},{"id":12,"name":"work","transcription":"[wɜːrk]","image":"/fake_path/work.png","translates":[{"lang":"ru-Ru","name":"работа"},{"lang":"vi-VN","name":"công việc"},{"lang":"zh-CN","name":"工作"},{"lang":"hi-IN","name":"काम"},{"lang":"th-TH","name":"งาน"},{"lang":"tr-TR","name":"iş"},{"lang":"pt-BR","name":"trabalhar"},{"lang":"de-DE","name":"arbeiten"},{"lang":"id-ID","name":"bekerja"},{"lang":"fr-FR","name":"travail"}]},{"id":80,"name":"would","transcription":"[wʊd]","image":"/fake_path/would.png","translates":[{"lang":"ru-Ru","name":"бы"},{"lang":"vi-VN","name":"sẽ"},{"lang":"zh-CN","name":"会"},{"lang":"hi-IN","name":"चाहेंगे"},{"lang":"th-TH","name":"จะ"},{"lang":"tr-TR","name":"istemek"},{"lang":"pt-BR","name":"seria"},{"lang":"de-DE","name":"würde"},{"lang":"id-ID","name":"akan"},{"lang":"fr-FR","name":"serait"}]},{"id":42,"name":"year","transcription":"[jɪr]","image":"/fake_path/year.png","translates":[{"lang":"ru-Ru","name":"год"},{"lang":"vi-VN","name":"năm"},{"lang":"zh-CN","name":"年"},{"lang":"hi-IN","name":"वर्ष"},{"lang":"th-TH","name":"ปี"},{"lang":"tr-TR","name":"yıl"},{"lang":"pt-BR","name":"ano"},{"lang":"de-DE","name":"Jahr"},{"lang":"id-ID","name":"tahun"},{"lang":"fr-FR","name":"année"}]},{"id":65,"name":"you","transcription":"[juː]","image":"/fake_path/you.png","translates":[{"lang":"ru-Ru","name":"вы"},{"lang":"vi-VN","name":"Bạn"},{"lang":"zh-CN","name":"你"},{"lang":"hi-IN","name":"आप"},{"lang":"th-TH","name":"คุณ"},{"lang":"tr-TR","name":"Sen"},{"lang":"pt-BR","name":"você"},{"lang":"de-DE","name":"Du"},{"lang":"id-ID","name":"Anda"},{"lang":"fr-FR","name":"toi"}]},{"id":29,"name":"your","transcription":"[jʊr]","image":"/fake_path/your.png","translates":[{"lang":"ru-Ru","name":"твой"},{"lang":"vi-VN","name":"của bạn"},{"lang":"zh-CN","name":"你的"},{"lang":"hi-IN","name":"आपका"},{"lang":"th-TH","name":"ของคุณ"},{"lang":"tr-TR","name":"senin"},{"lang":"pt-BR","name":"seu"},{"lang":"de-DE","name":"dein"},{"lang":"id-ID","name":"milikmu"},{"lang":"fr-FR","name":"ton"}]}]}