{"name":"Phonics /o/","nameA":"","img":"","isRandom":false,"isBlur":false,"isUpper":true,"isByWords":false,"isForAdult":false,"separator":"","numWords":21,"Translations":[{"lang":"ru-RU","name":"Алфавит","nameA":""},{"lang":"vi-VN","name":"Ngữ âm /o/","nameA":""},{"lang":"zh-CN","name":"拼音 /o/","nameA":""},{"lang":"hi-IN","name":"ध्वनि /o/","nameA":""},{"lang":"th-TH","name":"โฟนิกส์ /o/","nameA":""},{"lang":"tr-TR","name":"Fonetik /o/","nameA":""},{"lang":"pt-BR","name":"Fônica /o/","nameA":""},{"lang":"de-DE","name":"Phonik /o/","nameA":""},{"lang":"id-ID","name":"Fonik /o/","nameA":""},{"lang":"fr-FR","name":"Phonétique /o/","nameA":""}],"items":[{"id":0,"name":"object","transcription":"[ˈɒbdʒɪkt]","nameA":"","image":" ","bg":"transparent","nameAnswer":"","translates":[{"lang":"ru-RU","name":"Объект","nameA":""},{"lang":"vi-VN","name":"Vật thể","nameA":""},{"lang":"zh-CN","name":"物体","nameA":""},{"lang":"hi-IN","name":"वस्तु","nameA":""},{"lang":"th-TH","name":"วัตถุ","nameA":""},{"lang":"tr-TR","name":"Nesne","nameA":""},{"lang":"pt-BR","name":"Objeto","nameA":""},{"lang":"de-DE","name":"Objekt","nameA":""},{"lang":"id-ID","name":"Objek","nameA":""},{"lang":"fr-FR","name":"Objet","nameA":""}]},{"id":0,"name":"obtuse","transcription":"[əbˈtjuːs]","nameA":"","image":" ","bg":"transparent","nameAnswer":"","translates":[{"lang":"ru-RU","name":"Тупой","nameA":""},{"lang":"vi-VN","name":"Tù","nameA":""},{"lang":"zh-CN","name":"钝的","nameA":""},{"lang":"hi-IN","name":"कुंद","nameA":""},{"lang":"th-TH","name":"ทื่อ","nameA":""},{"lang":"tr-TR","name":"Geniş","nameA":""},{"lang":"pt-BR","name":"Obtuso","nameA":""},{"lang":"de-DE","name":"Stumpf","nameA":""},{"lang":"id-ID","name":"Tumpul","nameA":""},{"lang":"fr-FR","name":"Obtus","nameA":""}]},{"id":0,"name":"octopus","transcription":"[ˈɒktəpəs]","nameA":"","image":"/img/dict/animals/octopus.png","bg":"transparent","nameAnswer":"","translates":[{"lang":"ru-RU","name":"Осьминог","nameA":""},{"lang":"vi-VN","name":"Bạch tuộc","nameA":""},{"lang":"zh-CN","name":"章鱼","nameA":""},{"lang":"hi-IN","name":"ऑक्टोपस","nameA":""},{"lang":"th-TH","name":"ปลาหมึกยักษ์","nameA":""},{"lang":"tr-TR","name":"Ahtapot","nameA":""},{"lang":"pt-BR","name":"Polvo","nameA":""},{"lang":"de-DE","name":"Krake","nameA":""},{"lang":"id-ID","name":"Gurita","nameA":""},{"lang":"fr-FR","name":"Poulpe","nameA":""}]},{"id":0,"name":"odd","transcription":"[ɒd]","nameA":"","image":" ","bg":"transparent","nameAnswer":"","translates":[{"lang":"ru-RU","name":"Странный","nameA":""},{"lang":"vi-VN","name":"Kỳ lạ","nameA":""},{"lang":"zh-CN","name":"奇怪的","nameA":""},{"lang":"hi-IN","name":"अजीब","nameA":""},{"lang":"th-TH","name":"แปลก","nameA":""},{"lang":"tr-TR","name":"Tuhaf","nameA":""},{"lang":"pt-BR","name":"Estranho","nameA":""},{"lang":"de-DE","name":"Seltsam","nameA":""},{"lang":"id-ID","name":"Aneh","nameA":""},{"lang":"fr-FR","name":"Étrange","nameA":""}]},{"id":0,"name":"of","transcription":"[ɒv]","nameA":"","image":" ","bg":"transparent","nameAnswer":"","translates":[{"lang":"ru-RU","name":"Из","nameA":""},{"lang":"vi-VN","name":"Của","nameA":""},{"lang":"zh-CN","name":"的","nameA":""},{"lang":"hi-IN","name":"का","nameA":""},{"lang":"th-TH","name":"ของ","nameA":""},{"lang":"tr-TR","name":"-ın/-in","nameA":""},{"lang":"pt-BR","name":"De","nameA":""},{"lang":"de-DE","name":"Von","nameA":""},{"lang":"id-ID","name":"Dari","nameA":""},{"lang":"fr-FR","name":"De","nameA":""}]},{"id":0,"name":"off","transcription":"[ɒf]","nameA":"","image":" ","bg":"transparent","nameAnswer":"","translates":[{"lang":"ru-RU","name":"Выключен","nameA":""},{"lang":"vi-VN","name":"Tắt","nameA":""},{"lang":"zh-CN","name":"关闭","nameA":""},{"lang":"hi-IN","name":"बंद","nameA":""},{"lang":"th-TH","name":"ปิด","nameA":""},{"lang":"tr-TR","name":"Kapalı","nameA":""},{"lang":"pt-BR","name":"Desligado","nameA":""},{"lang":"de-DE","name":"Aus","nameA":""},{"lang":"id-ID","name":"Mati","nameA":""},{"lang":"fr-FR","name":"Éteint","nameA":""}]},{"id":0,"name":"offer","transcription":"[ˈɒfər]","nameA":"","image":" ","bg":"transparent","nameAnswer":"","translates":[{"lang":"ru-RU","name":"Предложение","nameA":""},{"lang":"vi-VN","name":"Đề nghị","nameA":""},{"lang":"zh-CN","name":"提供","nameA":""},{"lang":"hi-IN","name":"प्रस्ताव","nameA":""},{"lang":"th-TH","name":"ข้อเสนอ","nameA":""},{"lang":"tr-TR","name":"Teklif","nameA":""},{"lang":"pt-BR","name":"Oferta","nameA":""},{"lang":"de-DE","name":"Angebot","nameA":""},{"lang":"id-ID","name":"Tawaran","nameA":""},{"lang":"fr-FR","name":"Offre","nameA":""}]},{"id":0,"name":"on","transcription":"[ɒn]","nameA":"","image":" ","bg":"transparent","nameAnswer":"","translates":[{"lang":"ru-RU","name":"На","nameA":""},{"lang":"vi-VN","name":"Trên","nameA":""},{"lang":"zh-CN","name":"在","nameA":""},{"lang":"hi-IN","name":"पर","nameA":""},{"lang":"th-TH","name":"บน","nameA":""},{"lang":"tr-TR","name":"Üzerinde","nameA":""},{"lang":"pt-BR","name":"Em","nameA":""},{"lang":"de-DE","name":"Auf","nameA":""},{"lang":"id-ID","name":"Di","nameA":""},{"lang":"fr-FR","name":"Sur","nameA":""}]},{"id":0,"name":"opposite","transcription":"[ˈɒpəzɪt]","nameA":"","image":" ","bg":"transparent","nameAnswer":"","translates":[{"lang":"ru-RU","name":"Противоположный","nameA":""},{"lang":"vi-VN","name":"Đối diện","nameA":""},{"lang":"zh-CN","name":"相反的","nameA":""},{"lang":"hi-IN","name":"विपरीत","nameA":""},{"lang":"th-TH","name":"ตรงข้าม","nameA":""},{"lang":"tr-TR","name":"Zıt","nameA":""},{"lang":"pt-BR","name":"Oposto","nameA":""},{"lang":"de-DE","name":"Gegenteil","nameA":""},{"lang":"id-ID","name":"Berlawanan","nameA":""},{"lang":"fr-FR","name":"Opposé","nameA":""}]},{"id":0,"name":"orange","transcription":"[ˈɒrɪndʒ]","nameA":"","image":"/img/dict/colors/orange.png","bg":"transparent","nameAnswer":"","translates":[{"lang":"ru-RU","name":"Апельсин","nameA":""},{"lang":"vi-VN","name":"Cam","nameA":""},{"lang":"zh-CN","name":"橙子","nameA":""},{"lang":"hi-IN","name":"संतरा","nameA":""},{"lang":"th-TH","name":"ส้ม","nameA":""},{"lang":"tr-TR","name":"Portakal","nameA":""},{"lang":"pt-BR","name":"Laranja","nameA":""},{"lang":"de-DE","name":"Orange","nameA":""},{"lang":"id-ID","name":"Jeruk","nameA":""},{"lang":"fr-FR","name":"Orange","nameA":""}]},{"id":0,"name":"swan","transcription":"[swɒn]","nameA":"","image":"/img/dict/animals/swan.png","bg":"transparent","nameAnswer":"","translates":[{"lang":"ru-RU","name":"Лебедь","nameA":""},{"lang":"vi-VN","name":"Thiên nga","nameA":""},{"lang":"zh-CN","name":"天鹅","nameA":""},{"lang":"hi-IN","name":"हंस","nameA":""},{"lang":"th-TH","name":"หงส์","nameA":""},{"lang":"tr-TR","name":"Kuğu","nameA":""},{"lang":"pt-BR","name":"Cisne","nameA":""},{"lang":"de-DE","name":"Schwan","nameA":""},{"lang":"id-ID","name":"Angsa","nameA":""},{"lang":"fr-FR","name":"Cygne","nameA":""}]},{"id":0,"name":"want","transcription":"[wɒnt]","nameA":"","image":" ","bg":"transparent","nameAnswer":"","translates":[{"lang":"ru-RU","name":"Хотеть","nameA":""},{"lang":"vi-VN","name":"Muốn","nameA":""},{"lang":"zh-CN","name":"想要","nameA":""},{"lang":"hi-IN","name":"चाहना","nameA":""},{"lang":"th-TH","name":"ต้องการ","nameA":""},{"lang":"tr-TR","name":"İstemek","nameA":""},{"lang":"pt-BR","name":"Querer","nameA":""},{"lang":"de-DE","name":"Wollen","nameA":""},{"lang":"id-ID","name":"Ingin","nameA":""},{"lang":"fr-FR","name":"Vouloir","nameA":""}]},{"id":0,"name":"wash","transcription":"[wɒʃ]","nameA":"","image":"/img/dict/home/wash.png","bg":"transparent","nameAnswer":"","translates":[{"lang":"ru-RU","name":"Мыть","nameA":""},{"lang":"vi-VN","name":"Rửa","nameA":""},{"lang":"zh-CN","name":"洗","nameA":""},{"lang":"hi-IN","name":"धोना","nameA":""},{"lang":"th-TH","name":"ล้าง","nameA":""},{"lang":"tr-TR","name":"Yıkamak","nameA":""},{"lang":"pt-BR","name":"Lavar","nameA":""},{"lang":"de-DE","name":"Waschen","nameA":""},{"lang":"id-ID","name":"Mencuci","nameA":""},{"lang":"fr-FR","name":"Laver","nameA":""}]},{"id":0,"name":"watch","transcription":"[wɒtʃ]","nameA":"","image":" ","bg":"transparent","nameAnswer":"","translates":[{"lang":"ru-RU","name":"Смотреть","nameA":""},{"lang":"vi-VN","name":"Xem","nameA":""},{"lang":"zh-CN","name":"观看","nameA":""},{"lang":"hi-IN","name":"देखना","nameA":""},{"lang":"th-TH","name":"ดู","nameA":""},{"lang":"tr-TR","name":"İzlemek","nameA":""},{"lang":"pt-BR","name":"Assistir","nameA":""},{"lang":"de-DE","name":"Schauen","nameA":""},{"lang":"id-ID","name":"Menonton","nameA":""},{"lang":"fr-FR","name":"Regarder","nameA":""}]},{"id":0,"name":"quad","transcription":"[kwɒd]","nameA":"","image":" ","bg":"transparent","nameAnswer":"","translates":[{"lang":"ru-RU","name":"Квадроцикл","nameA":""},{"lang":"vi-VN","name":"Xe bốn bánh","nameA":""},{"lang":"zh-CN","name":"四轮车","nameA":""},{"lang":"hi-IN","name":"चौपहिया वाहन","nameA":""},{"lang":"th-TH","name":"รถสี่ล้อ","nameA":""},{"lang":"tr-TR","name":"Dört tekerlekli araç","nameA":""},{"lang":"pt-BR","name":"Quadriciclo","nameA":""},{"lang":"de-DE","name":"Quad","nameA":""},{"lang":"id-ID","name":"Kendaraan roda empat","nameA":""},{"lang":"fr-FR","name":"Quad","nameA":""}]},{"id":0,"name":"quality","transcription":"[ˈkwɒlɪti]","nameA":"","image":" ","bg":"transparent","nameAnswer":"","translates":[{"lang":"ru-RU","name":"Качество","nameA":""},{"lang":"vi-VN","name":"Chất lượng","nameA":""},{"lang":"zh-CN","name":"质量","nameA":""},{"lang":"hi-IN","name":"गुणवत्ता","nameA":""},{"lang":"th-TH","name":"คุณภาพ","nameA":""},{"lang":"tr-TR","name":"Kalite","nameA":""},{"lang":"pt-BR","name":"Qualidade","nameA":""},{"lang":"de-DE","name":"Qualität","nameA":""},{"lang":"id-ID","name":"Kualitas","nameA":""},{"lang":"fr-FR","name":"Qualité","nameA":""}]},{"id":0,"name":"quarrel","transcription":"[ˈkwɒrəl]","nameA":"","image":" ","bg":"transparent","nameAnswer":"","translates":[{"lang":"ru-RU","name":"Ссора","nameA":""},{"lang":"vi-VN","name":"Cãi nhau","nameA":""},{"lang":"zh-CN","name":"争吵","nameA":""},{"lang":"hi-IN","name":"झगड़ा","nameA":""},{"lang":"th-TH","name":"ทะเลาะ","nameA":""},{"lang":"tr-TR","name":"Kavga","nameA":""},{"lang":"pt-BR","name":"Briga","nameA":""},{"lang":"de-DE","name":"Streit","nameA":""},{"lang":"id-ID","name":"Pertengkaran","nameA":""},{"lang":"fr-FR","name":"Querelle","nameA":""}]},{"id":0,"name":"squash","transcription":"[skwɒʃ]","nameA":"","image":" ","bg":"transparent","nameAnswer":"","translates":[{"lang":"ru-RU","name":"Сквош","nameA":""},{"lang":"vi-VN","name":"Bí đao","nameA":""},{"lang":"zh-CN","name":"壁球","nameA":""},{"lang":"hi-IN","name":"स्क्वैश","nameA":""},{"lang":"th-TH","name":"สควอช","nameA":""},{"lang":"tr-TR","name":"Squash","nameA":""},{"lang":"pt-BR","name":"Abóbora","nameA":""},{"lang":"de-DE","name":"Squash","nameA":""},{"lang":"id-ID","name":"Squash","nameA":""},{"lang":"fr-FR","name":"Squash","nameA":""}]},{"id":0,"name":"alternative","transcription":"[ɔːlˈtɜːrnətɪv]","nameA":"","image":" ","bg":"transparent","nameAnswer":"","translates":[{"lang":"ru-RU","name":"Альтернатива","nameA":""},{"lang":"vi-VN","name":"Lựa chọn thay thế","nameA":""},{"lang":"zh-CN","name":"替代方案","nameA":""},{"lang":"hi-IN","name":"विकल्प","nameA":""},{"lang":"th-TH","name":"ทางเลือก","nameA":""},{"lang":"tr-TR","name":"Alternatif","nameA":""},{"lang":"pt-BR","name":"Alternativa","nameA":""},{"lang":"de-DE","name":"Alternative","nameA":""},{"lang":"id-ID","name":"Alternatif","nameA":""},{"lang":"fr-FR","name":"Alternative","nameA":""}]},{"id":0,"name":"halt","transcription":"[hɔːlt]","nameA":"","image":" ","bg":"transparent","nameAnswer":"","translates":[{"lang":"ru-RU","name":"Остановка","nameA":""},{"lang":"vi-VN","name":"Dừng lại","nameA":""},{"lang":"zh-CN","name":"停止","nameA":""},{"lang":"hi-IN","name":"रुकना","nameA":""},{"lang":"th-TH","name":"หยุด","nameA":""},{"lang":"tr-TR","name":"Dur","nameA":""},{"lang":"pt-BR","name":"Parar","nameA":""},{"lang":"de-DE","name":"Halt","nameA":""},{"lang":"id-ID","name":"Berhenti","nameA":""},{"lang":"fr-FR","name":"Arrêt","nameA":""}]},{"id":0,"name":"salt","transcription":"[sɔːlt]","nameA":"","image":"/img/dict/food/salt.png","bg":"transparent","nameAnswer":"","translates":[{"lang":"ru-RU","name":"Соль","nameA":""},{"lang":"vi-VN","name":"Muối","nameA":""},{"lang":"zh-CN","name":"盐","nameA":""},{"lang":"hi-IN","name":"नमक","nameA":""},{"lang":"th-TH","name":"เกลือ","nameA":""},{"lang":"tr-TR","name":"Tuz","nameA":""},{"lang":"pt-BR","name":"Sal","nameA":""},{"lang":"de-DE","name":"Salz","nameA":""},{"lang":"id-ID","name":"Garam","nameA":""},{"lang":"fr-FR","name":"Sel","nameA":""}]}]}