﻿{
  "name": "All cards",
  "description": "",
  "version": "2",
  "cats": [
    {
      "name": "Welcome",
      "translates": [
        {
          "lang": "ru-RU",
          "name": "Старт"           
        }
      ],
      "activities": [
        {
          "name": "Alphabet",
          "aType": "UNIVERSAL",
          "img": "/img/dict/abc/abc.png",
          "rUrl": "abcCards",
          "translates": [
            {
              "lang": "ru-RU",
              "name": "Алфавит"
            }
          ]
        },
        {
          "name": "Numbers 1-10",
          "aType": "UNIVERSAL",
          "img": "/img/dict/numbers/10.png",
          "bgColor": "dodgerblue",
          "rUrl": "mathNumbers10Cards"

        },
        {
          "name": "Colors",
          "aType": "UNIVERSAL",
          "img": "/img/activity/palette.png",
          "rUrl": "colorsCards"

        },
        {
          "name": "Shapes",
          "aType": "UNIVERSAL",
          "img": "/img/activity/shapes.png",
          "rUrl": "shapesCards"

        },
        {
          "name": "Toys",
          "aType": "UNIVERSAL",
          "img": "/img/dict/toys/toys.png",
          "rUrl": "toysCards"

        },

        {
          "name": "Family",
          "aType": "UNIVERSAL",
          "img": "/img/dict/family/family.png",
          "rUrl": "familyCards"

        },

        {
          "name": "Head",

          "aType": "UNIVERSAL",
          "img": "/img/dict/body/head.png",
          "rUrl": "headCards"

        },

        {
          "name": "Body",

          "aType": "UNIVERSAL",
          "img": "/img/dict/body/body.png",
          "rUrl": "bodyCards"

        },
        {
          "name": "My body",

          "aType": "Explore",
          "img": "/img/activity/body_parts.png",
          "rUrl": "bodyExplore"

        }

      ]
    },
    {
      "name": "Playground",
      "activities": [



      ]
    },
    {
      "name": "My House",
      "activities": [
        {
          "name": "House",          
          "aType": "UNIVERSAL",
          "img": "/img/dict/home/house.png",
          "rUrl": "homeCommon"

        },
        {
          "name": "Rooms",
          "aType": "UNIVERSAL",
          "img": "/img/dict/home/rooms.png",
          "rUrl": "homeRooms"

        },
        {
          "name": "Kitchen",
          "fordev": true,
          "aType": "UNIVERSAL",
          "img": "/img/dict/home/kitchen.png",
          "rUrl": "no"

        },
        {
          "name": "Bedroom",
          "fordev": true,
          "aType": "UNIVERSAL",
          "img": "/img/dict/home/bedroom.png",
          "rUrl": "no"

        },
        {
          "name": "Bathroom",
          "fordev": true,
          "aType": "UNIVERSAL",
          "img": "/img/dict/home/bathroom.png",
          "rUrl": "no"

        },
        {
          "name": "Living room",
          "fordev": true,
          "aType": "UNIVERSAL",
          "img": "/img/dict/home/livingroom.png",
          "rUrl": "no"

        },
        {
          "name": "Dinning room",
          "fordev": true,
          "aType": "UNIVERSAL",
          "img": "/img/dict/home/dinningroom.png",
          "rUrl": "no"

        },
        {
          "name": "Nursery",
          "fordev": true,
          "aType": "UNIVERSAL",
          "img": "/img/dict/home/nursery.png",
          "rUrl": "no"

        }
      ]
    },
    {
      "name": "Learning",
      "activities": [
        {
          "name": "CLASS",          
          "aType": "UNIVERSAL",
          "img": "/img/dict/classroom/classroom.png",
          "rUrl": "classCards"

        },
        {
          "name": "stationery",         
          "aType": "UNIVERSAL",
          "img": "/img/dict/classroom/stationery.png",
          "rUrl": "classStationeryCards"

        },



        {
          "name": "Greetings",
          "aType": "Story",
          "img": "/img/story/hi.jpg",
          "fordev": true,
          "rUrl": "hello",
          "bgColor": "white"


        },
        {
          "name": "Greetings",
          "aType": "Dialog",
          "fordev": true,
          "img": "/img/story/hi.jpg",
          "rUrl": "hello",
          "bgColor": "white"


        }


      ]
    },
    {
      "name": "Animals",
      "activities": [

        {
          "name": "farm",
          "aType": "UNIVERSAL",
          "img": "/img/dict/animals/rooster.png",

          "bgColor": "dodgerblue",
          "rUrl": "animalsFarmCards"

        },
        {
          "name": "PET",
          "aType": "UNIVERSAL",
          "img": "/img/dict/animals/dog.png",

          "bgColor": "dodgerblue",
          "rUrl": "animalsPetCards"

        },

        {
          "name": "WILD",
          "aType": "UNIVERSAL",
          "img": "/img/dict/animals/tiger.png",

          "bgColor": "dodgerblue",
          "rUrl": "animalsWildCards"

        },

        {
          "name": "SEA",
          "aType": "UNIVERSAL",
          "img": "/img/dict/animals/crab.png",

          "bgColor": "dodgerblue",
          "rUrl": "animalsSeaCards",
          "tasks": 0,

          "translates": [
            {
              "lang": "ru-RU",
              "name": "Старт"
            }
          ]
        },
        {
          "name": "Birds",
          "aType": "UNIVERSAL",
          "img": "/img/dict/animals/bullfinch.png",

          "bgColor": "dodgerblue",
          "rUrl": "animalsBirdsCards",
          "tasks": 33,
          "translates": [
            {
              "lang": "ru-RU",
              "name": "Птицы"
            }
          ]
        },
        {
          "name": "Insects",
          "aType": "UNIVERSAL",
          "img": "/img/dict/animals/scarab.png",

          "bgColor": "dodgerblue",
          "rUrl": "animalsInsectsCards",
          "tasks": 31,
          "translates": [
            {
              "lang": "ru-RU",
              "name": "Насекомые"
            }
          ]
        },
        {
          "name": "Reptiles",
          "aType": "UNIVERSAL",
          "img": "/img/dict/animals/gecko.png",

          "bgColor": "dodgerblue",
          "rUrl": "animalsReptilesCards",
          "tasks": 14,
          "translates": [
            {
              "lang": "ru-RU",
              "name": "Рептилии"
            }
          ]
        }
      ]
    },
    {
      "name": "Food",
      "activities": [

        {
          "name": "FOOD",
          "aType": "UNIVERSAL",
          "img": "/img/dict/food/dish.png",
          "bgColor": "#e6fff2",
          "rUrl": "foodCommonCards"

        },
        {
          "name": "DRINKS",
          "aType": "UNIVERSAL",
          "img": "/img/dict/food/drinks.png",
          "bgColor": "#e6fff2",
          "rUrl": "foodDrinksCards"

        },
        {
          "name": "sweets",
          "aType": "UNIVERSAL",
          "img": "/img/dict/food/sweets.png",
          "bgColor": "#e6fff2",
          "rUrl": "foodSweetsCards"

        },
        {
          "name": "nuts",
          "aType": "UNIVERSAL",
          "img": "/img/dict/food/nuts.png",
          "bgColor": "#e6fff2",
          "rUrl": "foodNutCards"

        },
        {
          "name": "vegetables",
          "aType": "UNIVERSAL",
          "img": "/img/dict/food/vegetables.png",
          "bgColor": "#e6fff2",
          "rUrl": "foodVegetablesCards"

        },
        {
          "name": "fruit",
          "aType": "UNIVERSAL",
          "img": "/img/dict/food/fruit.png",
          "bgColor": "#e6fff2",
          "rUrl": "foodFruitCards"

        },
        {
          "name": "berries",
          "aType": "UNIVERSAL",
          "img": "/img/dict/food/berries.png",
          "bgColor": "#e6fff2",
          "rUrl": "foodBerriesCards"

        }

      ]
    },
   

    {
      "name": "STREET",
      "activities": [



      ]
    },
    {
      "name": "TRANSPORT",
      "activities": [



      ]
    },
    {
      "name": "VACATION",
      "activities": [



      ]
    },
    {
      "name": "Seasons",
      "activities": [



      ]
    },
    {
      "name": "Phonics",
      "activities": []
    },
    {
      "name": "Symbols",
      "activities": []
    }

  ]
}