﻿{
  "name": "Maths",
  "description": "",
  "version": "2",
  "cats": [
    {
      "name": "Numbers",
      "activities": [
        {
          "name": "0-10",
          "aType": "UNIVERSAL",
          "img": "/img/dict/numbers/10.png",
          "bgColor": "dodgerblue",
          "rUrl": "mathNumbers10Cards"
        },
        {
          "name": "11-20",
          "aType": "UNIVERSAL",
          "img": "/img/dict/numbers/20.png",
          "bgColor": "dodgerblue",
          "rUrl": "mathNumbers1020Cards"
        },
        {
          "name": "21-29",
          "aType": "UNIVERSAL",
          "img": "/img/dict/numbers/29.png",
          "bgColor": "dodgerblue",
          "rUrl": "mathNumbers2129Cards"
        },
        {
          "name": "10,100,1000",
          "aType": "UNIVERSAL",
          "img": "/img/dict/numbers/100.png",
          "bgColor": "dodgerblue",
          "rUrl": "mathNumbers10100Cards"
        }
      ]
    },
    {
      "name": "Counting to 10",
      "activities": [
        {
          "name": "Counting to 10",
          "aType": "LetterSelect",
          "img": "/img/dict/math/ruler10.png",
          "rUrl": "mathCountingCards",
          "bgColor": "white"
        },
        {
          "name": "Compositions",
          "aType": "ListSwipe",
          "img": "/img/dict/math/c4p4.png",
          "rUrl": "math10CompositionCards",
          "bgColor": "white"
        },
        {
          "name": "Make number",
          "aType": "MatchSimple",
          "img": "/img/dict/math/c4p4.png",
          "rUrl": "match10CompositionCards",
          "bgColor": "white",
          "fordev": true,
          "numAct": 27,
          "translates": [
            {
              "lang": "ru-RU",
              "name": "Составь число"
            }
          ]
        },
        {
          "name": "gaps (to 10)",
          "aType": "InlineSelect",
          "img": "/img/activity/gaps_10.png",
          "rUrl": "mathCountingSpaceCards",
          "bgColor": "white"
        }
      ]
    },
    {
      "name": "Counting to 20",
      "activities": [
        {
          "name": "10 to 20",
          "aType": "LetterSelect",
          "img": "/img/dict/math/ruler1020.png",
          "rUrl": "mathCounting1020Cards",
          "bgColor": "white"
        },
        {
          "name": "Compositions 10 to 20",
          "aType": "ListSwipe",
          "img": "/img/dict/math/c10p10.png",
          "rUrl": "math20CompositionCards",
          "bgColor": "white"
        },
        {
          "name": "Counting to 20",
          "aType": "LetterSelect",
          "img": "/img/dict/math/ruler20.png",
          "rUrl": "mathCounting20Cards",
          "bgColor": "white"
        }
      ]
    },
    {
      "name": "Plus-Minus",
      "activities": [
        {
          "name": "Plus (to 10)",
          "aType": "SimpleSelect",
          "img": "/img/dict/numbers/1p1.png",
          "rUrl": "mathPlusCards",
          "bgColor": "white"
        },
        {
          "name": "Minus (to 10)",
          "aType": "SimpleSelect",
          "img": "/img/dict/numbers/2m1.png",
          "rUrl": "mathMinusCards",
          "bgColor": "white"
        }
      ]
    }
  ]
}