﻿{
  "name": "Phonics",
  "description": "",
  "version": "1",
  "cats": [
    {
      "name": "Set 1",
      "activities": [
        {
          "id": 1,
          "minunlockid": 0,
          "unlockid": 1,
          "name": "/S/ s, ss, c",
          "aType": "ListSwipe",
          "img": "/img/dict/abc/voice_blue.png",
          "rUrl": "phon_s",
          "numAct": 35
        },
        {
          "id": 2,
          "minunlockid": 0,
          "unlockid": 1,
          "name": "/a/ a",
          "aType": "ListSwipe",
          "img": "/img/dict/abc/voice_red.png",
          "rUrl": "phon_a",
          "numAct": 13
        },
        {
          "id": 3,
          "minunlockid": 0,
          "unlockid": 1,
          "name": "/t/ t, tt, ed",
          "aType": "ListSwipe",
          "img": "/img/dict/abc/voice_blue.png",
          "rUrl": "phon_t",
          "numAct": 16
        },
        {
          "id": 4,
          "minunlockid": 0,
          "unlockid": 1,
          "name": "/i/ i, y, i_e",
          "aType": "ListSwipe",
          "img": "/img/dict/abc/voice_red.png",
          "rUrl": "phon_i",
          "numAct": 17
        },
        {
          "id": 5,
          "minunlockid": 0,
          "unlockid": 1,
          "name": "/p/ p, pp",
          "aType": "ListSwipe",
          "img": "/img/dict/abc/voice_blue.png",
          "rUrl": "phon_p",
          "numAct": 10
        }
        ,
        {
          "id": 5,
          "minunlockid": 0,
          "unlockid": 1,
          "name": "/n/ n, nn, kn, gn",
          "aType": "ListSwipe",
          "img": "/img/dict/abc/voice_blue.png",
          "rUrl": "phon_n",
          "numAct": 14
        }
         
      ]
    }
    ,
    
    {
      "name": "Set 2",
      "activities": [
       
      ]
    }
    ,
    
    {
      "name": "Set 3",
      "activities": [
       
      ]
    }
    ,
    
    {
      "name": "Set 4",
      "activities": [
       
      ]
    }
    ,
    
    {
      "name": "Set 5",
      "activities": [
       
      ]
    }
    ,
    
    {
      "name": "Set 6",
      "activities": [
       
      ]
    }
    ,
    
    {
      "name": "Set 7",
      "activities": [
       
      ]
    }
   
  ]
}