﻿{
  "name": "Top module",
  "description": "",
  "version": "2",
  "cats": [
    {
      "name": "Top words",
      "activities": [
        {
          "id": 1,
          "minunlockid": 0,
          "unlockid": 1,
          "name": "Top 100",
          "aType": "UNIVERSAL",
          "img": "/img/dict/top/top_100.png",
          "rUrl": "top_countable_top_100",
          "numAct": 100
        },
        {
          "id": 2,
          "minunlockid": 0,
          "unlockid": 1,
          "name": "Top 1 000",
          "aType": "UNIVERSAL",
          "img": "/img/dict/top/top_1000.png",
          "rUrl": "top_countable_top_1000",
          "numAct": 998
        },
        {
          "id": 3,
          "minunlockid": 0,
          "unlockid": 1,
          "name": "Top 2 000",
          "aType": "UNIVERSAL",
          "img": "/img/dict/top/top_2000.png",
          "rUrl": "top_countable_top_2000",
          "numAct": 2000
        },
        {
          "id": 4,
          "minunlockid": 0,
          "unlockid": 1,
          "name": "Top 3 000",
          "aType": "UNIVERSAL",
          "img": "/img/dict/top/top_3000.png",
          "rUrl": "top_countable_top_3000",
          "numAct": 3001
        },
        {
          "id": 5,
          "minunlockid": 0,
          "unlockid": 1,
          "name": "Top 5 000",
          "aType": "UNIVERSAL",
          "img": "/img/dict/top/top_5000.png",
          "rUrl": "top_countable_top_5000",
          "numAct": 4999
        }
        ,
        {
          "id": 6,
          "minunlockid": 0,
          "unlockid": 1,
          "name": "Top 10 000",
          "aType": "UNIVERSAL",
          "img": "/img/dict/top/top_10000.png",
          "rUrl": "top_countable_top_10000",
          "numAct": 9951
        }
      ]
    }
    ,
    {
      "name": "CEFR",
      "activities": [
        {
          "id": 6,
          "minunlockid": 0,
          "unlockid": 1,
          "name": "A1 - Elementary",
          "aType": "UNIVERSAL",
          "img": "/img/dict/top/top_a1.png",
          "rUrl": "top_a1",
          "numAct": 898
        },
        {
          "id": 6,
          "minunlockid": 0,
          "unlockid": 1,
          "name": "A2 - Pre-intermediate",
          "aType": "UNIVERSAL",
          "img": "/img/dict/top/top_a2.png",
          "rUrl": "top_a2",
          "numAct": 865
        },
        {
          "id": 6,
          "minunlockid": 0,
          "unlockid": 1,
          "name": "B1 - Intermediate",
          "aType": "UNIVERSAL",
          "img": "/img/dict/top/top_b1.png",
          "rUrl": "top_b1",
          "numAct": 804
        },
        {
          "id": 6,
          "minunlockid": 0,
          "unlockid": 1,
          "name": "B2 - Upper intermediate",
          "aType": "UNIVERSAL",
          "img": "/img/dict/top/top_b2.png",
          "rUrl": "top_b2",
          "numAct": 1423
        }
        ,
        {
          "id": 6,
          "minunlockid": 0,
          "unlockid": 1,
          "name": "C1 - Advanced",
          "aType": "UNIVERSAL",
          "img": "/img/dict/top/top_c1.png",
          "rUrl": "top_c1",
          "numAct": 1297
        }
      ]
    },
    {
      "name": "Express",
      "activities": [
       
      ]
    },
    {
      "name": "Exams",
      "activities": [
        {
          "minunlockid": 300,
          "unlockid": 301,
          "name": "ТОП ОГЭ",
          "aType": "UNIVERSAL",
          "img": "/img/dict/top/top_oge.png",
          "rUrl": "top_oge"
        },
        {
          "minunlockid": 300,
          "unlockid": 301,
          "name": "ТОП ЕГЭ",
          "aType": "UNIVERSAL",
          "img": "/img/dict/top/top_ege.jpg",
          "rUrl": "top_uge"
        }
      ]
    }
  ]
}