{
  "name": "composition of 10",
  "nameA": null,
  "img": "/img/dict/math/school.png",
  "minQuiz": 5,
  "isRandom": true,
  "isBlur": true,
  "isForAdult": false,
  "separator": "",
  "numWords": 36,
  "tags": null,
  "Translations": [
    {
      "lang": "ru-RU",
      "name": "Состав числа до 10",
      "nameA": null
    }
  ],
  "items": [
    {
      "id": 0,
      "name": "Match a number with quantity",    
      "translates": [
        {
          "lang": "ru-RU",
          "name": "Сопоставьте число с количеством",
          "nameA": null
        }
      ],
      "pairs": [
        {
          "pair1": "0",
          "img1": "/img/dict/math/c0.png",
          "pair2": "0"
        }
        ,
        {
          "pair1": "1",
          "img1": "/img/dict/math/c1.png",
          "pair2": "1"
        }
        ,
        {
          "pair1": "2",
          "img1": "/img/dict/math/c2.png",
          "pair2": "2"
        }
      ]
    },
    {
      "id": 0,
      "name": "Match a number with quantity",    
      "translates": [
        {
          "lang": "ru-RU",
          "name": "Сопоставьте число с количеством",
          "nameA": null
        }
      ],
      "pairs": [
        {
          "pair1": "3",
          "img1": "/img/dict/math/c3.png",
          "pair2": "3"
        }
        ,
        {
          "pair1": "4",
          "img1": "/img/dict/math/c4.png",
          "pair2": "4"
        }
        ,
        {
          "pair1": "5",
          "img1": "/img/dict/math/c5.png",
          "pair2": "5"
        }
      ]
    },
    {
      "id": 0,
      "name": "Match a number with quantity",    
      "translates": [
        {
          "lang": "ru-RU",
          "name": "Сопоставьте число с количеством",
          "nameA": null
        }
      ],
      "pairs": [
        {
          "pair1": "6",
          "img1": "/img/dict/math/c6.png",
          "pair2": "6"
        }
        ,
        {
          "pair1": "7",
          "img1": "/img/dict/math/c7.png",
          "pair2": "7"
        }
        ,
        {
          "pair1": "8",
          "img1": "/img/dict/math/c8.png",
          "pair2": "8"
        }
      ]
    },
    {
      "id": 0,
      "name": "Match a number with quantity",    
      "translates": [
        {
          "lang": "ru-RU",
          "name": "Сопоставьте число с количеством",
          "nameA": null
        }
      ],
      "pairs": [
        {
          "pair1": "9",
          "img1": "/img/dict/math/c9.png",
          "pair2": "9"
        }
        ,
        {
          "pair1": "4",
          "img1": "/img/dict/math/c4.png",
          "pair2": "4"
        }
        ,
        {
          "pair1": "6",
          "img1": "/img/dict/math/c6.png",
          "pair2": "6"
        }
      ]
    },
    {
      "id": 0,
      "name": "Match a number with quantity",    
      "translates": [
        {
          "lang": "ru-RU",
          "name": "Сопоставьте число с количеством",
          "nameA": null
        }
      ],
      "pairs": [
        {
          "pair1": "10",
          "img1": "/img/dict/math/c10.png",
          "pair2": "10"
        }
        ,
        {
          "pair1": "10",
          "img1": "/img/dict/math/c10ex.png",
          "pair2": "10"
        }
        ,
        {
          "pair1": "5",
          "img1": "/img/dict/math/c5.png",
          "pair2": "5"
        }
      ]
    }
     
  ]
}