{
  "name": "composition of 10",
  "nameA": null,
  "img": "/img/dict/math/school.png",
  "minQuiz": null,
  "isRandom": true,
  "isBlur": true,
  "isForAdult": false,
  "separator": "",
  "numWords": 36,
  "tags": null,
  "Translations": [
    {
      "lang": "ru-RU",
      "name": "Состав числа до 10",
      "nameA": null
    }
  ],
  "items": [
    {
      "id": 0,
      "name": "Make up a number 0",
      "image": "/img/dict/math/p0.png",
      "translates": [
        {
          "lang": "ru-RU",
          "name": "Составь число 0",
          "nameA": null
        }
      ],
      "pairs": [
        {
          "pair1": "0",
          "pair2": "0"
        }
      ]
    },
    {
      "id": 0,
      "name": "Make up a number 1",
      "image": "/img/dict/math/p1.png",
      "translates": [
        {
          "lang": "ru-RU",
          "name": "Составь число 1",
          "nameA": null
        }
      ],
      "pairs": [
        {
          "pair1": "0",
          "pair2": "1"
        },
        {
          "pair1": "1",
          "pair2": "0"
        }
      ]
    },
    {
      "id": 0,
      "name": "Make up a number 2",
      "image": "/img/dict/math/p2.png",
      "translates": [
        {
          "lang": "ru-RU",
          "name": "Составь число 2",
          "nameA": null
        }
      ],
      "pairs": [
        {
          "pair1": "0",
          "pair2": "2"
        },
        {
          "pair1": "2",
          "pair2": "0"
        },
        {
          "pair1": "1",
          "pair2": "1"
        }
      ]
    },
    {
      "id": 0,
      "name": "Make up a number 3",
      "image": "/img/dict/math/p3.png",
      "translates": [
        {
          "lang": "ru-RU",
          "name": "Составь число 3",
          "nameA": null
        }
      ],
      "pairs": [
        {
          "pair1": "0",
          "pair2": "3"
        },
        {
          "pair1": "3",
          "pair2": "0"
        },
        {
          "pair1": "2",
          "pair2": "1"
        },
        {
          "pair1": "1",
          "pair2": "2"
        }
      ]
    },
    {
      "id": 0,
      "name": "Make up a number 4",
      "image": "/img/dict/math/p4.png",
      "translates": [
        {
          "lang": "ru-RU",
          "name": "Составь число 4",
          "nameA": null
        }
      ],
      "pairs": [
        {
          "pair1": "0",
          "pair2": "4"
        },
        {
          "pair1": "4",
          "pair2": "0"
        },
        {
          "pair1": "2",
          "pair2": "2"
        }
      ]
    },
    {
      "id": 0,
      "name": "Make up a number 4",
      "image": "/img/dict/math/p4.png",
      "translates": [
        {
          "lang": "ru-RU",
          "name": "Составь число 4",
          "nameA": null
        }
      ],
      "pairs": [
        {
          "pair1": "2",
          "pair2": "2"
        },
        {
          "pair1": "1",
          "pair2": "3"
        },
        {
          "pair1": "3",
          "pair2": "1"
        }
      ]
    },
    {
      "id": 0,
      "name": "Make up a number 5",
      "image": "/img/dict/math/p5.png",
      "translates": [
        {
          "lang": "ru-RU",
          "name": "Составь число 5",
          "nameA": null
        }
      ],
      "pairs": [
        {
          "pair1": "0",
          "pair2": "5"
        },
        {
          "pair1": "5",
          "pair2": "0"
        },
        {
          "pair1": "4",
          "pair2": "1"
        },
        {
          "pair1": "1",
          "pair2": "4"
        }
      ]
    },
    {
      "id": 0,
      "name": "Make up a number 5",
      "image": "/img/dict/math/p5.png",
      "translates": [
        {
          "lang": "ru-RU",
          "name": "Составь число 5",
          "nameA": null
        }
      ],
      "pairs": [
        {
          "pair1": "3",
          "pair2": "2"
        },
        {
          "pair1": "2",
          "pair2": "3"
        },
        {
          "pair1": "4",
          "pair2": "1"
        },
        {
          "pair1": "1",
          "pair2": "4"
        }
      ]
    },
    {
      "id": 0,
      "name": "Make up a number 6",
      "image": "/img/dict/math/p6.png",
      "translates": [
        {
          "lang": "ru-RU",
          "name": "Составь число 6",
          "nameA": null
        }
      ],
      "pairs": [
        {
          "pair1": "0",
          "pair2": "6"
        },
        {
          "pair1": "6",
          "pair2": "0"
        },
        {
          "pair1": "3",
          "pair2": "3"
        }
      ]
    },
    {
      "id": 0,
      "name": "Make up a number 6",
      "image": "/img/dict/math/p6.png",
      "translates": [
        {
          "lang": "ru-RU",
          "name": "Составь число 6",
          "nameA": null
        }
      ],
      "pairs": [
        {
          "pair1": "4",
          "pair2": "2"
        },
        {
          "pair1": "2",
          "pair2": "4"
        },
        {
          "pair1": "3",
          "pair2": "3"
        }
      ]
    },
    {
      "id": 0,
      "name": "Make up a number 6",
      "image": "/img/dict/math/p6.png",
      "translates": [
        {
          "lang": "ru-RU",
          "name": "Составь число 6",
          "nameA": null
        }
      ],
      "pairs": [
        {
          "pair1": "5",
          "pair2": "1"
        },
        {
          "pair1": "1",
          "pair2": "5"
        },
        {
          "pair1": "3",
          "pair2": "3"
        }
      ]
    },
    {
      "id": 0,
      "name": "Make up a number 7",
      "image": "/img/dict/math/p7.png",
      "translates": [
        {
          "lang": "ru-RU",
          "name": "Составь число 7",
          "nameA": null
        }
      ],
      "pairs": [
        {
          "pair1": "0",
          "pair2": "7"
        },
        {
          "pair1": "7",
          "pair2": "0"
        },
        {
          "pair1": "3",
          "pair2": "4"
        },
        {
          "pair1": "4",
          "pair2": "3"
        }
      ]
    },
    {
      "id": 0,
      "name": "Make up a number 7",
      "image": "/img/dict/math/p7.png",
      "translates": [
        {
          "lang": "ru-RU",
          "name": "Составь число 7",
          "nameA": null
        }
      ],
      "pairs": [
        {
          "pair1": "6",
          "pair2": "1"
        },
        {
          "pair1": "1",
          "pair2": "6"
        },
        {
          "pair1": "5",
          "pair2": "2"
        },
        {
          "pair1": "2",
          "pair2": "5"
        }
      ]
    },
    {
      "id": 0,
      "name": "Make up a number 8",
      "image": "/img/dict/math/p8.png",
      "translates": [
        {
          "lang": "ru-RU",
          "name": "Составь число 8",
          "nameA": null
        }
      ],
      "pairs": [
        {
          "pair1": "0",
          "pair2": "8"
        },
        {
          "pair1": "8",
          "pair2": "0"
        },
        {
          "pair1": "1",
          "pair2": "7"
        },
        {
          "pair1": "7",
          "pair2": "1"
        }
      ]
    },
    {
      "id": 0,
      "name": "Make up a number 8",
      "image": "/img/dict/math/p8.png",
      "translates": [
        {
          "lang": "ru-RU",
          "name": "Составь число 8",
          "nameA": null
        }
      ],
      "pairs": [
        {
          "pair1": "2",
          "pair2": "6"
        },
        {
          "pair1": "6",
          "pair2": "2"
        },
        {
          "pair1": "3",
          "pair2": "5"
        },
        {
          "pair1": "5",
          "pair2": "3"
        }
      ]
    },
    {
      "id": 0,
      "name": "Make up a number 8",
      "image": "/img/dict/math/p8.png",
      "translates": [
        {
          "lang": "ru-RU",
          "name": "Составь число 8",
          "nameA": null
        }
      ],
      "pairs": [
        {
          "pair1": "4",
          "pair2": "4"
        },
        {
          "pair1": "5",
          "pair2": "3"
        },
        {
          "pair1": "3",
          "pair2": "5"
        }
      ]
    },
    {
      "id": 0,
      "name": "Make up a number 9",
      "image": "/img/dict/math/p9.png",
      "translates": [
        {
          "lang": "ru-RU",
          "name": "Составь число 9",
          "nameA": null
        }
      ],
      "pairs": [
        {
          "pair1": "0",
          "pair2": "9"
        },
        {
          "pair1": "9",
          "pair2": "0"
        },
        {
          "pair1": "1",
          "pair2": "8"
        },
        {
          "pair1": "8",
          "pair2": "1"
        }
      ]
    },
    {
      "id": 0,
      "name": "Make up a number 9",
      "image": "/img/dict/math/p9.png",
      "translates": [
        {
          "lang": "ru-RU",
          "name": "Составь число 9",
          "nameA": null
        }
      ],
      "pairs": [
        {
          "pair1": "2",
          "pair2": "7"
        },
        {
          "pair1": "7",
          "pair2": "2"
        },
        {
          "pair1": "3",
          "pair2": "6"
        },
        {
          "pair1": "6",
          "pair2": "3"
        }
      ]
    },
    {
      "id": 0,
      "name": "Make up a number 9",
      "image": "/img/dict/math/p9.png",
      "translates": [
        {
          "lang": "ru-RU",
          "name": "Составь число 9",
          "nameA": null
        }
      ],
      "pairs": [
        {
          "pair1": "4",
          "pair2": "5"
        },
        {
          "pair1": "5",
          "pair2": "4"
        },
        {
          "pair1": "2",
          "pair2": "7"
        },
        {
          "pair1": "7",
          "pair2": "2"
        }
      ]
    },
    {
      "id": 0,
      "name": "Make up a number 10",
      "image": "/img/dict/math/p10.png",
      "translates": [
        {
          "lang": "ru-RU",
          "name": "Составь число 10",
          "nameA": null
        }
      ],
      "pairs": [
        {
          "pair1": "10",
          "pair2": "0"
        },
        {
          "pair1": "0",
          "pair2": "10"
        },
        {
          "pair1": "1",
          "pair2": "9"
        },
        {
          "pair1": "9",
          "pair2": "1"
        }
      ]
    },
    {
      "id": 0,
      "name": "Make up a number 10",
      "image": "/img/dict/math/p10.png",
      "translates": [
        {
          "lang": "ru-RU",
          "name": "Составь число 10",
          "nameA": null
        }
      ],
      "pairs": [
        {
          "pair1": "2",
          "pair2": "8"
        },
        {
          "pair1": "8",
          "pair2": "2"
        },
        {
          "pair1": "3",
          "pair2": "7"
        },
        {
          "pair1": "7",
          "pair2": "3"
        }
      ]
    },
    {
      "id": 0,
      "name": "Make up a number 10",
      "image": "/img/dict/math/p10.png",
      "translates": [
        {
          "lang": "ru-RU",
          "name": "Составь число 10",
          "nameA": null
        }
      ],
      "pairs": [
        {
          "pair1": "4",
          "pair2": "6"
        },
        {
          "pair1": "6",
          "pair2": "4"
        },
        {
          "pair1": "5",
          "pair2": "5"
        }
      ]
    }
  ]
}