{"name":"composition of 10","nameA":null,"img":"/img/dict/math/school.png","minQuiz":null,"isRandom":true,"isBlur":true,"isForAdult":false,"separator":"","numWords":36,"tags":null,"Translations":[{"lang":"ru-RU","name":"Состав числа до 10","nameA":null},{"lang":"vi-VN","name":"Thành phần số đến 10","nameA":null},{"lang":"zh-CN","name":"数字组成到10","nameA":null},{"lang":"hi-IN","name":"10 तक संख्या संयोजन","nameA":null},{"lang":"th-TH","name":"องค์ประกอบของตัวเลขถึง 10","nameA":null},{"lang":"tr-TR","name":"10'a kadar sayı bileşimi","nameA":null},{"lang":"pt-BR","name":"Composição numérica até 10","nameA":null},{"lang":"de-DE","name":"Zusammensetzung der Zahlen bis 10","nameA":null},{"lang":"id-ID","name":"Komposisi angka hingga 10","nameA":null},{"lang":"fr-FR","name":"Composition des nombres jusqu'à 10","nameA":null}],"items":[{"id":0,"name":"Make up a number 0","image":"/img/dict/math/p0.png","translates":[{"lang":"ru-RU","name":"Составь число 0","nameA":null},{"lang":"vi-VN","name":"Tạo thành số 0","nameA":null},{"lang":"zh-CN","name":"组成数字0","nameA":null},{"lang":"hi-IN","name":"संख्या 0 बनाएं","nameA":null},{"lang":"th-TH","name":"สร้างหมายเลข 0","nameA":null},{"lang":"tr-TR","name":"0 sayısını oluştur","nameA":null},{"lang":"pt-BR","name":"Forme o número 0","nameA":null},{"lang":"de-DE","name":"Bilde die Zahl 0","nameA":null},{"lang":"id-ID","name":"Buat angka 0","nameA":null},{"lang":"fr-FR","name":"Composez le nombre 0","nameA":null}],"pairs":[{"pair1":"0","pair2":"0"}]},{"id":1,"name":"Make up a number 1","image":"/img/dict/math/p1.png","translates":[{"lang":"ru-RU","name":"Составь число 1","nameA":null},{"lang":"vi-VN","name":"Tạo thành số 1","nameA":null},{"lang":"zh-CN","name":"组成数字1","nameA":null},{"lang":"hi-IN","name":"संख्या 1 बनाएं","nameA":null},{"lang":"th-TH","name":"สร้างหมายเลข 1","nameA":null},{"lang":"tr-TR","name":"1 sayısını oluştur","nameA":null},{"lang":"pt-BR","name":"Forme o número 1","nameA":null},{"lang":"de-DE","name":"Bilde die Zahl 1","nameA":null},{"lang":"id-ID","name":"Buat angka 1","nameA":null},{"lang":"fr-FR","name":"Composez le nombre 1","nameA":null}],"pairs":[{"pair1":"0","pair2":"1"},{"pair1":"1","pair2":"0"}]},{"id":2,"name":"Make up a number 2","image":"/img/dict/math/p2.png","translates":[{"lang":"ru-RU","name":"Составь число 2","nameA":null},{"lang":"vi-VN","name":"Tạo thành số 2","nameA":null},{"lang":"zh-CN","name":"组成数字2","nameA":null},{"lang":"hi-IN","name":"संख्या 2 बनाएं","nameA":null},{"lang":"th-TH","name":"สร้างหมายเลข 2","nameA":null},{"lang":"tr-TR","name":"2 sayısını oluştur","nameA":null},{"lang":"pt-BR","name":"Forme o número 2","nameA":null},{"lang":"de-DE","name":"Bilde die Zahl 2","nameA":null},{"lang":"id-ID","name":"Buat angka 2","nameA":null},{"lang":"fr-FR","name":"Composez le nombre 2","nameA":null}],"pairs":[{"pair1":"0","pair2":"2"},{"pair1":"2","pair2":"0"},{"pair1":"1","pair2":"1"}]},{"id":3,"name":"Make up a number 3","image":"/img/dict/math/p3.png","translates":[{"lang":"ru-RU","name":"Составь число 3","nameA":null},{"lang":"vi-VN","name":"Tạo thành số 3","nameA":null},{"lang":"zh-CN","name":"组成数字3","nameA":null},{"lang":"hi-IN","name":"संख्या 3 बनाएं","nameA":null},{"lang":"th-TH","name":"สร้างหมายเลข 3","nameA":null},{"lang":"tr-TR","name":"3 sayısını oluştur","nameA":null},{"lang":"pt-BR","name":"Forme o número 3","nameA":null},{"lang":"de-DE","name":"Bilde die Zahl 3","nameA":null},{"lang":"id-ID","name":"Buat angka 3","nameA":null},{"lang":"fr-FR","name":"Composez le nombre 3","nameA":null}],"pairs":[{"pair1":"0","pair2":"3"},{"pair1":"3","pair2":"0"},{"pair1":"2","pair2":"1"},{"pair1":"1","pair2":"2"}]},{"id":4,"name":"Make up a number 4","image":"/img/dict/math/p4.png","translates":[{"lang":"ru-RU","name":"Составь число 4","nameA":null},{"lang":"vi-VN","name":"Tạo thành số 4","nameA":null},{"lang":"zh-CN","name":"组成数字4","nameA":null},{"lang":"hi-IN","name":"संख्या 4 बनाएं","nameA":null},{"lang":"th-TH","name":"สร้างหมายเลข 4","nameA":null},{"lang":"tr-TR","name":"4 sayısını oluştur","nameA":null},{"lang":"pt-BR","name":"Forme o número 4","nameA":null},{"lang":"de-DE","name":"Bilde die Zahl 4","nameA":null},{"lang":"id-ID","name":"Buat angka 4","nameA":null},{"lang":"fr-FR","name":"Composez le nombre 4","nameA":null}],"pairs":[{"pair1":"0","pair2":"4"},{"pair1":"4","pair2":"0"},{"pair1":"2","pair2":"2"},{"pair1":"1","pair2":"3"},{"pair1":"3","pair2":"1"}]},{"id":5,"name":"Make up a number 5","image":"/img/dict/math/p5.png","translates":[{"lang":"ru-RU","name":"Составь число 5","nameA":null},{"lang":"vi-VN","name":"Tạo thành số 5","nameA":null},{"lang":"zh-CN","name":"组成数字5","nameA":null},{"lang":"hi-IN","name":"संख्या 5 बनाएं","nameA":null},{"lang":"th-TH","name":"สร้างหมายเลข 5","nameA":null},{"lang":"tr-TR","name":"5 sayısını oluştur","nameA":null},{"lang":"pt-BR","name":"Forme o número 5","nameA":null},{"lang":"de-DE","name":"Bilde die Zahl 5","nameA":null},{"lang":"id-ID","name":"Buat angka 5","nameA":null},{"lang":"fr-FR","name":"Composez le nombre 5","nameA":null}],"pairs":[{"pair1":"0","pair2":"5"},{"pair1":"5","pair2":"0"},{"pair1":"4","pair2":"1"},{"pair1":"1","pair2":"4"},{"pair1":"3","pair2":"2"},{"pair1":"2","pair2":"3"}]},{"id":6,"name":"Make up a number 6","image":"/img/dict/math/p6.png","translates":[{"lang":"ru-RU","name":"Составь число 6","nameA":null},{"lang":"vi-VN","name":"Tạo thành số 6","nameA":null},{"lang":"zh-CN","name":"组成数字6","nameA":null},{"lang":"hi-IN","name":"संख्या 6 बनाएं","nameA":null},{"lang":"th-TH","name":"สร้างหมายเลข 6","nameA":null},{"lang":"tr-TR","name":"6 sayısını oluştur","nameA":null},{"lang":"pt-BR","name":"Forme o número 6","nameA":null},{"lang":"de-DE","name":"Bilde die Zahl 6","nameA":null},{"lang":"id-ID","name":"Buat angka 6","nameA":null},{"lang":"fr-FR","name":"Composez le nombre 6","nameA":null}],"pairs":[{"pair1":"0","pair2":"6"},{"pair1":"6","pair2":"0"},{"pair1":"3","pair2":"3"},{"pair1":"4","pair2":"2"},{"pair1":"2","pair2":"4"},{"pair1":"5","pair2":"1"},{"pair1":"1","pair2":"5"}]},{"id":7,"name":"Make up a number 7","image":"/img/dict/math/p7.png","translates":[{"lang":"ru-RU","name":"Составь число 7","nameA":null},{"lang":"vi-VN","name":"Tạo thành số 7","nameA":null},{"lang":"zh-CN","name":"组成数字7","nameA":null},{"lang":"hi-IN","name":"संख्या 7 बनाएं","nameA":null},{"lang":"th-TH","name":"สร้างหมายเลข 7","nameA":null},{"lang":"tr-TR","name":"7 sayısını oluştur","nameA":null},{"lang":"pt-BR","name":"Forme o número 7","nameA":null},{"lang":"de-DE","name":"Bilde die Zahl 7","nameA":null},{"lang":"id-ID","name":"Buat angka 7","nameA":null},{"lang":"fr-FR","name":"Composez le nombre 7","nameA":null}],"pairs":[{"pair1":"0","pair2":"7"},{"pair1":"7","pair2":"0"},{"pair1":"3","pair2":"4"},{"pair1":"4","pair2":"3"},{"pair1":"6","pair2":"1"},{"pair1":"1","pair2":"6"},{"pair1":"5","pair2":"2"},{"pair1":"2","pair2":"5"}]},{"id":8,"name":"Make up a number 8","image":"/img/dict/math/p8.png","translates":[{"lang":"ru-RU","name":"Составь число 8","nameA":null},{"lang":"vi-VN","name":"Tạo thành số 8","nameA":null},{"lang":"zh-CN","name":"组成数字8","nameA":null},{"lang":"hi-IN","name":"संख्या 8 बनाएं","nameA":null},{"lang":"th-TH","name":"สร้างหมายเลข 8","nameA":null},{"lang":"tr-TR","name":"8 sayısını oluştur","nameA":null},{"lang":"pt-BR","name":"Forme o número 8","nameA":null},{"lang":"de-DE","name":"Bilde die Zahl 8","nameA":null},{"lang":"id-ID","name":"Buat angka 8","nameA":null},{"lang":"fr-FR","name":"Composez le nombre 8","nameA":null}],"pairs":[{"pair1":"0","pair2":"8"},{"pair1":"8","pair2":"0"},{"pair1":"1","pair2":"7"},{"pair1":"7","pair2":"1"},{"pair1":"2","pair2":"6"},{"pair1":"6","pair2":"2"},{"pair1":"3","pair2":"5"},{"pair1":"5","pair2":"3"},{"pair1":"4","pair2":"4"}]},{"id":9,"name":"Make up a number 9","image":"/img/dict/math/p9.png","translates":[{"lang":"ru-RU","name":"Составь число 9","nameA":null},{"lang":"vi-VN","name":"Tạo thành số 9","nameA":null},{"lang":"zh-CN","name":"组成数字9","nameA":null},{"lang":"hi-IN","name":"संख्या 9 बनाएं","nameA":null},{"lang":"th-TH","name":"สร้างหมายเลข 9","nameA":null},{"lang":"tr-TR","name":"9 sayısını oluştur","nameA":null},{"lang":"pt-BR","name":"Forme o número 9","nameA":null},{"lang":"de-DE","name":"Bilde die Zahl 9","nameA":null},{"lang":"id-ID","name":"Buat angka 9","nameA":null},{"lang":"fr-FR","name":"Composez le nombre 9","nameA":null}],"pairs":[{"pair1":"0","pair2":"9"},{"pair1":"9","pair2":"0"},{"pair1":"1","pair2":"8"},{"pair1":"8","pair2":"1"},{"pair1":"2","pair2":"7"},{"pair1":"7","pair2":"2"},{"pair1":"3","pair2":"6"},{"pair1":"6","pair2":"3"},{"pair1":"4","pair2":"5"},{"pair1":"5","pair2":"4"}]},{"id":10,"name":"Make up a number 10","image":"/img/dict/math/p10.png","translates":[{"lang":"ru-RU","name":"Составь число 10","nameA":null},{"lang":"vi-VN","name":"Tạo thành số 10","nameA":null},{"lang":"zh-CN","name":"组成数字10","nameA":null},{"lang":"hi-IN","name":"संख्या 10 बनाएं","nameA":null},{"lang":"th-TH","name":"สร้างหมายเลข 10","nameA":null},{"lang":"tr-TR","name":"10 sayısını oluştur","nameA":null},{"lang":"pt-BR","name":"Forme o número 10","nameA":null},{"lang":"de-DE","name":"Bilde die Zahl 10","nameA":null},{"lang":"id-ID","name":"Buat angka 10","nameA":null},{"lang":"fr-FR","name":"Composez le nombre 10","nameA":null}],"pairs":[{"pair1":"10","pair2":"0"},{"pair1":"0","pair2":"10"},{"pair1":"1","pair2":"9"},{"pair1":"9","pair2":"1"},{"pair1":"2","pair2":"8"},{"pair1":"8","pair2":"2"},{"pair1":"3","pair2":"7"},{"pair1":"7","pair2":"3"},{"pair1":"4","pair2":"6"},{"pair1":"6","pair2":"4"},{"pair1":"5","pair2":"5"}]}]}