{"name":"English A0","description":"Beginner English course (Level A0)","cats":[{"name":"Part 1","translates":[{"lang":"ru-RU","name":"Основной курс"}],"activities":[{"name":"First word","rUrl":"a0/a0-01-first-word","img":"/img/activity/dialog.png","aType":"Dialog","translates":[]},{"name":"ABC","rUrl":"abcCards","img":"/img/dict/abc/abc.png","aType":"ListSwipe","translates":[]},{"name":"10","rUrl":"mathNumbers10Cards","img":"/img/dict/numbers/10.png","aType":"ListSwipe","translates":[]},{"name":"Let\u0027s count","rUrl":"a0/a0-02-lets-count","img":"/img/activity/dialog.png","aType":"Dialog","translates":[]},{"name":"10","rUrl":"mathNumbers10Cards","img":"/img/dict/numbers/10.png","aType":"SimpleSelect","translates":[]},{"name":"Colors","rUrl":"colorsCardsa0","img":"/img/dict/colors/violet.png","aType":"ListSwipe","translates":[]},{"name":"Color Town","rUrl":"a0/a0-03-color-town","img":"/img/activity/dialog.png","aType":"Dialog","translates":[]},{"name":"Colors","rUrl":"colorsCardsa0","img":"/img/dict/colors/violet.png","aType":"TFSelect","translates":[]},{"name":"20","rUrl":"mathNumbers1020Cards","img":"/img/dict/numbers/20.png","aType":"ListSwipe","translates":[]},{"name":"20","rUrl":"mathNumbers1020Cards","img":"/img/dict/numbers/20.png","aType":"SimpleSelect","translates":[]},{"name":"Colors","rUrl":"colorsCardsa0","img":"/img/dict/colors/violet.png","aType":"MatchSelect","translates":[]},{"name":"10","rUrl":"mathNumbers10Cards","img":"/img/dict/numbers/10.png","aType":"LetterSelect","translates":[]},{"name":"Colors","rUrl":"colorsCardsa0","img":"/img/dict/colors/violet.png","aType":"LetterSelect","translates":[]},{"name":"20","rUrl":"mathNumbers1020Cards","img":"/img/dict/numbers/20.png","aType":"LetterSelect","translates":[]},{"name":"Toys","rUrl":"toysCards","img":"/img/dict/toys/toys.png","aType":"ListSwipe","translates":[]},{"name":"Toys","rUrl":"toysCards","img":"/img/dict/toys/toys.png","aType":"SimpleSelect","translates":[]}]},{"name":"Part 2","translates":[{"lang":"ru-RU","name":"Основной курс"}],"activities":[{"name":"10","rUrl":"mathNumbers10Cards","img":"/img/dict/numbers/10.png","aType":"TFSelect","translates":[]},{"name":"Toys","rUrl":"toysCards","img":"/img/dict/toys/toys.png","aType":"LetterSelect","translates":[]},{"name":"Family","rUrl":"familyCards","img":"/img/dict/family/family.png","aType":"ListSwipe","translates":[]},{"name":"Family","rUrl":"familyCards","img":"/img/dict/family/family.png","aType":"SimpleSelect","translates":[]},{"name":"My Family","rUrl":"a0/a0-04-my-family","img":"/img/activity/dialog.png","aType":"Dialog","translates":[]},{"name":"Family","rUrl":"familyCards","img":"/img/dict/family/family.png","aType":"LetterSelect","translates":[]},{"name":"Food","rUrl":"foodCommonCardsa0","img":"/img/dict/food/food.png","aType":"ListSwipe","translates":[]},{"name":"Hungry?","rUrl":"a0/a0-05-hungry","img":"/img/activity/dialog.png","aType":"Dialog","translates":[]},{"name":"Food","rUrl":"foodCommonCardsa0","img":"/img/dict/food/food.png","aType":"SimpleSelect","translates":[]},{"name":"Food","rUrl":"foodCommonCardsa0","img":"/img/dict/food/food.png","aType":"LetterSelect","translates":[]},{"name":"Food","rUrl":"foodCommonCardsa0","img":"/img/dict/food/food.png","aType":"TFSelect","translates":[]}]},{"name":"Part 3","translates":[{"lang":"ru-RU","name":"Основной курс"}],"activities":[{"name":"Animals","rUrl":"animalsCommona0","img":"/img/dict/animals/adoption.png","aType":"ListSwipe","translates":[]},{"name":"Animal World","rUrl":"a0/a0-06-animal-world","img":"/img/activity/dialog.png","aType":"Dialog","translates":[]},{"name":"Animals","rUrl":"animalsCommona0","img":"/img/dict/animals/adoption.png","aType":"SimpleSelect","translates":[]},{"name":"Animals","rUrl":"animalsCommona0","img":"/img/dict/animals/adoption.png","aType":"MatchSelect","translates":[]},{"name":"Animals","rUrl":"animalsCommona0","img":"/img/dict/animals/adoption.png","aType":"TFSelect","translates":[]},{"name":"Animals","rUrl":"animalsCommona0","img":"/img/dict/animals/adoption.png","aType":"LetterSelect","translates":[]},{"name":"Let\u0027s Talk","rUrl":"a0/a0-07-lets-talk","img":"/img/activity/dialog.png","aType":"Dialog","translates":[]}]},{"name":"Talks","translates":[{"lang":"ru-RU","name":"Бонусные уровни"}],"activities":[{"name":"Colors and Clothes","rUrl":"a0/a0-bonus-01","img":"/img/activity/dialog.png","aType":"Dialog","translates":[],"inProgress":true},{"name":"My Day","rUrl":"a0/a0-bonus-02","img":"/img/activity/bonus.png","aType":"Dialog","translates":[]},{"name":"Let’s Play!","rUrl":"a0/a0-bonus-03","img":"/img/activity/bonus.png","aType":"Dialog","translates":[]},{"name":"Things at Home","rUrl":"a0/a0-bonus-04","img":"/img/activity/bonus.png","aType":"Dialog","translates":[]},{"name":"At the Zoo","rUrl":"a0/a0-bonus-05","img":"/img/activity/bonus.png","aType":"Dialog","translates":[]},{"name":"Fruits and Vegetables","rUrl":"a0/a0-bonus-06","img":"/img/activity/bonus.png","aType":"Dialog","translates":[]},{"name":"Toys and Games","rUrl":"a0/a0-bonus-07","img":"/img/activity/bonus.png","aType":"Dialog","translates":[]},{"name":"In the Classroom","rUrl":"a0/a0-bonus-08","img":"/img/activity/bonus.png","aType":"Dialog","translates":[]},{"name":"Weather and Seasons","rUrl":"a0/a0-bonus-09","img":"/img/activity/bonus.png","aType":"Dialog","translates":[]},{"name":"Feelings and Emotions","rUrl":"a0/a0-bonus-10","img":"/img/activity/bonus.png","aType":"Dialog","translates":[]},{"name":"Shapes and Sizes","rUrl":"a0/a0-bonus-11","img":"/img/activity/bonus.png","aType":"Dialog","translates":[]},{"name":"Transportation","rUrl":"a0/a0-bonus-12","img":"/img/activity/bonus.png","aType":"Dialog","translates":[]},{"name":"Jobs and People","rUrl":"a0/a0-bonus-13","img":"/img/activity/bonus.png","aType":"Dialog","translates":[]},{"name":"Food and Drinks","rUrl":"a0/a0-bonus-14","img":"/img/activity/bonus.png","aType":"Dialog","translates":[]},{"name":"Animals and Sounds","rUrl":"a0/a0-bonus-15","img":"/img/activity/bonus.png","aType":"Dialog","translates":[]},{"name":"My Body","rUrl":"a0/a0-bonus-16","img":"/img/activity/bonus.png","aType":"Dialog","translates":[]},{"name":"Actions and Verbs","rUrl":"a0/a0-bonus-17","img":"/img/activity/bonus.png","aType":"Dialog","translates":[]},{"name":"Birthday Party","rUrl":"a0/a0-bonus-18","img":"/img/activity/bonus.png","aType":"Dialog","translates":[]},{"name":"At the Park","rUrl":"a0/a0-bonus-19","img":"/img/activity/bonus.png","aType":"Dialog","translates":[]},{"name":"Review and Practice","rUrl":"a0/a0-bonus-20","img":"/img/activity/bonus.png","aType":"Dialog","translates":[]}]}]}