﻿{
  "name": "All cards",
  "description": "",
  "version": "2",
  "cats": [
    {
      "name": "Welcome",
      "translates": [
        {
          "lang": "ru-RU",
          "name": "Старт"
        },
        {
          "lang": "vi-VN",
          "name": "Chào mừng"
        },
        {
          "lang": "zh-CN",
          "name": "欢迎"
        },
        {
          "lang": "hi-IN",
          "name": "स्वागत"
        },
        {
          "lang": "th-TH",
          "name": "ยินดีต้อนรับ"
        },
        {
          "lang": "tr-TR",
          "name": "Hoş Geldiniz"
        },
        {
          "lang": "pt-BR",
          "name": "Bem-vindo"
        },
        {
          "lang": "de-DE",
          "name": "Willkommen"
        },
        {
          "lang": "id-ID",
          "name": "Selamat Datang"
        },
        {
          "lang": "fr-FR",
          "name": "Bienvenue"
        }
      ],
      "activities": [
        {
          "name": "Alphabet",
          "aType": "UNIVERSAL",
          "img": "/img/dict/abc/abc.png",
          "rUrl": "abcCards",
          "numAct": 27,
          "translates": [
            {
              "lang": "ru-RU",
              "name": "Алфавит"
            },
            {
              "lang": "vi-VN",
              "name": "Bảng chữ cái"
            },
            {
              "lang": "zh-CN",
              "name": "字母表"
            },
            {
              "lang": "hi-IN",
              "name": "वर्णमाला"
            },
            {
              "lang": "th-TH",
              "name": "ตัวอักษร"
            },
            {
              "lang": "tr-TR",
              "name": "Alfabe"
            },
            {
              "lang": "pt-BR",
              "name": "Alfabeto"
            },
            {
              "lang": "de-DE",
              "name": "Alphabet"
            },
            {
              "lang": "id-ID",
              "name": "Alfabet"
            },
            {
              "lang": "fr-FR",
              "name": "Alphabet"
            }
          ]
        },
        {
          "name": "Numbers 1-10",
          "aType": "UNIVERSAL",
          "img": "/img/dict/numbers/10.png",
          "bgColor": "dodgerblue",
          "numAct": 11,
          "rUrl": "mathNumbers10Cards",
          "translates": [
            {
              "lang": "ru-RU",
              "name": "Числа 1-10"
            },
            {
              "lang": "vi-VN",
              "name": "Số từ 1-10"
            },
            {
              "lang": "zh-CN",
              "name": "数字1-10"
            },
            {
              "lang": "hi-IN",
              "name": "संख्या 1-10"
            },
            {
              "lang": "th-TH",
              "name": "ตัวเลข 1-10"
            },
            {
              "lang": "tr-TR",
              "name": "1-10 Sayılar"
            },
            {
              "lang": "pt-BR",
              "name": "Números 1-10"
            },
            {
              "lang": "de-DE",
              "name": "Zahlen 1-10"
            },
            {
              "lang": "id-ID",
              "name": "Angka 1-10"
            },
            {
              "lang": "fr-FR",
              "name": "Nombres 1-10"
            }
          ]
        },
        {
          "name": "Colors",
          "aType": "UNIVERSAL",
          "img": "/img/activity/palette.png",
          "numAct": 13,
          "rUrl": "colorsCards",
          "translates": [
            {
              "lang": "ru-RU",
              "name": "Цвета"
            },
            {
              "lang": "vi-VN",
              "name": "Màu sắc"
            },
            {
              "lang": "zh-CN",
              "name": "颜色"
            },
            {
              "lang": "hi-IN",
              "name": "रंग"
            },
            {
              "lang": "th-TH",
              "name": "สี"
            },
            {
              "lang": "tr-TR",
              "name": "Renkler"
            },
            {
              "lang": "pt-BR",
              "name": "Cores"
            },
            {
              "lang": "de-DE",
              "name": "Farben"
            },
            {
              "lang": "id-ID",
              "name": "Warna"
            },
            {
              "lang": "fr-FR",
              "name": "Couleurs"
            }
          ]
        },
        {
          "name": "Shapes",
          "aType": "UNIVERSAL",
          "img": "/img/activity/shapes.png",
          "numAct": 20,
          "rUrl": "shapesCards",
          "translates": [
            {
              "lang": "ru-RU",
              "name": "Формы"
            },
            {
              "lang": "vi-VN",
              "name": "Hình dạng"
            },
            {
              "lang": "zh-CN",
              "name": "形状"
            },
            {
              "lang": "hi-IN",
              "name": "आकार"
            },
            {
              "lang": "th-TH",
              "name": "รูปทรง"
            },
            {
              "lang": "tr-TR",
              "name": "Şekiller"
            },
            {
              "lang": "pt-BR",
              "name": "Formas"
            },
            {
              "lang": "de-DE",
              "name": "Formen"
            },
            {
              "lang": "id-ID",
              "name": "Bentuk"
            },
            {
              "lang": "fr-FR",
              "name": "Formes"
            }
          ]
        },
        {
          "name": "Toys",
          "aType": "UNIVERSAL",
          "img": "/img/dict/toys/toys.png",
          "numAct": 14,
          "rUrl": "toysCards",
          "translates": [
            {
              "lang": "ru-RU",
              "name": "Игрушки"
            },
            {
              "lang": "vi-VN",
              "name": "Đồ chơi"
            },
            {
              "lang": "zh-CN",
              "name": "玩具"
            },
            {
              "lang": "hi-IN",
              "name": "खिलौने"
            },
            {
              "lang": "th-TH",
              "name": "ของเล่น"
            },
            {
              "lang": "tr-TR",
              "name": "Oyuncaklar"
            },
            {
              "lang": "pt-BR",
              "name": "Brinquedos"
            },
            {
              "lang": "de-DE",
              "name": "Spielzeuge"
            },
            {
              "lang": "id-ID",
              "name": "Mainan"
            },
            {
              "lang": "fr-FR",
              "name": "Jouets"
            }
          ]
        },
        {
          "name": "Family",
          "aType": "UNIVERSAL",
          "img": "/img/dict/family/family.png",
          "numAct": 11,
          "rUrl": "familyCards",
          "translates": [
            {
              "lang": "ru-RU",
              "name": "Семья"
            },
            {
              "lang": "vi-VN",
              "name": "Gia đình"
            },
            {
              "lang": "zh-CN",
              "name": "家庭"
            },
            {
              "lang": "hi-IN",
              "name": "परिवार"
            },
            {
              "lang": "th-TH",
              "name": "ครอบครัว"
            },
            {
              "lang": "tr-TR",
              "name": "Aile"
            },
            {
              "lang": "pt-BR",
              "name": "Família"
            },
            {
              "lang": "de-DE",
              "name": "Familie"
            },
            {
              "lang": "id-ID",
              "name": "Keluarga"
            },
            {
              "lang": "fr-FR",
              "name": "Famille"
            }
          ]
        },
        {
          "name": "Head",
          "aType": "UNIVERSAL",
          "img": "/img/dict/body/head.png",
          "numAct": 15,
          "rUrl": "headCards",
          "translates": [
            {
              "lang": "ru-RU",
              "name": "Голова"
            },
            {
              "lang": "vi-VN",
              "name": "Đầu"
            },
            {
              "lang": "zh-CN",
              "name": "头部"
            },
            {
              "lang": "hi-IN",
              "name": "सिर"
            },
            {
              "lang": "th-TH",
              "name": "หัว"
            },
            {
              "lang": "tr-TR",
              "name": "Baş"
            },
            {
              "lang": "pt-BR",
              "name": "Cabeça"
            },
            {
              "lang": "de-DE",
              "name": "Kopf"
            },
            {
              "lang": "id-ID",
              "name": "Kepala"
            },
            {
              "lang": "fr-FR",
              "name": "Tête"
            }
          ]
        },
        {
          "name": "Body",
          "numAct": 15,
          "aType": "UNIVERSAL",
          "img": "/img/dict/body/body.png",
          "rUrl": "bodyCards",
          "translates": [
            {
              "lang": "ru-RU",
              "name": "Тело"
            },
            {
              "lang": "vi-VN",
              "name": "Cơ thể"
            },
            {
              "lang": "zh-CN",
              "name": "身体"
            },
            {
              "lang": "hi-IN",
              "name": "शरीर"
            },
            {
              "lang": "th-TH",
              "name": "ร่างกาย"
            },
            {
              "lang": "tr-TR",
              "name": "Vücut"
            },
            {
              "lang": "pt-BR",
              "name": "Corpo"
            },
            {
              "lang": "de-DE",
              "name": "Körper"
            },
            {
              "lang": "id-ID",
              "name": "Tubuh"
            },
            {
              "lang": "fr-FR",
              "name": "Corps"
            }
          ]
        },
        {
          "name": "My body",
          "aType": "Explore",
          "img": "/img/activity/body_parts.png",
          "rUrl": "bodyExplore",
          "translates": [
            {
              "lang": "ru-RU",
              "name": "Моё тело"
            },
            {
              "lang": "vi-VN",
              "name": "Cơ thể của tôi"
            },
            {
              "lang": "zh-CN",
              "name": "我的身体"
            },
            {
              "lang": "hi-IN",
              "name": "मेरा शरीर"
            },
            {
              "lang": "th-TH",
              "name": "ร่างกายของฉัน"
            },
            {
              "lang": "tr-TR",
              "name": "Vücudum"
            },
            {
              "lang": "pt-BR",
              "name": "Meu corpo"
            },
            {
              "lang": "de-DE",
              "name": "Mein Körper"
            },
            {
              "lang": "id-ID",
              "name": "Tubuhku"
            },
            {
              "lang": "fr-FR",
              "name": "Mon corps"
            }
          ]
        }
      ]
    },
    {
      "name": "Playground",
      "translates": [
        {
          "lang": "ru-RU",
          "name": "Игровая площадка"
        },
        {
          "lang": "vi-VN",
          "name": "Sân chơi"
        },
        {
          "lang": "zh-CN",
          "name": "游乐场"
        },
        {
          "lang": "hi-IN",
          "name": "खेल का मैदान"
        },
        {
          "lang": "th-TH",
          "name": "สนามเด็กเล่น"
        },
        {
          "lang": "tr-TR",
          "name": "Oyun Alanı"
        },
        {
          "lang": "pt-BR",
          "name": "Playground"
        },
        {
          "lang": "de-DE",
          "name": "Spielplatz"
        },
        {
          "lang": "id-ID",
          "name": "Taman Bermain"
        },
        {
          "lang": "fr-FR",
          "name": "Aire de jeux"
        }
      ],
      "activities": []
    },
    {
      "name": "My House",
      "translates": [
        {
          "lang": "ru-RU",
          "name": "Мой дом"
        },
        {
          "lang": "vi-VN",
          "name": "Nhà của tôi"
        },
        {
          "lang": "zh-CN",
          "name": "我的家"
        },
        {
          "lang": "hi-IN",
          "name": "मेरा घर"
        },
        {
          "lang": "th-TH",
          "name": "บ้านของฉัน"
        },
        {
          "lang": "tr-TR",
          "name": "Evim"
        },
        {
          "lang": "pt-BR",
          "name": "Minha Casa"
        },
        {
          "lang": "de-DE",
          "name": "Mein Haus"
        },
        {
          "lang": "id-ID",
          "name": "Rumahku"
        },
        {
          "lang": "fr-FR",
          "name": "Ma maison"
        }
      ],
      "activities": [
        {
          "name": "House",
          "aType": "UNIVERSAL",
          "img": "/img/dict/home/house.png",
          "numAct": 19,
          "rUrl": "homeCommon",
          "translates": [
            {
              "lang": "ru-RU",
              "name": "Дом"
            },
            {
              "lang": "vi-VN",
              "name": "Nhà"
            },
            {
              "lang": "zh-CN",
              "name": "房屋"
            },
            {
              "lang": "hi-IN",
              "name": "घर"
            },
            {
              "lang": "th-TH",
              "name": "บ้าน"
            },
            {
              "lang": "tr-TR",
              "name": "Ev"
            },
            {
              "lang": "pt-BR",
              "name": "Casa"
            },
            {
              "lang": "de-DE",
              "name": "Haus"
            },
            {
              "lang": "id-ID",
              "name": "Rumah"
            },
            {
              "lang": "fr-FR",
              "name": "Maison"
            }
          ]
        },
        {
          "name": "Rooms",
          "aType": "UNIVERSAL",
          "numAct": 26,
          "img": "/img/dict/home/rooms.png",
          "rUrl": "homeRooms",
          "translates": [
            {
              "lang": "ru-RU",
              "name": "Комнаты"
            },
            {
              "lang": "vi-VN",
              "name": "Các phòng"
            },
            {
              "lang": "zh-CN",
              "name": "房间"
            },
            {
              "lang": "hi-IN",
              "name": "कमरे"
            },
            {
              "lang": "th-TH",
              "name": "ห้องต่างๆ"
            },
            {
              "lang": "tr-TR",
              "name": "Odalar"
            },
            {
              "lang": "pt-BR",
              "name": "Cômodos"
            },
            {
              "lang": "de-DE",
              "name": "Räume"
            },
            {
              "lang": "id-ID",
              "name": "Ruang"
            },
            {
              "lang": "fr-FR",
              "name": "Pièces"
            }
          ]
        },
        {
          "name": "Kitchen",
          "aType": "UNIVERSAL",
          "numAct": 103,
          "img": "/img/dict/home/kitchen.png",
          "rUrl": "homeKitchen",
          "translates": [
            {
              "lang": "ru-RU",
              "name": "Кухня"
            },
            {
              "lang": "vi-VN",
              "name": "Nhà bếp"
            },
            {
              "lang": "zh-CN",
              "name": "厨房"
            },
            {
              "lang": "hi-IN",
              "name": "रसोई"
            },
            {
              "lang": "th-TH",
              "name": "ครัว"
            },
            {
              "lang": "tr-TR",
              "name": "Mutfak"
            },
            {
              "lang": "pt-BR",
              "name": "Cozinha"
            },
            {
              "lang": "de-DE",
              "name": "Küche"
            },
            {
              "lang": "id-ID",
              "name": "Dapur"
            },
            {
              "lang": "fr-FR",
              "name": "Cuisine"
            }
          ]
        },
        {
          "name": "Bedroom",
          "numAct": 41,
          "aType": "UNIVERSAL",
          "img": "/img/dict/home/bedroom.png",
          "rUrl": "homeBedroom",
          "translates": [
            {
              "lang": "ru-RU",
              "name": "Спальня"
            },
            {
              "lang": "vi-VN",
              "name": "Phòng ngủ"
            },
            {
              "lang": "zh-CN",
              "name": "卧室"
            },
            {
              "lang": "hi-IN",
              "name": "शयनकक्ष"
            },
            {
              "lang": "th-TH",
              "name": "ห้องนอน"
            },
            {
              "lang": "tr-TR",
              "name": "Yatak Odası"
            },
            {
              "lang": "pt-BR",
              "name": "Quarto"
            },
            {
              "lang": "de-DE",
              "name": "Schlafzimmer"
            },
            {
              "lang": "id-ID",
              "name": "Kamar Tidur"
            },
            {
              "lang": "fr-FR",
              "name": "Chambre"
            }
          ]
        },
        {
          "name": "Bathroom",
          "numAct": 92,
          "aType": "UNIVERSAL",
          "img": "/img/dict/home/bathroom.png",
          "rUrl": "homeBath",
          "translates": [
            {
              "lang": "ru-RU",
              "name": "Ванная"
            },
            {
              "lang": "vi-VN",
              "name": "Phòng tắm"
            },
            {
              "lang": "zh-CN",
              "name": "浴室"
            },
            {
              "lang": "hi-IN",
              "name": "स्नानघर"
            },
            {
              "lang": "th-TH",
              "name": "ห้องน้ำ"
            },
            {
              "lang": "tr-TR",
              "name": "Banyo"
            },
            {
              "lang": "pt-BR",
              "name": "Banheiro"
            },
            {
              "lang": "de-DE",
              "name": "Badezimmer"
            },
            {
              "lang": "id-ID",
              "name": "Kamar Mandi"
            },
            {
              "lang": "fr-FR",
              "name": "Salle de bain"
            }
          ]
        },
        {
          "name": "Living room",
          "numAct": 51,
          "aType": "UNIVERSAL",
          "img": "/img/dict/home/living_room.png",
          "rUrl": "homeLiving",
          "translates": [
            {
              "lang": "ru-RU",
              "name": "Гостиная"
            },
            {
              "lang": "vi-VN",
              "name": "Phòng khách"
            },
            {
              "lang": "zh-CN",
              "name": "客厅"
            },
            {
              "lang": "hi-IN",
              "name": "बैठक कक्ष"
            },
            {
              "lang": "th-TH",
              "name": "ห้องนั่งเล่น"
            },
            {
              "lang": "tr-TR",
              "name": "Oturma Odası"
            },
            {
              "lang": "pt-BR",
              "name": "Sala de Estar"
            },
            {
              "lang": "de-DE",
              "name": "Wohnzimmer"
            },
            {
              "lang": "id-ID",
              "name": "Ruang Tamu"
            },
            {
              "lang": "fr-FR",
              "name": "Salon"
            }
          ]
        },
        {
          "name": "Dinning room",
          "numAct": 49,
          "aType": "UNIVERSAL",
          "img": "/img/dict/home/dining_room.png",
          "rUrl": "homeDinning",
          "translates": [
            {
              "lang": "ru-RU",
              "name": "Столовая"
            },
            {
              "lang": "vi-VN",
              "name": "Phòng ăn"
            },
            {
              "lang": "zh-CN",
              "name": "餐厅"
            },
            {
              "lang": "hi-IN",
              "name": "भोजन कक्ष"
            },
            {
              "lang": "th-TH",
              "name": "ห้องอาหาร"
            },
            {
              "lang": "tr-TR",
              "name": "Yemek Odası"
            },
            {
              "lang": "pt-BR",
              "name": "Sala de Jantar"
            },
            {
              "lang": "de-DE",
              "name": "Esszimmer"
            },
            {
              "lang": "id-ID",
              "name": "Ruang Makan"
            },
            {
              "lang": "fr-FR",
              "name": "Salle à manger"
            }
          ]
        },
        {
          "name": "Nursery",           
          "numAct": 40,
          "aType": "UNIVERSAL",
          "img": "/img/dict/home/nursery.png",
          "rUrl": "homeNursery",
          "translates": [
            {
              "lang": "ru-RU",
              "name": "Детская"
            },
            {
              "lang": "vi-VN",
              "name": "Phòng trẻ em"
            },
            {
              "lang": "zh-CN",
              "name": "育儿室"
            },
            {
              "lang": "hi-IN",
              "name": "शिशु कक्ष"
            },
            {
              "lang": "th-TH",
              "name": "ห้องเด็ก"
            },
            {
              "lang": "tr-TR",
              "name": "Çocuk Odası"
            },
            {
              "lang": "pt-BR",
              "name": "Quarto de Bebê"
            },
            {
              "lang": "de-DE",
              "name": "Kinderzimmer"
            },
            {
              "lang": "id-ID",
              "name": "Kamar Bayi"
            },
            {
              "lang": "fr-FR",
              "name": "Chambre d'enfant"
            }
          ]
        },
        {
          "name": "Workshop",
          "fordev": true,
          "numAct": 0,
          "aType": "UNIVERSAL",
          "img": "/img/dict/home/workshop.png",
          "rUrl": "no",
          "translates": [
            {
              "lang": "ru-RU",
              "name": "Мастерская"
            },
            {
              "lang": "vi-VN",
              "name": "Xưởng"
            },
            {
              "lang": "zh-CN",
              "name": "车间"
            },
            {
              "lang": "hi-IN",
              "name": "कार्यशाला"
            },
            {
              "lang": "th-TH",
              "name": "เวิร์กช็อป"
            },
            {
              "lang": "tr-TR",
              "name": "Atölye"
            },
            {
              "lang": "pt-BR",
              "name": "Oficina"
            },
            {
              "lang": "de-DE",
              "name": "Werkstatt"
            },
            {
              "lang": "id-ID",
              "name": "Bengkel"
            },
            {
              "lang": "fr-FR",
              "name": "Atelier"
            }
          ]
        },
        {
          "name": "Garden",
          "fordev": true,
          "numAct": 0,
          "aType": "UNIVERSAL",
          "img": "/img/dict/home/backyard.png",
          "rUrl": "no",
          "translates": [
            {
              "lang": "ru-RU",
              "name": "Сад"
            },
            {
              "lang": "vi-VN",
              "name": "Vườn"
            },
            {
              "lang": "zh-CN",
              "name": "花园"
            },
            {
              "lang": "hi-IN",
              "name": "बगीचा"
            },
            {
              "lang": "th-TH",
              "name": "สวน"
            },
            {
              "lang": "tr-TR",
              "name": "Bahçe"
            },
            {
              "lang": "pt-BR",
              "name": "Jardim"
            },
            {
              "lang": "de-DE",
              "name": "Garten"
            },
            {
              "lang": "id-ID",
              "name": "Taman"
            },
            {
              "lang": "fr-FR",
              "name": "Jardin"
            }
          ]
        },
        {
          "name": "Devices",
          "fordev": true,
          "numAct": 0,
          "aType": "UNIVERSAL",
          "img": "/img/dict/home/devices.png",
          "rUrl": "homeDevices",
          "translates": [
            {
              "lang": "ru-RU",
              "name": "Устройства"
            },
            {
              "lang": "vi-VN",
              "name": "Thiết bị"
            },
            {
              "lang": "zh-CN",
              "name": "设备"
            },
            {
              "lang": "hi-IN",
              "name": "उपकरण"
            },
            {
              "lang": "th-TH",
              "name": "อุปกรณ์"
            },
            {
              "lang": "tr-TR",
              "name": "Cihazlar"
            },
            {
              "lang": "pt-BR",
              "name": "Dispositivos"
            },
            {
              "lang": "de-DE",
              "name": "Geräte"
            },
            {
              "lang": "id-ID",
              "name": "Perangkat"
            },
            {
              "lang": "fr-FR",
              "name": "Appareils"
            }
          ]
        },
        {
          "name": "Chores",
          "fordev": true,
          "numAct": 0,
          "aType": "UNIVERSAL",
          "img": "/img/dict/home/chores.png",
          "rUrl": "homeChores",
          "translates": [
            {
              "lang": "ru-RU",
              "name": "Домашние дела"
            },
            {
              "lang": "vi-VN",
              "name": "Việc nhà"
            },
            {
              "lang": "zh-CN",
              "name": "家务"
            },
            {
              "lang": "hi-IN",
              "name": "घरेलू काम"
            },
            {
              "lang": "th-TH",
              "name": "งานบ้าน"
            },
            {
              "lang": "tr-TR",
              "name": "Ev İşleri"
            },
            {
              "lang": "pt-BR",
              "name": "Tarefas Domésticas"
            },
            {
              "lang": "de-DE",
              "name": "Hausarbeiten"
            },
            {
              "lang": "id-ID",
              "name": "Pekerjaan Rumah"
            },
            {
              "lang": "fr-FR",
              "name": "Tâches ménagères"
            }
          ]
        }
      ]
    },
    {
      "name": "Learning",
      "translates": [
        {
          "lang": "ru-RU",
          "name": "Обучение"
        },
        {
          "lang": "vi-VN",
          "name": "Học tập"
        },
        {
          "lang": "zh-CN",
          "name": "学习"
        },
        {
          "lang": "hi-IN",
          "name": "सीखना"
        },
        {
          "lang": "th-TH",
          "name": "การเรียนรู้"
        },
        {
          "lang": "tr-TR",
          "name": "Öğrenme"
        },
        {
          "lang": "pt-BR",
          "name": "Aprendizado"
        },
        {
          "lang": "de-DE",
          "name": "Lernen"
        },
        {
          "lang": "id-ID",
          "name": "Pembelajaran"
        },
        {
          "lang": "fr-FR",
          "name": "Apprentissage"
        }
      ],
      "activities": [
        {
          "name": "CLASS",
          "aType": "UNIVERSAL",
          "numAct": 34,
          "img": "/img/dict/classroom/classroom.png",
          "rUrl": "classCards",
          "translates": [
            {
              "lang": "ru-RU",
              "name": "Класс"
            },
            {
              "lang": "vi-VN",
              "name": "Lớp học"
            },
            {
              "lang": "zh-CN",
              "name": "教室"
            },
            {
              "lang": "hi-IN",
              "name": "कक्षा"
            },
            {
              "lang": "th-TH",
              "name": "ห้องเรียน"
            },
            {
              "lang": "tr-TR",
              "name": "Sınıf"
            },
            {
              "lang": "pt-BR",
              "name": "Sala de Aula"
            },
            {
              "lang": "de-DE",
              "name": "Klassenzimmer"
            },
            {
              "lang": "id-ID",
              "name": "Kelas"
            },
            {
              "lang": "fr-FR",
              "name": "Classe"
            }
          ]
        },
        {
          "name": "stationery",
          "aType": "UNIVERSAL",
          "numAct": 30,
          "img": "/img/dict/classroom/stationery.png",
          "rUrl": "classStationeryCards",
          "translates": [
            {
              "lang": "ru-RU",
              "name": "Канцтовары"
            },
            {
              "lang": "vi-VN",
              "name": "Văn phòng phẩm"
            },
            {
              "lang": "zh-CN",
              "name": "文具"
            },
            {
              "lang": "hi-IN",
              "name": "लेखन सामग्री"
            },
            {
              "lang": "th-TH",
              "name": "เครื่องเขียน"
            },
            {
              "lang": "tr-TR",
              "name": "Kırtasiye"
            },
            {
              "lang": "pt-BR",
              "name": "Material Escolar"
            },
            {
              "lang": "de-DE",
              "name": "Schreibwaren"
            },
            {
              "lang": "id-ID",
              "name": "Alat Tulis"
            },
            {
              "lang": "fr-FR",
              "name": "Fournitures de bureau"
            }
          ]
        },
        {
          "name": "Base phrases",
          "aType": "LetterSelect",
          "numAct": 30,
          "img": "/img/dict/classroom/at_school.jpg",
          "rUrl": "classBasePhrases",
          "translates": [
            {
              "lang": "ru-RU",
              "name": "Основные фразы"
            },
            {
              "lang": "vi-VN",
              "name": "Cụm từ cơ bản"
            },
            {
              "lang": "zh-CN",
              "name": "基本短语"
            },
            {
              "lang": "hi-IN",
              "name": "मूल वाक्यांश"
            },
            {
              "lang": "th-TH",
              "name": "วลีพื้นฐาน"
            },
            {
              "lang": "tr-TR",
              "name": "Temel İfadeler"
            },
            {
              "lang": "pt-BR",
              "name": "Frases Básicas"
            },
            {
              "lang": "de-DE",
              "name": "Grundlegende Phrasen"
            },
            {
              "lang": "id-ID",
              "name": "Frasa Dasar"
            },
            {
              "lang": "fr-FR",
              "name": "Phrases de base"
            }
          ]
        },
        {
          "name": "Greetings",
          "aType": "Story",
          "img": "/img/story/hi.jpg",
          "fordev": true,
          "rUrl": "hello",
          "bgColor": "white",
          "translates": [
            {
              "lang": "ru-RU",
              "name": "Приветствия"
            },
            {
              "lang": "vi-VN",
              "name": "Lời chào"
            },
            {
              "lang": "zh-CN",
              "name": "问候语"
            },
            {
              "lang": "hi-IN",
              "name": "अभिवादन"
            },
            {
              "lang": "th-TH",
              "name": "การทักทาย"
            },
            {
              "lang": "tr-TR",
              "name": "Selamlaşmalar"
            },
            {
              "lang": "pt-BR",
              "name": "Saudações"
            },
            {
              "lang": "de-DE",
              "name": "Begrüßungen"
            },
            {
              "lang": "id-ID",
              "name": "Sapaan"
            },
            {
              "lang": "fr-FR",
              "name": "Salutations"
            }
          ]
        },
        {
          "name": "Greetings",
          "aType": "Dialog",
          "fordev": true,
          "img": "/img/story/hi.jpg",
          "rUrl": "hello",
          "bgColor": "white",
          "translates": [
            {
              "lang": "ru-RU",
              "name": "Приветствия"
            },
            {
              "lang": "vi-VN",
              "name": "Lời chào"
            },
            {
              "lang": "zh-CN",
              "name": "问候语"
            },
            {
              "lang": "hi-IN",
              "name": "अभिवादन"
            },
            {
              "lang": "th-TH",
              "name": "การทักทาย"
            },
            {
              "lang": "tr-TR",
              "name": "Selamlaşmalar"
            },
            {
              "lang": "pt-BR",
              "name": "Saudações"
            },
            {
              "lang": "de-DE",
              "name": "Begrüßungen"
            },
            {
              "lang": "id-ID",
              "name": "Sapaan"
            },
            {
              "lang": "fr-FR",
              "name": "Salutations"
            }
          ]
        }
      ]
    },
    {
      "name": "Animals",
      "translates": [
        {
          "lang": "ru-RU",
          "name": "Животные"
        },
        {
          "lang": "vi-VN",
          "name": "Động vật"
        },
        {
          "lang": "zh-CN",
          "name": "动物"
        },
        {
          "lang": "hi-IN",
          "name": "जानवर"
        },
        {
          "lang": "th-TH",
          "name": "สัตว์"
        },
        {
          "lang": "tr-TR",
          "name": "Hayvanlar"
        },
        {
          "lang": "pt-BR",
          "name": "Animais"
        },
        {
          "lang": "de-DE",
          "name": "Tiere"
        },
        {
          "lang": "id-ID",
          "name": "Hewan"
        },
        {
          "lang": "fr-FR",
          "name": "Animaux"
        }
      ],
      "activities": [
        {
          "name": "farm",
          "aType": "UNIVERSAL",
          "img": "/img/dict/animals/rooster.png",
          "bgColor": "dodgerblue",
          "numAct": 20,
          "rUrl": "animalsFarmCards",
          "translates": [
            {
              "lang": "ru-RU",
              "name": "Ферма"
            },
            {
              "lang": "vi-VN",
              "name": "Nông trại"
            },
            {
              "lang": "zh-CN",
              "name": "农场"
            },
            {
              "lang": "hi-IN",
              "name": "खेत"
            },
            {
              "lang": "th-TH",
              "name": "ฟาร์ม"
            },
            {
              "lang": "tr-TR",
              "name": "Çiftlik"
            },
            {
              "lang": "pt-BR",
              "name": "Fazenda"
            },
            {
              "lang": "de-DE",
              "name": "Bauernhof"
            },
            {
              "lang": "id-ID",
              "name": "Peternakan"
            },
            {
              "lang": "fr-FR",
              "name": "Ferme"
            }
          ]
        },
        {
          "name": "PET",
          "aType": "UNIVERSAL",
          "img": "/img/dict/animals/dog.png",
          "bgColor": "dodgerblue",
          "numAct": 25,
          "rUrl": "animalsPetCards",
          "translates": [
            {
              "lang": "ru-RU",
              "name": "Домашние животные"
            },
            {
              "lang": "vi-VN",
              "name": "Vật nuôi"
            },
            {
              "lang": "zh-CN",
              "name": "宠物"
            },
            {
              "lang": "hi-IN",
              "name": "पालतू जानवर"
            },
            {
              "lang": "th-TH",
              "name": "สัตว์เลี้ยง"
            },
            {
              "lang": "tr-TR",
              "name": "Evcil Hayvanlar"
            },
            {
              "lang": "pt-BR",
              "name": "Animais de Estimação"
            },
            {
              "lang": "de-DE",
              "name": "Haustiere"
            },
            {
              "lang": "id-ID",
              "name": "Hewan Peliharaan"
            },
            {
              "lang": "fr-FR",
              "name": "Animaux domestiques"
            }
          ]
        },
        {
          "name": "WILD",
          "aType": "UNIVERSAL",
          "img": "/img/dict/animals/tiger.png",
          "bgColor": "dodgerblue",
          "numAct": 51,
          "rUrl": "animalsWildCards",
          "translates": [
            {
              "lang": "ru-RU",
              "name": "Дикие животные"
            },
            {
              "lang": "vi-VN",
              "name": "Động vật hoang dã"
            },
            {
              "lang": "zh-CN",
              "name": "野生动物"
            },
            {
              "lang": "hi-IN",
              "name": "जंगली जानवर"
            },
            {
              "lang": "th-TH",
              "name": "สัตว์ป่า"
            },
            {
              "lang": "tr-TR",
              "name": "Vahşi Hayvanlar"
            },
            {
              "lang": "pt-BR",
              "name": "Animais Selvagens"
            },
            {
              "lang": "de-DE",
              "name": "Wildtiere"
            },
            {
              "lang": "id-ID",
              "name": "Hewan Liar"
            },
            {
              "lang": "fr-FR",
              "name": "Animaux sauvages"
            }
          ]
        },
        {
          "name": "SEA",
          "aType": "UNIVERSAL",
          "img": "/img/dict/animals/crab.png",
          "bgColor": "dodgerblue",
          "rUrl": "animalsSeaCards",
          "numAct": 20,
          "tasks": 0,
          "translates": [
            {
              "lang": "ru-RU",
              "name": "Морские животные"
            },
            {
              "lang": "vi-VN",
              "name": "Động vật biển"
            },
            {
              "lang": "zh-CN",
              "name": "海洋动物"
            },
            {
              "lang": "hi-IN",
              "name": "समुद्री जानवर"
            },
            {
              "lang": "th-TH",
              "name": "สัตว์ทะเล"
            },
            {
              "lang": "tr-TR",
              "name": "Deniz Hayvanları"
            },
            {
              "lang": "pt-BR",
              "name": "Animais Marinhos"
            },
            {
              "lang": "de-DE",
              "name": "Meerestiere"
            },
            {
              "lang": "id-ID",
              "name": "Hewan Laut"
            },
            {
              "lang": "fr-FR",
              "name": "Animaux marins"
            }
          ]
        },
        {
          "name": "Birds",
          "aType": "UNIVERSAL",
          "img": "/img/dict/animals/bullfinch.png",
          "bgColor": "dodgerblue",
          "rUrl": "animalsBirdsCards",
          "numAct": 33,
          "tasks": 33,
          "translates": [
            {
              "lang": "ru-RU",
              "name": "Птицы"
            },
            {
              "lang": "vi-VN",
              "name": "Chim"
            },
            {
              "lang": "zh-CN",
              "name": "鸟类"
            },
            {
              "lang": "hi-IN",
              "name": "पक्षी"
            },
            {
              "lang": "th-TH",
              "name": "นก"
            },
            {
              "lang": "tr-TR",
              "name": "Kuşlar"
            },
            {
              "lang": "pt-BR",
              "name": "Pássaros"
            },
            {
              "lang": "de-DE",
              "name": "Vögel"
            },
            {
              "lang": "id-ID",
              "name": "Burung"
            },
            {
              "lang": "fr-FR",
              "name": "Oiseaux"
            }
          ]
        },
        {
          "name": "Insects",
          "aType": "UNIVERSAL",
          "img": "/img/dict/animals/scarab.png",
          "bgColor": "dodgerblue",
          "rUrl": "animalsInsectsCards",
          "numAct": 31,
          "tasks": 31,
          "translates": [
            {
              "lang": "ru-RU",
              "name": "Насекомые"
            },
            {
              "lang": "vi-VN",
              "name": "Côn trùng"
            },
            {
              "lang": "zh-CN",
              "name": "昆虫"
            },
            {
              "lang": "hi-IN",
              "name": "कीड़े"
            },
            {
              "lang": "th-TH",
              "name": "แมลง"
            },
            {
              "lang": "tr-TR",
              "name": "Böcekler"
            },
            {
              "lang": "pt-BR",
              "name": "Insetos"
            },
            {
              "lang": "de-DE",
              "name": "Insekten"
            },
            {
              "lang": "id-ID",
              "name": "Serangga"
            },
            {
              "lang": "fr-FR",
              "name": "Insectes"
            }
          ]
        },
        {
          "name": "Reptiles",
          "aType": "UNIVERSAL",
          "img": "/img/dict/animals/gecko.png",
          "bgColor": "dodgerblue",
          "rUrl": "animalsReptilesCards",
          "tasks": 14,
          "numAct": 14,
          "translates": [
            {
              "lang": "ru-RU",
              "name": "Рептилии"
            },
            {
              "lang": "vi-VN",
              "name": "Bò sát"
            },
            {
              "lang": "zh-CN",
              "name": "爬行动物"
            },
            {
              "lang": "hi-IN",
              "name": "सरीसृप"
            },
            {
              "lang": "th-TH",
              "name": "สัตว์เลื้อยคลาน"
            },
            {
              "lang": "tr-TR",
              "name": "Sürüngenler"
            },
            {
              "lang": "pt-BR",
              "name": "Répteis"
            },
            {
              "lang": "de-DE",
              "name": "Reptilien"
            },
            {
              "lang": "id-ID",
              "name": "Reptil"
            },
            {
              "lang": "fr-FR",
              "name": "Reptiles"
            }
          ]
        }
      ]
    },
    {
      "name": "Food",
      "translates": [
        {
          "lang": "ru-RU",
          "name": "Еда"
        },
        {
          "lang": "vi-VN",
          "name": "Thức ăn"
        },
        {
          "lang": "zh-CN",
          "name": "食物"
        },
        {
          "lang": "hi-IN",
          "name": "भोजन"
        },
        {
          "lang": "th-TH",
          "name": "อาหาร"
        },
        {
          "lang": "tr-TR",
          "name": "Yiyecek"
        },
        {
          "lang": "pt-BR",
          "name": "Comida"
        },
        {
          "lang": "de-DE",
          "name": "Essen"
        },
        {
          "lang": "id-ID",
          "name": "Makanan"
        },
        {
          "lang": "fr-FR",
          "name": "Nourriture"
        }
      ],
      "activities": [
        {
          "name": "FOOD",
          "aType": "UNIVERSAL",
          "img": "/img/dict/food/dish.png",
          "bgColor": "#e6fff2",
          "numAct": 45,
          "rUrl": "foodCommonCards",
          "translates": [
            {
              "lang": "ru-RU",
              "name": "Еда"
            },
            {
              "lang": "vi-VN",
              "name": "Thức ăn"
            },
            {
              "lang": "zh-CN",
              "name": "食物"
            },
            {
              "lang": "hi-IN",
              "name": "भोजन"
            },
            {
              "lang": "th-TH",
              "name": "อาหาร"
            },
            {
              "lang": "tr-TR",
              "name": "Yiyecek"
            },
            {
              "lang": "pt-BR",
              "name": "Comida"
            },
            {
              "lang": "de-DE",
              "name": "Essen"
            },
            {
              "lang": "id-ID",
              "name": "Makanan"
            },
            {
              "lang": "fr-FR",
              "name": "Nourriture"
            }
          ]
        },
        {
          "name": "DRINKS",
          "aType": "UNIVERSAL",
          "img": "/img/dict/food/drinks.png",
          "bgColor": "#e6fff2",
          "numAct": 15,
          "rUrl": "foodDrinksCards",
          "translates": [
            {
              "lang": "ru-RU",
              "name": "Напитки"
            },
            {
              "lang": "vi-VN",
              "name": "Đồ uống"
            },
            {
              "lang": "zh-CN",
              "name": "饮料"
            },
            {
              "lang": "hi-IN",
              "name": "पेय"
            },
            {
              "lang": "th-TH",
              "name": "เครื่องดื่ม"
            },
            {
              "lang": "tr-TR",
              "name": "İçecekler"
            },
            {
              "lang": "pt-BR",
              "name": "Bebidas"
            },
            {
              "lang": "de-DE",
              "name": "Getränke"
            },
            {
              "lang": "id-ID",
              "name": "Minuman"
            },
            {
              "lang": "fr-FR",
              "name": "Boissons"
            }
          ]
        },
        {
          "name": "sweets",
          "aType": "UNIVERSAL",
          "img": "/img/dict/food/sweets.png",
          "bgColor": "#e6fff2",
          "numAct": 20,
          "rUrl": "foodSweetsCards",
          "translates": [
            {
              "lang": "ru-RU",
              "name": "Сладости"
            },
            {
              "lang": "vi-VN",
              "name": "Đồ ngọt"
            },
            {
              "lang": "zh-CN",
              "name": "甜食"
            },
            {
              "lang": "hi-IN",
              "name": "मिठाई"
            },
            {
              "lang": "th-TH",
              "name": "ของหวาน"
            },
            {
              "lang": "tr-TR",
              "name": "Tatlılar"
            },
            {
              "lang": "pt-BR",
              "name": "Doces"
            },
            {
              "lang": "de-DE",
              "name": "Süßigkeiten"
            },
            {
              "lang": "id-ID",
              "name": "Permen"
            },
            {
              "lang": "fr-FR",
              "name": "Bonbons"
            }
          ]
        },
        {
          "name": "nuts",
          "aType": "UNIVERSAL",
          "img": "/img/dict/food/nuts.png",
          "bgColor": "#e6fff2",
          "numAct": 10,
          "rUrl": "foodNutCards",
          "translates": [
            {
              "lang": "ru-RU",
              "name": "Орехи"
            },
            {
              "lang": "vi-VN",
              "name": "Hạt"
            },
            {
              "lang": "zh-CN",
              "name": "坚果"
            },
            {
              "lang": "hi-IN",
              "name": "मेवे"
            },
            {
              "lang": "th-TH",
              "name": "ถั่ว"
            },
            {
              "lang": "tr-TR",
              "name": "Kuruyemişler"
            },
            {
              "lang": "pt-BR",
              "name": "Nozes"
            },
            {
              "lang": "de-DE",
              "name": "Nüsse"
            },
            {
              "lang": "id-ID",
              "name": "Kacang"
            },
            {
              "lang": "fr-FR",
              "name": "Noix"
            }
          ]
        },
        {
          "name": "vegetables",
          "aType": "UNIVERSAL",
          "img": "/img/dict/food/vegetables.png",
          "bgColor": "#e6fff2",
          "numAct": 27,
          "rUrl": "foodVegetablesCards",
          "translates": [
            {
              "lang": "ru-RU",
              "name": "Овощи"
            },
            {
              "lang": "vi-VN",
              "name": "Rau củ"
            },
            {
              "lang": "zh-CN",
              "name": "蔬菜"
            },
            {
              "lang": "hi-IN",
              "name": "सब्जियां"
            },
            {
              "lang": "th-TH",
              "name": "ผัก"
            },
            {
              "lang": "tr-TR",
              "name": "Sebzeler"
            },
            {
              "lang": "pt-BR",
              "name": "Vegetais"
            },
            {
              "lang": "de-DE",
              "name": "Gemüse"
            },
            {
              "lang": "id-ID",
              "name": "Sayuran"
            },
            {
              "lang": "fr-FR",
              "name": "Légumes"
            }
          ]
        },
        {
          "name": "fruit",
          "aType": "UNIVERSAL",
          "img": "/img/dict/food/fruit.png",
          "bgColor": "#e6fff2",
          "numAct": 36,
          "rUrl": "foodFruitCards",
          "translates": [
            {
              "lang": "ru-RU",
              "name": "Фрукты"
            },
            {
              "lang": "vi-VN",
              "name": "Trái cây"
            },
            {
              "lang": "zh-CN",
              "name": "水果"
            },
            {
              "lang": "hi-IN",
              "name": "फल"
            },
            {
              "lang": "th-TH",
              "name": "ผลไม้"
            },
            {
              "lang": "tr-TR",
              "name": "Meyveler"
            },
            {
              "lang": "pt-BR",
              "name": "Frutas"
            },
            {
              "lang": "de-DE",
              "name": "Früchte"
            },
            {
              "lang": "id-ID",
              "name": "Buah"
            },
            {
              "lang": "fr-FR",
              "name": "Fruits"
            }
          ]
        },
        {
          "name": "berries",
          "aType": "UNIVERSAL",
          "img": "/img/dict/food/berries.png",
          "bgColor": "#e6fff2",
          "numAct": 13,
          "rUrl": "foodBerriesCards",
          "translates": [
            {
              "lang": "ru-RU",
              "name": "Ягоды"
            },
            {
              "lang": "vi-VN",
              "name": "Quả mọng"
            },
            {
              "lang": "zh-CN",
              "name": "浆果"
            },
            {
              "lang": "hi-IN",
              "name": "जामुन"
            },
            {
              "lang": "th-TH",
              "name": "ผลเบอร์รี่"
            },
            {
              "lang": "tr-TR",
              "name": "Meyveler"
            },
            {
              "lang": "pt-BR",
              "name": "Frutas Vermelhas"
            },
            {
              "lang": "de-DE",
              "name": "Beeren"
            },
            {
              "lang": "id-ID",
              "name": "Buah Beri"
            },
            {
              "lang": "fr-FR",
              "name": "Baies"
            }
          ]
        }
      ]
    },
    {
      "name": "STREET",
      "translates": [
        {
          "lang": "ru-RU",
          "name": "Улица"
        },
        {
          "lang": "vi-VN",
          "name": "Đường phố"
        },
        {
          "lang": "zh-CN",
          "name": "街道"
        },
        {
          "lang": "hi-IN",
          "name": "सड़क"
        },
        {
          "lang": "th-TH",
          "name": "ถนน"
        },
        {
          "lang": "tr-TR",
          "name": "Sokak"
        },
        {
          "lang": "pt-BR",
          "name": "Rua"
        },
        {
          "lang": "de-DE",
          "name": "Straße"
        },
        {
          "lang": "id-ID",
          "name": "Jalan"
        },
        {
          "lang": "fr-FR",
          "name": "Rue"
        }
      ],
      "activities": []
    },
    {
      "name": "TRANSPORT",
      "translates": [
        {
          "lang": "ru-RU",
          "name": "Транспорт"
        },
        {
          "lang": "vi-VN",
          "name": "Giao thông"
        },
        {
          "lang": "zh-CN",
          "name": "交通工具"
        },
        {
          "lang": "hi-IN",
          "name": "परिवहन"
        },
        {
          "lang": "th-TH",
          "name": "การขนส่ง"
        },
        {
          "lang": "tr-TR",
          "name": "Ulaşım"
        },
        {
          "lang": "pt-BR",
          "name": "Transporte"
        },
        {
          "lang": "de-DE",
          "name": "Transport"
        },
        {
          "lang": "id-ID",
          "name": "Transportasi"
        },
        {
          "lang": "fr-FR",
          "name": "Transport"
        }
      ],
      "activities": []
    },
    {
      "name": "VACATION",
      "translates": [
        {
          "lang": "ru-RU",
          "name": "Отпуск"
        },
        {
          "lang": "vi-VN",
          "name": "Kỳ nghỉ"
        },
        {
          "lang": "zh-CN",
          "name": "假期"
        },
        {
          "lang": "hi-IN",
          "name": "छुट्टी"
        },
        {
          "lang": "th-TH",
          "name": "วันหยุด"
        },
        {
          "lang": "tr-TR",
          "name": "Tatil"
        },
        {
          "lang": "pt-BR",
          "name": "Férias"
        },
        {
          "lang": "de-DE",
          "name": "Urlaub"
        },
        {
          "lang": "id-ID",
          "name": "Liburan"
        },
        {
          "lang": "fr-FR",
          "name": "Vacances"
        }
      ],
      "activities": []
    },
    {
      "name": "Seasons",
      "translates": [
        {
          "lang": "ru-RU",
          "name": "Времена года"
        },
        {
          "lang": "vi-VN",
          "name": "Các mùa"
        },
        {
          "lang": "zh-CN",
          "name": "季节"
        },
        {
          "lang": "hi-IN",
          "name": "मौसम"
        },
        {
          "lang": "th-TH",
          "name": "ฤดูกาล"
        },
        {
          "lang": "tr-TR",
          "name": "Mevsimler"
        },
        {
          "lang": "pt-BR",
          "name": "Estações"
        },
        {
          "lang": "de-DE",
          "name": "Jahreszeiten"
        },
        {
          "lang": "id-ID",
          "name": "Musim"
        },
        {
          "lang": "fr-FR",
          "name": "Saisons"
        }
      ],
      "activities": []
    },
    {
      "name": "Phonics",
      "translates": [
        {
          "lang": "ru-RU",
          "name": "Фонетика"
        },
        {
          "lang": "vi-VN",
          "name": "Ngữ âm"
        },
        {
          "lang": "zh-CN",
          "name": "语音"
        },
        {
          "lang": "hi-IN",
          "name": "ध्वनि"
        },
        {
          "lang": "th-TH",
          "name": "เสียง"
        },
        {
          "lang": "tr-TR",
          "name": "Fonetik"
        },
        {
          "lang": "pt-BR",
          "name": "Fonética"
        },
        {
          "lang": "de-DE",
          "name": "Phonetik"
        },
        {
          "lang": "id-ID",
          "name": "Fonik"
        },
        {
          "lang": "fr-FR",
          "name": "Phonétique"
        }
      ],
      "activities": []
    },
    {
      "name": "Symbols",
      "translates": [
        {
          "lang": "ru-RU",
          "name": "Символы"
        },
        {
          "lang": "vi-VN",
          "name": "Biểu tượng"
        },
        {
          "lang": "zh-CN",
          "name": "符号"
        },
        {
          "lang": "hi-IN",
          "name": "प्रतीक"
        },
        {
          "lang": "th-TH",
          "name": "สัญลักษณ์"
        },
        {
          "lang": "tr-TR",
          "name": "Semboller"
        },
        {
          "lang": "pt-BR",
          "name": "Símbolos"
        },
        {
          "lang": "de-DE",
          "name": "Symbole"
        },
        {
          "lang": "id-ID",
          "name": "Simbol"
        },
        {
          "lang": "fr-FR",
          "name": "Symboles"
        }
      ],
      "activities": []
    }
  ]
}