﻿{
  "name": "Phonics",
  "description": "",
  "version": "1",
  "cats": [
    {
      "name": "Set 1",
      "activities": [
        {
          "id": 1,
          "minunlockid": 0,
          "unlockid": 1,
          "name": "/S/ s, ce, ci, cy, sc, -ss, -ce, -se, -st-",
          "aType": "ListSwipe",
          "img": "/img/dict/abc/voice_blue.png",
          "rUrl": "phon_s",
          "numAct": 39
        },
        {
          "id": 2,
          "minunlockid": 0,
          "unlockid": 1,
          "name": "/a/ a",
          "aType": "ListSwipe",
          "img": "/img/dict/abc/voice_red.png",
          "rUrl": "phon_a",
          "numAct": 13
        },
        {
          "id": 3,
          "minunlockid": 0,
          "unlockid": 1,
          "name": "/t/ t, tt, ed",
          "aType": "ListSwipe",
          "img": "/img/dict/abc/voice_blue.png",
          "rUrl": "phon_t",
          "numAct": 16
        },
        {
          "id": 4,
          "minunlockid": 0,
          "unlockid": 1,
          "name": "/i/ i, y, i_e",
          "aType": "ListSwipe",
          "img": "/img/dict/abc/voice_red.png",
          "rUrl": "phon_i",
          "numAct": 36
        },
        {
          "id": 5,
          "minunlockid": 0,
          "unlockid": 1,
          "name": "/p/ p, pp",
          "aType": "ListSwipe",
          "img": "/img/dict/abc/voice_blue.png",
          "rUrl": "phon_p",
          "numAct": 10
        }
        ,
        {
          "id": 5,
          "minunlockid": 0,
          "unlockid": 1,
          "name": "/n/ n, -nn, kn, gn",
          "aType": "ListSwipe",
          "img": "/img/dict/abc/voice_blue.png",
          "rUrl": "phon_n",
          "numAct": 59
        }
         
      ]
    }
    ,
    
    {
      "name": "Set 2",
      "activities": [
        {
          "id": 3,
          "minunlockid": 0,
          "unlockid": 1,
          "name": "/m/ m, -mm, -mb, -mn",
          "aType": "ListSwipe",
          "img": "/img/dict/abc/voice_blue.png",
          "rUrl": "phon_m",
          "numAct":76
        },
        {
          "id": 3,
          "minunlockid": 0,
          "unlockid": 1,
          "name": "/d/ d, -dd, -ed",
          "aType": "ListSwipe",
          "img": "/img/dict/abc/voice_blue.png",
          "rUrl": "phon_d",
          "numAct":52
        },
        {
          "id": 3,
          "minunlockid": 0,
          "unlockid": 1,
          "name": "/g/ g, gh, gu, -gg, -gue",
          "aType": "ListSwipe",
          "img": "/img/dict/abc/voice_blue.png",
          "rUrl": "phon_g",
          "numAct":46
        },
        {
          "id": 3,
          "minunlockid": 0,
          "unlockid": 1,
          "name": "/o/ o, wa, qua, alt",
          "aType": "ListSwipe",
          "img": "/img/dict/abc/voice_red.png",
          "rUrl": "phon_o",
          "numAct":21
        },
        {
          "id": 3,
          "minunlockid": 0,
          "unlockid": 1,
          "name": "/k/ k, c, ch, qu, que, -ck",
          "aType": "ListSwipe",
          "img": "/img/dict/abc/voice_blue.png",
          "rUrl": "phon_k",
          "numAct":111
        },
        {
          "id": 3,
          "minunlockid": 0,
          "unlockid": 1,
          "name": "/e/ e, -ea",
          "aType": "ListSwipe",
          "img": "/img/dict/abc/voice_red.png",
          "rUrl": "phon_e",
          "numAct":46
        }
      ]
    }
    ,
    
    {
      "name": "Set 3",
      "activities": [
        {
          "id": 3,
          "minunlockid": 0,
          "unlockid": 1,
          "name": "/u/ u, o, -ou, -ough, -our, -re",
          "aType": "ListSwipe",
          "img": "/img/dict/abc/voice_red.png",
          "rUrl": "phon_u",
          "numAct":23
        },
        {
          "id": 3,
          "minunlockid": 0,
          "unlockid": 1,
          "name": "/r/ r, rh, wr, -rr",
          "aType": "ListSwipe",
          "img": "/img/dict/abc/voice_blue.png",
          "rUrl": "phon_r",
          "numAct":76
        },
        {
          "id": 3,
          "minunlockid": 0,
          "unlockid": 1,
          "name": "/h/ h, wh",
          "aType": "ListSwipe",
          "img": "/img/dict/abc/voice_blue.png",
          "rUrl": "phon_h",
          "numAct":55
        },
        {
          "id": 3,
          "minunlockid": 0,
          "unlockid": 1,
          "name": "/b/ b, bu, -bb",
          "aType": "ListSwipe",
          "img": "/img/dict/abc/voice_blue.png",
          "rUrl": "phon_b",
          "numAct":110
        },
        {
          "id": 3,
          "minunlockid": 0,
          "unlockid": 1,
          "name": "/f/ f,ph, -ff, -gh",
          "aType": "ListSwipe",
          "img": "/img/dict/abc/voice_blue.png",
          "rUrl": "phon_f",
          "numAct":80
        },
        {
          "id": 3,
          "minunlockid": 0,
          "unlockid": 1,
          "name": "/l/ -l, -ll",
          "aType": "ListSwipe",
          "img": "/img/dict/abc/voice_blue.png",
          "rUrl": "phon_l",
          "numAct": 37
        }
      ]
    }
    ,
    
    {
      "name": "Set 4",
      "activities": [
        {
          "id": 3,
          "minunlockid": 0,
          "unlockid": 1,
          "name": "/ul/ -le, -el, -al, -il",
          "aType": "ListSwipe",
          "img": "/img/dict/abc/voice_blue.png",
          "rUrl": "phon_ul",
          "numAct": 19
        },
         
        {
          "id": 3,
          "minunlockid": 0,
          "unlockid": 1,
          "name": "/j/ j, ge, gi, gy, -dge, -ge",
          "aType": "ListSwipe",
          "img": "/img/dict/abc/voice_blue.png",
          "rUrl": "phon_j",
          "numAct": 38
        },
        {
          "id": 3,
          "minunlockid": 0,
          "unlockid": 1,
          "name": "/v/ v, -ve",
          "aType": "ListSwipe",
          "img": "/img/dict/abc/voice_blue.png",
          "rUrl": "phon_v",
          "numAct": 19
        },
        {
          "id": 3,
          "minunlockid": 0,
          "unlockid": 1,
          "name": "/w/ w, wh, -u",
          "aType": "ListSwipe",
          "img": "/img/dict/abc/voice_blue.png",
          "rUrl": "phon_w",
          "numAct": 49
        },
        {
          "id": 3,
          "minunlockid": 0,
          "unlockid": 1,
          "name": "/ks/ -x,-cks, -ks",
          "aType": "ListSwipe",
          "img": "/img/dict/abc/voice_blue.png",
          "rUrl": "phon_ks",
          "numAct": 19
        },
        {
          "id": 3,
          "minunlockid": 0,
          "unlockid": 1,
          "name": "/y/ y",
          "aType": "ListSwipe",
          "img": "/img/dict/abc/voice_red.png",
          "rUrl": "phon_y",
          "numAct": 15
        },
        {
          "id": 3,
          "minunlockid": 0,
          "unlockid": 1,
          "name": "/z/ z, -zz, -s, -se, -ze",
          "aType": "ListSwipe",
          "img": "/img/dict/abc/voice_blue.png",
          "rUrl": "phon_z",
          "numAct": 25
        }
      ]
    }
    ,
    
    {
      "name": "Set 5",
      "activities": [
        {
          "id": 3,
          "minunlockid": 0,
          "unlockid": 1,
          "name": "/kw/ qu",
          "aType": "ListSwipe",
          "img": "/img/dict/abc/voice_yellow.png",
          "rUrl": "phon_kw",
          "numAct": 14
        },
        {
          "id": 3,
          "minunlockid": 0,
          "unlockid": 1,
          "name": "/сh/ ch, -tch, /chu/, -ture",
          "aType": "ListSwipe",
          "img": "/img/dict/abc/voice_yellow.png",
          "rUrl": "phon_ch",
          "numAct": 42
        },
        {
          "id": 3,
          "minunlockid": 0,
          "unlockid": 1,
          "name": "/sh/ sh, ch, -ti, -ci, -sci, -ssi",
          "aType": "ListSwipe",
          "img": "/img/dict/abc/voice_yellow.png",
          "rUrl": "phon_sh",
          "numAct": 50
        },
        {
          "id": 3,
          "minunlockid": 0,
          "unlockid": 1,
          "name": "voiced /th/ th",
          "aType": "ListSwipe",
          "img": "/img/dict/abc/voice_yellow.png",
          "rUrl": "phon_vth",
          "numAct": 21
        },
        {
          "id": 3,
          "minunlockid": 0,
          "unlockid": 1,
          "name": "unvoiced /th/ th",
          "aType": "ListSwipe",
          "img": "/img/dict/abc/voice_yellow.png",
          "rUrl": "phon_uth",
          "numAct": 27
        }
      ]
    }
    ,
    
    {
      "name": "Set 6",
      "activities": [
        {
          "id": 3,
          "minunlockid": 0,
          "unlockid": 1,
          "name": "/ng/ -ng",
          "aType": "ListSwipe",
          "img": "/img/dict/abc/voice_green.png",
          "rUrl": "phon_ng",
          "numAct": 9
        },
        {
          "id": 3,
          "minunlockid": 0,
          "unlockid": 1,
          "name": "/ngk/ -nk",
          "aType": "ListSwipe",
          "img": "/img/dict/abc/voice_green.png",
          "rUrl": "phon_ngk",
          "numAct": 6
        },
        {
          "id": 3,
          "minunlockid": 0,
          "unlockid": 1,
          "name": "/zh/ -s, -ge, -si",
          "aType": "ListSwipe",
          "img": "/img/dict/abc/voice_yellow.png",
          "rUrl": "phon_zh",
          "numAct": 14
        }
      ]
    }
    ,
    
    {
      "name": "Set 7",
      "activities": [
        {
          "id": 3,
          "minunlockid": 0,
          "unlockid": 1,
          "name": "/ai/ ai, -ay, a, a-e, -ae, -ey, eigh, -ea",
          "aType": "ListSwipe",
          "img": "/img/dict/abc/voice_green.png",
          "rUrl": "phon_ai",
          "numAct": 34
        },
        {
          "id": 3,
          "minunlockid": 0,
          "unlockid": 1,
          "name": "/ee/ -ee, -y, ea, -e, e-e, -ey, -ie, -ine",
          "aType": "ListSwipe",
          "img": "/img/dict/abc/voice_green.png",
          "rUrl": "phon_ee",
          "numAct": 34
        },
        {
          "id": 3,
          "minunlockid": 0,
          "unlockid": 1,
          "name": "/igh/ -igh, -y, -ie, i, i-e",
          "aType": "ListSwipe",
          "img": "/img/dict/abc/voice_green.png",
          "rUrl": "phon_igh",
          "numAct": 44
        },
        {
          "id": 3,
          "minunlockid": 0,
          "unlockid": 1,
          "name": "/oa/ oa, ow, o, o-e, -ough, -oe, -eau",
          "aType": "ListSwipe",
          "img": "/img/dict/abc/voice_green.png",
          "rUrl": "phon_oa",
          "numAct": 31
        },
        {
          "id": 3,
          "minunlockid": 0,
          "unlockid": 1,
          "name": "short /oo/ -oo-, -oul, -u",
          "aType": "ListSwipe",
          "img": "/img/dict/abc/voice_green.png",
          "rUrl": "phon_soo",
          "numAct": 13
        },
        {
          "id": 3,
          "minunlockid": 0,
          "unlockid": 1,
          "name": "long /oo/ oo, -ue, -ew, -o, -ou, ough, u-e, -ui, -u",
          "aType": "ListSwipe",
          "img": "/img/dict/abc/voice_green.png",
          "rUrl": "phon_loo",
          "numAct": 32
        },
        {
          "id": 3,
          "minunlockid": 0,
          "unlockid": 1,
          "name": "/yoo/  -ue, ew, u, u-e, eu",
          "aType": "ListSwipe",
          "img": "/img/dict/abc/voice_green.png",
          "rUrl": "phon_yoo",
          "numAct": 32
        },
        {
          "id": 3,
          "minunlockid": 0,
          "unlockid": 1,
          "name": "/ar/  ar, -a, -al",
          "aType": "ListSwipe",
          "img": "/img/dict/abc/voice_green.png",
          "rUrl": "phon_ar",
          "numAct": 16
        },
        {
          "id": 4,
          "minunlockid": 0,
          "unlockid": 1,
          "name": "/or/  or, aw, -our, au, al, oar, -oor, ore, -augh, ough, war, quar,-a",
          "aType": "ListSwipe",
          "img": "/img/dict/abc/voice_green.png",
          "rUrl": "phon_or",
          "numAct": 50
        },
        {
          "id": 5,
          "minunlockid": 0,
          "unlockid": 1,
          "name": "/ur/ ur, -er, -ir, ear, wor",
          "aType": "ListSwipe",
          "img": "/img/dict/abc/voice_green.png",
          "rUrl": "phon_ur",
          "numAct": 35
        },
        {
          "id": 6,
          "minunlockid": 0,
          "unlockid": 1,
          "name": "/ou/ ow, ou, -ough",
          "aType": "ListSwipe",
          "img": "/img/dict/abc/voice_green.png",
          "rUrl": "phon_ou",
          "numAct": 16
        },
        {
          "id": 6,
          "minunlockid": 0,
          "unlockid": 1,
          "name": "/oi/ oi, oy",
          "aType": "ListSwipe",
          "img": "/img/dict/abc/voice_green.png",
          "rUrl": "phon_oi",
          "numAct": 14
        },
        {
          "id": 7,
          "minunlockid": 0,
          "unlockid": 1,
          "name": "/eer/ ear, eer, -ere, -ier",
          "aType": "ListSwipe",
          "img": "/img/dict/abc/voice_green.png",
          "rUrl": "phon_eer",
          "numAct": 17
        },
        {
          "id": 8,
          "minunlockid": 0,
          "unlockid": 1,
          "name": "/air/ air, -are, -ear, -ere",
          "aType": "ListSwipe",
          "img": "/img/dict/abc/voice_green.png",
          "rUrl": "phon_air",
          "numAct": 9
        },
        {
          "id": 9,
          "minunlockid": 0,
          "unlockid": 1,
          "name": "/yoor/ -ure",
          "aType": "ListSwipe",
          "img": "/img/dict/abc/voice_green.png",
          "rUrl": "phon_yoor",
          "numAct": 9
        },
        {
          "id": 10,
          "minunlockid": 0,
          "unlockid": 1,
          "name": "Common & Tricky",
          "aType": "ListSwipe",
          "img": "/img/dict/abc/voice_yellow.png",
          "rUrl": "phon_tricky",
          "numAct": 106
        }
      ]
    }
   
  ]
}