{"name":"Complete sentences","nameA":null,"img":null,"minQuiz":7,"isRandom":false,"Translations":[{"lang":"ru-RU","name":"Заверши предложения","nameA":null},{"lang":"vi-VN","name":"Hoàn thành câu","nameA":null},{"lang":"zh-CN","name":"完成句子","nameA":null},{"lang":"hi-IN","name":"वाक्य पूरे करें","nameA":null},{"lang":"th-TH","name":"เติมประโยคให้สมบูรณ์","nameA":null},{"lang":"tr-TR","name":"Cümleleri tamamla","nameA":null},{"lang":"pt-BR","name":"Complete as frases","nameA":null},{"lang":"de-DE","name":"Sätze vervollständigen","nameA":null},{"lang":"id-ID","name":"Lengkapi kalimat","nameA":null},{"lang":"fr-FR","name":"Compléter les phrases","nameA":null}],"items":[{"name":"Complete phrase","taskMask":"У меня есть {txt:0}","nameA":null,"image":null,"bg":null,"multianswer":false,"translates":[{"lang":"ru-RU","name":"Составь фразу","nameA":null},{"lang":"vi-VN","name":"Hoàn thành cụm từ","nameA":null},{"lang":"zh-CN","name":"完成短语","nameA":null},{"lang":"hi-IN","name":"वाक्यांश पूरा करें","nameA":null},{"lang":"th-TH","name":"เติมวลี","nameA":null},{"lang":"tr-TR","name":"İfadeyi tamamla","nameA":null},{"lang":"pt-BR","name":"Complete a frase","nameA":null},{"lang":"de-DE","name":"Phrase vervollständigen","nameA":null},{"lang":"id-ID","name":"Lengkapi frasa","nameA":null},{"lang":"fr-FR","name":"Compléter la phrase","nameA":null}],"masktranslates":[{"lang":"ru-RU","name":"У меня есть собака","nameA":null},{"lang":"vi-VN","name":"Tôi có một con chó","nameA":null},{"lang":"zh-CN","name":"我有一只狗","nameA":null},{"lang":"hi-IN","name":"मेरे पास एक कुत्ता है","nameA":null},{"lang":"th-TH","name":"ฉันมีสุนัข","nameA":null},{"lang":"tr-TR","name":"Bir köpeğim var","nameA":null},{"lang":"pt-BR","name":"Eu tenho um cachorro","nameA":null},{"lang":"de-DE","name":"Ich habe einen Hund","nameA":null},{"lang":"id-ID","name":"Saya punya anjing","nameA":null},{"lang":"fr-FR","name":"J'ai un chien","nameA":null}],"answers":[{"name":"answer_0","nameA":null,"image":null,"answerType":0}],"horizontalAlign":1,"verticalAlign":1,"textSize":1},{"name":"Complete sentence","taskMask":"Сегодня {txt:0} погода","nameA":null,"image":null,"bg":null,"multianswer":false,"translates":[{"lang":"ru-RU","name":"Заверши предложение","nameA":null},{"lang":"vi-VN","name":"Hoàn thành câu","nameA":null},{"lang":"zh-CN","name":"完成句子","nameA":null},{"lang":"hi-IN","name":"वाक्य पूरा करें","nameA":null},{"lang":"th-TH","name":"เติมประโยค","nameA":null},{"lang":"tr-TR","name":"Cümleyi tamamla","nameA":null},{"lang":"pt-BR","name":"Complete a sentença","nameA":null},{"lang":"de-DE","name":"Satz vervollständigen","nameA":null},{"lang":"id-ID","name":"Lengkapi kalimat","nameA":null},{"lang":"fr-FR","name":"Compléter la phrase","nameA":null}],"masktranslates":[{"lang":"ru-RU","name":"хорошая","nameA":null},{"lang":"vi-VN","name":"đẹp","nameA":null},{"lang":"zh-CN","name":"好","nameA":null},{"lang":"hi-IN","name":"अच्छा","nameA":null},{"lang":"th-TH","name":"ดี","nameA":null},{"lang":"tr-TR","name":"güzel","nameA":null},{"lang":"pt-BR","name":"boa","nameA":null},{"lang":"de-DE","name":"schönes","nameA":null},{"lang":"id-ID","name":"bagus","nameA":null},{"lang":"fr-FR","name":"beau","nameA":null}],"answers":[{"name":"answer_0","nameA":null,"image":null,"answerType":0}],"horizontalAlign":1,"verticalAlign":1,"textSize":1}]}