{
  "name": "Nuts",
  "Translations": [
    {
      "name": "Орехи",
      "lang": "ru-RU"
    }
  ],
  "items": [
    {
      "id": 0,
      "name": "nuts",
      "image": "/img/dict/food/nuts.png",
      "translates": [
        {
          "name": "орехи",
          "lang": "ru-RU"
        }
      ]
    },
    {
      "id": 1,
      "name": "almond",
      "image": "/img/dict/food/almond.png",
      "translates": [
        {
          "name": "миндаль",
          "lang": "ru-RU"
        }
      ]
    },
    {
      "id": 2,
      "name": "cashew",
      "image": "/img/dict/food/cashew.png",
      "translates": [
        {
          "name": "кешью",
          "lang": "ru-RU"
        }
      ]
    },
    {
      "id": 3,
      "name": "chestnut",
      "image": "/img/dict/food/chestnut.png",
      "translates": [
        {
          "name": "каштан",
          "lang": "ru-RU"
        }
      ]
    },
    {
      "id": 4,
      "name": "hazelnut",
      "image": "/img/dict/food/hazelnut.png",
      "translates": [
        {
          "name": "лесной орех",
          "lang": "ru-RU"
        }
      ]
    },
    {
      "id": 5,
      "name": "nutmeg",
      "image": "/img/dict/food/nutmeg.png",
      "translates": [
        {
          "name": "мускатный орех",
          "lang": "ru-RU"
        }
      ]
    },
    {
      "id": 6,
      "name": "peanut",
      "image": "/img/dict/food/peanut.png",
      "translates": [
        {
          "name": "арахис",
          "lang": "ru-RU"
        }
      ]
    },
    {
      "id": 7,
      "name": "pine nut",
      "image": "/img/dict/food/pinenut.png",
      "translates": [
        {
          "name": "кедровый орех",
          "lang": "ru-RU"
        }
      ]
    },
    {
      "id": 8,
      "name": "pistachio",
      "image": "/img/dict/food/pistachio.png",
      "translates": [
        {
          "name": "фисташка",
          "lang": "ru-RU"
        }
      ]
    },
    {
      "id": 9,
      "name": "walnut",
      "image": "/img/dict/food/walnut.png",
      "translates": [
        {
          "name": "грецкий орех",
          "lang": "ru-RU"
        }
      ]
    }
  ]
}