{"name":"Body parts","items":[{"name":"front","image":"/img/explore/body/body_front.png","imageX":0,"imageY":0,"imageZ":0,"imageH":1080,"imageW":461,"bgcolor":"white","points":[{"name":"head","pointX":222,"pointY":120,"pointZ":0,"pointH":30,"pointW":30,"image":"/img/dict/body/head.png","transcription":"[hed]","pointType":10,"translates":[{"lang":"ru-RU","name":"голова"},{"lang":"vi-VN","name":"đầu"},{"lang":"zh-CN","name":"头"},{"lang":"hi-IN","name":"सिर"},{"lang":"th-TH","name":"หัว"},{"lang":"tr-TR","name":"baş"},{"lang":"pt-BR","name":"cabeça"},{"lang":"de-DE","name":"Kopf"},{"lang":"id-ID","name":"kepala"},{"lang":"fr-FR","name":"tête"}]},{"name":"chest","pointX":229,"pointY":308,"pointZ":0,"pointH":30,"pointW":30,"image":"/img/dict/body/chest.png","transcription":"[tʃest]","pointType":10,"translates":[{"lang":"ru-RU","name":"грудь"},{"lang":"vi-VN","name":"ngực"},{"lang":"zh-CN","name":"胸部"},{"lang":"hi-IN","name":"छाती"},{"lang":"th-TH","name":"หน้าอก"},{"lang":"tr-TR","name":"göğüs"},{"lang":"pt-BR","name":"peito"},{"lang":"de-DE","name":"Brust"},{"lang":"id-ID","name":"dada"},{"lang":"fr-FR","name":"poitrine"}]},{"name":"navel","pointX":228,"pointY":464,"pointZ":0,"pointH":30,"pointW":30,"image":"/img/dict/body/navel.png","transcription":"[ˈneɪvl]","pointType":10,"translates":[{"lang":"ru-RU","name":"пупок"},{"lang":"vi-VN","name":"rốn"},{"lang":"zh-CN","name":"肚脐"},{"lang":"hi-IN","name":"नाभि"},{"lang":"th-TH","name":"สะดือ"},{"lang":"tr-TR","name":"göbek"},{"lang":"pt-BR","name":"umbigo"},{"lang":"de-DE","name":"Bauchnabel"},{"lang":"id-ID","name":"pusar"},{"lang":"fr-FR","name":"nombril"}]},{"name":"leg","pointX":125,"pointY":666,"pointZ":0,"pointH":30,"pointW":30,"image":"/img/dict/body/leg.png","transcription":"[leɡ]","pointType":10,"translates":[{"lang":"ru-RU","name":"нога"},{"lang":"vi-VN","name":"chân"},{"lang":"zh-CN","name":"腿"},{"lang":"hi-IN","name":"पैर"},{"lang":"th-TH","name":"ขา"},{"lang":"tr-TR","name":"bacak"},{"lang":"pt-BR","name":"perna"},{"lang":"de-DE","name":"Bein"},{"lang":"id-ID","name":"kaki"},{"lang":"fr-FR","name":"jambe"}]},{"name":"ARM","pointX":381,"pointY":375,"pointZ":0,"pointH":30,"pointW":30,"image":"/img/dict/body/arm.png","transcription":"[ɑːrm]","pointType":10,"translates":[{"lang":"ru-RU","name":"рука, до кисти"},{"lang":"vi-VN","name":"cánh tay"},{"lang":"zh-CN","name":"手臂"},{"lang":"hi-IN","name":"बांह"},{"lang":"th-TH","name":"แขน"},{"lang":"tr-TR","name":"kol"},{"lang":"pt-BR","name":"braço"},{"lang":"de-DE","name":"Arm"},{"lang":"id-ID","name":"lengan"},{"lang":"fr-FR","name":"bras"}]},{"name":"knee","pointX":269,"pointY":731,"pointZ":0,"pointH":30,"pointW":30,"image":"/img/dict/body/knee.png","transcription":"[niː]","pointType":10,"translates":[{"lang":"ru-RU","name":"колено"},{"lang":"vi-VN","name":"đầu gối"},{"lang":"zh-CN","name":"膝盖"},{"lang":"hi-IN","name":"घुटना"},{"lang":"th-TH","name":"เข่า"},{"lang":"tr-TR","name":"diz"},{"lang":"pt-BR","name":"joelho"},{"lang":"de-DE","name":"Knie"},{"lang":"id-ID","name":"lutut"},{"lang":"fr-FR","name":"genou"}]},{"name":"shoulder","pointX":161,"pointY":227,"pointZ":0,"pointH":30,"pointW":30,"image":"/img/dict/body/shoulder.png","transcription":"[ˈʃəʊldər]","pointType":10,"translates":[{"lang":"ru-RU","name":"плечо"},{"lang":"vi-VN","name":"vai"},{"lang":"zh-CN","name":"肩膀"},{"lang":"hi-IN","name":"कंधा"},{"lang":"th-TH","name":"ไหล่"},{"lang":"tr-TR","name":"omuz"},{"lang":"pt-BR","name":"ombro"},{"lang":"de-DE","name":"Schulter"},{"lang":"id-ID","name":"bahu"},{"lang":"fr-FR","name":"épaule"}]},{"name":"hand","pointX":385,"pointY":548,"pointZ":0,"pointH":30,"pointW":30,"image":"/img/dict/body/hand.png","transcription":"[hænd]","pointType":10,"translates":[{"lang":"ru-RU","name":"рука, кисть"},{"lang":"vi-VN","name":"bàn tay"},{"lang":"zh-CN","name":"手"},{"lang":"hi-IN","name":"हाथ"},{"lang":"th-TH","name":"มือ"},{"lang":"tr-TR","name":"el"},{"lang":"pt-BR","name":"mão"},{"lang":"de-DE","name":"Hand"},{"lang":"id-ID","name":"tangan"},{"lang":"fr-FR","name":"main"}]},{"name":"foot","pointX":203,"pointY":946,"pointZ":0,"pointH":30,"pointW":30,"image":"/img/dict/body/foot.png","transcription":"[fʊt]","pointType":10,"translates":[{"lang":"ru-RU","name":"стопа"},{"lang":"vi-VN","name":"bàn chân"},{"lang":"zh-CN","name":"脚"},{"lang":"hi-IN","name":"पैर"},{"lang":"th-TH","name":"เท้า"},{"lang":"tr-TR","name":"ayak"},{"lang":"pt-BR","name":"pé"},{"lang":"de-DE","name":"Fuß"},{"lang":"id-ID","name":"kaki"},{"lang":"fr-FR","name":"pied"}]},{"name":"belly","pointX":183,"pointY":465,"pointZ":0,"pointH":30,"pointW":30,"image":"/img/dict/body/belly.png","transcription":"[ˈbelɪ]","pointType":10,"translates":[{"lang":"ru-RU","name":"живот"},{"lang":"vi-VN","name":"bụng"},{"lang":"zh-CN","name":"腹部"},{"lang":"hi-IN","name":"पेट"},{"lang":"th-TH","name":"ท้อง"},{"lang":"tr-TR","name":"karın"},{"lang":"pt-BR","name":"barriga"},{"lang":"de-DE","name":"Bauch"},{"lang":"id-ID","name":"perut"},{"lang":"fr-FR","name":"ventre"}]},{"name":"neck","pointX":231,"pointY":216,"pointZ":0,"pointH":30,"pointW":30,"image":"/img/dict/body/neck.png","transcription":"[nek]","pointType":10,"translates":[{"lang":"ru-RU","name":"шея"},{"lang":"vi-VN","name":"cổ"},{"lang":"zh-CN","name":"脖子"},{"lang":"hi-IN","name":"गरदन"},{"lang":"th-TH","name":"คอ"},{"lang":"tr-TR","name":"boyun"},{"lang":"pt-BR","name":"pescoço"},{"lang":"de-DE","name":"Hals"},{"lang":"id-ID","name":"leher"},{"lang":"fr-FR","name":"cou"}]},{"name":"shin","pointX":182,"pointY":842,"pointZ":0,"pointH":30,"pointW":30,"image":"/img/dict/body/shin.png","transcription":"[ʃɪn]","pointType":10,"translates":[{"lang":"ru-RU","name":"голень"},{"lang":"vi-VN","name":"ống chân"},{"lang":"zh-CN","name":"胫骨"},{"lang":"hi-IN","name":"पिंडली"},{"lang":"th-TH","name":"หน้าแข้ง"},{"lang":"tr-TR","name":"kaval kemiği"},{"lang":"pt-BR","name":"canela"},{"lang":"de-DE","name":"Schienbein"},{"lang":"id-ID","name":"tulang kering"},{"lang":"fr-FR","name":"tibia"}]},{"name":"axilla","pointX":131,"pointY":337,"pointZ":0,"pointH":30,"pointW":30,"image":"/img/dict/body/axilla.png","transcription":"[akˈsɪlə]","pointType":10,"translates":[{"lang":"ru-RU","name":"подмышка"},{"lang":"vi-VN","name":"nách"},{"lang":"zh-CN","name":"腋窝"},{"lang":"hi-IN","name":"बगल"},{"lang":"th-TH","name":"รักแร้"},{"lang":"tr-TR","name":"koltuk altı"},{"lang":"pt-BR","name":"axila"},{"lang":"de-DE","name":"Achsel"},{"lang":"id-ID","name":"ketiak"},{"lang":"fr-FR","name":"aisselle"}]}]},{"name":"back","image":"/img/explore/body/body_back.png","imageX":0,"imageY":0,"imageZ":0,"imageH":1080,"imageW":461,"bgcolor":"white","points":[{"name":"nape","pointX":215,"pointY":201,"pointZ":0,"pointH":30,"pointW":30,"image":"/img/dict/body/nape.png","transcription":"[neɪp]","pointType":10,"translates":[{"lang":"ru-RU","name":"затылок"},{"lang":"vi-VN","name":"gáy"},{"lang":"zh-CN","name":"后颈"},{"lang":"hi-IN","name":"गर्दन का पिछला भाग"},{"lang":"th-TH","name":"ท้ายทอย"},{"lang":"tr-TR","name":"ense"},{"lang":"pt-BR","name":"nuca"},{"lang":"de-DE","name":"Nacken"},{"lang":"id-ID","name":"tengkuk"},{"lang":"fr-FR","name":"nuque"}]},{"name":"back","pointX":215,"pointY":355,"pointZ":0,"pointH":30,"pointW":30,"image":"/img/dict/body/back.png","transcription":"[bæk]","pointType":10,"translates":[{"lang":"ru-RU","name":"спина"},{"lang":"vi-VN","name":"lưng"},{"lang":"zh-CN","name":"背部"},{"lang":"hi-IN","name":"पीठ"},{"lang":"th-TH","name":"หลัง"},{"lang":"tr-TR","name":"sırt"},{"lang":"pt-BR","name":"costas"},{"lang":"de-DE","name":"Rücken"},{"lang":"id-ID","name":"punggung"},{"lang":"fr-FR","name":"dos"}]},{"name":"elbow","pointX":334,"pointY":418,"pointZ":0,"pointH":30,"pointW":30,"image":"/img/dict/body/elbow.png","transcription":"[ˈelbəʊ]","pointType":10,"translates":[{"lang":"ru-RU","name":"локоть"},{"lang":"vi-VN","name":"khuỷu tay"},{"lang":"zh-CN","name":"肘"},{"lang":"hi-IN","name":"कोहनी"},{"lang":"th-TH","name":"ข้อศอก"},{"lang":"tr-TR","name":"dirsek"},{"lang":"pt-BR","name":"cotovelo"},{"lang":"de-DE","name":"Ellbogen"},{"lang":"id-ID","name":"siku"},{"lang":"fr-FR","name":"coude"}]},{"name":"buttock","pointX":176,"pointY":540,"pointZ":0,"pointH":30,"pointW":30,"image":"/img/dict/body/buttock.png","transcription":"[ˈbʌtək]","pointType":10,"translates":[{"lang":"ru-RU","name":"ягодица"},{"lang":"vi-VN","name":"mông"},{"lang":"zh-CN","name":"臀部"},{"lang":"hi-IN","name":"नितंब"},{"lang":"th-TH","name":"ก้น"},{"lang":"tr-TR","name":"kalça"},{"lang":"pt-BR","name":"nádega"},{"lang":"de-DE","name":"Gesäß"},{"lang":"id-ID","name":"pantat"},{"lang":"fr-FR","name":"fesse"}]},{"name":"thigh","pointX":262,"pointY":649,"pointZ":0,"pointH":30,"pointW":30,"image":"/img/dict/body/thigh.png","transcription":"[θaɪ]","pointType":10,"translates":[{"lang":"ru-RU","name":"бедро у ноги"},{"lang":"vi-VN","name":"đùi"},{"lang":"zh-CN","name":"大腿"},{"lang":"hi-IN","name":"जांघ"},{"lang":"th-TH","name":"ต้นขา"},{"lang":"tr-TR","name":"uyluk"},{"lang":"pt-BR","name":"coxa"},{"lang":"de-DE","name":"Oberschenkel"},{"lang":"id-ID","name":"paha"},{"lang":"fr-FR","name":"cuisse"}]},{"name":"calf","pointX":177,"pointY":825,"pointZ":0,"pointH":30,"pointW":30,"image":"/img/dict/body/calf.png","transcription":"[kæf]","pointType":10,"translates":[{"lang":"ru-RU","name":"икра ноги"},{"lang":"vi-VN","name":"bắp chân"},{"lang":"zh-CN","name":"小腿"},{"lang":"hi-IN","name":"पिंडली"},{"lang":"th-TH","name":"น่อง"},{"lang":"tr-TR","name":"baldır"},{"lang":"pt-BR","name":"panturrilha"},{"lang":"de-DE","name":"Wade"},{"lang":"id-ID","name":"betis"},{"lang":"fr-FR","name":"mollet"}]},{"name":"hip","pointX":286,"pointY":502,"pointZ":0,"pointH":30,"pointW":30,"image":"/img/dict/body/hip.png","transcription":"[hɪp]","pointType":10,"translates":[{"lang":"ru-RU","name":"бедро у туловища"},{"lang":"vi-VN","name":"hông"},{"lang":"zh-CN","name":"臀部"},{"lang":"hi-IN","name":"कूल्हा"},{"lang":"th-TH","name":"สะโพก"},{"lang":"tr-TR","name":"kalça"},{"lang":"pt-BR","name":"quadril"},{"lang":"de-DE","name":"Hüfte"},{"lang":"id-ID","name":"pinggul"},{"lang":"fr-FR","name":"hanche"}]},{"name":"waist","pointX":157,"pointY":452,"pointZ":0,"pointH":30,"pointW":30,"image":"/img/dict/body/waist.png","transcription":"[weɪst]","pointType":10,"translates":[{"lang":"ru-RU","name":"талия"},{"lang":"vi-VN","name":"eo"},{"lang":"zh-CN","name":"腰部"},{"lang":"hi-IN","name":"कमर"},{"lang":"th-TH","name":"เอว"},{"lang":"tr-TR","name":"bel"},{"lang":"pt-BR","name":"cintura"},{"lang":"de-DE","name":"Taille"},{"lang":"id-ID","name":"pinggang"},{"lang":"fr-FR","name":"taille"}]},{"name":"forearm","pointX":77,"pointY":487,"pointZ":0,"pointH":30,"pointW":30,"image":"/img/dict/body/forearm.png","transcription":"[ˈfɔːrɑːrm]","pointType":10,"translates":[{"lang":"ru-RU","name":"предплечье"},{"lang":"vi-VN","name":"cẳng tay"},{"lang":"zh-CN","name":"前臂"},{"lang":"hi-IN","name":"अग्रभाग"},{"lang":"th-TH","name":"แขนท่อนล่าง"},{"lang":"tr-TR","name":"önkol"},{"lang":"pt-BR","name":"antebraço"},{"lang":"de-DE","name":"Unterarm"},{"lang":"id-ID","name":"lengan bawah"},{"lang":"fr-FR","name":"avant-bras"}]},{"name":"torso","pointX":162,"pointY":294,"pointZ":0,"pointH":30,"pointW":30,"image":"/img/dict/body/torso.png","transcription":"[ˈtɔːrsəʊ]","pointType":10,"translates":[{"lang":"ru-RU","name":"туловище"},{"lang":"vi-VN","name":"thân"},{"lang":"zh-CN","name":"躯干"},{"lang":"hi-IN","name":"धड़"},{"lang":"th-TH","name":"ลำตัว"},{"lang":"tr-TR","name":"gövde"},{"lang":"pt-BR","name":"torso"},{"lang":"de-DE","name":"Torso"},{"lang":"id-ID","name":"batang tubuh"},{"lang":"fr-FR","name":"torse"}]}]},{"name":"head","image":"/img/explore/body/body_head.png","imageX":0,"imageY":0,"imageZ":0,"imageH":700,"imageW":700,"bgcolor":"white","points":[{"name":"chin","pointX":194,"pointY":354,"pointZ":0,"pointH":30,"pointW":30,"transcription":"[tʃɪn]","pointType":10,"translates":[{"lang":"ru-RU","name":"подбородок"},{"lang":"vi-VN","name":"cằm"},{"lang":"zh-CN","name":"下巴"},{"lang":"hi-IN","name":"ठोड़ी"},{"lang":"th-TH","name":"คาง"},{"lang":"tr-TR","name":"çene"},{"lang":"pt-BR","name":"queixo"},{"lang":"de-DE","name":"Kinn"},{"lang":"id-ID","name":"dagu"},{"lang":"fr-FR","name":"menton"}]},{"name":"mouth","pointX":217,"pointY":308,"pointZ":0,"pointH":30,"pointW":30,"transcription":"[maʊθ]","pointType":10,"translates":[{"lang":"ru-RU","name":"рот"},{"lang":"vi-VN","name":"miệng"},{"lang":"zh-CN","name":"嘴"},{"lang":"hi-IN","name":"मुंह"},{"lang":"th-TH","name":"ปาก"},{"lang":"tr-TR","name":"ağız"},{"lang":"pt-BR","name":"boca"},{"lang":"de-DE","name":"Mund"},{"lang":"id-ID","name":"mulut"},{"lang":"fr-FR","name":"bouche"}]},{"name":"nose","pointX":194,"pointY":225,"pointZ":0,"pointH":30,"pointW":30,"transcription":"[nəʊz]","pointType":10,"translates":[{"lang":"ru-RU","name":"нос"},{"lang":"vi-VN","name":"mũi"},{"lang":"zh-CN","name":"鼻子"},{"lang":"hi-IN","name":"नाक"},{"lang":"th-TH","name":"จมูก"},{"lang":"tr-TR","name":"burun"},{"lang":"pt-BR","name":"nariz"},{"lang":"de-DE","name":"Nase"},{"lang":"id-ID","name":"hidung"},{"lang":"fr-FR","name":"nez"}]},{"name":"beard","pointX":527,"pointY":613,"pointZ":0,"pointH":30,"pointW":30,"transcription":"[bɪrd]","pointType":10,"translates":[{"lang":"ru-RU","name":"борода"},{"lang":"vi-VN","name":"râu"},{"lang":"zh-CN","name":"胡须"},{"lang":"hi-IN","name":"दाढ़ी"},{"lang":"th-TH","name":"เครา"},{"lang":"tr-TR","name":"sakal"},{"lang":"pt-BR","name":"barba"},{"lang":"de-DE","name":"Bart"},{"lang":"id-ID","name":"janggut"},{"lang":"fr-FR","name":"barbe"}]},{"name":"hair","pointX":199,"pointY":53,"pointZ":0,"pointH":30,"pointW":30,"transcription":"[her]","pointType":10,"translates":[{"lang":"ru-RU","name":"волосы"},{"lang":"vi-VN","name":"tóc"},{"lang":"zh-CN","name":"头发"},{"lang":"hi-IN","name":"बाल"},{"lang":"th-TH","name":"ผม"},{"lang":"tr-TR","name":"saç"},{"lang":"pt-BR","name":"cabelo"},{"lang":"de-DE","name":"Haar"},{"lang":"id-ID","name":"rambut"},{"lang":"fr-FR","name":"cheveux"}]},{"name":"neck","pointX":198,"pointY":399,"pointZ":0,"pointH":30,"pointW":30,"transcription":"[nek]","pointType":10,"translates":[{"lang":"ru-RU","name":"шея"},{"lang":"vi-VN","name":"cổ"},{"lang":"zh-CN","name":"脖子"},{"lang":"hi-IN","name":"गरदन"},{"lang":"th-TH","name":"คอ"},{"lang":"tr-TR","name":"boyun"},{"lang":"pt-BR","name":"pescoço"},{"lang":"de-DE","name":"Hals"},{"lang":"id-ID","name":"leher"},{"lang":"fr-FR","name":"cou"}]},{"name":"eyelash","pointX":417,"pointY":112,"pointZ":0,"pointH":30,"pointW":30,"transcription":"[ˈaɪlæʃ]","pointType":10,"translates":[{"lang":"ru-RU","name":"ресница"},{"lang":"vi-VN","name":"lông mi"},{"lang":"zh-CN","name":"睫毛"},{"lang":"hi-IN","name":"पलक"},{"lang":"th-TH","name":"ขนตา"},{"lang":"tr-TR","name":"kirpik"},{"lang":"pt-BR","name":"cílio"},{"lang":"de-DE","name":"Wimper"},{"lang":"id-ID","name":"bulu mata"},{"lang":"fr-FR","name":"cil"}]},{"name":"eye","pointX":591,"pointY":147,"pointZ":0,"pointH":30,"pointW":30,"transcription":"[aɪ]","pointType":10,"translates":[{"lang":"ru-RU","name":"глаз"},{"lang":"vi-VN","name":"mắt"},{"lang":"zh-CN","name":"眼睛"},{"lang":"hi-IN","name":"आंख"},{"lang":"th-TH","name":"ตา"},{"lang":"tr-TR","name":"göz"},{"lang":"pt-BR","name":"olho"},{"lang":"de-DE","name":"Auge"},{"lang":"id-ID","name":"mata"},{"lang":"fr-FR","name":"œil"}]},{"name":"shoulder","pointX":57,"pointY":420,"pointZ":0,"pointH":30,"pointW":30,"transcription":"[ˈʃəʊldər]","pointType":10,"translates":[{"lang":"ru-RU","name":"плечо"},{"lang":"vi-VN","name":"vai"},{"lang":"zh-CN","name":"肩膀"},{"lang":"hi-IN","name":"कंधा"},{"lang":"th-TH","name":"ไหล่"},{"lang":"tr-TR","name":"omuz"},{"lang":"pt-BR","name":"ombro"},{"lang":"de-DE","name":"Schulter"},{"lang":"id-ID","name":"bahu"},{"lang":"fr-FR","name":"épaule"}]},{"name":"ear","pointX":78,"pointY":224,"pointZ":0,"pointH":30,"pointW":30,"transcription":"[ɪr]","pointType":10,"translates":[{"lang":"ru-RU","name":"ухо"},{"lang":"vi-VN","name":"tai"},{"lang":"zh-CN","name":"耳朵"},{"lang":"hi-IN","name":"कान"},{"lang":"th-TH","name":"หู"},{"lang":"tr-TR","name":"kulak"},{"lang":"pt-BR","name":"orelha"},{"lang":"de-DE","name":"Ohr"},{"lang":"id-ID","name":"telinga"},{"lang":"fr-FR","name":"oreille"}]},{"name":"cheek","pointX":132,"pointY":276,"pointZ":0,"pointH":30,"pointW":30,"transcription":"[tʃiːk]","pointType":10,"translates":[{"lang":"ru-RU","name":"щека"},{"lang":"vi-VN","name":"má"},{"lang":"zh-CN","name":"脸颊"},{"lang":"hi-IN","name":"गाल"},{"lang":"th-TH","name":"แก้ม"},{"lang":"tr-TR","name":"yanak"},{"lang":"pt-BR","name":"bochecha"},{"lang":"de-DE","name":"Wange"},{"lang":"id-ID","name":"pipi"},{"lang":"fr-FR","name":"joue"}]},{"name":"face","pointX":56,"pointY":154,"pointZ":0,"pointH":30,"pointW":30,"transcription":"[feɪs]","pointType":10,"translates":[{"lang":"ru-RU","name":"лицо"},{"lang":"vi-VN","name":"mặt"},{"lang":"zh-CN","name":"脸"},{"lang":"hi-IN","name":"चेहरा"},{"lang":"th-TH","name":"ใบหน้า"},{"lang":"tr-TR","name":"yüz"},{"lang":"pt-BR","name":"rosto"},{"lang":"de-DE","name":"Gesicht"},{"lang":"id-ID","name":"wajah"},{"lang":"fr-FR","name":"visage"}]},{"name":"lip","pointX":487,"pointY":425,"pointZ":0,"pointH":30,"pointW":30,"transcription":"[lɪp]","pointType":10,"translates":[{"lang":"ru-RU","name":"губа"},{"lang":"vi-VN","name":"môi"},{"lang":"zh-CN","name":"嘴唇"},{"lang":"hi-IN","name":"होंठ"},{"lang":"th-TH","name":"ริมฝีปาก"},{"lang":"tr-TR","name":"dudak"},{"lang":"pt-BR","name":"lábio"},{"lang":"de-DE","name":"Lippe"},{"lang":"id-ID","name":"bibir"},{"lang":"fr-FR","name":"lèvre"}]},{"name":"mustache","pointX":564,"pointY":506,"pointZ":0,"pointH":30,"pointW":30,"transcription":"[ˈmʌstəʃ]","pointType":10,"translates":[{"lang":"ru-RU","name":"усы"},{"lang":"vi-VN","name":"ria"},{"lang":"zh-CN","name":"胡子"},{"lang":"hi-IN","name":"मूंछ"},{"lang":"th-TH","name":"หนวด"},{"lang":"tr-TR","name":"bıyık"},{"lang":"pt-BR","name":"bigode"},{"lang":"de-DE","name":"Schnurrbart"},{"lang":"id-ID","name":"kumis"},{"lang":"fr-FR","name":"moustache"}]},{"name":"teeth","pointX":520,"pointY":283,"pointZ":0,"pointH":30,"pointW":30,"transcription":"[tiːθ]","pointType":10,"translates":[{"lang":"ru-RU","name":"зубы"},{"lang":"vi-VN","name":"răng"},{"lang":"zh-CN","name":"牙齿"},{"lang":"hi-IN","name":"दांत"},{"lang":"th-TH","name":"ฟัน"},{"lang":"tr-TR","name":"diş"},{"lang":"pt-BR","name":"dente"},{"lang":"de-DE","name":"Zahn"},{"lang":"id-ID","name":"gigi"},{"lang":"fr-FR","name":"dent"}]},{"name":"tongue","pointX":511,"pointY":378,"pointZ":0,"pointH":30,"pointW":30,"transcription":"[tʌŋ]","pointType":10,"translates":[{"lang":"ru-RU","name":"язык"},{"lang":"vi-VN","name":"lưỡi"},{"lang":"zh-CN","name":"舌头"},{"lang":"hi-IN","name":"जीभ"},{"lang":"th-TH","name":"ลิ้น"},{"lang":"tr-TR","name":"dil"},{"lang":"pt-BR","name":"língua"},{"lang":"de-DE","name":"Zunge"},{"lang":"id-ID","name":"lidah"},{"lang":"fr-FR","name":"langue"}]},{"name":"throat","pointX":529,"pointY":328,"pointZ":0,"pointH":30,"pointW":30,"transcription":"[θrəʊt]","pointType":10,"translates":[{"lang":"ru-RU","name":"горло"},{"lang":"vi-VN","name":"họng"},{"lang":"zh-CN","name":"喉咙"},{"lang":"hi-IN","name":"गला"},{"lang":"th-TH","name":"คอ"},{"lang":"tr-TR","name":"boğaz"},{"lang":"pt-BR","name":"garganta"},{"lang":"de-DE","name":"Hals"},{"lang":"id-ID","name":"tenggorokan"},{"lang":"fr-FR","name":"gorge"}]},{"name":"eyebrow","pointX":566,"pointY":58,"pointZ":0,"pointH":30,"pointW":30,"transcription":"[ˈaɪbraʊ]","pointType":10,"translates":[{"lang":"ru-RU","name":"бровь"},{"lang":"vi-VN","name":"lông mày"},{"lang":"zh-CN","name":"眉毛"},{"lang":"hi-IN","name":"भौंह"},{"lang":"th-TH","name":"คิ้ว"},{"lang":"tr-TR","name":"kaş"},{"lang":"pt-BR","name":"sobrancelha"},{"lang":"de-DE","name":"Augenbraue"},{"lang":"id-ID","name":"alis"},{"lang":"fr-FR","name":"sourcil"}]},{"name":"apple of the eye","pointX":518,"pointY":120,"pointZ":0,"pointH":30,"pointW":30,"transcription":"[ˈæpl əv ðə aɪ]","pointType":10,"translates":[{"lang":"ru-RU","name":"зрачок"},{"lang":"vi-VN","name":"con ngươi"},{"lang":"zh-CN","name":"瞳孔"},{"lang":"hi-IN","name":"पुतली"},{"lang":"th-TH","name":"ลูกตา"},{"lang":"tr-TR","name":"göz bebeği"},{"lang":"pt-BR","name":"pupila"},{"lang":"de-DE","name":"Pupille"},{"lang":"id-ID","name":"pupil"},{"lang":"fr-FR","name":"pupille"}]},{"name":"forehead","pointX":190,"pointY":144,"pointZ":0,"pointH":30,"pointW":30,"transcription":"[ˈfɔːrhed]","pointType":10,"translates":[{"lang":"ru-RU","name":"лоб"},{"lang":"vi-VN","name":"trán"},{"lang":"zh-CN","name":"额头"},{"lang":"hi-IN","name":"माथा"},{"lang":"th-TH","name":"หน้าผาก"},{"lang":"tr-TR","name":"alın"},{"lang":"pt-BR","name":"testa"},{"lang":"de-DE","name":"Stirn"},{"lang":"id-ID","name":"dahi"},{"lang":"fr-FR","name":"front"}]},{"name":"nostril","pointX":202,"pointY":267,"pointZ":0,"pointH":30,"pointW":30,"transcription":"[ˈnɑːstrəl]","pointType":10,"translates":[{"lang":"ru-RU","name":"ноздря"},{"lang":"vi-VN","name":"lỗ mũi"},{"lang":"zh-CN","name":"鼻孔"},{"lang":"hi-IN","name":"नथुना"},{"lang":"th-TH","name":"รูจมูก"},{"lang":"tr-TR","name":"burun deliği"},{"lang":"pt-BR","name":"narina"},{"lang":"de-DE","name":"Nasenloch"},{"lang":"id-ID","name":"lubang hidung"},{"lang":"fr-FR","name":"narine"}]}]},{"name":"hand","image":"/img/explore/body/body_hands.png","imageX":0,"imageY":0,"imageZ":0,"imageH":700,"imageW":700,"bgcolor":"white","points":[{"name":"hand","pointX":494,"pointY":371,"pointZ":0,"pointH":30,"pointW":30,"transcription":"[hænd]","pointType":10,"translates":[{"lang":"ru-RU","name":"рука"},{"lang":"vi-VN","name":"bàn tay"},{"lang":"zh-CN","name":"手"},{"lang":"hi-IN","name":"हाथ"},{"lang":"th-TH","name":"มือ"},{"lang":"tr-TR","name":"el"},{"lang":"pt-BR","name":"mão"},{"lang":"de-DE","name":"Hand"},{"lang":"id-ID","name":"tangan"},{"lang":"fr-FR","name":"main"}]},{"name":"thumb","pointX":302,"pointY":254,"pointZ":0,"pointH":30,"pointW":30,"transcription":"[θʌm]","pointType":10,"translates":[{"lang":"ru-RU","name":"большой палец"},{"lang":"vi-VN","name":"ngón tay cái"},{"lang":"zh-CN","name":"拇指"},{"lang":"hi-IN","name":"अंगूठा"},{"lang":"th-TH","name":"นิ้วโป้ง"},{"lang":"tr-TR","name":"başparmak"},{"lang":"pt-BR","name":"polegar"},{"lang":"de-DE","name":"Daumen"},{"lang":"id-ID","name":"jempol"},{"lang":"fr-FR","name":"pouce"}]},{"name":"wrist","pointX":185,"pointY":437,"pointZ":0,"pointH":30,"pointW":30,"transcription":"[rɪst]","pointType":10,"translates":[{"lang":"ru-RU","name":"запястье"},{"lang":"vi-VN","name":"cổ tay"},{"lang":"zh-CN","name":"手腕"},{"lang":"hi-IN","name":"कलाई"},{"lang":"th-TH","name":"ข้อมือ"},{"lang":"tr-TR","name":"bilek"},{"lang":"pt-BR","name":"pulso"},{"lang":"de-DE","name":"Handgelenk"},{"lang":"id-ID","name":"pergelangan tangan"},{"lang":"fr-FR","name":"poignet"}]},{"name":"nail","pointX":465,"pointY":143,"pointZ":0,"pointH":30,"pointW":30,"transcription":"[neɪl]","pointType":10,"translates":[{"lang":"ru-RU","name":"ноготь"},{"lang":"vi-VN","name":"móng tay"},{"lang":"zh-CN","name":"指甲"},{"lang":"hi-IN","name":"नाखून"},{"lang":"th-TH","name":"เล็บ"},{"lang":"tr-TR","name":"tırnak"},{"lang":"pt-BR","name":"unha"},{"lang":"de-DE","name":"Nagel"},{"lang":"id-ID","name":"kuku"},{"lang":"fr-FR","name":"ongle"}]},{"name":"finger","pointX":93,"pointY":234,"pointZ":0,"pointH":30,"pointW":30,"transcription":"[ˈfɪŋɡər]","pointType":10,"translates":[{"lang":"ru-RU","name":"палец"},{"lang":"vi-VN","name":"ngón tay"},{"lang":"zh-CN","name":"手指"},{"lang":"hi-IN","name":"उंगली"},{"lang":"th-TH","name":"นิ้วมือ"},{"lang":"tr-TR","name":"parmak"},{"lang":"pt-BR","name":"dedo"},{"lang":"de-DE","name":"Finger"},{"lang":"id-ID","name":"jari"},{"lang":"fr-FR","name":"doigt"}]},{"name":"palm","pointX":170,"pointY":341,"pointZ":0,"pointH":30,"pointW":30,"transcription":"[pɑːm]","pointType":10,"translates":[{"lang":"ru-RU","name":"ладонь"},{"lang":"vi-VN","name":"lòng bàn tay"},{"lang":"zh-CN","name":"手掌"},{"lang":"hi-IN","name":"हथेली"},{"lang":"th-TH","name":"ฝ่ามือ"},{"lang":"tr-TR","name":"avuç"},{"lang":"pt-BR","name":"palma"},{"lang":"de-DE","name":"Handfläche"},{"lang":"id-ID","name":"telapak tangan"},{"lang":"fr-FR","name":"paume"}]},{"name":"fist","pointX":147,"pointY":658,"pointZ":0,"pointH":30,"pointW":30,"transcription":"[fɪst]","pointType":10,"translates":[{"lang":"ru-RU","name":"кулак"},{"lang":"vi-VN","name":"nắm đấm"},{"lang":"zh-CN","name":"拳头"},{"lang":"hi-IN","name":"मुट्ठी"},{"lang":"th-TH","name":"กำปั้น"},{"lang":"tr-TR","name":"yumruk"},{"lang":"pt-BR","name":"punho"},{"lang":"de-DE","name":"Faust"},{"lang":"id-ID","name":"kepalan tangan"},{"lang":"fr-FR","name":"poing"}]},{"name":"good","pointX":297,"pointY":640,"pointZ":0,"pointH":30,"pointW":30,"transcription":"[ɡʊd]","pointType":10,"translates":[{"lang":"ru-RU","name":"хорошо"},{"lang":"vi-VN","name":"tốt"},{"lang":"zh-CN","name":"好"},{"lang":"hi-IN","name":"अच्छा"},{"lang":"th-TH","name":"ดี"},{"lang":"tr-TR","name":"iyi"},{"lang":"pt-BR","name":"bom"},{"lang":"de-DE","name":"gut"},{"lang":"id-ID","name":"bagus"},{"lang":"fr-FR","name":"bon"}]},{"name":"bad","pointX":549,"pointY":614,"pointZ":0,"pointH":30,"pointW":30,"transcription":"[bæd]","pointType":10,"translates":[{"lang":"ru-RU","name":"плохо"},{"lang":"vi-VN","name":"xấu"},{"lang":"zh-CN","name":"坏"},{"lang":"hi-IN","name":"बुरा"},{"lang":"th-TH","name":"ไม่ดี"},{"lang":"tr-TR","name":"kötü"},{"lang":"pt-BR","name":"ruim"},{"lang":"de-DE","name":"schlecht"},{"lang":"id-ID","name":"buruk"},{"lang":"fr-FR","name":"mauvais"}]}]},{"name":"foot","image":"/img/explore/body/body_feet.png","imageX":0,"imageY":0,"imageZ":0,"imageH":600,"imageW":500,"bgcolor":"white","points":[{"name":"ankle","pointX":419,"pointY":188,"pointZ":0,"pointH":30,"pointW":30,"image":"/img/dict/body/ankle.png","transcription":"[ˈæŋkl]","pointType":10,"translates":[{"lang":"ru-RU","name":"лодыжка"},{"lang":"vi-VN","name":"mắt cá chân"},{"lang":"zh-CN","name":"脚踝"},{"lang":"hi-IN","name":"टखना"},{"lang":"th-TH","name":"ข้อเท้า"},{"lang":"tr-TR","name":"ayak bileği"},{"lang":"pt-BR","name":"tornozelo"},{"lang":"de-DE","name":"Knöchel"},{"lang":"id-ID","name":"pergelangan kaki"},{"lang":"fr-FR","name":"cheville"}]},{"name":"calf","pointX":402,"pointY":93,"pointZ":0,"pointH":30,"pointW":30,"transcription":"[kæf]","pointType":10,"translates":[{"lang":"ru-RU","name":"икра ноги"},{"lang":"vi-VN","name":"bắp chân"},{"lang":"zh-CN","name":"小腿"},{"lang":"hi-IN","name":"पिंडली"},{"lang":"th-TH","name":"น่อง"},{"lang":"tr-TR","name":"baldır"},{"lang":"pt-BR","name":"panturrilha"},{"lang":"de-DE","name":"Wade"},{"lang":"id-ID","name":"betis"},{"lang":"fr-FR","name":"mollet"}]},{"name":"arch","pointX":90,"pointY":176,"pointZ":0,"pointH":30,"pointW":30,"transcription":"[ɑːrtʃ]","pointType":10,"translates":[{"lang":"ru-RU","name":"свод стопы"},{"lang":"vi-VN","name":"vòm bàn chân"},{"lang":"zh-CN","name":"足弓"},{"lang":"hi-IN","name":"पैर का तल"},{"lang":"th-TH","name":"อุ้งเท้า"},{"lang":"tr-TR","name":"ayak kemeri"},{"lang":"pt-BR","name":"arco do pé"},{"lang":"de-DE","name":"Fußgewölbe"},{"lang":"id-ID","name":"lengkung kaki"},{"lang":"fr-FR","name":"voûte plantaire"}]},{"name":"heel","pointX":276,"pointY":410,"pointZ":0,"pointH":30,"pointW":30,"transcription":"[hiːl]","pointType":10,"translates":[{"lang":"ru-RU","name":"пятка"},{"lang":"vi-VN","name":"gót chân"},{"lang":"zh-CN","name":"脚跟"},{"lang":"hi-IN","name":"एड़ी"},{"lang":"th-TH","name":"ส้นเท้า"},{"lang":"tr-TR","name":"topuk"},{"lang":"pt-BR","name":"calcanhar"},{"lang":"de-DE","name":"Ferse"},{"lang":"id-ID","name":"tumit"},{"lang":"fr-FR","name":"talon"}]},{"name":"toe","pointX":108,"pointY":38,"pointZ":0,"pointH":30,"pointW":30,"transcription":"[təʊ]","pointType":10,"translates":[{"lang":"ru-RU","name":"палец на ноге"},{"lang":"vi-VN","name":"ngón chân"},{"lang":"zh-CN","name":"脚趾"},{"lang":"hi-IN","name":"पैर की उंगली"},{"lang":"th-TH","name":"นิ้วเท้า"},{"lang":"tr-TR","name":"ayak parmağı"},{"lang":"pt-BR","name":"dedo do pé"},{"lang":"de-DE","name":"Zehe"},{"lang":"id-ID","name":"jari kaki"},{"lang":"fr-FR","name":"orteil"}]},{"name":"foot","pointX":221,"pointY":463,"pointZ":0,"pointH":30,"pointW":30,"transcription":"[fʊt]","pointType":10,"translates":[{"lang":"ru-RU","name":"стопа"},{"lang":"vi-VN","name":"bàn chân"},{"lang":"zh-CN","name":"脚"},{"lang":"hi-IN","name":"पैर"},{"lang":"th-TH","name":"เท้า"},{"lang":"tr-TR","name":"ayak"},{"lang":"pt-BR","name":"pé"},{"lang":"de-DE","name":"Fuß"},{"lang":"id-ID","name":"kaki"},{"lang":"fr-FR","name":"pied"}]}]}]}