{
  "name": "Body parts",
  "items": [
    {
      "name": "front",
      "image": "/img/explore/body/body_front.png",
      "imageX": 0,
      "imageY": 0,
      "imageZ": 0,
      "imageH": 1080,
      "imageW": 461,
      "bgimage": null,
      "bgcolor": "white",
      "points": [
        {
          "name": "head",
          "pointX": 222,
          "pointY": 120,
          "pointZ": 0,
          "pointH": 30,
          "pointW": 30,
          "image": "/img/dict/body/head.png",
          "transcription": "[hed]",
          "details": "",
          "pointType": 10,
          "translates": [
            {
              "lang": "ru-RU",
              "name": "голова",
              "nameA": null
            }
          ],
          "translatesDet": [
            {
              "lang": "ru-RU",
              "name": "",
              "nameA": null
            }
          ]
        },
        {
          "name": "chest",
          "pointX": 229,
          "pointY": 308,
          "pointZ": 0,
          "pointH": 30,
          "pointW": 30,
          "image": "/img/dict/body/chest.png",
          "transcription": "[tʃest]",
          "details": "",
          "pointType": 10,
          "translates": [
            {
              "lang": "ru-RU",
              "name": "грудь",
              "nameA": null
            }
          ],
          "translatesDet": [
            {
              "lang": "ru-RU",
              "name": "",
              "nameA": null
            }
          ]
        },
        {
          "name": "navel",
          "pointX": 228,
          "pointY": 464,
          "pointZ": 0,
          "pointH": 30,
          "pointW": 30,
          "image": "/img/dict/body/navel.png",
          "transcription": "[ˈneɪvl]",
          "details": "",
          "pointType": 10,
          "translates": [
            {
              "lang": "ru-RU",
              "name": "пупок",
              "nameA": null
            }
          ],
          "translatesDet": [
            {
              "lang": "ru-RU",
              "name": "",
              "nameA": null
            }
          ]
        },
        {
          "name": "leg",
          "pointX": 125,
          "pointY": 666,
          "pointZ": 0,
          "pointH": 30,
          "pointW": 30,
          "image": "/img/dict/body/leg.png",
          "transcription": "[leɡ]",
          "details": "",
          "pointType": 10,
          "translates": [
            {
              "lang": "ru-RU",
              "name": "нога",
              "nameA": null
            }
          ],
          "translatesDet": [
            {
              "lang": "ru-RU",
              "name": "",
              "nameA": null
            }
          ]
        },
        {
          "name": "ARM",
          "pointX": 381,
          "pointY": 375,
          "pointZ": 0,
          "pointH": 30,
          "pointW": 30,
          "image": "/img/dict/body/arm.png",
          "transcription": "[ɑːrm]",
          "details": "",
          "pointType": 10,
          "translates": [
            {
              "lang": "ru-RU",
              "name": "рука, до кисти",
              "nameA": null
            }
          ],
          "translatesDet": [
            {
              "lang": "ru-RU",
              "name": "",
              "nameA": null
            }
          ]
        },
        {
          "name": "knee",
          "pointX": 269,
          "pointY": 731,
          "pointZ": 0,
          "pointH": 30,
          "pointW": 30,
          "image": "/img/dict/body/knee.png",
          "transcription": "[niː]",
          "details": "",
          "pointType": 10,
          "translates": [
            {
              "lang": "ru-RU",
              "name": "колено",
              "nameA": null
            }
          ],
          "translatesDet": [
            {
              "lang": "ru-RU",
              "name": "",
              "nameA": null
            }
          ]
        },
        {
          "name": "shoulder",
          "pointX": 161,
          "pointY": 227,
          "pointZ": 0,
          "pointH": 30,
          "pointW": 30,
          "image": "/img/dict/body/shoulder.png",
          "transcription": "[ˈʃəʊldər]",
          "details": "",
          "pointType": 10,
          "translates": [
            {
              "lang": "ru-RU",
              "name": "плечо",
              "nameA": null
            }
          ],
          "translatesDet": [
            {
              "lang": "ru-RU",
              "name": "",
              "nameA": null
            }
          ]
        },
        {
          "name": "hand",
          "pointX": 385,
          "pointY": 548,
          "pointZ": 0,
          "pointH": 30,
          "pointW": 30,
          "image": "/img/dict/body/hand.png",
          "transcription": "[hænd]",
          "details": "",
          "pointType": 10,
          "translates": [
            {
              "lang": "ru-RU",
              "name": "рука, кисть",
              "nameA": null
            }
          ],
          "translatesDet": [
            {
              "lang": "ru-RU",
              "name": "",
              "nameA": null
            }
          ]
        },
        {
          "name": "foot",
          "pointX": 203,
          "pointY": 946,
          "pointZ": 0,
          "pointH": 30,
          "pointW": 30,
          "image": "/img/dict/body/foot.png",
          "transcription": "[fʊt]",
          "details": "",
          "pointType": 10,
          "translates": [
            {
              "lang": "ru-RU",
              "name": "стопа",
              "nameA": null
            }
          ],
          "translatesDet": [
            {
              "lang": "ru-RU",
              "name": "",
              "nameA": null
            }
          ]
        },
        {
          "name": "belly",
          "pointX": 183,
          "pointY": 465,
          "pointZ": 0,
          "pointH": 30,
          "pointW": 30,
          "image": "/img/dict/body/belly.png",
          "transcription": "[ˈbelɪ]",
          "details": "",
          "pointType": 10,
          "translates": [
            {
              "lang": "ru-RU",
              "name": "живот",
              "nameA": null
            }
          ],
          "translatesDet": [
            {
              "lang": "ru-RU",
              "name": "",
              "nameA": null
            }
          ]
        },
        {
          "name": "neck",
          "pointX": 231,
          "pointY": 216,
          "pointZ": 0,
          "pointH": 30,
          "pointW": 30,
          "image": "/img/dict/body/neck.png",
          "transcription": "[nek]",
          "details": "",
          "pointType": 10,
          "translates": [
            {
              "lang": "ru-RU",
              "name": "шея",
              "nameA": null
            }
          ],
          "translatesDet": [
            {
              "lang": "ru-RU",
              "name": "",
              "nameA": null
            }
          ]
        },
        {
          "name": "shin",
          "pointX": 182,
          "pointY": 842,
          "pointZ": 0,
          "pointH": 30,
          "pointW": 30,
          "image": "/img/dict/body/shin.png",
          "transcription": "[ʃɪn]",
          "details": "",
          "pointType": 10,
          "translates": [
            {
              "lang": "ru-RU",
              "name": "голень",
              "nameA": null
            }
          ],
          "translatesDet": [
            {
              "lang": "ru-RU",
              "name": "",
              "nameA": null
            }
          ]
        },
        {
          "name": "axilla",
          "pointX": 131,
          "pointY": 337,
          "pointZ": 0,
          "pointH": 30,
          "pointW": 30,
          "image": "/img/dict/body/axilla.png",
          "transcription": "[akˈsɪlə]",
          "details": "",
          "pointType": 10,
          "translates": [
            {
              "lang": "ru-RU",
              "name": "подмышка",
              "nameA": null
            }
          ],
          "translatesDet": [
            {
              "lang": "ru-RU",
              "name": "",
              "nameA": null
            }
          ]
        }
      ]
    },
    {
      "name": "back",
      "image": "/img/explore/body/body_back.png",
      "imageX": 0,
      "imageY": 0,
      "imageZ": 0,
      "imageH": 1080,
      "imageW": 461,
      "bgimage": null,
      "bgcolor": "white",
      "points": [
        {
          "name": "nape",
          "pointX": 215,
          "pointY": 201,
          "pointZ": 0,
          "pointH": 30,
          "pointW": 30,
          "image": "/img/dict/body/nape.png",
          "transcription": "[neɪp]",
          "details": "",
          "pointType": 10,
          "translates": [
            {
              "lang": "ru-RU",
              "name": "затылок",
              "nameA": null
            }
          ],
          "translatesDet": [
            {
              "lang": "ru-RU",
              "name": "",
              "nameA": null
            }
          ]
        },
        {
          "name": "back",
          "pointX": 215,
          "pointY": 355,
          "pointZ": 0,
          "pointH": 30,
          "pointW": 30,
          "image": "/img/dict/body/back.png",
          "transcription": "[bæk]",
          "details": "",
          "pointType": 10,
          "translates": [
            {
              "lang": "ru-RU",
              "name": "спина",
              "nameA": null
            }
          ],
          "translatesDet": [
            {
              "lang": "ru-RU",
              "name": "",
              "nameA": null
            }
          ]
        },
        {
          "name": "elbow",
          "pointX": 334,
          "pointY": 418,
          "pointZ": 0,
          "pointH": 30,
          "pointW": 30,
          "image": "/img/dict/body/elbow.png",
          "transcription": "[ˈelbəʊ]",
          "details": "",
          "pointType": 10,
          "translates": [
            {
              "lang": "ru-RU",
              "name": "локоть",
              "nameA": null
            }
          ],
          "translatesDet": [
            {
              "lang": "ru-RU",
              "name": "",
              "nameA": null
            }
          ]
        },
        {
          "name": "buttock",
          "pointX": 176,
          "pointY": 540,
          "pointZ": 0,
          "pointH": 30,
          "pointW": 30,
          "image": "/img/dict/body/buttock.png",
          "transcription": "[ˈbʌtək]",
          "details": "",
          "pointType": 10,
          "translates": [
            {
              "lang": "ru-RU",
              "name": "ягодица",
              "nameA": null
            }
          ],
          "translatesDet": [
            {
              "lang": "ru-RU",
              "name": "",
              "nameA": null
            }
          ]
        },
        {
          "name": "thigh",
          "pointX": 262,
          "pointY": 649,
          "pointZ": 0,
          "pointH": 30,
          "pointW": 30,
          "image": "/img/dict/body/thigh.png",
          "transcription": "[θaɪ]",
          "details": "",
          "pointType": 10,
          "translates": [
            {
              "lang": "ru-RU",
              "name": "бедро у ноги",
              "nameA": null
            }
          ],
          "translatesDet": [
            {
              "lang": "ru-RU",
              "name": "",
              "nameA": null
            }
          ]
        },
        {
          "name": "calf",
          "pointX": 177,
          "pointY": 825,
          "pointZ": 0,
          "pointH": 30,
          "pointW": 30,
          "image": "/img/dict/body/calf.png",
          "transcription": "[kæf]",
          "details": "",
          "pointType": 10,
          "translates": [
            {
              "lang": "ru-RU",
              "name": "икра ноги",
              "nameA": null
            }
          ],
          "translatesDet": [
            {
              "lang": "ru-RU",
              "name": "",
              "nameA": null
            }
          ]
        },
        {
          "name": "hip",
          "pointX": 286,
          "pointY": 502,
          "pointZ": 0,
          "pointH": 30,
          "pointW": 30,
          "image": "/img/dict/body/hip.png",
          "transcription": "[hɪp]",
          "details": "",
          "pointType": 10,
          "translates": [
            {
              "lang": "ru-RU",
              "name": "бедро у туловища",
              "nameA": null
            }
          ],
          "translatesDet": [
            {
              "lang": "ru-RU",
              "name": "",
              "nameA": null
            }
          ]
        },
        {
          "name": "waist",
          "pointX": 157,
          "pointY": 452,
          "pointZ": 0,
          "pointH": 30,
          "pointW": 30,
          "image": "/img/dict/body/waist.png",
          "transcription": "[weɪst]",
          "details": "",
          "pointType": 10,
          "translates": [
            {
              "lang": "ru-RU",
              "name": "талия",
              "nameA": null
            }
          ],
          "translatesDet": [
            {
              "lang": "ru-RU",
              "name": "",
              "nameA": null
            }
          ]
        },
        {
          "name": "forearm",
          "pointX": 77,
          "pointY": 487,
          "pointZ": 0,
          "pointH": 30,
          "pointW": 30,
          "image": "/img/dict/body/forearm.png",
          "transcription": "[ˈfɔːrɑːrm]",
          "details": "",
          "pointType": 10,
          "translates": [
            {
              "lang": "ru-RU",
              "name": "предплечье",
              "nameA": null
            }
          ],
          "translatesDet": [
            {
              "lang": "ru-RU",
              "name": "",
              "nameA": null
            }
          ]
        },
        {
          "name": "torso",
          "pointX": 162,
          "pointY": 294,
          "pointZ": 0,
          "pointH": 30,
          "pointW": 30,
          "image": "/img/dict/body/torso.png",
          "transcription": "[ˈtɔːrsəʊ]",
          "details": "",
          "pointType": 10,
          "translates": [
            {
              "lang": "ru-RU",
              "name": "туловище",
              "nameA": null
            }
          ],
          "translatesDet": [
            {
              "lang": "ru-RU",
              "name": "",
              "nameA": null
            }
          ]
        }
      ]
    },
    {
      "name": "head",
      "image": "/img/explore/body/body_head.png",
      "imageX": 0,
      "imageY": 0,
      "imageZ": 0,
      "imageH": 700,
      "imageW": 700,
      "bgimage": null,
      "bgcolor": "white",
      "points": [
        {
          "name": "chin",
          "pointX": 194,
          "pointY": 354,
          "pointZ": 0,
          "pointH": 30,
          "pointW": 30,
          "image": null,
          "transcription": "[tʃɪn]",
          "details": "",
          "pointType": 10,
          "translates": [
            {
              "lang": "ru-RU",
              "name": "подбородок",
              "nameA": null
            }
          ],
          "translatesDet": [
            {
              "lang": "ru-RU",
              "name": "",
              "nameA": null
            }
          ]
        },
        {
          "name": "mouth",
          "pointX": 217,
          "pointY": 308,
          "pointZ": 0,
          "pointH": 30,
          "pointW": 30,
          "image": null,
          "transcription": "[maʊθ]",
          "details": "",
          "pointType": 10,
          "translates": [
            {
              "lang": "ru-RU",
              "name": "рот",
              "nameA": null
            }
          ],
          "translatesDet": [
            {
              "lang": "ru-RU",
              "name": "",
              "nameA": null
            }
          ]
        },
        {
          "name": "nose",
          "pointX": 194,
          "pointY": 225,
          "pointZ": 0,
          "pointH": 30,
          "pointW": 30,
          "image": null,
          "transcription": "[nəʊz]",
          "details": "",
          "pointType": 10,
          "translates": [
            {
              "lang": "ru-RU",
              "name": "нос",
              "nameA": null
            }
          ],
          "translatesDet": [
            {
              "lang": "ru-RU",
              "name": "",
              "nameA": null
            }
          ]
        },
        {
          "name": "beard",
          "pointX": 527,
          "pointY": 613,
          "pointZ": 0,
          "pointH": 30,
          "pointW": 30,
          "image": null,
          "transcription": "[bɪrd]",
          "details": "",
          "pointType": 10,
          "translates": [
            {
              "lang": "ru-RU",
              "name": "борода",
              "nameA": null
            }
          ],
          "translatesDet": [
            {
              "lang": "ru-RU",
              "name": "",
              "nameA": null
            }
          ]
        },
        {
          "name": "hair",
          "pointX": 199,
          "pointY": 53,
          "pointZ": 0,
          "pointH": 30,
          "pointW": 30,
          "image": null,
          "transcription": "[her]",
          "details": "",
          "pointType": 10,
          "translates": [
            {
              "lang": "ru-RU",
              "name": "волосы",
              "nameA": null
            }
          ],
          "translatesDet": [
            {
              "lang": "ru-RU",
              "name": "",
              "nameA": null
            }
          ]
        },
        {
          "name": "neck",
          "pointX": 198,
          "pointY": 399,
          "pointZ": 0,
          "pointH": 30,
          "pointW": 30,
          "image": null,
          "transcription": "[nek]",
          "details": "",
          "pointType": 10,
          "translates": [
            {
              "lang": "ru-RU",
              "name": "шея",
              "nameA": null
            }
          ],
          "translatesDet": [
            {
              "lang": "ru-RU",
              "name": "",
              "nameA": null
            }
          ]
        },
        {
          "name": "eyelash",
          "pointX": 417,
          "pointY": 112,
          "pointZ": 0,
          "pointH": 30,
          "pointW": 30,
          "image": null,
          "transcription": "[ˈaɪlæʃ]",
          "details": "",
          "pointType": 10,
          "translates": [
            {
              "lang": "ru-RU",
              "name": "ресница",
              "nameA": null
            }
          ],
          "translatesDet": [
            {
              "lang": "ru-RU",
              "name": "",
              "nameA": null
            }
          ]
        },
        {
          "name": "eye",
          "pointX": 591,
          "pointY": 147,
          "pointZ": 0,
          "pointH": 30,
          "pointW": 30,
          "image": null,
          "transcription": "[aɪ]",
          "details": "",
          "pointType": 10,
          "translates": [
            {
              "lang": "ru-RU",
              "name": "глаз",
              "nameA": null
            }
          ],
          "translatesDet": [
            {
              "lang": "ru-RU",
              "name": "",
              "nameA": null
            }
          ]
        },
        {
          "name": "shoulder",
          "pointX": 57,
          "pointY": 420,
          "pointZ": 0,
          "pointH": 30,
          "pointW": 30,
          "image": null,
          "transcription": "[ˈʃəʊldər]",
          "details": "",
          "pointType": 10,
          "translates": [
            {
              "lang": "ru-RU",
              "name": "плечо",
              "nameA": null
            }
          ],
          "translatesDet": [
            {
              "lang": "ru-RU",
              "name": "",
              "nameA": null
            }
          ]
        },
        {
          "name": "ear",
          "pointX": 78,
          "pointY": 224,
          "pointZ": 0,
          "pointH": 30,
          "pointW": 30,
          "image": null,
          "transcription": "[ɪr]",
          "details": "",
          "pointType": 10,
          "translates": [
            {
              "lang": "ru-RU",
              "name": "ухо",
              "nameA": null
            }
          ],
          "translatesDet": [
            {
              "lang": "ru-RU",
              "name": "",
              "nameA": null
            }
          ]
        },
        {
          "name": "cheek",
          "pointX": 132,
          "pointY": 276,
          "pointZ": 0,
          "pointH": 30,
          "pointW": 30,
          "image": null,
          "transcription": "[tʃiːk]",
          "details": "",
          "pointType": 10,
          "translates": [
            {
              "lang": "ru-RU",
              "name": "щека",
              "nameA": null
            }
          ],
          "translatesDet": [
            {
              "lang": "ru-RU",
              "name": "",
              "nameA": null
            }
          ]
        },
        {
          "name": "face",
          "pointX": 56,
          "pointY": 154,
          "pointZ": 0,
          "pointH": 30,
          "pointW": 30,
          "image": null,
          "transcription": "[feɪs]",
          "details": "",
          "pointType": 10,
          "translates": [
            {
              "lang": "ru-RU",
              "name": "лицо",
              "nameA": null
            }
          ],
          "translatesDet": [
            {
              "lang": "ru-RU",
              "name": "",
              "nameA": null
            }
          ]
        },
        {
          "name": "lip",
          "pointX": 487,
          "pointY": 425,
          "pointZ": 0,
          "pointH": 30,
          "pointW": 30,
          "image": null,
          "transcription": "[lɪp]",
          "details": "",
          "pointType": 10,
          "translates": [
            {
              "lang": "ru-RU",
              "name": "губа",
              "nameA": null
            }
          ],
          "translatesDet": [
            {
              "lang": "ru-RU",
              "name": "",
              "nameA": null
            }
          ]
        },
        {
          "name": "mustache",
          "pointX": 564,
          "pointY": 506,
          "pointZ": 0,
          "pointH": 30,
          "pointW": 30,
          "image": null,
          "transcription": "[ˈmʌstəʃ]",
          "details": "",
          "pointType": 10,
          "translates": [
            {
              "lang": "ru-RU",
              "name": "усы",
              "nameA": null
            }
          ],
          "translatesDet": [
            {
              "lang": "ru-RU",
              "name": "",
              "nameA": null
            }
          ]
        },
        {
          "name": "teeth",
          "pointX": 520,
          "pointY": 283,
          "pointZ": 0,
          "pointH": 30,
          "pointW": 30,
          "image": null,
          "transcription": "[tiːθ]",
          "details": "",
          "pointType": 10,
          "translates": [
            {
              "lang": "ru-RU",
              "name": "зубы",
              "nameA": null
            }
          ],
          "translatesDet": [
            {
              "lang": "ru-RU",
              "name": "",
              "nameA": null
            }
          ]
        },
        {
          "name": "tongue",
          "pointX": 511,
          "pointY": 378,
          "pointZ": 0,
          "pointH": 30,
          "pointW": 30,
          "image": null,
          "transcription": "[tʌŋ]",
          "details": "",
          "pointType": 10,
          "translates": [
            {
              "lang": "ru-RU",
              "name": "язык",
              "nameA": null
            }
          ],
          "translatesDet": [
            {
              "lang": "ru-RU",
              "name": "",
              "nameA": null
            }
          ]
        },
        {
          "name": "throat",
          "pointX": 529,
          "pointY": 328,
          "pointZ": 0,
          "pointH": 30,
          "pointW": 30,
          "image": null,
          "transcription": "[θrəʊt]",
          "details": "",
          "pointType": 10,
          "translates": [
            {
              "lang": "ru-RU",
              "name": "горло",
              "nameA": null
            }
          ],
          "translatesDet": [
            {
              "lang": "ru-RU",
              "name": "",
              "nameA": null
            }
          ]
        },
        {
          "name": "eyebrow",
          "pointX": 566,
          "pointY": 58,
          "pointZ": 0,
          "pointH": 30,
          "pointW": 30,
          "image": null,
          "transcription": "[ˈaɪbraʊ]",
          "details": "",
          "pointType": 10,
          "translates": [
            {
              "lang": "ru-RU",
              "name": "бровь",
              "nameA": null
            }
          ],
          "translatesDet": [
            {
              "lang": "ru-RU",
              "name": "",
              "nameA": null
            }
          ]
        },
        {
          "name": "apple of the eye",
          "pointX": 518,
          "pointY": 120,
          "pointZ": 0,
          "pointH": 30,
          "pointW": 30,
          "image": null,
          "transcription": "[ˈæpl əv ðə aɪ]",
          "details": "",
          "pointType": 10,
          "translates": [
            {
              "lang": "ru-RU",
              "name": "зрачок",
              "nameA": null
            }
          ],
          "translatesDet": [
            {
              "lang": "ru-RU",
              "name": "",
              "nameA": null
            }
          ]
        },
        {
          "name": "forehead",
          "pointX": 190,
          "pointY": 144,
          "pointZ": 0,
          "pointH": 30,
          "pointW": 30,
          "image": null,
          "transcription": "[ˈfɔːrhed]",
          "details": "",
          "pointType": 10,
          "translates": [
            {
              "lang": "ru-RU",
              "name": "лоб",
              "nameA": null
            }
          ],
          "translatesDet": [
            {
              "lang": "ru-RU",
              "name": "",
              "nameA": null
            }
          ]
        },
        {
          "name": "nostril",
          "pointX": 202,
          "pointY": 267,
          "pointZ": 0,
          "pointH": 30,
          "pointW": 30,
          "image": null,
          "transcription": "[ˈnɑːstrəl]",
          "details": "",
          "pointType": 10,
          "translates": [
            {
              "lang": "ru-RU",
              "name": "ноздря",
              "nameA": null
            }
          ],
          "translatesDet": [
            {
              "lang": "ru-RU",
              "name": "",
              "nameA": null
            }
          ]
        }
      ]
    },
    {
      "name": "hand",
      "image": "/img/explore/body/body_hands.png",
      "imageX": 0,
      "imageY": 0,
      "imageZ": 0,
      "imageH": 700,
      "imageW": 700,
      "bgimage": null,
      "bgcolor": "white",
      "points": [
        {
          "name": "hand",
          "pointX": 494,
          "pointY": 371,
          "pointZ": 0,
          "pointH": 30,
          "pointW": 30,
          "image": null,
          "transcription": "[hænd]",
          "details": "",
          "pointType": 10,
          "translates": [
            {
              "lang": "ru-RU",
              "name": "рука",
              "nameA": null
            }
          ],
          "translatesDet": [
            {
              "lang": "ru-RU",
              "name": "",
              "nameA": null
            }
          ]
        },
        {
          "name": "thumb",
          "pointX": 302,
          "pointY": 254,
          "pointZ": 0,
          "pointH": 30,
          "pointW": 30,
          "image": null,
          "transcription": "[θʌm]",
          "details": "",
          "pointType": 10,
          "translates": [
            {
              "lang": "ru-RU",
              "name": "большой палец",
              "nameA": null
            }
          ],
          "translatesDet": [
            {
              "lang": "ru-RU",
              "name": "",
              "nameA": null
            }
          ]
        },
        {
          "name": "wrist",
          "pointX": 185,
          "pointY": 437,
          "pointZ": 0,
          "pointH": 30,
          "pointW": 30,
          "image": null,
          "transcription": "[rɪst]",
          "details": "",
          "pointType": 10,
          "translates": [
            {
              "lang": "ru-RU",
              "name": "запястье",
              "nameA": null
            }
          ],
          "translatesDet": [
            {
              "lang": "ru-RU",
              "name": "",
              "nameA": null
            }
          ]
        },
        {
          "name": "nail",
          "pointX": 465,
          "pointY": 143,
          "pointZ": 0,
          "pointH": 30,
          "pointW": 30,
          "image": null,
          "transcription": "[neɪl]",
          "details": "",
          "pointType": 10,
          "translates": [
            {
              "lang": "ru-RU",
              "name": "ноготь",
              "nameA": null
            }
          ],
          "translatesDet": [
            {
              "lang": "ru-RU",
              "name": "",
              "nameA": null
            }
          ]
        },
        {
          "name": "finger",
          "pointX": 93,
          "pointY": 234,
          "pointZ": 0,
          "pointH": 30,
          "pointW": 30,
          "image": null,
          "transcription": "[ˈfɪŋɡər]",
          "details": "",
          "pointType": 10,
          "translates": [
            {
              "lang": "ru-RU",
              "name": "палец",
              "nameA": null
            }
          ],
          "translatesDet": [
            {
              "lang": "ru-RU",
              "name": "",
              "nameA": null
            }
          ]
        },
        {
          "name": "palm",
          "pointX": 170,
          "pointY": 341,
          "pointZ": 0,
          "pointH": 30,
          "pointW": 30,
          "image": null,
          "transcription": "[pɑːm]",
          "details": "",
          "pointType": 10,
          "translates": [
            {
              "lang": "ru-RU",
              "name": "ладонь",
              "nameA": null
            }
          ],
          "translatesDet": [
            {
              "lang": "ru-RU",
              "name": "",
              "nameA": null
            }
          ]
        },
        {
          "name": "fist",
          "pointX": 147,
          "pointY": 658,
          "pointZ": 0,
          "pointH": 30,
          "pointW": 30,
          "image": null,
          "transcription": "[fɪst]",
          "details": "",
          "pointType": 10,
          "translates": [
            {
              "lang": "ru-RU",
              "name": "кулак",
              "nameA": null
            }
          ],
          "translatesDet": [
            {
              "lang": "ru-RU",
              "name": "",
              "nameA": null
            }
          ]
        },
        {
          "name": "good",
          "pointX": 297,
          "pointY": 640,
          "pointZ": 0,
          "pointH": 30,
          "pointW": 30,
          "image": null,
          "transcription": "[ɡʊd]",
          "details": "",
          "pointType": 10,
          "translates": [
            {
              "lang": "ru-RU",
              "name": "хорошо",
              "nameA": null
            }
          ],
          "translatesDet": [
            {
              "lang": "ru-RU",
              "name": "",
              "nameA": null
            }
          ]
        },
        {
          "name": "bad",
          "pointX": 549,
          "pointY": 614,
          "pointZ": 0,
          "pointH": 30,
          "pointW": 30,
          "image": null,
          "transcription": "[bæd]",
          "details": "",
          "pointType": 10,
          "translates": [
            {
              "lang": "ru-RU",
              "name": "плохо",
              "nameA": null
            }
          ],
          "translatesDet": [
            {
              "lang": "ru-RU",
              "name": "",
              "nameA": null
            }
          ]
        }
      ]
    },
    {
      "name": "foot",
      "image": "/img/explore/body/body_feet.png",
      "imageX": 0,
      "imageY": 0,
      "imageZ": 0,
      "imageH": 600,
      "imageW": 500,
      "bgimage": null,
      "bgcolor": "white",
      "points": [
        {
          "name": "ankle",
          "pointX": 419,
          "pointY": 188,
          "pointZ": 0,
          "pointH": 30,
          "pointW": 30,
          "image": "/img/dict/body/ankle.png",
          "transcription": "[ˈæŋkl]",
          "details": "",
          "pointType": 10,
          "translates": [
            {
              "lang": "ru-RU",
              "name": "лодыжка",
              "nameA": null
            }
          ],
          "translatesDet": [
            {
              "lang": "ru-RU",
              "name": "",
              "nameA": null
            }
          ]
        },
        {
          "name": "calf",
          "pointX": 402,
          "pointY": 93,
          "pointZ": 0,
          "pointH": 30,
          "pointW": 30,
          "image": null,
          "transcription": "[kæf]",
          "details": "",
          "pointType": 10,
          "translates": [
            {
              "lang": "ru-RU",
              "name": "икра ноги",
              "nameA": null
            }
          ],
          "translatesDet": [
            {
              "lang": "ru-RU",
              "name": "",
              "nameA": null
            }
          ]
        },
        {
          "name": "arch",
          "pointX": 90,
          "pointY": 176,
          "pointZ": 0,
          "pointH": 30,
          "pointW": 30,
          "image": null,
          "transcription": "[ɑːrtʃ]",
          "details": "",
          "pointType": 10,
          "translates": [
            {
              "lang": "ru-RU",
              "name": "свод стопы",
              "nameA": null
            }
          ],
          "translatesDet": [
            {
              "lang": "ru-RU",
              "name": "",
              "nameA": null
            }
          ]
        },
        {
          "name": "heel",
          "pointX": 276,
          "pointY": 410,
          "pointZ": 0,
          "pointH": 30,
          "pointW": 30,
          "image": null,
          "transcription": "[hiːl]",
          "details": "",
          "pointType": 10,
          "translates": [
            {
              "lang": "ru-RU",
              "name": "пятка",
              "nameA": null
            }
          ],
          "translatesDet": [
            {
              "lang": "ru-RU",
              "name": "",
              "nameA": null
            }
          ]
        },
        {
          "name": "toe",
          "pointX": 108,
          "pointY": 38,
          "pointZ": 0,
          "pointH": 30,
          "pointW": 30,
          "image": null,
          "transcription": "[təʊ]",
          "details": "",
          "pointType": 10,
          "translates": [
            {
              "lang": "ru-RU",
              "name": "палец на ноге",
              "nameA": null
            }
          ],
          "translatesDet": [
            {
              "lang": "ru-RU",
              "name": "",
              "nameA": null
            }
          ]
        },
        {
          "name": "foot",
          "pointX": 221,
          "pointY": 463,
          "pointZ": 0,
          "pointH": 30,
          "pointW": 30,
          "image": null,
          "transcription": "[fʊt]",
          "details": "",
          "pointType": 10,
          "translates": [
            {
              "lang": "ru-RU",
              "name": "стопа",
              "nameA": null
            }
          ],
          "translatesDet": [
            {
              "lang": "ru-RU",
              "name": "",
              "nameA": null
            }
          ]
        }
      ]
    }
  ]
}